codeCommuneEtablissement,activitePrincipaleEtablissement,categorieEntreprise,codePostalEtablissement,libelleCommuneEtablissement
50002,01.11Z,,50180,AGNEAUX
50002,01.41Z,,50180,AGNEAUX
50002,01.42Z,,50180,AGNEAUX
50002,01.49Z,,50180,AGNEAUX
50002,01.49Z,PME,50180,AGNEAUX
50002,01.61Z,,50180,AGNEAUX
50002,02.40Z,,50180,AGNEAUX
50002,10.71B,PME,50180,AGNEAUX
50002,10.71C,,50180,AGNEAUX
50002,10.71C,PME,50180,AGNEAUX
50002,14.13Z,,50180,AGNEAUX
50002,17.29Z,,50180,AGNEAUX
50002,18.13Z,,50180,AGNEAUX
50002,18.13Z,PME,50180,AGNEAUX
50002,23.12Z,ETI,50180,AGNEAUX
50002,23.32Z,,50180,AGNEAUX
50002,24.54Z,PME,50180,AGNEAUX
50002,25.62B,PME,50180,AGNEAUX
50002,28.12Z,PME,50180,AGNEAUX
50002,28.25Z,ETI,50180,AGNEAUX
50002,28.25Z,PME,50180,AGNEAUX
50002,32.50A,,50180,AGNEAUX
50002,32.50A,PME,50180,AGNEAUX
50002,32.50B,PME,50180,AGNEAUX
50002,33.13Z,,50180,AGNEAUX
50002,33.20A,,50180,AGNEAUX
50002,33.20A,ETI,50180,AGNEAUX
50002,33.20B,ETI,50180,AGNEAUX
50002,33.20C,PME,50180,AGNEAUX
50002,35.12Z,GE,50180,AGNEAUX
50002,35.13Z,GE,50180,AGNEAUX
50002,35.23Z,GE,50180,AGNEAUX
50002,38.31Z,PME,50180,AGNEAUX
50002,38.32Z,PME,50180,AGNEAUX
50002,41.10A,,50180,AGNEAUX
50002,41.10A,PME,50180,AGNEAUX
50002,41.10C,PME,50180,AGNEAUX
50002,41.10D,PME,50180,AGNEAUX
50002,41.20A,PME,50180,AGNEAUX
50002,42.21Z,PME,50180,AGNEAUX
50002,42.22Z,ETI,50180,AGNEAUX
50002,43.12A,PME,50180,AGNEAUX
50002,43.21A,ETI,50180,AGNEAUX
50002,43.21A,PME,50180,AGNEAUX
50002,43.22B,GE,50180,AGNEAUX
50002,43.22B,PME,50180,AGNEAUX
50002,43.32A,,50180,AGNEAUX
50002,43.32A,PME,50180,AGNEAUX
50002,43.32B,PME,50180,AGNEAUX
50002,43.33Z,PME,50180,AGNEAUX
50002,43.34Z,PME,50180,AGNEAUX
50002,43.91B,PME,50180,AGNEAUX
50002,43.99A,,50180,AGNEAUX
50002,43.99A,PME,50180,AGNEAUX
50002,43.99C,,50180,AGNEAUX
50002,43.99C,PME,50180,AGNEAUX
50002,43.99D,PME,50180,AGNEAUX
50002,45.11Z,,50180,AGNEAUX
50002,45.11Z,PME,50180,AGNEAUX
50002,45.20A,ETI,50180,AGNEAUX
50002,45.20A,PME,50180,AGNEAUX
50002,45.31Z,ETI,50180,AGNEAUX
50002,45.40Z,PME,50180,AGNEAUX
50002,46.19B,,50180,AGNEAUX
50002,46.19B,PME,50180,AGNEAUX
50002,46.21Z,ETI,50180,AGNEAUX
50002,46.31Z,PME,50180,AGNEAUX
50002,46.43Z,PME,50180,AGNEAUX
50002,46.45Z,PME,50180,AGNEAUX
50002,46.51Z,PME,50180,AGNEAUX
50002,46.66Z,PME,50180,AGNEAUX
50002,46.73A,ETI,50180,AGNEAUX
50002,46.73A,PME,50180,AGNEAUX
50002,46.74A,GE,50180,AGNEAUX
50002,46.74B,GE,50180,AGNEAUX
50002,46.76Z,PME,50180,AGNEAUX
50002,46.90Z,ETI,50180,AGNEAUX
50002,46.90Z,PME,50180,AGNEAUX
50002,47.11D,GE,50180,AGNEAUX
50002,47.11D,PME,50180,AGNEAUX
50002,47.11F,ETI,50180,AGNEAUX
50002,47.19B,ETI,50180,AGNEAUX
50002,47.22Z,,50180,AGNEAUX
50002,47.22Z,PME,50180,AGNEAUX
50002,47.25Z,ETI,50180,AGNEAUX
50002,47.25Z,PME,50180,AGNEAUX
50002,47.29Z,,50180,AGNEAUX
50002,47.29Z,PME,50180,AGNEAUX
50002,47.30Z,PME,50180,AGNEAUX
50002,47.41Z,PME,50180,AGNEAUX
50002,47.52A,,50180,AGNEAUX
50002,47.52A,PME,50180,AGNEAUX
50002,47.54Z,PME,50180,AGNEAUX
50002,47.59A,,50180,AGNEAUX
50002,47.59A,ETI,50180,AGNEAUX
50002,47.59A,PME,50180,AGNEAUX
50002,47.59B,ETI,50180,AGNEAUX
50002,47.59B,PME,50180,AGNEAUX
50002,47.62Z,PME,50180,AGNEAUX
50002,47.64Z,ETI,50180,AGNEAUX
50002,47.64Z,PME,50180,AGNEAUX
50002,47.65Z,ETI,50180,AGNEAUX
50002,47.71Z,ETI,50180,AGNEAUX
50002,47.71Z,PME,50180,AGNEAUX
50002,47.72A,ETI,50180,AGNEAUX
50002,47.72A,PME,50180,AGNEAUX
50002,47.72B,PME,50180,AGNEAUX
50002,47.73Z,PME,50180,AGNEAUX
50002,47.74Z,GE,50180,AGNEAUX
50002,47.74Z,PME,50180,AGNEAUX
50002,47.76Z,PME,50180,AGNEAUX
50002,47.77Z,PME,50180,AGNEAUX
50002,47.78A,ETI,50180,AGNEAUX
50002,47.78A,PME,50180,AGNEAUX
50002,47.78B,GE,50180,AGNEAUX
50002,47.78C,ETI,50180,AGNEAUX
50002,47.78C,PME,50180,AGNEAUX
50002,47.79Z,PME,50180,AGNEAUX
50002,47.81Z,,50180,AGNEAUX
50002,47.81Z,PME,50180,AGNEAUX
50002,47.82Z,,50180,AGNEAUX
50002,47.82Z,PME,50180,AGNEAUX
50002,47.89Z,,50180,AGNEAUX
50002,47.89Z,PME,50180,AGNEAUX
50002,47.91A,,50180,AGNEAUX
50002,47.91A,PME,50180,AGNEAUX
50002,47.91B,,50180,AGNEAUX
50002,47.99A,,50180,AGNEAUX
50002,47.99A,PME,50180,AGNEAUX
50002,47.99B,ETI,50180,AGNEAUX
50002,49.32Z,PME,50180,AGNEAUX
50002,49.41B,ETI,50180,AGNEAUX
50002,49.41B,PME,50180,AGNEAUX
50002,52.21Z,GE,50180,AGNEAUX
50002,52.29B,,50180,AGNEAUX
50002,53.10Z,GE,50180,AGNEAUX
50002,53.20Z,,50180,AGNEAUX
50002,53.20Z,PME,50180,AGNEAUX
50002,55.10Z,PME,50180,AGNEAUX
50002,56.10A,PME,50180,AGNEAUX
50002,56.10C,,50180,AGNEAUX
50002,56.10C,PME,50180,AGNEAUX
50002,56.21Z,,50180,AGNEAUX
50002,56.29B,ETI,50180,AGNEAUX
50002,56.30Z,PME,50180,AGNEAUX
50002,58.13Z,PME,50180,AGNEAUX
50002,58.14Z,,50180,AGNEAUX
50002,59.11B,PME,50180,AGNEAUX
50002,62.01Z,,50180,AGNEAUX
50002,62.01Z,PME,50180,AGNEAUX
50002,62.02A,PME,50180,AGNEAUX
50002,63.11Z,PME,50180,AGNEAUX
50002,63.91Z,PME,50180,AGNEAUX
50002,64.19Z,GE,50180,AGNEAUX
50002,64.20Z,,50180,AGNEAUX
50002,64.20Z,PME,50180,AGNEAUX
50002,64.91Z,PME,50180,AGNEAUX
50002,66.19A,,50180,AGNEAUX
50002,66.19A,PME,50180,AGNEAUX
50002,66.19B,PME,50180,AGNEAUX
50002,66.22Z,PME,50180,AGNEAUX
50002,66.30Z,PME,50180,AGNEAUX
50002,68.10Z,PME,50180,AGNEAUX
50002,68.20A,,50180,AGNEAUX
50002,68.20A,PME,50180,AGNEAUX
50002,68.20B,,50180,AGNEAUX
50002,68.20B,ETI,50180,AGNEAUX
50002,68.20B,GE,50180,AGNEAUX
50002,68.20B,PME,50180,AGNEAUX
50002,68.31Z,,50180,AGNEAUX
50002,68.31Z,PME,50180,AGNEAUX
50002,68.32A,,50180,AGNEAUX
50002,68.32B,,50180,AGNEAUX
50002,69.10Z,PME,50180,AGNEAUX
50002,69.20Z,PME,50180,AGNEAUX
50002,70.10Z,,50180,AGNEAUX
50002,70.10Z,ETI,50180,AGNEAUX
50002,70.10Z,PME,50180,AGNEAUX
50002,70.21Z,PME,50180,AGNEAUX
50002,70.22Z,,50180,AGNEAUX
50002,70.22Z,ETI,50180,AGNEAUX
50002,70.22Z,PME,50180,AGNEAUX
50002,71.11Z,,50180,AGNEAUX
50002,71.11Z,PME,50180,AGNEAUX
50002,71.12B,,50180,AGNEAUX
50002,71.12B,PME,50180,AGNEAUX
50002,71.20A,PME,50180,AGNEAUX
50002,71.20B,,50180,AGNEAUX
50002,74.20Z,,50180,AGNEAUX
50002,74.90A,PME,50180,AGNEAUX
50002,74.90B,PME,50180,AGNEAUX
50002,75.00Z,PME,50180,AGNEAUX
50002,77.11A,PME,50180,AGNEAUX
50002,77.12Z,ETI,50180,AGNEAUX
50002,77.31Z,PME,50180,AGNEAUX
50002,77.32Z,PME,50180,AGNEAUX
50002,77.39Z,,50180,AGNEAUX
50002,77.40Z,PME,50180,AGNEAUX
50002,78.30Z,PME,50180,AGNEAUX
50002,81.10Z,,50180,AGNEAUX
50002,81.10Z,PME,50180,AGNEAUX
50002,81.21Z,PME,50180,AGNEAUX
50002,81.22Z,PME,50180,AGNEAUX
50002,81.29A,PME,50180,AGNEAUX
50002,81.30Z,ETI,50180,AGNEAUX
50002,81.30Z,PME,50180,AGNEAUX
50002,82.11Z,,50180,AGNEAUX
50002,82.30Z,,50180,AGNEAUX
50002,82.99Z,PME,50180,AGNEAUX
50002,84.11Z,PME,50180,AGNEAUX
50002,84.13Z,,50180,AGNEAUX
50002,85.10Z,PME,50180,AGNEAUX
50002,85.20Z,PME,50180,AGNEAUX
50002,85.31Z,PME,50180,AGNEAUX
50002,85.32Z,PME,50180,AGNEAUX
50002,85.51Z,,50180,AGNEAUX
50002,85.51Z,PME,50180,AGNEAUX
50002,85.52Z,PME,50180,AGNEAUX
50002,85.53Z,PME,50180,AGNEAUX
50002,85.59A,,50180,AGNEAUX
50002,85.59A,PME,50180,AGNEAUX
50002,85.59B,,50180,AGNEAUX
50002,85.59B,PME,50180,AGNEAUX
50002,86.21Z,PME,50180,AGNEAUX
50002,86.22C,PME,50180,AGNEAUX
50002,86.23Z,,50180,AGNEAUX
50002,86.23Z,PME,50180,AGNEAUX
50002,86.90A,PME,50180,AGNEAUX
50002,86.90D,,50180,AGNEAUX
50002,86.90D,PME,50180,AGNEAUX
50002,86.90E,,50180,AGNEAUX
50002,86.90E,PME,50180,AGNEAUX
50002,86.90F,,50180,AGNEAUX
50002,86.90F,PME,50180,AGNEAUX
50002,87.10B,ETI,50180,AGNEAUX
50002,87.30A,PME,50180,AGNEAUX
50002,88.10C,ETI,50180,AGNEAUX
50002,88.10C,PME,50180,AGNEAUX
50002,88.91A,,50180,AGNEAUX
50002,88.91B,ETI,50180,AGNEAUX
50002,88.99B,,50180,AGNEAUX
50002,88.99B,ETI,50180,AGNEAUX
50002,88.99B,PME,50180,AGNEAUX
50002,90.01Z,PME,50180,AGNEAUX
50002,90.02Z,PME,50180,AGNEAUX
50002,93.12Z,,50180,AGNEAUX
50002,93.12Z,PME,50180,AGNEAUX
50002,93.19Z,PME,50180,AGNEAUX
50002,93.29Z,,50180,AGNEAUX
50002,93.29Z,PME,50180,AGNEAUX
50002,94.11Z,PME,50180,AGNEAUX
50002,94.20Z,PME,50180,AGNEAUX
50002,94.91Z,,50180,AGNEAUX
50002,94.91Z,PME,50180,AGNEAUX
50002,94.92Z,,50180,AGNEAUX
50002,94.99Z,,50180,AGNEAUX
50002,94.99Z,PME,50180,AGNEAUX
50002,95.11Z,,50180,AGNEAUX
50002,95.11Z,PME,50180,AGNEAUX
50002,95.22Z,PME,50180,AGNEAUX
50002,95.24Z,,50180,AGNEAUX
50002,95.29Z,PME,50180,AGNEAUX
50002,96.01B,PME,50180,AGNEAUX
50002,96.02A,PME,50180,AGNEAUX
50002,96.02B,,50180,AGNEAUX
50002,96.02B,PME,50180,AGNEAUX
50002,96.04Z,,50180,AGNEAUX
50002,96.09Z,,50180,AGNEAUX
50002,96.09Z,PME,50180,AGNEAUX
50003,01.11Z,,50230,AGON-COUTAINVILLE
50003,01.13Z,,50230,AGON-COUTAINVILLE
50003,01.24Z,,50230,AGON-COUTAINVILLE
50003,01.29Z,,50230,AGON-COUTAINVILLE
50003,01.30Z,,50230,AGON-COUTAINVILLE
50003,01.42Z,,50230,AGON-COUTAINVILLE
50003,01.43Z,,50230,AGON-COUTAINVILLE
50003,01.45Z,,50230,AGON-COUTAINVILLE
50003,01.49Z,,50230,AGON-COUTAINVILLE
50003,01.49Z,PME,50230,AGON-COUTAINVILLE
50003,01.50Z,,50230,AGON-COUTAINVILLE
50003,01.62Z,,50230,AGON-COUTAINVILLE
50003,03.11Z,,50230,AGON-COUTAINVILLE
50003,03.21Z,,50230,AGON-COUTAINVILLE
50003,10.20Z,ETI,50230,AGON-COUTAINVILLE
50003,10.39A,PME,50230,AGON-COUTAINVILLE
50003,10.71C,PME,50230,AGON-COUTAINVILLE
50003,10.71D,PME,50230,AGON-COUTAINVILLE
50003,14.13Z,PME,50230,AGON-COUTAINVILLE
50003,16.29Z,,50230,AGON-COUTAINVILLE
50003,16.29Z,PME,50230,AGON-COUTAINVILLE
50003,18.13Z,PME,50230,AGON-COUTAINVILLE
50003,31.09B,PME,50230,AGON-COUTAINVILLE
50003,32.13Z,PME,50230,AGON-COUTAINVILLE
50003,33.12Z,PME,50230,AGON-COUTAINVILLE
50003,33.20A,PME,50230,AGON-COUTAINVILLE
50003,35.11Z,,50230,AGON-COUTAINVILLE
50003,35.11Z,PME,50230,AGON-COUTAINVILLE
50003,36.00Z,GE,50230,AGON-COUTAINVILLE
50003,36.00Z,PME,50230,AGON-COUTAINVILLE
50003,38.32Z,PME,50230,AGON-COUTAINVILLE
50003,41.10A,,50230,AGON-COUTAINVILLE
50003,41.10A,PME,50230,AGON-COUTAINVILLE
50003,41.10D,PME,50230,AGON-COUTAINVILLE
50003,41.20A,PME,50230,AGON-COUTAINVILLE
50003,42.99Z,PME,50230,AGON-COUTAINVILLE
50003,43.12A,,50230,AGON-COUTAINVILLE
50003,43.12A,PME,50230,AGON-COUTAINVILLE
50003,43.21A,,50230,AGON-COUTAINVILLE
50003,43.21A,PME,50230,AGON-COUTAINVILLE
50003,43.22A,,50230,AGON-COUTAINVILLE
50003,43.22A,PME,50230,AGON-COUTAINVILLE
50003,43.29A,PME,50230,AGON-COUTAINVILLE
50003,43.32A,,50230,AGON-COUTAINVILLE
50003,43.32A,PME,50230,AGON-COUTAINVILLE
50003,43.34Z,PME,50230,AGON-COUTAINVILLE
50003,43.39Z,PME,50230,AGON-COUTAINVILLE
50003,43.99C,,50230,AGON-COUTAINVILLE
50003,43.99C,PME,50230,AGON-COUTAINVILLE
50003,45.11Z,PME,50230,AGON-COUTAINVILLE
50003,45.20A,,50230,AGON-COUTAINVILLE
50003,45.20A,PME,50230,AGON-COUTAINVILLE
50003,46.17B,PME,50230,AGON-COUTAINVILLE
50003,46.18Z,PME,50230,AGON-COUTAINVILLE
50003,46.19B,PME,50230,AGON-COUTAINVILLE
50003,46.38A,PME,50230,AGON-COUTAINVILLE
50003,46.42Z,,50230,AGON-COUTAINVILLE
50003,46.46Z,PME,50230,AGON-COUTAINVILLE
50003,46.73A,GE,50230,AGON-COUTAINVILLE
50003,46.73A,PME,50230,AGON-COUTAINVILLE
50003,46.90Z,PME,50230,AGON-COUTAINVILLE
50003,47.11B,ETI,50230,AGON-COUTAINVILLE
50003,47.11B,PME,50230,AGON-COUTAINVILLE
50003,47.11C,PME,50230,AGON-COUTAINVILLE
50003,47.22Z,PME,50230,AGON-COUTAINVILLE
50003,47.23Z,,50230,AGON-COUTAINVILLE
50003,47.23Z,PME,50230,AGON-COUTAINVILLE
50003,47.25Z,PME,50230,AGON-COUTAINVILLE
50003,47.29Z,PME,50230,AGON-COUTAINVILLE
50003,47.30Z,PME,50230,AGON-COUTAINVILLE
50003,47.52A,PME,50230,AGON-COUTAINVILLE
50003,47.59A,PME,50230,AGON-COUTAINVILLE
50003,47.62Z,PME,50230,AGON-COUTAINVILLE
50003,47.64Z,,50230,AGON-COUTAINVILLE
50003,47.64Z,PME,50230,AGON-COUTAINVILLE
50003,47.71Z,,50230,AGON-COUTAINVILLE
50003,47.71Z,PME,50230,AGON-COUTAINVILLE
50003,47.73Z,PME,50230,AGON-COUTAINVILLE
50003,47.76Z,PME,50230,AGON-COUTAINVILLE
50003,47.77Z,PME,50230,AGON-COUTAINVILLE
50003,47.78A,PME,50230,AGON-COUTAINVILLE
50003,47.78C,PME,50230,AGON-COUTAINVILLE
50003,47.79Z,PME,50230,AGON-COUTAINVILLE
50003,47.81Z,PME,50230,AGON-COUTAINVILLE
50003,47.82Z,PME,50230,AGON-COUTAINVILLE
50003,47.89Z,,50230,AGON-COUTAINVILLE
50003,47.89Z,PME,50230,AGON-COUTAINVILLE
50003,47.91A,,50230,AGON-COUTAINVILLE
50003,47.91B,,50230,AGON-COUTAINVILLE
50003,47.91B,PME,50230,AGON-COUTAINVILLE
50003,47.99A,,50230,AGON-COUTAINVILLE
50003,47.99A,PME,50230,AGON-COUTAINVILLE
50003,50.10Z,PME,50230,AGON-COUTAINVILLE
50003,52.10A,,50230,AGON-COUTAINVILLE
50003,52.10B,PME,50230,AGON-COUTAINVILLE
50003,53.10Z,GE,50230,AGON-COUTAINVILLE
50003,53.20Z,,50230,AGON-COUTAINVILLE
50003,55.10Z,PME,50230,AGON-COUTAINVILLE
50003,55.20Z,PME,50230,AGON-COUTAINVILLE
50003,55.30Z,PME,50230,AGON-COUTAINVILLE
50003,56.10A,,50230,AGON-COUTAINVILLE
50003,56.10A,PME,50230,AGON-COUTAINVILLE
50003,56.10C,PME,50230,AGON-COUTAINVILLE
50003,56.21Z,,50230,AGON-COUTAINVILLE
50003,56.21Z,PME,50230,AGON-COUTAINVILLE
50003,56.30Z,,50230,AGON-COUTAINVILLE
50003,56.30Z,PME,50230,AGON-COUTAINVILLE
50003,58.11Z,PME,50230,AGON-COUTAINVILLE
50003,58.13Z,PME,50230,AGON-COUTAINVILLE
50003,58.29C,PME,50230,AGON-COUTAINVILLE
50003,59.11B,PME,50230,AGON-COUTAINVILLE
50003,59.14Z,PME,50230,AGON-COUTAINVILLE
50003,59.20Z,PME,50230,AGON-COUTAINVILLE
50003,62.02A,PME,50230,AGON-COUTAINVILLE
50003,64.19Z,GE,50230,AGON-COUTAINVILLE
50003,64.20Z,,50230,AGON-COUTAINVILLE
50003,64.20Z,PME,50230,AGON-COUTAINVILLE
50003,64.30Z,PME,50230,AGON-COUTAINVILLE
50003,64.99Z,PME,50230,AGON-COUTAINVILLE
50003,66.19A,,50230,AGON-COUTAINVILLE
50003,66.19A,PME,50230,AGON-COUTAINVILLE
50003,66.19B,,50230,AGON-COUTAINVILLE
50003,66.19B,PME,50230,AGON-COUTAINVILLE
50003,66.22Z,PME,50230,AGON-COUTAINVILLE
50003,66.30Z,,50230,AGON-COUTAINVILLE
50003,66.30Z,PME,50230,AGON-COUTAINVILLE
50003,68.10Z,,50230,AGON-COUTAINVILLE
50003,68.10Z,PME,50230,AGON-COUTAINVILLE
50003,68.20A,,50230,AGON-COUTAINVILLE
50003,68.20A,PME,50230,AGON-COUTAINVILLE
50003,68.20B,,50230,AGON-COUTAINVILLE
50003,68.20B,PME,50230,AGON-COUTAINVILLE
50003,68.31Z,,50230,AGON-COUTAINVILLE
50003,68.31Z,PME,50230,AGON-COUTAINVILLE
50003,68.32A,,50230,AGON-COUTAINVILLE
50003,68.32A,PME,50230,AGON-COUTAINVILLE
50003,68.32B,,50230,AGON-COUTAINVILLE
50003,69.10Z,PME,50230,AGON-COUTAINVILLE
50003,69.20Z,PME,50230,AGON-COUTAINVILLE
50003,70.10Z,,50230,AGON-COUTAINVILLE
50003,70.10Z,PME,50230,AGON-COUTAINVILLE
50003,70.21Z,,50230,AGON-COUTAINVILLE
50003,70.21Z,PME,50230,AGON-COUTAINVILLE
50003,70.22Z,,50230,AGON-COUTAINVILLE
50003,70.22Z,PME,50230,AGON-COUTAINVILLE
50003,71.11Z,,50230,AGON-COUTAINVILLE
50003,71.11Z,PME,50230,AGON-COUTAINVILLE
50003,71.12B,PME,50230,AGON-COUTAINVILLE
50003,74.10Z,,50230,AGON-COUTAINVILLE
50003,74.10Z,PME,50230,AGON-COUTAINVILLE
50003,74.20Z,PME,50230,AGON-COUTAINVILLE
50003,74.30Z,PME,50230,AGON-COUTAINVILLE
50003,74.90B,,50230,AGON-COUTAINVILLE
50003,74.90B,PME,50230,AGON-COUTAINVILLE
50003,75.00Z,PME,50230,AGON-COUTAINVILLE
50003,77.29Z,PME,50230,AGON-COUTAINVILLE
50003,77.39Z,PME,50230,AGON-COUTAINVILLE
50003,79.11Z,,50230,AGON-COUTAINVILLE
50003,79.11Z,PME,50230,AGON-COUTAINVILLE
50003,79.90Z,,50230,AGON-COUTAINVILLE
50003,79.90Z,PME,50230,AGON-COUTAINVILLE
50003,81.10Z,,50230,AGON-COUTAINVILLE
50003,81.21Z,,50230,AGON-COUTAINVILLE
50003,81.21Z,PME,50230,AGON-COUTAINVILLE
50003,81.30Z,PME,50230,AGON-COUTAINVILLE
50003,82.11Z,,50230,AGON-COUTAINVILLE
50003,82.11Z,PME,50230,AGON-COUTAINVILLE
50003,82.19Z,,50230,AGON-COUTAINVILLE
50003,82.19Z,PME,50230,AGON-COUTAINVILLE
50003,82.20Z,PME,50230,AGON-COUTAINVILLE
50003,82.30Z,PME,50230,AGON-COUTAINVILLE
50003,82.92Z,PME,50230,AGON-COUTAINVILLE
50003,84.11Z,PME,50230,AGON-COUTAINVILLE
50003,85.20Z,PME,50230,AGON-COUTAINVILLE
50003,85.31Z,PME,50230,AGON-COUTAINVILLE
50003,85.42Z,,50230,AGON-COUTAINVILLE
50003,85.51Z,,50230,AGON-COUTAINVILLE
50003,85.51Z,PME,50230,AGON-COUTAINVILLE
50003,85.52Z,,50230,AGON-COUTAINVILLE
50003,85.52Z,PME,50230,AGON-COUTAINVILLE
50003,85.53Z,PME,50230,AGON-COUTAINVILLE
50003,85.59A,PME,50230,AGON-COUTAINVILLE
50003,85.59B,PME,50230,AGON-COUTAINVILLE
50003,86.21Z,PME,50230,AGON-COUTAINVILLE
50003,86.23Z,PME,50230,AGON-COUTAINVILLE
50003,86.90A,PME,50230,AGON-COUTAINVILLE
50003,86.90D,,50230,AGON-COUTAINVILLE
50003,86.90D,PME,50230,AGON-COUTAINVILLE
50003,86.90E,,50230,AGON-COUTAINVILLE
50003,86.90E,PME,50230,AGON-COUTAINVILLE
50003,86.90F,,50230,AGON-COUTAINVILLE
50003,86.90F,PME,50230,AGON-COUTAINVILLE
50003,87.10A,PME,50230,AGON-COUTAINVILLE
50003,88.10A,ETI,50230,AGON-COUTAINVILLE
50003,88.10A,PME,50230,AGON-COUTAINVILLE
50003,88.91A,PME,50230,AGON-COUTAINVILLE
50003,88.99B,,50230,AGON-COUTAINVILLE
50003,88.99B,PME,50230,AGON-COUTAINVILLE
50003,90.01Z,,50230,AGON-COUTAINVILLE
50003,90.01Z,PME,50230,AGON-COUTAINVILLE
50003,90.02Z,,50230,AGON-COUTAINVILLE
50003,90.03A,,50230,AGON-COUTAINVILLE
50003,90.03A,PME,50230,AGON-COUTAINVILLE
50003,90.03B,,50230,AGON-COUTAINVILLE
50003,90.03B,PME,50230,AGON-COUTAINVILLE
50003,92.00Z,ETI,50230,AGON-COUTAINVILLE
50003,93.11Z,PME,50230,AGON-COUTAINVILLE
50003,93.12Z,,50230,AGON-COUTAINVILLE
50003,93.12Z,PME,50230,AGON-COUTAINVILLE
50003,93.19Z,,50230,AGON-COUTAINVILLE
50003,93.19Z,PME,50230,AGON-COUTAINVILLE
50003,93.29Z,PME,50230,AGON-COUTAINVILLE
50003,94.91Z,,50230,AGON-COUTAINVILLE
50003,94.91Z,PME,50230,AGON-COUTAINVILLE
50003,94.99Z,,50230,AGON-COUTAINVILLE
50003,94.99Z,PME,50230,AGON-COUTAINVILLE
50003,95.11Z,PME,50230,AGON-COUTAINVILLE
50003,96.02A,PME,50230,AGON-COUTAINVILLE
50003,96.02B,,50230,AGON-COUTAINVILLE
50003,96.02B,PME,50230,AGON-COUTAINVILLE
50003,96.03Z,PME,50230,AGON-COUTAINVILLE
50003,96.04Z,,50230,AGON-COUTAINVILLE
50003,96.09Z,,50230,AGON-COUTAINVILLE
50003,96.09Z,PME,50230,AGON-COUTAINVILLE
50008,01.11Z,,50400,ANCTOVILLE-SUR-BOSCQ
50008,01.41Z,,50400,ANCTOVILLE-SUR-BOSCQ
50008,01.42Z,,50400,ANCTOVILLE-SUR-BOSCQ
50008,01.50Z,,50400,ANCTOVILLE-SUR-BOSCQ
50008,03.11Z,,50400,ANCTOVILLE-SUR-BOSCQ
50008,13.92Z,PME,50400,ANCTOVILLE-SUR-BOSCQ
50008,31.09B,PME,50400,ANCTOVILLE-SUR-BOSCQ
50008,35.11Z,,50400,ANCTOVILLE-SUR-BOSCQ
50008,43.21A,PME,50400,ANCTOVILLE-SUR-BOSCQ
50008,43.32A,,50400,ANCTOVILLE-SUR-BOSCQ
50008,43.33Z,PME,50400,ANCTOVILLE-SUR-BOSCQ
50008,43.34Z,PME,50400,ANCTOVILLE-SUR-BOSCQ
50008,43.91B,PME,50400,ANCTOVILLE-SUR-BOSCQ
50008,46.19B,PME,50400,ANCTOVILLE-SUR-BOSCQ
50008,47.23Z,PME,50400,ANCTOVILLE-SUR-BOSCQ
50008,47.99A,PME,50400,ANCTOVILLE-SUR-BOSCQ
50008,55.20Z,PME,50400,ANCTOVILLE-SUR-BOSCQ
50008,66.12Z,,50400,ANCTOVILLE-SUR-BOSCQ
50008,68.10Z,PME,50400,ANCTOVILLE-SUR-BOSCQ
50008,68.20B,,50400,ANCTOVILLE-SUR-BOSCQ
50008,68.20B,PME,50400,ANCTOVILLE-SUR-BOSCQ
50008,70.10Z,,50400,ANCTOVILLE-SUR-BOSCQ
50008,74.90B,PME,50400,ANCTOVILLE-SUR-BOSCQ
50008,82.99Z,PME,50400,ANCTOVILLE-SUR-BOSCQ
50008,84.11Z,PME,50400,ANCTOVILLE-SUR-BOSCQ
50008,86.22C,PME,50400,ANCTOVILLE-SUR-BOSCQ
50008,86.90D,PME,50400,ANCTOVILLE-SUR-BOSCQ
50008,86.90F,PME,50400,ANCTOVILLE-SUR-BOSCQ
50008,88.91B,PME,50400,ANCTOVILLE-SUR-BOSCQ
50008,88.99B,,50400,ANCTOVILLE-SUR-BOSCQ
50008,95.11Z,PME,50400,ANCTOVILLE-SUR-BOSCQ
50008,95.29Z,PME,50400,ANCTOVILLE-SUR-BOSCQ
50008,96.09Z,,50400,ANCTOVILLE-SUR-BOSCQ
50016,01.11Z,,50500,APPEVILLE
50016,01.41Z,,50500,APPEVILLE
50016,01.42Z,,50500,APPEVILLE
50016,01.43Z,,50500,APPEVILLE
50016,03.11Z,,50500,APPEVILLE
50016,14.13Z,PME,50500,APPEVILLE
50016,16.29Z,PME,50500,APPEVILLE
50016,35.11Z,,50500,APPEVILLE
50016,43.32A,PME,50500,APPEVILLE
50016,43.39Z,,50500,APPEVILLE
50016,46.19B,PME,50500,APPEVILLE
50016,46.90Z,PME,50500,APPEVILLE
50016,63.12Z,PME,50500,APPEVILLE
50016,68.20A,,50500,APPEVILLE
50016,68.20B,,50500,APPEVILLE
50016,70.10Z,,50500,APPEVILLE
50016,81.30Z,PME,50500,APPEVILLE
50016,84.11Z,PME,50500,APPEVILLE
50016,85.60Z,PME,50500,APPEVILLE
50016,88.99B,,50500,APPEVILLE
50016,90.01Z,PME,50500,APPEVILLE
50016,94.99Z,,50500,APPEVILLE
50019,01.11Z,,50170,AUCEY-LA-PLAINE
50019,01.41Z,,50170,AUCEY-LA-PLAINE
50019,01.42Z,,50170,AUCEY-LA-PLAINE
50019,01.43Z,,50170,AUCEY-LA-PLAINE
50019,01.46Z,,50170,AUCEY-LA-PLAINE
50019,01.50Z,,50170,AUCEY-LA-PLAINE
50019,01.62Z,,50170,AUCEY-LA-PLAINE
50019,43.12A,PME,50170,AUCEY-LA-PLAINE
50019,43.21A,PME,50170,AUCEY-LA-PLAINE
50019,43.34Z,PME,50170,AUCEY-LA-PLAINE
50019,47.19B,PME,50170,AUCEY-LA-PLAINE
50019,47.89Z,PME,50170,AUCEY-LA-PLAINE
50019,47.99A,PME,50170,AUCEY-LA-PLAINE
50019,55.20Z,PME,50170,AUCEY-LA-PLAINE
50019,56.10C,PME,50170,AUCEY-LA-PLAINE
50019,64.20Z,,50170,AUCEY-LA-PLAINE
50019,64.30Z,,50170,AUCEY-LA-PLAINE
50019,68.20A,,50170,AUCEY-LA-PLAINE
50019,68.20B,,50170,AUCEY-LA-PLAINE
50019,70.22Z,PME,50170,AUCEY-LA-PLAINE
50019,73.11Z,PME,50170,AUCEY-LA-PLAINE
50019,74.30Z,PME,50170,AUCEY-LA-PLAINE
50019,84.11Z,PME,50170,AUCEY-LA-PLAINE
50019,90.03B,PME,50170,AUCEY-LA-PLAINE
50019,93.12Z,,50170,AUCEY-LA-PLAINE
50019,94.99Z,,50170,AUCEY-LA-PLAINE
50019,95.29Z,PME,50170,AUCEY-LA-PLAINE
50019,96.04Z,,50170,AUCEY-LA-PLAINE
50021,01.41Z,,50480,AUDOUVILLE-LA-HUBERT
50021,01.42Z,,50480,AUDOUVILLE-LA-HUBERT
50021,01.43Z,,50480,AUDOUVILLE-LA-HUBERT
50021,01.61Z,,50480,AUDOUVILLE-LA-HUBERT
50021,01.62Z,,50480,AUDOUVILLE-LA-HUBERT
50021,43.34Z,PME,50480,AUDOUVILLE-LA-HUBERT
50021,45.20A,PME,50480,AUDOUVILLE-LA-HUBERT
50021,64.20Z,PME,50480,AUDOUVILLE-LA-HUBERT
50021,68.20A,,50480,AUDOUVILLE-LA-HUBERT
50021,68.20B,,50480,AUDOUVILLE-LA-HUBERT
50021,68.20B,PME,50480,AUDOUVILLE-LA-HUBERT
50021,74.30Z,PME,50480,AUDOUVILLE-LA-HUBERT
50021,84.11Z,PME,50480,AUDOUVILLE-LA-HUBERT
50021,93.19Z,PME,50480,AUDOUVILLE-LA-HUBERT
50023,01.11Z,,50500,AUVERS
50023,01.19Z,,50500,AUVERS
50023,01.41Z,,50500,AUVERS
50023,01.42Z,,50500,AUVERS
50023,01.43Z,,50500,AUVERS
50023,01.49Z,,50500,AUVERS
50023,01.50Z,,50500,AUVERS
50023,01.61Z,,50500,AUVERS
50023,03.11Z,,50500,AUVERS
50023,11.03Z,PME,50500,AUVERS
50023,16.29Z,PME,50500,AUVERS
50023,18.12Z,PME,50500,AUVERS
50023,35.11Z,,50500,AUVERS
50023,35.11Z,PME,50500,AUVERS
50023,41.10D,PME,50500,AUVERS
50023,43.21A,PME,50500,AUVERS
50023,43.32A,PME,50500,AUVERS
50023,43.33Z,PME,50500,AUVERS
50023,43.34Z,PME,50500,AUVERS
50023,45.20A,PME,50500,AUVERS
50023,46.19B,,50500,AUVERS
50023,47.89Z,PME,50500,AUVERS
50023,47.99A,PME,50500,AUVERS
50023,56.10C,,50500,AUVERS
50023,56.10C,PME,50500,AUVERS
50023,68.20B,,50500,AUVERS
50023,68.20B,PME,50500,AUVERS
50023,70.22Z,PME,50500,AUVERS
50023,77.31Z,,50500,AUVERS
50023,79.90Z,PME,50500,AUVERS
50023,81.30Z,PME,50500,AUVERS
50023,82.99Z,PME,50500,AUVERS
50023,84.11Z,PME,50500,AUVERS
50023,84.12Z,PME,50500,AUVERS
50023,85.20Z,PME,50500,AUVERS
50023,85.51Z,PME,50500,AUVERS
50023,85.59B,PME,50500,AUVERS
50023,86.21Z,,50500,AUVERS
50023,88.91A,,50500,AUVERS
50023,90.01Z,PME,50500,AUVERS
50023,90.03A,PME,50500,AUVERS
50023,90.03B,PME,50500,AUVERS
50023,93.12Z,,50500,AUVERS
50023,93.12Z,PME,50500,AUVERS
50023,93.29Z,PME,50500,AUVERS
50023,94.91Z,,50500,AUVERS
50023,94.99Z,,50500,AUVERS
50024,01.11Z,,50500,AUXAIS
50024,01.41Z,,50500,AUXAIS
50024,01.42Z,,50500,AUXAIS
50024,01.43Z,,50500,AUXAIS
50024,01.50Z,,50500,AUXAIS
50024,01.61Z,,50500,AUXAIS
50024,10.13A,PME,50500,AUXAIS
50024,43.22B,PME,50500,AUXAIS
50024,43.99C,PME,50500,AUXAIS
50024,45.20A,PME,50500,AUXAIS
50024,47.89Z,,50500,AUXAIS
50024,47.99A,PME,50500,AUXAIS
50024,56.10C,PME,50500,AUXAIS
50024,63.12Z,PME,50500,AUXAIS
50024,64.20Z,,50500,AUXAIS
50024,68.20B,,50500,AUXAIS
50024,68.20B,PME,50500,AUXAIS
50024,68.31Z,PME,50500,AUXAIS
50024,82.30Z,PME,50500,AUXAIS
50024,84.11Z,PME,50500,AUXAIS
50024,93.19Z,,50500,AUXAIS
50024,94.99Z,,50500,AUXAIS
50025,01.11Z,,50300,AVRANCHES
50025,01.13Z,,50300,AVRANCHES
50025,01.19Z,,50300,AVRANCHES
50025,01.24Z,,50300,AVRANCHES
50025,01.28Z,,50300,AVRANCHES
50025,01.41Z,,50300,AVRANCHES
50025,01.42Z,,50300,AVRANCHES
50025,01.43Z,,50300,AVRANCHES
50025,01.45Z,,50300,AVRANCHES
50025,01.49Z,,50300,AVRANCHES
50025,01.50Z,,50300,AVRANCHES
50025,02.20Z,PME,50300,AVRANCHES
50025,02.40Z,,50300,AVRANCHES
50025,10.11Z,,50300,AVRANCHES
50025,10.13B,PME,50300,AVRANCHES
50025,10.71B,PME,50300,AVRANCHES
50025,10.71C,,50300,AVRANCHES
50025,10.71C,ETI,50300,AVRANCHES
50025,10.71C,GE,50300,AVRANCHES
50025,10.71C,PME,50300,AVRANCHES
50025,10.71D,PME,50300,AVRANCHES
50025,11.05Z,PME,50300,AVRANCHES
50025,13.30Z,,50300,AVRANCHES
50025,13.30Z,PME,50300,AVRANCHES
50025,13.92Z,PME,50300,AVRANCHES
50025,14.13Z,,50300,AVRANCHES
50025,14.13Z,PME,50300,AVRANCHES
50025,14.19Z,,50300,AVRANCHES
50025,14.19Z,PME,50300,AVRANCHES
50025,15.12Z,PME,50300,AVRANCHES
50025,16.24Z,,50300,AVRANCHES
50025,16.24Z,PME,50300,AVRANCHES
50025,16.29Z,,50300,AVRANCHES
50025,18.12Z,PME,50300,AVRANCHES
50025,18.13Z,PME,50300,AVRANCHES
50025,18.14Z,PME,50300,AVRANCHES
50025,22.23Z,ETI,50300,AVRANCHES
50025,22.23Z,PME,50300,AVRANCHES
50025,23.41Z,PME,50300,AVRANCHES
50025,24.42Z,,50300,AVRANCHES
50025,25.12Z,PME,50300,AVRANCHES
50025,25.50A,PME,50300,AVRANCHES
50025,25.61Z,PME,50300,AVRANCHES
50025,25.62B,PME,50300,AVRANCHES
50025,26.11Z,PME,50300,AVRANCHES
50025,26.40Z,PME,50300,AVRANCHES
50025,26.80Z,,50300,AVRANCHES
50025,26.80Z,PME,50300,AVRANCHES
50025,28.94Z,PME,50300,AVRANCHES
50025,31.01Z,PME,50300,AVRANCHES
50025,31.09A,PME,50300,AVRANCHES
50025,32.13Z,PME,50300,AVRANCHES
50025,32.50A,PME,50300,AVRANCHES
50025,32.99Z,,50300,AVRANCHES
50025,32.99Z,PME,50300,AVRANCHES
50025,33.12Z,PME,50300,AVRANCHES
50025,33.20D,,50300,AVRANCHES
50025,35.11Z,ETI,50300,AVRANCHES
50025,35.13Z,GE,50300,AVRANCHES
50025,35.14Z,PME,50300,AVRANCHES
50025,35.22Z,GE,50300,AVRANCHES
50025,35.30Z,ETI,50300,AVRANCHES
50025,36.00Z,ETI,50300,AVRANCHES
50025,36.00Z,GE,50300,AVRANCHES
50025,38.11Z,,50300,AVRANCHES
50025,38.11Z,ETI,50300,AVRANCHES
50025,38.32Z,,50300,AVRANCHES
50025,38.32Z,PME,50300,AVRANCHES
50025,41.10A,PME,50300,AVRANCHES
50025,41.10D,,50300,AVRANCHES
50025,41.10D,PME,50300,AVRANCHES
50025,41.20A,PME,50300,AVRANCHES
50025,42.11Z,ETI,50300,AVRANCHES
50025,42.21Z,ETI,50300,AVRANCHES
50025,42.22Z,ETI,50300,AVRANCHES
50025,43.12A,,50300,AVRANCHES
50025,43.12A,ETI,50300,AVRANCHES
50025,43.12A,PME,50300,AVRANCHES
50025,43.21A,,50300,AVRANCHES
50025,43.21A,PME,50300,AVRANCHES
50025,43.22A,PME,50300,AVRANCHES
50025,43.22B,PME,50300,AVRANCHES
50025,43.29A,PME,50300,AVRANCHES
50025,43.29B,GE,50300,AVRANCHES
50025,43.31Z,PME,50300,AVRANCHES
50025,43.32A,,50300,AVRANCHES
50025,43.32A,PME,50300,AVRANCHES
50025,43.33Z,PME,50300,AVRANCHES
50025,43.34Z,,50300,AVRANCHES
50025,43.34Z,PME,50300,AVRANCHES
50025,43.39Z,PME,50300,AVRANCHES
50025,43.91A,PME,50300,AVRANCHES
50025,43.91B,PME,50300,AVRANCHES
50025,43.99C,,50300,AVRANCHES
50025,43.99C,PME,50300,AVRANCHES
50025,45.11Z,ETI,50300,AVRANCHES
50025,45.11Z,PME,50300,AVRANCHES
50025,45.20A,ETI,50300,AVRANCHES
50025,45.20A,PME,50300,AVRANCHES
50025,45.20B,PME,50300,AVRANCHES
50025,45.31Z,ETI,50300,AVRANCHES
50025,45.31Z,GE,50300,AVRANCHES
50025,45.32Z,PME,50300,AVRANCHES
50025,45.40Z,PME,50300,AVRANCHES
50025,46.13Z,GE,50300,AVRANCHES
50025,46.18Z,PME,50300,AVRANCHES
50025,46.19B,,50300,AVRANCHES
50025,46.19B,PME,50300,AVRANCHES
50025,46.21Z,GE,50300,AVRANCHES
50025,46.36Z,PME,50300,AVRANCHES
50025,46.38A,PME,50300,AVRANCHES
50025,46.46Z,ETI,50300,AVRANCHES
50025,46.47Z,PME,50300,AVRANCHES
50025,46.49Z,PME,50300,AVRANCHES
50025,46.51Z,PME,50300,AVRANCHES
50025,46.69A,GE,50300,AVRANCHES
50025,46.69B,PME,50300,AVRANCHES
50025,46.69C,PME,50300,AVRANCHES
50025,46.71Z,GE,50300,AVRANCHES
50025,46.72Z,PME,50300,AVRANCHES
50025,46.73A,PME,50300,AVRANCHES
50025,46.74B,ETI,50300,AVRANCHES
50025,46.90Z,PME,50300,AVRANCHES
50025,47.11A,ETI,50300,AVRANCHES
50025,47.11A,PME,50300,AVRANCHES
50025,47.11B,PME,50300,AVRANCHES
50025,47.11C,,50300,AVRANCHES
50025,47.11C,PME,50300,AVRANCHES
50025,47.11D,GE,50300,AVRANCHES
50025,47.11D,PME,50300,AVRANCHES
50025,47.11F,GE,50300,AVRANCHES
50025,47.11F,PME,50300,AVRANCHES
50025,47.19B,,50300,AVRANCHES
50025,47.19B,ETI,50300,AVRANCHES
50025,47.19B,PME,50300,AVRANCHES
50025,47.21Z,PME,50300,AVRANCHES
50025,47.22Z,GE,50300,AVRANCHES
50025,47.22Z,PME,50300,AVRANCHES
50025,47.23Z,PME,50300,AVRANCHES
50025,47.24Z,PME,50300,AVRANCHES
50025,47.25Z,PME,50300,AVRANCHES
50025,47.29Z,,50300,AVRANCHES
50025,47.29Z,PME,50300,AVRANCHES
50025,47.30Z,GE,50300,AVRANCHES
50025,47.30Z,PME,50300,AVRANCHES
50025,47.41Z,PME,50300,AVRANCHES
50025,47.42Z,GE,50300,AVRANCHES
50025,47.42Z,PME,50300,AVRANCHES
50025,47.51Z,PME,50300,AVRANCHES
50025,47.52A,GE,50300,AVRANCHES
50025,47.52B,PME,50300,AVRANCHES
50025,47.53Z,,50300,AVRANCHES
50025,47.54Z,,50300,AVRANCHES
50025,47.54Z,PME,50300,AVRANCHES
50025,47.59A,,50300,AVRANCHES
50025,47.59A,ETI,50300,AVRANCHES
50025,47.59A,GE,50300,AVRANCHES
50025,47.59A,PME,50300,AVRANCHES
50025,47.59B,ETI,50300,AVRANCHES
50025,47.59B,PME,50300,AVRANCHES
50025,47.61Z,PME,50300,AVRANCHES
50025,47.62Z,,50300,AVRANCHES
50025,47.62Z,PME,50300,AVRANCHES
50025,47.64Z,ETI,50300,AVRANCHES
50025,47.64Z,PME,50300,AVRANCHES
50025,47.65Z,PME,50300,AVRANCHES
50025,47.71Z,,50300,AVRANCHES
50025,47.71Z,ETI,50300,AVRANCHES
50025,47.71Z,PME,50300,AVRANCHES
50025,47.72A,PME,50300,AVRANCHES
50025,47.72B,PME,50300,AVRANCHES
50025,47.73Z,PME,50300,AVRANCHES
50025,47.74Z,ETI,50300,AVRANCHES
50025,47.74Z,PME,50300,AVRANCHES
50025,47.75Z,ETI,50300,AVRANCHES
50025,47.75Z,PME,50300,AVRANCHES
50025,47.76Z,ETI,50300,AVRANCHES
50025,47.76Z,GE,50300,AVRANCHES
50025,47.76Z,PME,50300,AVRANCHES
50025,47.77Z,PME,50300,AVRANCHES
50025,47.78A,ETI,50300,AVRANCHES
50025,47.78A,PME,50300,AVRANCHES
50025,47.78B,,50300,AVRANCHES
50025,47.78C,,50300,AVRANCHES
50025,47.78C,GE,50300,AVRANCHES
50025,47.78C,PME,50300,AVRANCHES
50025,47.79Z,,50300,AVRANCHES
50025,47.79Z,PME,50300,AVRANCHES
50025,47.81Z,,50300,AVRANCHES
50025,47.81Z,PME,50300,AVRANCHES
50025,47.82Z,PME,50300,AVRANCHES
50025,47.89Z,,50300,AVRANCHES
50025,47.89Z,PME,50300,AVRANCHES
50025,47.91A,,50300,AVRANCHES
50025,47.91A,PME,50300,AVRANCHES
50025,47.91B,,50300,AVRANCHES
50025,47.91B,PME,50300,AVRANCHES
50025,47.99A,,50300,AVRANCHES
50025,47.99A,PME,50300,AVRANCHES
50025,49.32Z,PME,50300,AVRANCHES
50025,52.10B,ETI,50300,AVRANCHES
50025,52.21Z,GE,50300,AVRANCHES
50025,53.10Z,GE,50300,AVRANCHES
50025,53.20Z,,50300,AVRANCHES
50025,53.20Z,PME,50300,AVRANCHES
50025,55.10Z,PME,50300,AVRANCHES
50025,55.20Z,,50300,AVRANCHES
50025,55.20Z,PME,50300,AVRANCHES
50025,55.30Z,,50300,AVRANCHES
50025,55.90Z,PME,50300,AVRANCHES
50025,56.10A,,50300,AVRANCHES
50025,56.10A,PME,50300,AVRANCHES
50025,56.10B,PME,50300,AVRANCHES
50025,56.10C,,50300,AVRANCHES
50025,56.10C,ETI,50300,AVRANCHES
50025,56.10C,PME,50300,AVRANCHES
50025,56.21Z,,50300,AVRANCHES
50025,56.21Z,PME,50300,AVRANCHES
50025,56.29A,ETI,50300,AVRANCHES
50025,56.29A,GE,50300,AVRANCHES
50025,56.29B,,50300,AVRANCHES
50025,56.29B,GE,50300,AVRANCHES
50025,56.30Z,,50300,AVRANCHES
50025,56.30Z,PME,50300,AVRANCHES
50025,58.11Z,PME,50300,AVRANCHES
50025,58.13Z,ETI,50300,AVRANCHES
50025,58.14Z,PME,50300,AVRANCHES
50025,58.29A,PME,50300,AVRANCHES
50025,58.29C,PME,50300,AVRANCHES
50025,59.11B,PME,50300,AVRANCHES
50025,59.14Z,PME,50300,AVRANCHES
50025,59.20Z,,50300,AVRANCHES
50025,59.20Z,PME,50300,AVRANCHES
50025,60.10Z,,50300,AVRANCHES
50025,60.20A,GE,50300,AVRANCHES
50025,61.10Z,GE,50300,AVRANCHES
50025,61.20Z,GE,50300,AVRANCHES
50025,61.20Z,PME,50300,AVRANCHES
50025,62.01Z,PME,50300,AVRANCHES
50025,62.02A,,50300,AVRANCHES
50025,62.02A,PME,50300,AVRANCHES
50025,62.02B,PME,50300,AVRANCHES
50025,63.11Z,GE,50300,AVRANCHES
50025,64.19Z,GE,50300,AVRANCHES
50025,64.20Z,,50300,AVRANCHES
50025,64.20Z,PME,50300,AVRANCHES
50025,64.30Z,,50300,AVRANCHES
50025,64.30Z,PME,50300,AVRANCHES
50025,64.99Z,PME,50300,AVRANCHES
50025,65.12Z,ETI,50300,AVRANCHES
50025,65.12Z,GE,50300,AVRANCHES
50025,65.12Z,PME,50300,AVRANCHES
50025,66.12Z,PME,50300,AVRANCHES
50025,66.19A,,50300,AVRANCHES
50025,66.19A,PME,50300,AVRANCHES
50025,66.19B,PME,50300,AVRANCHES
50025,66.21Z,PME,50300,AVRANCHES
50025,66.22Z,GE,50300,AVRANCHES
50025,66.22Z,PME,50300,AVRANCHES
50025,66.30Z,,50300,AVRANCHES
50025,66.30Z,PME,50300,AVRANCHES
50025,68.10Z,PME,50300,AVRANCHES
50025,68.20A,,50300,AVRANCHES
50025,68.20A,PME,50300,AVRANCHES
50025,68.20B,,50300,AVRANCHES
50025,68.20B,ETI,50300,AVRANCHES
50025,68.20B,GE,50300,AVRANCHES
50025,68.20B,PME,50300,AVRANCHES
50025,68.31Z,,50300,AVRANCHES
50025,68.31Z,PME,50300,AVRANCHES
50025,68.32A,,50300,AVRANCHES
50025,68.32A,ETI,50300,AVRANCHES
50025,68.32A,PME,50300,AVRANCHES
50025,68.32B,,50300,AVRANCHES
50025,68.32B,ETI,50300,AVRANCHES
50025,68.32B,PME,50300,AVRANCHES
50025,69.10Z,,50300,AVRANCHES
50025,69.10Z,PME,50300,AVRANCHES
50025,69.20Z,ETI,50300,AVRANCHES
50025,69.20Z,GE,50300,AVRANCHES
50025,69.20Z,PME,50300,AVRANCHES
50025,70.10Z,,50300,AVRANCHES
50025,70.10Z,ETI,50300,AVRANCHES
50025,70.10Z,PME,50300,AVRANCHES
50025,70.21Z,PME,50300,AVRANCHES
50025,70.22Z,,50300,AVRANCHES
50025,70.22Z,GE,50300,AVRANCHES
50025,70.22Z,PME,50300,AVRANCHES
50025,71.11Z,PME,50300,AVRANCHES
50025,71.12A,PME,50300,AVRANCHES
50025,71.12B,,50300,AVRANCHES
50025,71.12B,PME,50300,AVRANCHES
50025,71.20A,PME,50300,AVRANCHES
50025,71.20B,PME,50300,AVRANCHES
50025,73.11Z,ETI,50300,AVRANCHES
50025,73.11Z,PME,50300,AVRANCHES
50025,73.12Z,,50300,AVRANCHES
50025,73.12Z,PME,50300,AVRANCHES
50025,74.10Z,PME,50300,AVRANCHES
50025,74.20Z,,50300,AVRANCHES
50025,74.20Z,PME,50300,AVRANCHES
50025,74.30Z,PME,50300,AVRANCHES
50025,74.90A,PME,50300,AVRANCHES
50025,74.90B,,50300,AVRANCHES
50025,74.90B,PME,50300,AVRANCHES
50025,75.00Z,,50300,AVRANCHES
50025,75.00Z,PME,50300,AVRANCHES
50025,77.29Z,ETI,50300,AVRANCHES
50025,77.29Z,PME,50300,AVRANCHES
50025,77.32Z,PME,50300,AVRANCHES
50025,77.39Z,PME,50300,AVRANCHES
50025,77.40Z,,50300,AVRANCHES
50025,77.40Z,PME,50300,AVRANCHES
50025,78.10Z,PME,50300,AVRANCHES
50025,78.20Z,,50300,AVRANCHES
50025,78.20Z,ETI,50300,AVRANCHES
50025,78.20Z,GE,50300,AVRANCHES
50025,78.20Z,PME,50300,AVRANCHES
50025,78.30Z,PME,50300,AVRANCHES
50025,79.11Z,,50300,AVRANCHES
50025,79.11Z,PME,50300,AVRANCHES
50025,79.90Z,,50300,AVRANCHES
50025,79.90Z,PME,50300,AVRANCHES
50025,80.10Z,PME,50300,AVRANCHES
50025,80.20Z,ETI,50300,AVRANCHES
50025,80.20Z,PME,50300,AVRANCHES
50025,81.10Z,,50300,AVRANCHES
50025,81.10Z,PME,50300,AVRANCHES
50025,81.21Z,,50300,AVRANCHES
50025,81.21Z,PME,50300,AVRANCHES
50025,81.22Z,,50300,AVRANCHES
50025,81.22Z,ETI,50300,AVRANCHES
50025,81.22Z,PME,50300,AVRANCHES
50025,81.29A,PME,50300,AVRANCHES
50025,81.29B,PME,50300,AVRANCHES
50025,81.30Z,,50300,AVRANCHES
50025,81.30Z,PME,50300,AVRANCHES
50025,82.11Z,PME,50300,AVRANCHES
50025,82.19Z,PME,50300,AVRANCHES
50025,82.30Z,PME,50300,AVRANCHES
50025,82.99Z,PME,50300,AVRANCHES
50025,84.11Z,ETI,50300,AVRANCHES
50025,84.11Z,PME,50300,AVRANCHES
50025,84.12Z,ETI,50300,AVRANCHES
50025,84.13Z,ETI,50300,AVRANCHES
50025,84.13Z,GE,50300,AVRANCHES
50025,84.13Z,PME,50300,AVRANCHES
50025,84.23Z,ETI,50300,AVRANCHES
50025,84.30A,ETI,50300,AVRANCHES
50025,84.30A,GE,50300,AVRANCHES
50025,84.30C,PME,50300,AVRANCHES
50025,85.10Z,PME,50300,AVRANCHES
50025,85.20Z,PME,50300,AVRANCHES
50025,85.31Z,,50300,AVRANCHES
50025,85.31Z,PME,50300,AVRANCHES
50025,85.42Z,,50300,AVRANCHES
50025,85.51Z,PME,50300,AVRANCHES
50025,85.52Z,,50300,AVRANCHES
50025,85.52Z,PME,50300,AVRANCHES
50025,85.53Z,PME,50300,AVRANCHES
50025,85.59A,,50300,AVRANCHES
50025,85.59A,PME,50300,AVRANCHES
50025,85.59B,,50300,AVRANCHES
50025,85.59B,PME,50300,AVRANCHES
50025,85.60Z,,50300,AVRANCHES
50025,86.10Z,ETI,50300,AVRANCHES
50025,86.10Z,GE,50300,AVRANCHES
50025,86.21Z,,50300,AVRANCHES
50025,86.21Z,ETI,50300,AVRANCHES
50025,86.21Z,PME,50300,AVRANCHES
50025,86.22A,PME,50300,AVRANCHES
50025,86.22B,,50300,AVRANCHES
50025,86.22B,PME,50300,AVRANCHES
50025,86.22C,,50300,AVRANCHES
50025,86.22C,PME,50300,AVRANCHES
50025,86.23Z,,50300,AVRANCHES
50025,86.23Z,PME,50300,AVRANCHES
50025,86.90A,PME,50300,AVRANCHES
50025,86.90B,PME,50300,AVRANCHES
50025,86.90D,,50300,AVRANCHES
50025,86.90D,GE,50300,AVRANCHES
50025,86.90D,PME,50300,AVRANCHES
50025,86.90E,,50300,AVRANCHES
50025,86.90E,PME,50300,AVRANCHES
50025,86.90F,,50300,AVRANCHES
50025,86.90F,PME,50300,AVRANCHES
50025,87.10A,ETI,50300,AVRANCHES
50025,87.10A,GE,50300,AVRANCHES
50025,87.10B,PME,50300,AVRANCHES
50025,87.10C,ETI,50300,AVRANCHES
50025,87.20A,PME,50300,AVRANCHES
50025,87.20B,ETI,50300,AVRANCHES
50025,87.30A,PME,50300,AVRANCHES
50025,87.90A,PME,50300,AVRANCHES
50025,87.90B,ETI,50300,AVRANCHES
50025,87.90B,PME,50300,AVRANCHES
50025,88.10A,,50300,AVRANCHES
50025,88.10A,ETI,50300,AVRANCHES
50025,88.10A,PME,50300,AVRANCHES
50025,88.10B,PME,50300,AVRANCHES
50025,88.10C,PME,50300,AVRANCHES
50025,88.91A,,50300,AVRANCHES
50025,88.91A,ETI,50300,AVRANCHES
50025,88.91B,ETI,50300,AVRANCHES
50025,88.91B,PME,50300,AVRANCHES
50025,88.99A,PME,50300,AVRANCHES
50025,88.99B,,50300,AVRANCHES
50025,88.99B,GE,50300,AVRANCHES
50025,88.99B,PME,50300,AVRANCHES
50025,90.01Z,,50300,AVRANCHES
50025,90.01Z,PME,50300,AVRANCHES
50025,90.02Z,,50300,AVRANCHES
50025,90.03A,PME,50300,AVRANCHES
50025,90.03B,PME,50300,AVRANCHES
50025,90.04Z,,50300,AVRANCHES
50025,90.04Z,ETI,50300,AVRANCHES
50025,91.01Z,,50300,AVRANCHES
50025,91.01Z,ETI,50300,AVRANCHES
50025,91.03Z,,50300,AVRANCHES
50025,91.04Z,,50300,AVRANCHES
50025,93.11Z,,50300,AVRANCHES
50025,93.11Z,ETI,50300,AVRANCHES
50025,93.11Z,PME,50300,AVRANCHES
50025,93.12Z,,50300,AVRANCHES
50025,93.12Z,PME,50300,AVRANCHES
50025,93.13Z,PME,50300,AVRANCHES
50025,93.19Z,,50300,AVRANCHES
50025,93.29Z,,50300,AVRANCHES
50025,93.29Z,PME,50300,AVRANCHES
50025,94.11Z,,50300,AVRANCHES
50025,94.12Z,PME,50300,AVRANCHES
50025,94.20Z,PME,50300,AVRANCHES
50025,94.91Z,,50300,AVRANCHES
50025,94.91Z,PME,50300,AVRANCHES
50025,94.92Z,,50300,AVRANCHES
50025,94.92Z,PME,50300,AVRANCHES
50025,94.99Z,,50300,AVRANCHES
50025,94.99Z,PME,50300,AVRANCHES
50025,95.11Z,PME,50300,AVRANCHES
50025,95.12Z,PME,50300,AVRANCHES
50025,95.22Z,PME,50300,AVRANCHES
50025,95.23Z,PME,50300,AVRANCHES
50025,95.24Z,PME,50300,AVRANCHES
50025,95.25Z,PME,50300,AVRANCHES
50025,95.29Z,PME,50300,AVRANCHES
50025,96.01A,PME,50300,AVRANCHES
50025,96.01B,,50300,AVRANCHES
50025,96.01B,PME,50300,AVRANCHES
50025,96.02A,,50300,AVRANCHES
50025,96.02A,PME,50300,AVRANCHES
50025,96.02B,,50300,AVRANCHES
50025,96.02B,PME,50300,AVRANCHES
50025,96.03Z,GE,50300,AVRANCHES
50025,96.03Z,PME,50300,AVRANCHES
50025,96.04Z,PME,50300,AVRANCHES
50025,96.09Z,,50300,AVRANCHES
50025,96.09Z,ETI,50300,AVRANCHES
50025,96.09Z,PME,50300,AVRANCHES
50026,01.11Z,,50310,AZEVILLE
50026,01.41Z,,50310,AZEVILLE
50026,01.42Z,,50310,AZEVILLE
50026,01.43Z,,50310,AZEVILLE
50026,01.49Z,,50310,AZEVILLE
50026,01.50Z,,50310,AZEVILLE
50026,41.20A,PME,50310,AZEVILLE
50026,43.99C,PME,50310,AZEVILLE
50026,47.81Z,,50310,AZEVILLE
50026,47.99A,,50310,AZEVILLE
50026,64.20Z,PME,50310,AZEVILLE
50026,84.11Z,PME,50310,AZEVILLE
50026,88.99B,,50310,AZEVILLE
50026,94.99Z,,50310,AZEVILLE
50028,01.11Z,,50450,LA BALEINE
50028,01.41Z,,50450,LA BALEINE
50028,01.42Z,,50450,LA BALEINE
50028,01.43Z,,50450,LA BALEINE
50028,01.45Z,,50450,LA BALEINE
50028,32.13Z,PME,50450,LA BALEINE
50028,55.10Z,PME,50450,LA BALEINE
50028,55.20Z,PME,50450,LA BALEINE
50028,56.10A,PME,50450,LA BALEINE
50028,68.20A,,50450,LA BALEINE
50028,68.20B,,50450,LA BALEINE
50028,70.10Z,,50450,LA BALEINE
50028,84.11Z,PME,50450,LA BALEINE
50028,90.03B,PME,50450,LA BALEINE
50028,94.99Z,PME,50450,LA BALEINE
50028,95.29Z,PME,50450,LA BALEINE
50028,96.09Z,PME,50450,LA BALEINE
50031,01.11Z,,50270,BARNEVILLE-CARTERET
50031,01.13Z,,50270,BARNEVILLE-CARTERET
50031,01.13Z,PME,50270,BARNEVILLE-CARTERET
50031,01.21Z,,50270,BARNEVILLE-CARTERET
50031,01.41Z,,50270,BARNEVILLE-CARTERET
50031,01.42Z,,50270,BARNEVILLE-CARTERET
50031,01.43Z,,50270,BARNEVILLE-CARTERET
50031,01.49Z,,50270,BARNEVILLE-CARTERET
50031,01.49Z,PME,50270,BARNEVILLE-CARTERET
50031,01.50Z,,50270,BARNEVILLE-CARTERET
50031,01.61Z,,50270,BARNEVILLE-CARTERET
50031,02.20Z,PME,50270,BARNEVILLE-CARTERET
50031,03.11Z,,50270,BARNEVILLE-CARTERET
50031,10.20Z,,50270,BARNEVILLE-CARTERET
50031,10.39B,PME,50270,BARNEVILLE-CARTERET
50031,10.71C,PME,50270,BARNEVILLE-CARTERET
50031,10.71D,PME,50270,BARNEVILLE-CARTERET
50031,10.85Z,,50270,BARNEVILLE-CARTERET
50031,11.05Z,PME,50270,BARNEVILLE-CARTERET
50031,13.92Z,,50270,BARNEVILLE-CARTERET
50031,14.39Z,PME,50270,BARNEVILLE-CARTERET
50031,15.12Z,,50270,BARNEVILLE-CARTERET
50031,16.10B,PME,50270,BARNEVILLE-CARTERET
50031,16.29Z,PME,50270,BARNEVILLE-CARTERET
50031,18.13Z,PME,50270,BARNEVILLE-CARTERET
50031,32.13Z,PME,50270,BARNEVILLE-CARTERET
50031,32.99Z,PME,50270,BARNEVILLE-CARTERET
50031,33.15Z,PME,50270,BARNEVILLE-CARTERET
50031,35.11Z,,50270,BARNEVILLE-CARTERET
50031,35.11Z,PME,50270,BARNEVILLE-CARTERET
50031,38.32Z,PME,50270,BARNEVILLE-CARTERET
50031,41.10D,PME,50270,BARNEVILLE-CARTERET
50031,42.11Z,GE,50270,BARNEVILLE-CARTERET
50031,42.99Z,,50270,BARNEVILLE-CARTERET
50031,43.21A,,50270,BARNEVILLE-CARTERET
50031,43.21A,PME,50270,BARNEVILLE-CARTERET
50031,43.22A,PME,50270,BARNEVILLE-CARTERET
50031,43.32A,PME,50270,BARNEVILLE-CARTERET
50031,43.33Z,PME,50270,BARNEVILLE-CARTERET
50031,43.34Z,PME,50270,BARNEVILLE-CARTERET
50031,43.39Z,PME,50270,BARNEVILLE-CARTERET
50031,43.99C,PME,50270,BARNEVILLE-CARTERET
50031,45.11Z,PME,50270,BARNEVILLE-CARTERET
50031,45.20A,PME,50270,BARNEVILLE-CARTERET
50031,46.19B,,50270,BARNEVILLE-CARTERET
50031,46.19B,PME,50270,BARNEVILLE-CARTERET
50031,46.21Z,GE,50270,BARNEVILLE-CARTERET
50031,46.71Z,GE,50270,BARNEVILLE-CARTERET
50031,46.73A,PME,50270,BARNEVILLE-CARTERET
50031,47.11B,,50270,BARNEVILLE-CARTERET
50031,47.11B,PME,50270,BARNEVILLE-CARTERET
50031,47.11C,PME,50270,BARNEVILLE-CARTERET
50031,47.11D,GE,50270,BARNEVILLE-CARTERET
50031,47.11D,PME,50270,BARNEVILLE-CARTERET
50031,47.22Z,PME,50270,BARNEVILLE-CARTERET
50031,47.23Z,PME,50270,BARNEVILLE-CARTERET
50031,47.25Z,PME,50270,BARNEVILLE-CARTERET
50031,47.26Z,PME,50270,BARNEVILLE-CARTERET
50031,47.43Z,PME,50270,BARNEVILLE-CARTERET
50031,47.51Z,PME,50270,BARNEVILLE-CARTERET
50031,47.52B,GE,50270,BARNEVILLE-CARTERET
50031,47.59A,PME,50270,BARNEVILLE-CARTERET
50031,47.59B,,50270,BARNEVILLE-CARTERET
50031,47.59B,PME,50270,BARNEVILLE-CARTERET
50031,47.61Z,PME,50270,BARNEVILLE-CARTERET
50031,47.62Z,PME,50270,BARNEVILLE-CARTERET
50031,47.64Z,PME,50270,BARNEVILLE-CARTERET
50031,47.71Z,,50270,BARNEVILLE-CARTERET
50031,47.71Z,ETI,50270,BARNEVILLE-CARTERET
50031,47.71Z,PME,50270,BARNEVILLE-CARTERET
50031,47.73Z,PME,50270,BARNEVILLE-CARTERET
50031,47.74Z,PME,50270,BARNEVILLE-CARTERET
50031,47.76Z,PME,50270,BARNEVILLE-CARTERET
50031,47.78A,PME,50270,BARNEVILLE-CARTERET
50031,47.78C,PME,50270,BARNEVILLE-CARTERET
50031,47.81Z,PME,50270,BARNEVILLE-CARTERET
50031,47.82Z,PME,50270,BARNEVILLE-CARTERET
50031,47.89Z,,50270,BARNEVILLE-CARTERET
50031,47.89Z,PME,50270,BARNEVILLE-CARTERET
50031,47.91B,PME,50270,BARNEVILLE-CARTERET
50031,47.99A,PME,50270,BARNEVILLE-CARTERET
50031,49.31Z,PME,50270,BARNEVILLE-CARTERET
50031,49.32Z,PME,50270,BARNEVILLE-CARTERET
50031,50.10Z,,50270,BARNEVILLE-CARTERET
50031,50.10Z,PME,50270,BARNEVILLE-CARTERET
50031,52.22Z,PME,50270,BARNEVILLE-CARTERET
50031,52.24A,PME,50270,BARNEVILLE-CARTERET
50031,53.10Z,GE,50270,BARNEVILLE-CARTERET
50031,55.10Z,,50270,BARNEVILLE-CARTERET
50031,55.10Z,PME,50270,BARNEVILLE-CARTERET
50031,55.20Z,,50270,BARNEVILLE-CARTERET
50031,55.20Z,ETI,50270,BARNEVILLE-CARTERET
50031,55.20Z,PME,50270,BARNEVILLE-CARTERET
50031,55.30Z,,50270,BARNEVILLE-CARTERET
50031,55.30Z,PME,50270,BARNEVILLE-CARTERET
50031,56.10A,,50270,BARNEVILLE-CARTERET
50031,56.10A,PME,50270,BARNEVILLE-CARTERET
50031,56.10C,,50270,BARNEVILLE-CARTERET
50031,56.10C,PME,50270,BARNEVILLE-CARTERET
50031,56.30Z,,50270,BARNEVILLE-CARTERET
50031,56.30Z,PME,50270,BARNEVILLE-CARTERET
50031,59.14Z,PME,50270,BARNEVILLE-CARTERET
50031,63.91Z,PME,50270,BARNEVILLE-CARTERET
50031,64.19Z,GE,50270,BARNEVILLE-CARTERET
50031,64.20Z,PME,50270,BARNEVILLE-CARTERET
50031,64.30Z,PME,50270,BARNEVILLE-CARTERET
50031,65.12Z,GE,50270,BARNEVILLE-CARTERET
50031,66.19A,PME,50270,BARNEVILLE-CARTERET
50031,66.22Z,PME,50270,BARNEVILLE-CARTERET
50031,66.30Z,,50270,BARNEVILLE-CARTERET
50031,66.30Z,PME,50270,BARNEVILLE-CARTERET
50031,68.10Z,PME,50270,BARNEVILLE-CARTERET
50031,68.20A,,50270,BARNEVILLE-CARTERET
50031,68.20A,PME,50270,BARNEVILLE-CARTERET
50031,68.20B,,50270,BARNEVILLE-CARTERET
50031,68.20B,PME,50270,BARNEVILLE-CARTERET
50031,68.31Z,,50270,BARNEVILLE-CARTERET
50031,68.31Z,PME,50270,BARNEVILLE-CARTERET
50031,68.32A,,50270,BARNEVILLE-CARTERET
50031,68.32A,PME,50270,BARNEVILLE-CARTERET
50031,69.10Z,PME,50270,BARNEVILLE-CARTERET
50031,70.10Z,,50270,BARNEVILLE-CARTERET
50031,70.10Z,PME,50270,BARNEVILLE-CARTERET
50031,70.21Z,PME,50270,BARNEVILLE-CARTERET
50031,70.22Z,,50270,BARNEVILLE-CARTERET
50031,70.22Z,PME,50270,BARNEVILLE-CARTERET
50031,71.11Z,PME,50270,BARNEVILLE-CARTERET
50031,71.12B,,50270,BARNEVILLE-CARTERET
50031,71.12B,PME,50270,BARNEVILLE-CARTERET
50031,73.11Z,PME,50270,BARNEVILLE-CARTERET
50031,73.12Z,PME,50270,BARNEVILLE-CARTERET
50031,74.10Z,PME,50270,BARNEVILLE-CARTERET
50031,74.20Z,,50270,BARNEVILLE-CARTERET
50031,74.20Z,PME,50270,BARNEVILLE-CARTERET
50031,74.30Z,PME,50270,BARNEVILLE-CARTERET
50031,74.90B,PME,50270,BARNEVILLE-CARTERET
50031,75.00Z,PME,50270,BARNEVILLE-CARTERET
50031,77.21Z,,50270,BARNEVILLE-CARTERET
50031,77.21Z,PME,50270,BARNEVILLE-CARTERET
50031,78.30Z,PME,50270,BARNEVILLE-CARTERET
50031,79.90Z,PME,50270,BARNEVILLE-CARTERET
50031,80.10Z,PME,50270,BARNEVILLE-CARTERET
50031,81.10Z,,50270,BARNEVILLE-CARTERET
50031,81.10Z,PME,50270,BARNEVILLE-CARTERET
50031,81.21Z,,50270,BARNEVILLE-CARTERET
50031,81.21Z,PME,50270,BARNEVILLE-CARTERET
50031,81.29B,,50270,BARNEVILLE-CARTERET
50031,81.30Z,,50270,BARNEVILLE-CARTERET
50031,81.30Z,PME,50270,BARNEVILLE-CARTERET
50031,82.19Z,,50270,BARNEVILLE-CARTERET
50031,82.19Z,PME,50270,BARNEVILLE-CARTERET
50031,82.91Z,PME,50270,BARNEVILLE-CARTERET
50031,82.99Z,PME,50270,BARNEVILLE-CARTERET
50031,84.11Z,PME,50270,BARNEVILLE-CARTERET
50031,84.12Z,PME,50270,BARNEVILLE-CARTERET
50031,85.10Z,PME,50270,BARNEVILLE-CARTERET
50031,85.20Z,PME,50270,BARNEVILLE-CARTERET
50031,85.51Z,,50270,BARNEVILLE-CARTERET
50031,85.51Z,PME,50270,BARNEVILLE-CARTERET
50031,85.52Z,,50270,BARNEVILLE-CARTERET
50031,85.52Z,PME,50270,BARNEVILLE-CARTERET
50031,85.53Z,PME,50270,BARNEVILLE-CARTERET
50031,85.59A,PME,50270,BARNEVILLE-CARTERET
50031,85.59B,PME,50270,BARNEVILLE-CARTERET
50031,86.21Z,,50270,BARNEVILLE-CARTERET
50031,86.21Z,PME,50270,BARNEVILLE-CARTERET
50031,86.23Z,,50270,BARNEVILLE-CARTERET
50031,86.23Z,PME,50270,BARNEVILLE-CARTERET
50031,86.90A,PME,50270,BARNEVILLE-CARTERET
50031,86.90D,,50270,BARNEVILLE-CARTERET
50031,86.90D,PME,50270,BARNEVILLE-CARTERET
50031,86.90E,PME,50270,BARNEVILLE-CARTERET
50031,86.90F,PME,50270,BARNEVILLE-CARTERET
50031,87.10A,PME,50270,BARNEVILLE-CARTERET
50031,87.30A,PME,50270,BARNEVILLE-CARTERET
50031,88.99B,PME,50270,BARNEVILLE-CARTERET
50031,90.01Z,PME,50270,BARNEVILLE-CARTERET
50031,90.02Z,,50270,BARNEVILLE-CARTERET
50031,90.03A,PME,50270,BARNEVILLE-CARTERET
50031,90.03B,,50270,BARNEVILLE-CARTERET
50031,90.03B,PME,50270,BARNEVILLE-CARTERET
50031,91.03Z,,50270,BARNEVILLE-CARTERET
50031,93.11Z,,50270,BARNEVILLE-CARTERET
50031,93.11Z,PME,50270,BARNEVILLE-CARTERET
50031,93.12Z,,50270,BARNEVILLE-CARTERET
50031,93.12Z,PME,50270,BARNEVILLE-CARTERET
50031,93.29Z,PME,50270,BARNEVILLE-CARTERET
50031,94.20Z,,50270,BARNEVILLE-CARTERET
50031,94.91Z,,50270,BARNEVILLE-CARTERET
50031,94.91Z,PME,50270,BARNEVILLE-CARTERET
50031,94.99Z,,50270,BARNEVILLE-CARTERET
50031,94.99Z,PME,50270,BARNEVILLE-CARTERET
50031,96.01B,PME,50270,BARNEVILLE-CARTERET
50031,96.02A,PME,50270,BARNEVILLE-CARTERET
50031,96.02B,,50270,BARNEVILLE-CARTERET
50031,96.02B,PME,50270,BARNEVILLE-CARTERET
50031,96.03Z,GE,50270,BARNEVILLE-CARTERET
50031,96.03Z,PME,50270,BARNEVILLE-CARTERET
50031,96.04Z,PME,50270,BARNEVILLE-CARTERET
50031,96.09Z,,50270,BARNEVILLE-CARTERET
50031,96.09Z,PME,50270,BARNEVILLE-CARTERET
50033,01.11Z,,50270,BAUBIGNY
50033,01.41Z,,50270,BAUBIGNY
50033,01.41Z,PME,50270,BAUBIGNY
50033,01.42Z,,50270,BAUBIGNY
50033,01.43Z,,50270,BAUBIGNY
50033,01.50Z,,50270,BAUBIGNY
50033,29.20Z,PME,50270,BAUBIGNY
50033,43.12A,PME,50270,BAUBIGNY
50033,47.78C,PME,50270,BAUBIGNY
50033,47.91A,PME,50270,BAUBIGNY
50033,55.20Z,PME,50270,BAUBIGNY
50033,55.30Z,PME,50270,BAUBIGNY
50033,68.20A,,50270,BAUBIGNY
50033,68.20A,PME,50270,BAUBIGNY
50033,68.20B,,50270,BAUBIGNY
50033,84.11Z,PME,50270,BAUBIGNY
50033,90.01Z,PME,50270,BAUBIGNY
50033,90.03A,PME,50270,BAUBIGNY
50033,90.03B,PME,50270,BAUBIGNY
50033,93.29Z,,50270,BAUBIGNY
50034,01.11Z,,50000,BAUDRE
50034,01.41Z,,50000,BAUDRE
50034,01.43Z,,50000,BAUDRE
50034,18.13Z,PME,50000,BAUDRE
50034,43.21A,PME,50000,BAUDRE
50034,43.32A,PME,50000,BAUDRE
50034,45.11Z,PME,50000,BAUDRE
50034,45.20A,PME,50000,BAUDRE
50034,45.40Z,PME,50000,BAUDRE
50034,46.41Z,,50000,BAUDRE
50034,47.71Z,PME,50000,BAUDRE
50034,47.99A,,50000,BAUDRE
50034,47.99A,PME,50000,BAUDRE
50034,56.10A,PME,50000,BAUDRE
50034,56.21Z,PME,50000,BAUDRE
50034,56.29B,PME,50000,BAUDRE
50034,56.30Z,PME,50000,BAUDRE
50034,62.01Z,PME,50000,BAUDRE
50034,68.20A,,50000,BAUDRE
50034,68.20B,,50000,BAUDRE
50034,68.20B,PME,50000,BAUDRE
50034,68.32A,,50000,BAUDRE
50034,70.10Z,PME,50000,BAUDRE
50034,70.22Z,PME,50000,BAUDRE
50034,71.11Z,PME,50000,BAUDRE
50034,71.12B,PME,50000,BAUDRE
50034,74.10Z,,50000,BAUDRE
50034,81.30Z,PME,50000,BAUDRE
50034,82.99Z,,50000,BAUDRE
50034,84.11Z,PME,50000,BAUDRE
50034,85.20Z,PME,50000,BAUDRE
50034,86.90D,PME,50000,BAUDRE
50034,86.90E,PME,50000,BAUDRE
50034,86.90F,,50000,BAUDRE
50034,87.30A,ETI,50000,BAUDRE
50034,88.91A,,50000,BAUDRE
50034,93.29Z,PME,50000,BAUDRE
50034,94.99Z,,50000,BAUDRE
50034,96.02B,PME,50000,BAUDRE
50036,01.11Z,,50500,BAUPTE
50036,01.19Z,,50500,BAUPTE
50036,01.41Z,,50500,BAUPTE
50036,01.42Z,,50500,BAUPTE
50036,08.92Z,ETI,50500,BAUPTE
50036,10.71C,PME,50500,BAUPTE
50036,10.72Z,PME,50500,BAUPTE
50036,10.89Z,GE,50500,BAUPTE
50036,32.13Z,PME,50500,BAUPTE
50036,32.99Z,PME,50500,BAUPTE
50036,35.11Z,,50500,BAUPTE
50036,37.00Z,PME,50500,BAUPTE
50036,43.12A,PME,50500,BAUPTE
50036,43.22B,PME,50500,BAUPTE
50036,46.19B,PME,50500,BAUPTE
50036,47.22Z,PME,50500,BAUPTE
50036,47.91B,,50500,BAUPTE
50036,55.20Z,,50500,BAUPTE
50036,56.10A,PME,50500,BAUPTE
50036,56.30Z,PME,50500,BAUPTE
50036,64.20Z,PME,50500,BAUPTE
50036,68.20B,,50500,BAUPTE
50036,84.11Z,PME,50500,BAUPTE
50036,85.20Z,PME,50500,BAUPTE
50036,86.90D,,50500,BAUPTE
50036,86.90D,PME,50500,BAUPTE
50036,88.91A,,50500,BAUPTE
50036,90.03A,,50500,BAUPTE
50036,94.99Z,,50500,BAUPTE
50036,96.02A,,50500,BAUPTE
50036,96.02A,PME,50500,BAUPTE
50036,96.09Z,PME,50500,BAUPTE
50038,01.11Z,,50320,BEAUCHAMPS
50038,01.41Z,,50320,BEAUCHAMPS
50038,01.42Z,,50320,BEAUCHAMPS
50038,01.43Z,,50320,BEAUCHAMPS
50038,01.45Z,,50320,BEAUCHAMPS
50038,01.50Z,,50320,BEAUCHAMPS
50038,10.71C,PME,50320,BEAUCHAMPS
50038,23.70Z,,50320,BEAUCHAMPS
50038,33.19Z,PME,50320,BEAUCHAMPS
50038,33.20C,PME,50320,BEAUCHAMPS
50038,35.11Z,,50320,BEAUCHAMPS
50038,35.11Z,PME,50320,BEAUCHAMPS
50038,37.00Z,PME,50320,BEAUCHAMPS
50038,43.22A,PME,50320,BEAUCHAMPS
50038,43.22B,PME,50320,BEAUCHAMPS
50038,43.34Z,PME,50320,BEAUCHAMPS
50038,43.91A,PME,50320,BEAUCHAMPS
50038,43.91B,PME,50320,BEAUCHAMPS
50038,43.99C,,50320,BEAUCHAMPS
50038,43.99C,PME,50320,BEAUCHAMPS
50038,45.32Z,PME,50320,BEAUCHAMPS
50038,46.17B,PME,50320,BEAUCHAMPS
50038,46.61Z,PME,50320,BEAUCHAMPS
50038,47.11B,PME,50320,BEAUCHAMPS
50038,47.29Z,,50320,BEAUCHAMPS
50038,47.76Z,PME,50320,BEAUCHAMPS
50038,47.89Z,PME,50320,BEAUCHAMPS
50038,47.99A,PME,50320,BEAUCHAMPS
50038,55.20Z,PME,50320,BEAUCHAMPS
50038,56.10A,PME,50320,BEAUCHAMPS
50038,62.02A,,50320,BEAUCHAMPS
50038,63.91Z,PME,50320,BEAUCHAMPS
50038,64.19Z,GE,50320,BEAUCHAMPS
50038,68.20A,,50320,BEAUCHAMPS
50038,68.20A,PME,50320,BEAUCHAMPS
50038,68.20B,,50320,BEAUCHAMPS
50038,68.20B,PME,50320,BEAUCHAMPS
50038,70.10Z,,50320,BEAUCHAMPS
50038,70.22Z,,50320,BEAUCHAMPS
50038,74.30Z,PME,50320,BEAUCHAMPS
50038,80.10Z,PME,50320,BEAUCHAMPS
50038,82.11Z,,50320,BEAUCHAMPS
50038,84.11Z,PME,50320,BEAUCHAMPS
50038,85.20Z,PME,50320,BEAUCHAMPS
50038,85.51Z,PME,50320,BEAUCHAMPS
50038,86.90D,PME,50320,BEAUCHAMPS
50038,88.91A,,50320,BEAUCHAMPS
50038,88.91A,PME,50320,BEAUCHAMPS
50038,90.03A,PME,50320,BEAUCHAMPS
50038,93.12Z,,50320,BEAUCHAMPS
50038,93.19Z,PME,50320,BEAUCHAMPS
50038,94.91Z,,50320,BEAUCHAMPS
50038,94.99Z,,50320,BEAUCHAMPS
50038,96.09Z,PME,50320,BEAUCHAMPS
50039,01.11Z,,50420,BEAUCOUDRAY
50039,01.29Z,,50420,BEAUCOUDRAY
50039,01.41Z,,50420,BEAUCOUDRAY
50039,01.42Z,,50420,BEAUCOUDRAY
50039,01.43Z,,50420,BEAUCOUDRAY
50039,01.45Z,,50420,BEAUCOUDRAY
50039,01.47Z,,50420,BEAUCOUDRAY
50039,01.49Z,,50420,BEAUCOUDRAY
50039,35.11Z,,50420,BEAUCOUDRAY
50039,38.11Z,PME,50420,BEAUCOUDRAY
50039,43.21A,PME,50420,BEAUCOUDRAY
50039,43.32A,PME,50420,BEAUCOUDRAY
50039,47.81Z,PME,50420,BEAUCOUDRAY
50039,68.20B,,50420,BEAUCOUDRAY
50039,70.22Z,,50420,BEAUCOUDRAY
50039,74.20Z,PME,50420,BEAUCOUDRAY
50039,84.11Z,PME,50420,BEAUCOUDRAY
50039,94.99Z,PME,50420,BEAUCOUDRAY
50040,01.11Z,,50150,BEAUFICEL
50040,01.13Z,,50150,BEAUFICEL
50040,01.41Z,,50150,BEAUFICEL
50040,01.42Z,,50150,BEAUFICEL
50040,01.46Z,,50150,BEAUFICEL
50040,01.49Z,,50150,BEAUFICEL
50040,01.50Z,,50150,BEAUFICEL
50040,01.61Z,,50150,BEAUFICEL
50040,35.11Z,,50150,BEAUFICEL
50040,43.32A,PME,50150,BEAUFICEL
50040,43.34Z,PME,50150,BEAUFICEL
50040,47.81Z,PME,50150,BEAUFICEL
50040,47.89Z,PME,50150,BEAUFICEL
50040,55.20Z,PME,50150,BEAUFICEL
50040,62.02A,PME,50150,BEAUFICEL
50040,68.20A,,50150,BEAUFICEL
50040,68.20B,,50150,BEAUFICEL
50040,81.21Z,PME,50150,BEAUFICEL
50040,84.11Z,PME,50150,BEAUFICEL
50040,85.59B,,50150,BEAUFICEL
50040,86.90D,PME,50150,BEAUFICEL
50040,94.99Z,,50150,BEAUFICEL
50041,01.11Z,,50440,LA HAGUE
50041,01.11Z,,50460,LA HAGUE
50041,01.11Z,PME,50460,LA HAGUE
50041,01.13Z,,50440,LA HAGUE
50041,01.19Z,,50440,LA HAGUE
50041,01.19Z,,50460,LA HAGUE
50041,01.25Z,,50440,LA HAGUE
50041,01.29Z,,50440,LA HAGUE
50041,01.30Z,,50440,LA HAGUE
50041,01.41Z,,50440,LA HAGUE
50041,01.41Z,,50460,LA HAGUE
50041,01.42Z,,50440,LA HAGUE
50041,01.42Z,,50460,LA HAGUE
50041,01.43Z,,50440,LA HAGUE
50041,01.43Z,,50460,LA HAGUE
50041,01.45Z,,50440,LA HAGUE
50041,01.45Z,,50460,LA HAGUE
50041,01.45Z,PME,50440,LA HAGUE
50041,01.46Z,,50440,LA HAGUE
50041,01.49Z,,50440,LA HAGUE
50041,01.49Z,,50460,LA HAGUE
50041,01.49Z,PME,50440,LA HAGUE
50041,01.50Z,,50440,LA HAGUE
50041,01.50Z,,50460,LA HAGUE
50041,01.61Z,,50440,LA HAGUE
50041,01.61Z,,50460,LA HAGUE
50041,02.10Z,,50440,LA HAGUE
50041,02.20Z,,50440,LA HAGUE
50041,03.11Z,,50440,LA HAGUE
50041,08.11Z,GE,50440,LA HAGUE
50041,08.11Z,PME,50440,LA HAGUE
50041,08.12Z,GE,50440,LA HAGUE
50041,08.12Z,PME,50440,LA HAGUE
50041,10.51A,,50440,LA HAGUE
50041,10.51C,PME,50440,LA HAGUE
50041,10.71C,PME,50440,LA HAGUE
50041,10.71C,PME,50460,LA HAGUE
50041,11.03Z,PME,50440,LA HAGUE
50041,11.05Z,,50440,LA HAGUE
50041,13.30Z,PME,50440,LA HAGUE
50041,13.92Z,PME,50440,LA HAGUE
50041,14.13Z,PME,50440,LA HAGUE
50041,14.19Z,,50440,LA HAGUE
50041,14.19Z,PME,50440,LA HAGUE
50041,14.19Z,PME,50460,LA HAGUE
50041,16.29Z,,50440,LA HAGUE
50041,18.12Z,PME,50440,LA HAGUE
50041,18.13Z,PME,50440,LA HAGUE
50041,20.42Z,,50440,LA HAGUE
50041,23.19Z,PME,50440,LA HAGUE
50041,23.63Z,ETI,50440,LA HAGUE
50041,24.20Z,,50440,LA HAGUE
50041,24.46Z,GE,50440,LA HAGUE
50041,25.11Z,PME,50440,LA HAGUE
50041,25.30Z,ETI,50440,LA HAGUE
50041,25.62B,ETI,50440,LA HAGUE
50041,25.62B,PME,50440,LA HAGUE
50041,25.92Z,PME,50440,LA HAGUE
50041,26.40Z,ETI,50440,LA HAGUE
50041,27.90Z,PME,50440,LA HAGUE
50041,28.22Z,ETI,50440,LA HAGUE
50041,28.29B,PME,50440,LA HAGUE
50041,30.92Z,PME,50440,LA HAGUE
50041,31.09B,PME,50440,LA HAGUE
50041,31.09B,PME,50460,LA HAGUE
50041,32.13Z,,50460,LA HAGUE
50041,32.13Z,PME,50440,LA HAGUE
50041,32.13Z,PME,50460,LA HAGUE
50041,32.20Z,PME,50440,LA HAGUE
50041,32.30Z,PME,50460,LA HAGUE
50041,32.99Z,,50460,LA HAGUE
50041,32.99Z,PME,50460,LA HAGUE
50041,33.11Z,ETI,50440,LA HAGUE
50041,33.11Z,PME,50440,LA HAGUE
50041,33.12Z,PME,50440,LA HAGUE
50041,33.13Z,PME,50440,LA HAGUE
50041,33.15Z,,50440,LA HAGUE
50041,33.15Z,PME,50440,LA HAGUE
50041,33.20A,,50440,LA HAGUE
50041,33.20A,ETI,50440,LA HAGUE
50041,33.20A,PME,50440,LA HAGUE
50041,35.11Z,,50440,LA HAGUE
50041,35.11Z,GE,50440,LA HAGUE
50041,35.11Z,PME,50440,LA HAGUE
50041,35.13Z,GE,50440,LA HAGUE
50041,38.12Z,ETI,50440,LA HAGUE
50041,38.21Z,PME,50440,LA HAGUE
50041,38.22Z,GE,50440,LA HAGUE
50041,38.32Z,,50440,LA HAGUE
50041,39.00Z,GE,50440,LA HAGUE
50041,41.10A,,50440,LA HAGUE
50041,41.10D,PME,50440,LA HAGUE
50041,41.10D,PME,50460,LA HAGUE
50041,42.99Z,,50440,LA HAGUE
50041,42.99Z,,50460,LA HAGUE
50041,43.11Z,,50440,LA HAGUE
50041,43.11Z,PME,50440,LA HAGUE
50041,43.12A,PME,50440,LA HAGUE
50041,43.12A,PME,50460,LA HAGUE
50041,43.12B,PME,50440,LA HAGUE
50041,43.21A,GE,50440,LA HAGUE
50041,43.21A,PME,50440,LA HAGUE
50041,43.21A,PME,50460,LA HAGUE
50041,43.22A,,50440,LA HAGUE
50041,43.22A,PME,50440,LA HAGUE
50041,43.22A,PME,50460,LA HAGUE
50041,43.22B,GE,50440,LA HAGUE
50041,43.29A,ETI,50440,LA HAGUE
50041,43.32A,PME,50440,LA HAGUE
50041,43.32B,PME,50440,LA HAGUE
50041,43.34Z,PME,50440,LA HAGUE
50041,43.34Z,PME,50460,LA HAGUE
50041,43.99B,PME,50440,LA HAGUE
50041,43.99C,,50440,LA HAGUE
50041,43.99C,,50460,LA HAGUE
50041,43.99C,PME,50440,LA HAGUE
50041,43.99C,PME,50460,LA HAGUE
50041,43.99E,PME,50440,LA HAGUE
50041,45.11Z,PME,50440,LA HAGUE
50041,45.20A,,50440,LA HAGUE
50041,45.20A,PME,50440,LA HAGUE
50041,45.32Z,PME,50440,LA HAGUE
50041,46.19B,,50460,LA HAGUE
50041,46.19B,PME,50440,LA HAGUE
50041,46.19B,PME,50460,LA HAGUE
50041,46.21Z,GE,50440,LA HAGUE
50041,46.21Z,PME,50460,LA HAGUE
50041,46.61Z,PME,50440,LA HAGUE
50041,46.69B,PME,50440,LA HAGUE
50041,46.73A,PME,50440,LA HAGUE
50041,46.77Z,,50440,LA HAGUE
50041,47.11B,,50440,LA HAGUE
50041,47.11B,PME,50440,LA HAGUE
50041,47.11D,PME,50440,LA HAGUE
50041,47.22Z,PME,50440,LA HAGUE
50041,47.23Z,PME,50440,LA HAGUE
50041,47.24Z,PME,50440,LA HAGUE
50041,47.25Z,PME,50440,LA HAGUE
50041,47.51Z,,50440,LA HAGUE
50041,47.52B,GE,50440,LA HAGUE
50041,47.54Z,PME,50440,LA HAGUE
50041,47.71Z,PME,50440,LA HAGUE
50041,47.73Z,PME,50440,LA HAGUE
50041,47.76Z,PME,50440,LA HAGUE
50041,47.78A,PME,50440,LA HAGUE
50041,47.78B,PME,50440,LA HAGUE
50041,47.78C,ETI,50440,LA HAGUE
50041,47.78C,PME,50440,LA HAGUE
50041,47.81Z,,50440,LA HAGUE
50041,47.81Z,PME,50440,LA HAGUE
50041,47.81Z,PME,50460,LA HAGUE
50041,47.89Z,PME,50440,LA HAGUE
50041,47.89Z,PME,50460,LA HAGUE
50041,47.91A,PME,50440,LA HAGUE
50041,47.91A,PME,50460,LA HAGUE
50041,47.91B,,50440,LA HAGUE
50041,47.91B,PME,50440,LA HAGUE
50041,47.99A,,50440,LA HAGUE
50041,47.99A,PME,50440,LA HAGUE
50041,47.99A,PME,50460,LA HAGUE
50041,49.32Z,,50440,LA HAGUE
50041,49.32Z,PME,50440,LA HAGUE
50041,49.32Z,PME,50460,LA HAGUE
50041,49.39A,GE,50440,LA HAGUE
50041,49.39B,PME,50440,LA HAGUE
50041,49.41A,GE,50440,LA HAGUE
50041,52.24B,GE,50440,LA HAGUE
50041,53.10Z,GE,50440,LA HAGUE
50041,53.10Z,GE,50460,LA HAGUE
50041,53.20Z,PME,50440,LA HAGUE
50041,53.20Z,PME,50460,LA HAGUE
50041,55.10Z,PME,50440,LA HAGUE
50041,55.10Z,PME,50460,LA HAGUE
50041,55.20Z,,50440,LA HAGUE
50041,55.20Z,ETI,50440,LA HAGUE
50041,55.20Z,ETI,50460,LA HAGUE
50041,55.20Z,PME,50440,LA HAGUE
50041,55.20Z,PME,50460,LA HAGUE
50041,55.30Z,ETI,50440,LA HAGUE
50041,55.30Z,ETI,50460,LA HAGUE
50041,55.30Z,PME,50460,LA HAGUE
50041,55.90Z,PME,50440,LA HAGUE
50041,56.10A,,50440,LA HAGUE
50041,56.10A,,50460,LA HAGUE
50041,56.10A,PME,50440,LA HAGUE
50041,56.10A,PME,50460,LA HAGUE
50041,56.10C,,50440,LA HAGUE
50041,56.10C,PME,50440,LA HAGUE
50041,56.10C,PME,50460,LA HAGUE
50041,56.21Z,PME,50440,LA HAGUE
50041,56.29A,GE,50440,LA HAGUE
50041,56.30Z,PME,50440,LA HAGUE
50041,56.30Z,PME,50460,LA HAGUE
50041,58.11Z,PME,50440,LA HAGUE
50041,58.11Z,PME,50460,LA HAGUE
50041,58.19Z,PME,50440,LA HAGUE
50041,59.11A,,50440,LA HAGUE
50041,59.11B,PME,50460,LA HAGUE
50041,59.11C,,50440,LA HAGUE
50041,60.10Z,PME,50440,LA HAGUE
50041,62.01Z,PME,50440,LA HAGUE
50041,62.02A,PME,50440,LA HAGUE
50041,64.19Z,GE,50440,LA HAGUE
50041,64.20Z,,50440,LA HAGUE
50041,64.20Z,,50460,LA HAGUE
50041,64.20Z,PME,50440,LA HAGUE
50041,64.20Z,PME,50460,LA HAGUE
50041,64.30Z,PME,50460,LA HAGUE
50041,64.99Z,,50440,LA HAGUE
50041,64.99Z,PME,50460,LA HAGUE
50041,65.12Z,GE,50440,LA HAGUE
50041,66.19A,,50440,LA HAGUE
50041,66.19A,PME,50440,LA HAGUE
50041,66.19B,PME,50460,LA HAGUE
50041,66.22Z,,50440,LA HAGUE
50041,66.22Z,,50460,LA HAGUE
50041,66.30Z,,50440,LA HAGUE
50041,66.30Z,PME,50440,LA HAGUE
50041,66.30Z,PME,50460,LA HAGUE
50041,68.20A,,50440,LA HAGUE
50041,68.20A,,50460,LA HAGUE
50041,68.20A,PME,50440,LA HAGUE
50041,68.20A,PME,50460,LA HAGUE
50041,68.20B,,50440,LA HAGUE
50041,68.20B,,50460,LA HAGUE
50041,68.20B,ETI,50440,LA HAGUE
50041,68.20B,PME,50440,LA HAGUE
50041,68.20B,PME,50460,LA HAGUE
50041,68.31Z,,50440,LA HAGUE
50041,68.31Z,,50460,LA HAGUE
50041,68.31Z,PME,50440,LA HAGUE
50041,68.31Z,PME,50460,LA HAGUE
50041,68.32A,,50440,LA HAGUE
50041,68.32A,,50460,LA HAGUE
50041,68.32A,GE,50440,LA HAGUE
50041,68.32B,,50440,LA HAGUE
50041,69.10Z,,50440,LA HAGUE
50041,69.10Z,PME,50440,LA HAGUE
50041,70.10Z,,50440,LA HAGUE
50041,70.10Z,,50460,LA HAGUE
50041,70.10Z,ETI,50440,LA HAGUE
50041,70.10Z,PME,50440,LA HAGUE
50041,70.10Z,PME,50460,LA HAGUE
50041,70.21Z,,50460,LA HAGUE
50041,70.21Z,PME,50440,LA HAGUE
50041,70.21Z,PME,50460,LA HAGUE
50041,70.22Z,,50440,LA HAGUE
50041,70.22Z,,50460,LA HAGUE
50041,70.22Z,PME,50440,LA HAGUE
50041,70.22Z,PME,50460,LA HAGUE
50041,71.11Z,,50440,LA HAGUE
50041,71.11Z,PME,50440,LA HAGUE
50041,71.12B,,50440,LA HAGUE
50041,71.12B,,50460,LA HAGUE
50041,71.12B,ETI,50440,LA HAGUE
50041,71.12B,GE,50440,LA HAGUE
50041,71.12B,PME,50440,LA HAGUE
50041,71.12B,PME,50460,LA HAGUE
50041,71.20A,PME,50440,LA HAGUE
50041,71.20B,,50440,LA HAGUE
50041,71.20B,ETI,50440,LA HAGUE
50041,71.20B,GE,50440,LA HAGUE
50041,71.20B,PME,50440,LA HAGUE
50041,71.20B,PME,50460,LA HAGUE
50041,72.19Z,GE,50440,LA HAGUE
50041,74.10Z,PME,50440,LA HAGUE
50041,74.10Z,PME,50460,LA HAGUE
50041,74.20Z,,50440,LA HAGUE
50041,74.20Z,PME,50440,LA HAGUE
50041,74.20Z,PME,50460,LA HAGUE
50041,74.30Z,,50440,LA HAGUE
50041,74.30Z,PME,50440,LA HAGUE
50041,74.30Z,PME,50460,LA HAGUE
50041,74.90B,,50440,LA HAGUE
50041,74.90B,ETI,50440,LA HAGUE
50041,74.90B,GE,50440,LA HAGUE
50041,74.90B,PME,50440,LA HAGUE
50041,74.90B,PME,50460,LA HAGUE
50041,75.00Z,PME,50440,LA HAGUE
50041,77.11A,,50460,LA HAGUE
50041,77.29Z,,50460,LA HAGUE
50041,77.29Z,PME,50440,LA HAGUE
50041,77.32Z,ETI,50440,LA HAGUE
50041,77.35Z,,50440,LA HAGUE
50041,77.39Z,,50440,LA HAGUE
50041,77.39Z,PME,50440,LA HAGUE
50041,78.30Z,PME,50440,LA HAGUE
50041,79.90Z,,50440,LA HAGUE
50041,80.10Z,GE,50440,LA HAGUE
50041,81.10Z,,50460,LA HAGUE
50041,81.21Z,,50440,LA HAGUE
50041,81.21Z,GE,50440,LA HAGUE
50041,81.21Z,PME,50440,LA HAGUE
50041,81.21Z,PME,50460,LA HAGUE
50041,81.22Z,GE,50440,LA HAGUE
50041,81.22Z,PME,50440,LA HAGUE
50041,81.29A,PME,50440,LA HAGUE
50041,81.29B,PME,50440,LA HAGUE
50041,81.30Z,,50440,LA HAGUE
50041,81.30Z,,50460,LA HAGUE
50041,81.30Z,PME,50440,LA HAGUE
50041,81.30Z,PME,50460,LA HAGUE
50041,82.11Z,,50440,LA HAGUE
50041,82.11Z,PME,50460,LA HAGUE
50041,82.19Z,PME,50440,LA HAGUE
50041,82.99Z,,50440,LA HAGUE
50041,82.99Z,PME,50440,LA HAGUE
50041,84.11Z,ETI,50440,LA HAGUE
50041,84.11Z,ETI,50460,LA HAGUE
50041,84.13Z,ETI,50460,LA HAGUE
50041,84.13Z,PME,50440,LA HAGUE
50041,85.10Z,ETI,50440,LA HAGUE
50041,85.10Z,ETI,50460,LA HAGUE
50041,85.20Z,ETI,50440,LA HAGUE
50041,85.20Z,ETI,50460,LA HAGUE
50041,85.31Z,PME,50440,LA HAGUE
50041,85.31Z,PME,50460,LA HAGUE
50041,85.42Z,PME,50440,LA HAGUE
50041,85.51Z,,50440,LA HAGUE
50041,85.51Z,PME,50440,LA HAGUE
50041,85.51Z,PME,50460,LA HAGUE
50041,85.52Z,PME,50440,LA HAGUE
50041,85.53Z,PME,50440,LA HAGUE
50041,85.59A,,50440,LA HAGUE
50041,85.59A,PME,50440,LA HAGUE
50041,85.59B,PME,50440,LA HAGUE
50041,86.21Z,,50440,LA HAGUE
50041,86.21Z,PME,50440,LA HAGUE
50041,86.21Z,PME,50460,LA HAGUE
50041,86.23Z,PME,50440,LA HAGUE
50041,86.90A,PME,50440,LA HAGUE
50041,86.90D,,50440,LA HAGUE
50041,86.90D,PME,50440,LA HAGUE
50041,86.90D,PME,50460,LA HAGUE
50041,86.90E,,50440,LA HAGUE
50041,86.90E,PME,50440,LA HAGUE
50041,86.90E,PME,50460,LA HAGUE
50041,86.90F,PME,50440,LA HAGUE
50041,86.90F,PME,50460,LA HAGUE
50041,87.10A,PME,50440,LA HAGUE
50041,87.20A,PME,50440,LA HAGUE
50041,87.30A,PME,50440,LA HAGUE
50041,87.30B,PME,50440,LA HAGUE
50041,88.10C,PME,50440,LA HAGUE
50041,88.99B,PME,50440,LA HAGUE
50041,90.01Z,,50440,LA HAGUE
50041,90.01Z,,50460,LA HAGUE
50041,90.01Z,PME,50440,LA HAGUE
50041,90.01Z,PME,50460,LA HAGUE
50041,90.02Z,,50440,LA HAGUE
50041,90.02Z,PME,50440,LA HAGUE
50041,90.03A,,50440,LA HAGUE
50041,90.03A,,50460,LA HAGUE
50041,90.03A,PME,50440,LA HAGUE
50041,90.03A,PME,50460,LA HAGUE
50041,90.03B,,50440,LA HAGUE
50041,90.03B,PME,50440,LA HAGUE
50041,90.03B,PME,50460,LA HAGUE
50041,90.04Z,PME,50440,LA HAGUE
50041,91.01Z,,50440,LA HAGUE
50041,91.03Z,,50440,LA HAGUE
50041,91.04Z,PME,50440,LA HAGUE
50041,93.11Z,,50440,LA HAGUE
50041,93.11Z,,50460,LA HAGUE
50041,93.11Z,PME,50440,LA HAGUE
50041,93.12Z,,50440,LA HAGUE
50041,93.12Z,,50460,LA HAGUE
50041,93.12Z,PME,50440,LA HAGUE
50041,93.12Z,PME,50460,LA HAGUE
50041,93.19Z,,50440,LA HAGUE
50041,93.19Z,PME,50460,LA HAGUE
50041,93.29Z,,50440,LA HAGUE
50041,93.29Z,,50460,LA HAGUE
50041,93.29Z,PME,50440,LA HAGUE
50041,93.29Z,PME,50460,LA HAGUE
50041,94.20Z,,50440,LA HAGUE
50041,94.20Z,PME,50440,LA HAGUE
50041,94.91Z,,50440,LA HAGUE
50041,94.91Z,,50460,LA HAGUE
50041,94.91Z,PME,50440,LA HAGUE
50041,94.99Z,,50440,LA HAGUE
50041,94.99Z,,50460,LA HAGUE
50041,94.99Z,PME,50440,LA HAGUE
50041,94.99Z,PME,50460,LA HAGUE
50041,95.11Z,PME,50440,LA HAGUE
50041,95.29Z,PME,50440,LA HAGUE
50041,95.29Z,PME,50460,LA HAGUE
50041,96.02A,PME,50440,LA HAGUE
50041,96.02A,PME,50460,LA HAGUE
50041,96.02B,,50440,LA HAGUE
50041,96.02B,PME,50440,LA HAGUE
50041,96.02B,PME,50460,LA HAGUE
50041,96.03Z,PME,50440,LA HAGUE
50041,96.04Z,PME,50440,LA HAGUE
50041,96.09Z,,50440,LA HAGUE
50041,96.09Z,,50460,LA HAGUE
50041,96.09Z,PME,50440,LA HAGUE
50041,96.09Z,PME,50460,LA HAGUE
50042,01.11Z,,50170,BEAUVOIR
50042,01.13Z,,50170,BEAUVOIR
50042,01.41Z,,50170,BEAUVOIR
50042,01.50Z,,50170,BEAUVOIR
50042,01.61Z,,50170,BEAUVOIR
50042,10.39B,PME,50170,BEAUVOIR
50042,10.71C,PME,50170,BEAUVOIR
50042,10.82Z,PME,50170,BEAUVOIR
50042,35.11Z,,50170,BEAUVOIR
50042,42.99Z,PME,50170,BEAUVOIR
50042,43.91B,PME,50170,BEAUVOIR
50042,45.11Z,PME,50170,BEAUVOIR
50042,45.20A,PME,50170,BEAUVOIR
50042,46.19B,PME,50170,BEAUVOIR
50042,46.21Z,PME,50170,BEAUVOIR
50042,46.38B,PME,50170,BEAUVOIR
50042,47.11B,,50170,BEAUVOIR
50042,47.11B,PME,50170,BEAUVOIR
50042,47.71Z,ETI,50170,BEAUVOIR
50042,47.81Z,PME,50170,BEAUVOIR
50042,47.91A,PME,50170,BEAUVOIR
50042,47.99A,PME,50170,BEAUVOIR
50042,49.39A,,50170,BEAUVOIR
50042,49.39A,GE,50170,BEAUVOIR
50042,55.10Z,,50170,BEAUVOIR
50042,55.10Z,PME,50170,BEAUVOIR
50042,55.20Z,PME,50170,BEAUVOIR
50042,55.30Z,ETI,50170,BEAUVOIR
50042,56.10A,PME,50170,BEAUVOIR
50042,56.30Z,PME,50170,BEAUVOIR
50042,58.11Z,PME,50170,BEAUVOIR
50042,62.01Z,PME,50170,BEAUVOIR
50042,64.20Z,,50170,BEAUVOIR
50042,64.20Z,PME,50170,BEAUVOIR
50042,64.30Z,PME,50170,BEAUVOIR
50042,66.19A,PME,50170,BEAUVOIR
50042,68.20A,,50170,BEAUVOIR
50042,68.20A,PME,50170,BEAUVOIR
50042,68.20B,,50170,BEAUVOIR
50042,68.20B,PME,50170,BEAUVOIR
50042,68.32A,,50170,BEAUVOIR
50042,70.10Z,PME,50170,BEAUVOIR
50042,70.22Z,PME,50170,BEAUVOIR
50042,77.12Z,PME,50170,BEAUVOIR
50042,78.30Z,PME,50170,BEAUVOIR
50042,79.11Z,PME,50170,BEAUVOIR
50042,82.99Z,PME,50170,BEAUVOIR
50042,84.11Z,PME,50170,BEAUVOIR
50042,85.51Z,PME,50170,BEAUVOIR
50042,88.99B,,50170,BEAUVOIR
50042,90.03A,PME,50170,BEAUVOIR
50042,90.03B,PME,50170,BEAUVOIR
50042,91.03Z,PME,50170,BEAUVOIR
50042,91.04Z,PME,50170,BEAUVOIR
50042,96.03Z,PME,50170,BEAUVOIR
50042,96.09Z,,50170,BEAUVOIR
50044,01.11Z,,50210,BELVAL
50044,01.19Z,,50210,BELVAL
50044,01.41Z,,50210,BELVAL
50044,01.42Z,,50210,BELVAL
50044,01.49Z,,50210,BELVAL
50044,10.71C,PME,50210,BELVAL
50044,11.01Z,PME,50210,BELVAL
50044,15.12Z,PME,50210,BELVAL
50044,43.21A,PME,50210,BELVAL
50044,43.32A,PME,50210,BELVAL
50044,43.34Z,PME,50210,BELVAL
50044,46.69B,,50210,BELVAL
50044,47.11B,,50210,BELVAL
50044,47.22Z,,50210,BELVAL
50044,47.22Z,PME,50210,BELVAL
50044,47.24Z,PME,50210,BELVAL
50044,47.78C,PME,50210,BELVAL
50044,47.99A,PME,50210,BELVAL
50044,56.10C,PME,50210,BELVAL
50044,56.30Z,PME,50210,BELVAL
50044,62.02A,,50210,BELVAL
50044,64.20Z,PME,50210,BELVAL
50044,68.20B,,50210,BELVAL
50044,74.90B,PME,50210,BELVAL
50044,81.30Z,PME,50210,BELVAL
50044,84.11Z,PME,50210,BELVAL
50044,85.20Z,PME,50210,BELVAL
50044,90.02Z,,50210,BELVAL
50044,93.12Z,,50210,BELVAL
50044,93.29Z,,50210,BELVAL
50044,94.99Z,,50210,BELVAL
50044,96.02A,,50210,BELVAL
50044,96.02A,PME,50210,BELVAL
50044,96.02B,PME,50210,BELVAL
50044,96.09Z,PME,50210,BELVAL
50045,01.11Z,,50340,BENOITVILLE
50045,01.30Z,,50340,BENOITVILLE
50045,01.41Z,,50340,BENOITVILLE
50045,01.42Z,,50340,BENOITVILLE
50045,01.43Z,,50340,BENOITVILLE
50045,01.46Z,,50340,BENOITVILLE
50045,01.49Z,PME,50340,BENOITVILLE
50045,01.50Z,,50340,BENOITVILLE
50045,10.71B,PME,50340,BENOITVILLE
50045,24.33Z,PME,50340,BENOITVILLE
50045,35.11Z,PME,50340,BENOITVILLE
50045,42.99Z,PME,50340,BENOITVILLE
50045,43.12B,PME,50340,BENOITVILLE
50045,43.31Z,PME,50340,BENOITVILLE
50045,43.32A,PME,50340,BENOITVILLE
50045,43.33Z,PME,50340,BENOITVILLE
50045,43.34Z,,50340,BENOITVILLE
50045,43.99C,PME,50340,BENOITVILLE
50045,45.11Z,PME,50340,BENOITVILLE
50045,45.20A,,50340,BENOITVILLE
50045,45.20A,PME,50340,BENOITVILLE
50045,45.32Z,PME,50340,BENOITVILLE
50045,46.19B,PME,50340,BENOITVILLE
50045,47.59A,PME,50340,BENOITVILLE
50045,47.79Z,PME,50340,BENOITVILLE
50045,47.81Z,PME,50340,BENOITVILLE
50045,47.91A,PME,50340,BENOITVILLE
50045,47.99A,PME,50340,BENOITVILLE
50045,53.20Z,,50340,BENOITVILLE
50045,55.20Z,PME,50340,BENOITVILLE
50045,56.10A,PME,50340,BENOITVILLE
50045,56.29B,,50340,BENOITVILLE
50045,58.11Z,,50340,BENOITVILLE
50045,58.11Z,PME,50340,BENOITVILLE
50045,59.14Z,,50340,BENOITVILLE
50045,66.30Z,PME,50340,BENOITVILLE
50045,68.10Z,,50340,BENOITVILLE
50045,68.20A,,50340,BENOITVILLE
50045,68.20A,PME,50340,BENOITVILLE
50045,68.20B,,50340,BENOITVILLE
50045,68.20B,PME,50340,BENOITVILLE
50045,68.31Z,,50340,BENOITVILLE
50045,70.10Z,,50340,BENOITVILLE
50045,70.10Z,PME,50340,BENOITVILLE
50045,70.22Z,,50340,BENOITVILLE
50045,71.11Z,PME,50340,BENOITVILLE
50045,71.12B,PME,50340,BENOITVILLE
50045,74.10Z,PME,50340,BENOITVILLE
50045,78.30Z,PME,50340,BENOITVILLE
50045,84.11Z,PME,50340,BENOITVILLE
50045,85.51Z,PME,50340,BENOITVILLE
50045,86.90D,,50340,BENOITVILLE
50045,86.90E,PME,50340,BENOITVILLE
50045,86.90F,,50340,BENOITVILLE
50045,86.90F,PME,50340,BENOITVILLE
50045,90.01Z,PME,50340,BENOITVILLE
50045,93.29Z,,50340,BENOITVILLE
50045,94.99Z,,50340,BENOITVILLE
50045,95.29Z,PME,50340,BENOITVILLE
50045,96.02A,PME,50340,BENOITVILLE
50045,96.09Z,,50340,BENOITVILLE
50049,01.11Z,,50390,BESNEVILLE
50049,01.19Z,,50390,BESNEVILLE
50049,01.41Z,,50390,BESNEVILLE
50049,01.42Z,,50390,BESNEVILLE
50049,01.43Z,,50390,BESNEVILLE
50049,01.45Z,,50390,BESNEVILLE
50049,01.50Z,,50390,BESNEVILLE
50049,01.61Z,,50390,BESNEVILLE
50049,01.62Z,,50390,BESNEVILLE
50049,11.01Z,,50390,BESNEVILLE
50049,20.14Z,PME,50390,BESNEVILLE
50049,41.20A,PME,50390,BESNEVILLE
50049,42.22Z,PME,50390,BESNEVILLE
50049,43.12A,PME,50390,BESNEVILLE
50049,43.32A,,50390,BESNEVILLE
50049,43.34Z,,50390,BESNEVILLE
50049,43.34Z,PME,50390,BESNEVILLE
50049,43.91B,,50390,BESNEVILLE
50049,43.99C,PME,50390,BESNEVILLE
50049,47.59B,PME,50390,BESNEVILLE
50049,47.89Z,PME,50390,BESNEVILLE
50049,47.99A,PME,50390,BESNEVILLE
50049,55.20Z,PME,50390,BESNEVILLE
50049,56.30Z,,50390,BESNEVILLE
50049,62.01Z,PME,50390,BESNEVILLE
50049,66.30Z,PME,50390,BESNEVILLE
50049,68.20A,,50390,BESNEVILLE
50049,68.20A,PME,50390,BESNEVILLE
50049,68.20B,,50390,BESNEVILLE
50049,68.20B,PME,50390,BESNEVILLE
50049,70.10Z,,50390,BESNEVILLE
50049,70.22Z,PME,50390,BESNEVILLE
50049,71.11Z,PME,50390,BESNEVILLE
50049,71.12B,,50390,BESNEVILLE
50049,71.12B,PME,50390,BESNEVILLE
50049,81.21Z,PME,50390,BESNEVILLE
50049,81.29A,,50390,BESNEVILLE
50049,81.30Z,PME,50390,BESNEVILLE
50049,84.11Z,PME,50390,BESNEVILLE
50049,85.20Z,PME,50390,BESNEVILLE
50049,85.51Z,PME,50390,BESNEVILLE
50049,85.59B,PME,50390,BESNEVILLE
50049,90.01Z,PME,50390,BESNEVILLE
50049,90.03B,,50390,BESNEVILLE
50049,94.99Z,,50390,BESNEVILLE
50049,96.09Z,,50390,BESNEVILLE
50050,01.41Z,,50420,BEUVRIGNY
50050,01.42Z,,50420,BEUVRIGNY
50050,01.43Z,,50420,BEUVRIGNY
50050,01.47Z,,50420,BEUVRIGNY
50050,01.49Z,,50420,BEUVRIGNY
50050,01.61Z,,50420,BEUVRIGNY
50050,38.11Z,PME,50420,BEUVRIGNY
50050,38.32Z,PME,50420,BEUVRIGNY
50050,46.19B,,50420,BEUVRIGNY
50050,46.77Z,,50420,BEUVRIGNY
50050,47.99A,PME,50420,BEUVRIGNY
50050,66.30Z,,50420,BEUVRIGNY
50050,66.30Z,PME,50420,BEUVRIGNY
50050,68.20A,,50420,BEUVRIGNY
50050,68.20B,,50420,BEUVRIGNY
50050,68.20B,PME,50420,BEUVRIGNY
50050,70.22Z,,50420,BEUVRIGNY
50050,81.30Z,PME,50420,BEUVRIGNY
50050,84.11Z,PME,50420,BEUVRIGNY
50050,85.51Z,PME,50420,BEUVRIGNY
50050,86.90F,PME,50420,BEUVRIGNY
50050,90.03A,,50420,BEUVRIGNY
50050,94.99Z,,50420,BEUVRIGNY
50050,95.29Z,PME,50420,BEUVRIGNY
50050,96.02A,PME,50420,BEUVRIGNY
50052,01.41Z,,50360,BEUZEVILLE-LA-BASTILLE
50052,01.42Z,,50360,BEUZEVILLE-LA-BASTILLE
50052,01.49Z,,50360,BEUZEVILLE-LA-BASTILLE
50052,16.23Z,PME,50360,BEUZEVILLE-LA-BASTILLE
50052,43.34Z,PME,50360,BEUZEVILLE-LA-BASTILLE
50052,43.99C,PME,50360,BEUZEVILLE-LA-BASTILLE
50052,64.20Z,PME,50360,BEUZEVILLE-LA-BASTILLE
50052,68.20B,,50360,BEUZEVILLE-LA-BASTILLE
50052,68.20B,PME,50360,BEUZEVILLE-LA-BASTILLE
50052,68.32A,,50360,BEUZEVILLE-LA-BASTILLE
50052,82.19Z,PME,50360,BEUZEVILLE-LA-BASTILLE
50052,84.11Z,PME,50360,BEUZEVILLE-LA-BASTILLE
50052,93.19Z,PME,50360,BEUZEVILLE-LA-BASTILLE
50052,96.09Z,PME,50360,BEUZEVILLE-LA-BASTILLE
50054,01.11Z,,50160,BIEVILLE
50054,01.41Z,,50160,BIEVILLE
50054,01.42Z,,50160,BIEVILLE
50054,01.43Z,,50160,BIEVILLE
50054,01.50Z,,50160,BIEVILLE
50054,16.10A,PME,50160,BIEVILLE
50054,25.73B,,50160,BIEVILLE
50054,38.11Z,PME,50160,BIEVILLE
50054,43.12A,PME,50160,BIEVILLE
50054,43.29A,,50160,BIEVILLE
50054,43.34Z,PME,50160,BIEVILLE
50054,47.82Z,PME,50160,BIEVILLE
50054,47.89Z,PME,50160,BIEVILLE
50054,49.41B,,50160,BIEVILLE
50054,56.30Z,,50160,BIEVILLE
50054,68.20B,,50160,BIEVILLE
50054,68.20B,PME,50160,BIEVILLE
50054,74.10Z,PME,50160,BIEVILLE
50054,84.11Z,PME,50160,BIEVILLE
50054,88.99B,PME,50160,BIEVILLE
50054,90.02Z,,50160,BIEVILLE
50054,94.99Z,,50160,BIEVILLE
50054,96.09Z,PME,50160,BIEVILLE
50055,01.11Z,,50390,BINIVILLE
50055,01.41Z,,50390,BINIVILLE
50055,01.42Z,,50390,BINIVILLE
50055,01.49Z,,50390,BINIVILLE
50055,01.50Z,,50390,BINIVILLE
50055,35.11Z,PME,50390,BINIVILLE
50055,43.99C,PME,50390,BINIVILLE
50055,45.20A,,50390,BINIVILLE
50055,45.20A,PME,50390,BINIVILLE
50055,55.20Z,PME,50390,BINIVILLE
50055,68.20B,,50390,BINIVILLE
50055,68.20B,PME,50390,BINIVILLE
50055,84.11Z,PME,50390,BINIVILLE
50059,01.11Z,,50480,BLOSVILLE
50059,01.41Z,,50480,BLOSVILLE
50059,01.42Z,,50480,BLOSVILLE
50059,01.43Z,,50480,BLOSVILLE
50059,01.49Z,,50480,BLOSVILLE
50059,03.21Z,,50480,BLOSVILLE
50059,33.12Z,,50480,BLOSVILLE
50059,35.11Z,PME,50480,BLOSVILLE
50059,41.20B,PME,50480,BLOSVILLE
50059,43.21A,PME,50480,BLOSVILLE
50059,43.91A,,50480,BLOSVILLE
50059,43.99C,PME,50480,BLOSVILLE
50059,45.11Z,PME,50480,BLOSVILLE
50059,46.21Z,ETI,50480,BLOSVILLE
50059,47.30Z,PME,50480,BLOSVILLE
50059,47.81Z,PME,50480,BLOSVILLE
50059,47.99A,,50480,BLOSVILLE
50059,47.99A,PME,50480,BLOSVILLE
50059,49.41A,PME,50480,BLOSVILLE
50059,66.30Z,PME,50480,BLOSVILLE
50059,68.20B,,50480,BLOSVILLE
50059,68.20B,PME,50480,BLOSVILLE
50059,70.22Z,,50480,BLOSVILLE
50059,70.22Z,PME,50480,BLOSVILLE
50059,81.30Z,PME,50480,BLOSVILLE
50059,84.11Z,PME,50480,BLOSVILLE
50059,86.90D,PME,50480,BLOSVILLE
50059,88.99B,,50480,BLOSVILLE
50059,88.99B,PME,50480,BLOSVILLE
50059,93.12Z,,50480,BLOSVILLE
50059,94.99Z,,50480,BLOSVILLE
50059,95.29Z,PME,50480,BLOSVILLE
50059,96.09Z,PME,50480,BLOSVILLE
50064,01.41Z,,50360,LA BONNEVILLE
50064,01.42Z,,50360,LA BONNEVILLE
50064,01.47Z,,50360,LA BONNEVILLE
50064,01.49Z,,50360,LA BONNEVILLE
50064,01.61Z,,50360,LA BONNEVILLE
50064,10.71D,PME,50360,LA BONNEVILLE
50064,16.23Z,PME,50360,LA BONNEVILLE
50064,43.91B,PME,50360,LA BONNEVILLE
50064,46.21Z,PME,50360,LA BONNEVILLE
50064,47.99A,PME,50360,LA BONNEVILLE
50064,68.20A,,50360,LA BONNEVILLE
50064,68.20B,,50360,LA BONNEVILLE
50064,68.20B,PME,50360,LA BONNEVILLE
50064,81.30Z,PME,50360,LA BONNEVILLE
50064,84.11Z,PME,50360,LA BONNEVILLE
50064,94.99Z,,50360,LA BONNEVILLE
50064,96.09Z,,50360,LA BONNEVILLE
50070,01.11Z,,50480,BOUTTEVILLE
50070,01.41Z,,50480,BOUTTEVILLE
50070,01.42Z,,50480,BOUTTEVILLE
50070,01.61Z,,50480,BOUTTEVILLE
50070,03.21Z,,50480,BOUTTEVILLE
50070,43.22A,PME,50480,BOUTTEVILLE
50070,56.10C,PME,50480,BOUTTEVILLE
50070,77.39Z,,50480,BOUTTEVILLE
50070,79.90Z,,50480,BOUTTEVILLE
50070,84.11Z,PME,50480,BOUTTEVILLE
50070,90.01Z,PME,50480,BOUTTEVILLE
50072,01.11Z,,50200,BRAINVILLE
50072,01.41Z,,50200,BRAINVILLE
50072,01.42Z,,50200,BRAINVILLE
50072,01.49Z,,50200,BRAINVILLE
50072,01.50Z,,50200,BRAINVILLE
50072,01.61Z,,50200,BRAINVILLE
50072,03.11Z,,50200,BRAINVILLE
50072,25.99B,PME,50200,BRAINVILLE
50072,33.12Z,PME,50200,BRAINVILLE
50072,43.21A,PME,50200,BRAINVILLE
50072,47.81Z,PME,50200,BRAINVILLE
50072,68.20A,,50200,BRAINVILLE
50072,68.20B,,50200,BRAINVILLE
50072,70.21Z,PME,50200,BRAINVILLE
50072,81.21Z,,50200,BRAINVILLE
50072,81.30Z,PME,50200,BRAINVILLE
50072,84.11Z,PME,50200,BRAINVILLE
50072,90.03A,PME,50200,BRAINVILLE
50072,90.03B,PME,50200,BRAINVILLE
50072,96.09Z,PME,50200,BRAINVILLE
50074,01.11Z,,50370,BRECEY
50074,01.13Z,,50370,BRECEY
50074,01.19Z,,50370,BRECEY
50074,01.24Z,,50370,BRECEY
50074,01.30Z,,50370,BRECEY
50074,01.41Z,,50370,BRECEY
50074,01.42Z,,50370,BRECEY
50074,01.43Z,,50370,BRECEY
50074,01.45Z,,50370,BRECEY
50074,01.46Z,,50370,BRECEY
50074,01.47Z,,50370,BRECEY
50074,01.50Z,,50370,BRECEY
50074,01.61Z,,50370,BRECEY
50074,01.62Z,,50370,BRECEY
50074,10.11Z,PME,50370,BRECEY
50074,10.61A,PME,50370,BRECEY
50074,10.71C,PME,50370,BRECEY
50074,10.91Z,ETI,50370,BRECEY
50074,10.92Z,PME,50370,BRECEY
50074,16.29Z,PME,50370,BRECEY
50074,20.14Z,PME,50370,BRECEY
50074,22.19Z,ETI,50370,BRECEY
50074,24.51Z,PME,50370,BRECEY
50074,26.40Z,PME,50370,BRECEY
50074,31.09B,PME,50370,BRECEY
50074,32.13Z,PME,50370,BRECEY
50074,32.50A,PME,50370,BRECEY
50074,35.11Z,,50370,BRECEY
50074,35.11Z,PME,50370,BRECEY
50074,35.21Z,PME,50370,BRECEY
50074,38.32Z,,50370,BRECEY
50074,39.00Z,PME,50370,BRECEY
50074,41.10D,PME,50370,BRECEY
50074,41.20A,PME,50370,BRECEY
50074,41.20B,PME,50370,BRECEY
50074,42.99Z,PME,50370,BRECEY
50074,43.12A,PME,50370,BRECEY
50074,43.12B,PME,50370,BRECEY
50074,43.21A,,50370,BRECEY
50074,43.21A,PME,50370,BRECEY
50074,43.32A,,50370,BRECEY
50074,43.32A,PME,50370,BRECEY
50074,43.34Z,PME,50370,BRECEY
50074,43.39Z,,50370,BRECEY
50074,43.39Z,PME,50370,BRECEY
50074,43.91A,PME,50370,BRECEY
50074,43.99C,PME,50370,BRECEY
50074,45.20A,PME,50370,BRECEY
50074,45.20B,PME,50370,BRECEY
50074,46.18Z,,50370,BRECEY
50074,46.19B,PME,50370,BRECEY
50074,46.21Z,ETI,50370,BRECEY
50074,46.21Z,GE,50370,BRECEY
50074,46.23Z,PME,50370,BRECEY
50074,46.31Z,PME,50370,BRECEY
50074,46.41Z,PME,50370,BRECEY
50074,46.42Z,,50370,BRECEY
50074,46.61Z,ETI,50370,BRECEY
50074,46.69C,PME,50370,BRECEY
50074,46.73A,GE,50370,BRECEY
50074,47.11B,,50370,BRECEY
50074,47.11D,PME,50370,BRECEY
50074,47.19B,,50370,BRECEY
50074,47.22Z,PME,50370,BRECEY
50074,47.30Z,PME,50370,BRECEY
50074,47.41Z,PME,50370,BRECEY
50074,47.52A,GE,50370,BRECEY
50074,47.52A,PME,50370,BRECEY
50074,47.54Z,PME,50370,BRECEY
50074,47.62Z,PME,50370,BRECEY
50074,47.73Z,PME,50370,BRECEY
50074,47.76Z,ETI,50370,BRECEY
50074,47.76Z,PME,50370,BRECEY
50074,47.78A,PME,50370,BRECEY
50074,47.78B,PME,50370,BRECEY
50074,47.78C,,50370,BRECEY
50074,47.79Z,PME,50370,BRECEY
50074,47.89Z,PME,50370,BRECEY
50074,47.91A,,50370,BRECEY
50074,47.99A,,50370,BRECEY
50074,47.99A,PME,50370,BRECEY
50074,47.99B,PME,50370,BRECEY
50074,49.32Z,PME,50370,BRECEY
50074,49.39A,PME,50370,BRECEY
50074,49.41A,PME,50370,BRECEY
50074,49.41B,PME,50370,BRECEY
50074,53.10Z,GE,50370,BRECEY
50074,55.20Z,ETI,50370,BRECEY
50074,55.20Z,PME,50370,BRECEY
50074,56.10A,ETI,50370,BRECEY
50074,56.10A,PME,50370,BRECEY
50074,56.10C,,50370,BRECEY
50074,56.21Z,,50370,BRECEY
50074,56.30Z,PME,50370,BRECEY
50074,62.01Z,PME,50370,BRECEY
50074,64.19Z,GE,50370,BRECEY
50074,64.20Z,,50370,BRECEY
50074,64.20Z,PME,50370,BRECEY
50074,64.30Z,PME,50370,BRECEY
50074,65.12Z,GE,50370,BRECEY
50074,66.22Z,PME,50370,BRECEY
50074,66.30Z,PME,50370,BRECEY
50074,68.10Z,PME,50370,BRECEY
50074,68.20A,,50370,BRECEY
50074,68.20B,,50370,BRECEY
50074,68.20B,PME,50370,BRECEY
50074,68.31Z,,50370,BRECEY
50074,68.31Z,PME,50370,BRECEY
50074,68.32A,,50370,BRECEY
50074,69.10Z,PME,50370,BRECEY
50074,69.20Z,PME,50370,BRECEY
50074,70.10Z,,50370,BRECEY
50074,70.10Z,PME,50370,BRECEY
50074,70.21Z,PME,50370,BRECEY
50074,70.22Z,PME,50370,BRECEY
50074,71.11Z,PME,50370,BRECEY
50074,71.12B,,50370,BRECEY
50074,71.12B,PME,50370,BRECEY
50074,71.20A,PME,50370,BRECEY
50074,74.10Z,,50370,BRECEY
50074,74.10Z,PME,50370,BRECEY
50074,74.20Z,PME,50370,BRECEY
50074,74.30Z,PME,50370,BRECEY
50074,75.00Z,PME,50370,BRECEY
50074,77.31Z,,50370,BRECEY
50074,78.30Z,PME,50370,BRECEY
50074,79.90Z,PME,50370,BRECEY
50074,81.21Z,,50370,BRECEY
50074,81.21Z,PME,50370,BRECEY
50074,81.30Z,PME,50370,BRECEY
50074,82.99Z,,50370,BRECEY
50074,84.11Z,PME,50370,BRECEY
50074,85.10Z,PME,50370,BRECEY
50074,85.20Z,PME,50370,BRECEY
50074,85.31Z,PME,50370,BRECEY
50074,85.42Z,PME,50370,BRECEY
50074,85.51Z,,50370,BRECEY
50074,85.51Z,PME,50370,BRECEY
50074,85.52Z,PME,50370,BRECEY
50074,85.53Z,PME,50370,BRECEY
50074,85.59B,PME,50370,BRECEY
50074,86.21Z,PME,50370,BRECEY
50074,86.23Z,PME,50370,BRECEY
50074,86.90A,,50370,BRECEY
50074,86.90D,PME,50370,BRECEY
50074,86.90E,,50370,BRECEY
50074,86.90E,PME,50370,BRECEY
50074,87.10A,PME,50370,BRECEY
50074,87.30A,PME,50370,BRECEY
50074,88.10A,ETI,50370,BRECEY
50074,88.99B,PME,50370,BRECEY
50074,90.01Z,,50370,BRECEY
50074,90.01Z,PME,50370,BRECEY
50074,90.03A,PME,50370,BRECEY
50074,90.03B,,50370,BRECEY
50074,90.03B,PME,50370,BRECEY
50074,91.03Z,,50370,BRECEY
50074,93.11Z,ETI,50370,BRECEY
50074,93.12Z,,50370,BRECEY
50074,93.12Z,PME,50370,BRECEY
50074,93.19Z,,50370,BRECEY
50074,94.11Z,,50370,BRECEY
50074,94.12Z,,50370,BRECEY
50074,94.12Z,PME,50370,BRECEY
50074,94.91Z,PME,50370,BRECEY
50074,94.99Z,,50370,BRECEY
50074,94.99Z,PME,50370,BRECEY
50074,95.29Z,PME,50370,BRECEY
50074,96.02A,,50370,BRECEY
50074,96.02A,PME,50370,BRECEY
50074,96.02B,PME,50370,BRECEY
50074,96.03Z,PME,50370,BRECEY
50074,96.04Z,PME,50370,BRECEY
50074,96.09Z,,50370,BRECEY
50074,96.09Z,PME,50370,BRECEY
50076,01.11Z,,50290,BREHAL
50076,01.19Z,,50290,BREHAL
50076,01.24Z,,50290,BREHAL
50076,01.41Z,,50290,BREHAL
50076,01.42Z,,50290,BREHAL
50076,01.43Z,,50290,BREHAL
50076,01.45Z,,50290,BREHAL
50076,01.47Z,,50290,BREHAL
50076,01.49Z,,50290,BREHAL
50076,01.49Z,PME,50290,BREHAL
50076,02.40Z,,50290,BREHAL
50076,03.11Z,,50290,BREHAL
50076,03.21Z,,50290,BREHAL
50076,10.20Z,PME,50290,BREHAL
50076,10.39B,PME,50290,BREHAL
50076,10.71B,PME,50290,BREHAL
50076,10.71C,PME,50290,BREHAL
50076,10.71D,PME,50290,BREHAL
50076,11.05Z,,50290,BREHAL
50076,13.92Z,PME,50290,BREHAL
50076,13.99Z,PME,50290,BREHAL
50076,14.13Z,PME,50290,BREHAL
50076,14.19Z,PME,50290,BREHAL
50076,18.12Z,,50290,BREHAL
50076,18.12Z,PME,50290,BREHAL
50076,18.13Z,PME,50290,BREHAL
50076,23.41Z,PME,50290,BREHAL
50076,23.63Z,ETI,50290,BREHAL
50076,31.09B,PME,50290,BREHAL
50076,32.99Z,,50290,BREHAL
50076,33.15Z,PME,50290,BREHAL
50076,35.11Z,PME,50290,BREHAL
50076,35.13Z,GE,50290,BREHAL
50076,37.00Z,PME,50290,BREHAL
50076,38.32Z,GE,50290,BREHAL
50076,39.00Z,PME,50290,BREHAL
50076,41.10A,PME,50290,BREHAL
50076,41.10C,,50290,BREHAL
50076,41.10D,PME,50290,BREHAL
50076,42.99Z,PME,50290,BREHAL
50076,43.12A,PME,50290,BREHAL
50076,43.13Z,PME,50290,BREHAL
50076,43.21A,,50290,BREHAL
50076,43.21A,PME,50290,BREHAL
50076,43.22A,PME,50290,BREHAL
50076,43.22B,PME,50290,BREHAL
50076,43.29A,PME,50290,BREHAL
50076,43.32A,PME,50290,BREHAL
50076,43.32B,PME,50290,BREHAL
50076,43.33Z,PME,50290,BREHAL
50076,43.34Z,,50290,BREHAL
50076,43.34Z,PME,50290,BREHAL
50076,43.39Z,,50290,BREHAL
50076,43.39Z,PME,50290,BREHAL
50076,43.91B,PME,50290,BREHAL
50076,45.11Z,PME,50290,BREHAL
50076,45.20A,,50290,BREHAL
50076,45.20A,PME,50290,BREHAL
50076,45.32Z,PME,50290,BREHAL
50076,46.11Z,PME,50290,BREHAL
50076,46.14Z,PME,50290,BREHAL
50076,46.17B,PME,50290,BREHAL
50076,46.18Z,PME,50290,BREHAL
50076,46.19B,PME,50290,BREHAL
50076,46.21Z,GE,50290,BREHAL
50076,46.21Z,PME,50290,BREHAL
50076,46.38B,PME,50290,BREHAL
50076,46.39A,ETI,50290,BREHAL
50076,47.11B,PME,50290,BREHAL
50076,47.11D,PME,50290,BREHAL
50076,47.19B,PME,50290,BREHAL
50076,47.21Z,PME,50290,BREHAL
50076,47.22Z,PME,50290,BREHAL
50076,47.24Z,PME,50290,BREHAL
50076,47.25Z,PME,50290,BREHAL
50076,47.26Z,PME,50290,BREHAL
50076,47.30Z,PME,50290,BREHAL
50076,47.52A,GE,50290,BREHAL
50076,47.59B,,50290,BREHAL
50076,47.59B,PME,50290,BREHAL
50076,47.64Z,PME,50290,BREHAL
50076,47.71Z,PME,50290,BREHAL
50076,47.73Z,PME,50290,BREHAL
50076,47.74Z,PME,50290,BREHAL
50076,47.76Z,PME,50290,BREHAL
50076,47.78A,PME,50290,BREHAL
50076,47.78C,PME,50290,BREHAL
50076,47.81Z,PME,50290,BREHAL
50076,47.89Z,PME,50290,BREHAL
50076,47.99A,PME,50290,BREHAL
50076,49.41B,PME,50290,BREHAL
50076,53.10Z,GE,50290,BREHAL
50076,53.20Z,,50290,BREHAL
50076,53.20Z,PME,50290,BREHAL
50076,55.10Z,PME,50290,BREHAL
50076,55.20Z,,50290,BREHAL
50076,55.20Z,PME,50290,BREHAL
50076,56.10A,,50290,BREHAL
50076,56.10A,PME,50290,BREHAL
50076,56.10C,,50290,BREHAL
50076,56.10C,PME,50290,BREHAL
50076,56.21Z,PME,50290,BREHAL
50076,56.30Z,,50290,BREHAL
50076,56.30Z,PME,50290,BREHAL
50076,58.14Z,PME,50290,BREHAL
50076,59.11B,PME,50290,BREHAL
50076,62.01Z,PME,50290,BREHAL
50076,62.02A,PME,50290,BREHAL
50076,63.12Z,,50290,BREHAL
50076,64.19Z,GE,50290,BREHAL
50076,64.20Z,,50290,BREHAL
50076,64.20Z,PME,50290,BREHAL
50076,64.30Z,,50290,BREHAL
50076,65.12Z,GE,50290,BREHAL
50076,66.19A,PME,50290,BREHAL
50076,66.22Z,PME,50290,BREHAL
50076,66.30Z,PME,50290,BREHAL
50076,68.10Z,PME,50290,BREHAL
50076,68.20A,,50290,BREHAL
50076,68.20A,PME,50290,BREHAL
50076,68.20B,,50290,BREHAL
50076,68.20B,ETI,50290,BREHAL
50076,68.20B,PME,50290,BREHAL
50076,68.31Z,PME,50290,BREHAL
50076,68.32A,,50290,BREHAL
50076,68.32A,PME,50290,BREHAL
50076,69.10Z,PME,50290,BREHAL
50076,70.10Z,,50290,BREHAL
50076,70.10Z,PME,50290,BREHAL
50076,70.21Z,,50290,BREHAL
50076,70.21Z,PME,50290,BREHAL
50076,70.22Z,,50290,BREHAL
50076,70.22Z,PME,50290,BREHAL
50076,71.11Z,PME,50290,BREHAL
50076,71.12B,PME,50290,BREHAL
50076,71.20A,PME,50290,BREHAL
50076,71.20B,PME,50290,BREHAL
50076,72.20Z,PME,50290,BREHAL
50076,73.20Z,PME,50290,BREHAL
50076,74.20Z,PME,50290,BREHAL
50076,74.30Z,PME,50290,BREHAL
50076,75.00Z,PME,50290,BREHAL
50076,77.29Z,ETI,50290,BREHAL
50076,78.30Z,PME,50290,BREHAL
50076,79.90Z,PME,50290,BREHAL
50076,81.10Z,PME,50290,BREHAL
50076,81.21Z,PME,50290,BREHAL
50076,81.30Z,PME,50290,BREHAL
50076,82.11Z,,50290,BREHAL
50076,82.11Z,PME,50290,BREHAL
50076,82.19Z,,50290,BREHAL
50076,82.19Z,PME,50290,BREHAL
50076,82.30Z,PME,50290,BREHAL
50076,82.99Z,,50290,BREHAL
50076,84.11Z,PME,50290,BREHAL
50076,84.12Z,PME,50290,BREHAL
50076,84.13Z,PME,50290,BREHAL
50076,85.20Z,PME,50290,BREHAL
50076,85.31Z,PME,50290,BREHAL
50076,85.51Z,,50290,BREHAL
50076,85.51Z,PME,50290,BREHAL
50076,85.53Z,PME,50290,BREHAL
50076,85.59A,PME,50290,BREHAL
50076,85.59B,,50290,BREHAL
50076,85.59B,PME,50290,BREHAL
50076,86.21Z,PME,50290,BREHAL
50076,86.23Z,PME,50290,BREHAL
50076,86.90A,PME,50290,BREHAL
50076,86.90D,,50290,BREHAL
50076,86.90D,PME,50290,BREHAL
50076,86.90E,,50290,BREHAL
50076,86.90E,PME,50290,BREHAL
50076,86.90F,PME,50290,BREHAL
50076,87.10A,PME,50290,BREHAL
50076,88.10A,PME,50290,BREHAL
50076,88.99B,PME,50290,BREHAL
50076,90.01Z,,50290,BREHAL
50076,90.01Z,PME,50290,BREHAL
50076,90.02Z,,50290,BREHAL
50076,90.02Z,PME,50290,BREHAL
50076,90.03A,,50290,BREHAL
50076,90.03A,PME,50290,BREHAL
50076,90.03B,PME,50290,BREHAL
50076,91.04Z,PME,50290,BREHAL
50076,93.12Z,,50290,BREHAL
50076,93.12Z,PME,50290,BREHAL
50076,93.19Z,,50290,BREHAL
50076,93.19Z,PME,50290,BREHAL
50076,93.29Z,PME,50290,BREHAL
50076,94.91Z,PME,50290,BREHAL
50076,94.99Z,,50290,BREHAL
50076,94.99Z,PME,50290,BREHAL
50076,95.11Z,PME,50290,BREHAL
50076,95.21Z,PME,50290,BREHAL
50076,95.22Z,PME,50290,BREHAL
50076,96.01B,,50290,BREHAL
50076,96.01B,PME,50290,BREHAL
50076,96.02A,,50290,BREHAL
50076,96.02A,PME,50290,BREHAL
50076,96.02B,,50290,BREHAL
50076,96.02B,PME,50290,BREHAL
50076,96.03Z,PME,50290,BREHAL
50076,96.04Z,PME,50290,BREHAL
50076,96.09Z,,50290,BREHAL
50076,96.09Z,PME,50290,BREHAL
50077,01.11Z,,50110,BRETTEVILLE
50077,01.13Z,,50110,BRETTEVILLE
50077,01.41Z,,50110,BRETTEVILLE
50077,01.42Z,,50110,BRETTEVILLE
50077,01.43Z,,50110,BRETTEVILLE
50077,01.43Z,PME,50110,BRETTEVILLE
50077,01.45Z,,50110,BRETTEVILLE
50077,01.47Z,,50110,BRETTEVILLE
50077,01.49Z,,50110,BRETTEVILLE
50077,01.50Z,,50110,BRETTEVILLE
50077,01.70Z,,50110,BRETTEVILLE
50077,03.11Z,,50110,BRETTEVILLE
50077,14.13Z,PME,50110,BRETTEVILLE
50077,29.20Z,,50110,BRETTEVILLE
50077,41.10D,PME,50110,BRETTEVILLE
50077,43.12A,PME,50110,BRETTEVILLE
50077,43.29A,PME,50110,BRETTEVILLE
50077,43.33Z,PME,50110,BRETTEVILLE
50077,43.39Z,PME,50110,BRETTEVILLE
50077,43.99C,PME,50110,BRETTEVILLE
50077,46.19B,PME,50110,BRETTEVILLE
50077,46.44Z,PME,50110,BRETTEVILLE
50077,47.59B,PME,50110,BRETTEVILLE
50077,47.99A,PME,50110,BRETTEVILLE
50077,53.20Z,PME,50110,BRETTEVILLE
50077,55.20Z,PME,50110,BRETTEVILLE
50077,55.30Z,PME,50110,BRETTEVILLE
50077,55.90Z,PME,50110,BRETTEVILLE
50077,56.10C,PME,50110,BRETTEVILLE
50077,56.29B,,50110,BRETTEVILLE
50077,62.01Z,PME,50110,BRETTEVILLE
50077,63.91Z,PME,50110,BRETTEVILLE
50077,64.20Z,PME,50110,BRETTEVILLE
50077,66.19A,,50110,BRETTEVILLE
50077,66.19A,PME,50110,BRETTEVILLE
50077,66.30Z,,50110,BRETTEVILLE
50077,68.20A,,50110,BRETTEVILLE
50077,68.20A,PME,50110,BRETTEVILLE
50077,68.20B,,50110,BRETTEVILLE
50077,68.20B,PME,50110,BRETTEVILLE
50077,68.32A,,50110,BRETTEVILLE
50077,70.22Z,,50110,BRETTEVILLE
50077,71.11Z,PME,50110,BRETTEVILLE
50077,71.12B,PME,50110,BRETTEVILLE
50077,74.20Z,,50110,BRETTEVILLE
50077,74.90B,PME,50110,BRETTEVILLE
50077,77.35Z,PME,50110,BRETTEVILLE
50077,81.21Z,,50110,BRETTEVILLE
50077,81.21Z,PME,50110,BRETTEVILLE
50077,82.99Z,PME,50110,BRETTEVILLE
50077,84.11Z,PME,50110,BRETTEVILLE
50077,85.10Z,PME,50110,BRETTEVILLE
50077,85.20Z,PME,50110,BRETTEVILLE
50077,85.51Z,PME,50110,BRETTEVILLE
50077,85.59B,,50110,BRETTEVILLE
50077,85.60Z,PME,50110,BRETTEVILLE
50077,86.21Z,,50110,BRETTEVILLE
50077,86.21Z,PME,50110,BRETTEVILLE
50077,86.22C,PME,50110,BRETTEVILLE
50077,86.23Z,PME,50110,BRETTEVILLE
50077,86.90D,,50110,BRETTEVILLE
50077,86.90D,PME,50110,BRETTEVILLE
50077,86.90E,,50110,BRETTEVILLE
50077,86.90F,PME,50110,BRETTEVILLE
50077,88.99B,,50110,BRETTEVILLE
50077,90.03A,PME,50110,BRETTEVILLE
50077,93.12Z,,50110,BRETTEVILLE
50077,93.12Z,PME,50110,BRETTEVILLE
50077,93.29Z,,50110,BRETTEVILLE
50077,93.29Z,PME,50110,BRETTEVILLE
50077,94.91Z,,50110,BRETTEVILLE
50077,94.99Z,,50110,BRETTEVILLE
50077,94.99Z,PME,50110,BRETTEVILLE
50077,96.02A,PME,50110,BRETTEVILLE
50077,96.09Z,,50110,BRETTEVILLE
50077,96.09Z,PME,50110,BRETTEVILLE
50078,01.11Z,,50430,BRETTEVILLE-SUR-AY
50078,01.13Z,,50430,BRETTEVILLE-SUR-AY
50078,01.41Z,,50430,BRETTEVILLE-SUR-AY
50078,01.43Z,,50430,BRETTEVILLE-SUR-AY
50078,01.45Z,,50430,BRETTEVILLE-SUR-AY
50078,01.49Z,,50430,BRETTEVILLE-SUR-AY
50078,01.50Z,,50430,BRETTEVILLE-SUR-AY
50078,01.61Z,,50430,BRETTEVILLE-SUR-AY
50078,02.10Z,,50430,BRETTEVILLE-SUR-AY
50078,03.11Z,,50430,BRETTEVILLE-SUR-AY
50078,03.21Z,,50430,BRETTEVILLE-SUR-AY
50078,11.05Z,PME,50430,BRETTEVILLE-SUR-AY
50078,14.19Z,,50430,BRETTEVILLE-SUR-AY
50078,30.11Z,PME,50430,BRETTEVILLE-SUR-AY
50078,32.13Z,PME,50430,BRETTEVILLE-SUR-AY
50078,35.11Z,PME,50430,BRETTEVILLE-SUR-AY
50078,42.99Z,,50430,BRETTEVILLE-SUR-AY
50078,46.19B,PME,50430,BRETTEVILLE-SUR-AY
50078,46.31Z,PME,50430,BRETTEVILLE-SUR-AY
50078,47.22Z,PME,50430,BRETTEVILLE-SUR-AY
50078,47.76Z,PME,50430,BRETTEVILLE-SUR-AY
50078,47.91B,PME,50430,BRETTEVILLE-SUR-AY
50078,47.99A,PME,50430,BRETTEVILLE-SUR-AY
50078,53.20Z,PME,50430,BRETTEVILLE-SUR-AY
50078,55.10Z,,50430,BRETTEVILLE-SUR-AY
50078,55.10Z,PME,50430,BRETTEVILLE-SUR-AY
50078,55.20Z,PME,50430,BRETTEVILLE-SUR-AY
50078,55.30Z,PME,50430,BRETTEVILLE-SUR-AY
50078,56.30Z,PME,50430,BRETTEVILLE-SUR-AY
50078,64.20Z,PME,50430,BRETTEVILLE-SUR-AY
50078,66.19A,,50430,BRETTEVILLE-SUR-AY
50078,66.30Z,PME,50430,BRETTEVILLE-SUR-AY
50078,68.20A,,50430,BRETTEVILLE-SUR-AY
50078,68.20A,PME,50430,BRETTEVILLE-SUR-AY
50078,68.20B,,50430,BRETTEVILLE-SUR-AY
50078,68.20B,PME,50430,BRETTEVILLE-SUR-AY
50078,70.10Z,,50430,BRETTEVILLE-SUR-AY
50078,71.11Z,PME,50430,BRETTEVILLE-SUR-AY
50078,81.30Z,,50430,BRETTEVILLE-SUR-AY
50078,84.11Z,PME,50430,BRETTEVILLE-SUR-AY
50078,85.51Z,,50430,BRETTEVILLE-SUR-AY
50078,86.90F,PME,50430,BRETTEVILLE-SUR-AY
50078,90.01Z,PME,50430,BRETTEVILLE-SUR-AY
50078,93.12Z,,50430,BRETTEVILLE-SUR-AY
50078,94.99Z,,50430,BRETTEVILLE-SUR-AY
50078,94.99Z,PME,50430,BRETTEVILLE-SUR-AY
50079,01.11Z,,50260,BREUVILLE
50079,01.41Z,,50260,BREUVILLE
50079,01.42Z,,50260,BREUVILLE
50079,01.49Z,,50260,BREUVILLE
50079,01.50Z,,50260,BREUVILLE
50079,01.61Z,,50260,BREUVILLE
50079,43.12A,PME,50260,BREUVILLE
50079,43.91B,PME,50260,BREUVILLE
50079,43.99C,PME,50260,BREUVILLE
50079,47.99A,,50260,BREUVILLE
50079,47.99A,PME,50260,BREUVILLE
50079,49.41A,,50260,BREUVILLE
50079,56.29B,,50260,BREUVILLE
50079,66.19B,,50260,BREUVILLE
50079,68.20A,,50260,BREUVILLE
50079,68.20B,,50260,BREUVILLE
50079,68.20B,PME,50260,BREUVILLE
50079,70.10Z,,50260,BREUVILLE
50079,70.22Z,,50260,BREUVILLE
50079,70.22Z,PME,50260,BREUVILLE
50079,81.30Z,PME,50260,BREUVILLE
50079,84.11Z,PME,50260,BREUVILLE
50079,90.03B,,50260,BREUVILLE
50079,94.99Z,,50260,BREUVILLE
50079,96.02B,,50260,BREUVILLE
50081,01.11Z,,50290,BREVILLE-SUR-MER
50081,01.41Z,,50290,BREVILLE-SUR-MER
50081,01.49Z,,50290,BREVILLE-SUR-MER
50081,01.62Z,,50290,BREVILLE-SUR-MER
50081,03.11Z,,50290,BREVILLE-SUR-MER
50081,03.21Z,,50290,BREVILLE-SUR-MER
50081,18.13Z,PME,50290,BREVILLE-SUR-MER
50081,23.41Z,,50290,BREVILLE-SUR-MER
50081,31.09B,PME,50290,BREVILLE-SUR-MER
50081,35.11Z,PME,50290,BREVILLE-SUR-MER
50081,43.21A,PME,50290,BREVILLE-SUR-MER
50081,43.32A,PME,50290,BREVILLE-SUR-MER
50081,45.11Z,,50290,BREVILLE-SUR-MER
50081,45.11Z,PME,50290,BREVILLE-SUR-MER
50081,45.20A,,50290,BREVILLE-SUR-MER
50081,45.20A,PME,50290,BREVILLE-SUR-MER
50081,45.40Z,PME,50290,BREVILLE-SUR-MER
50081,46.17A,PME,50290,BREVILLE-SUR-MER
50081,46.19B,PME,50290,BREVILLE-SUR-MER
50081,46.38A,PME,50290,BREVILLE-SUR-MER
50081,47.23Z,,50290,BREVILLE-SUR-MER
50081,47.23Z,PME,50290,BREVILLE-SUR-MER
50081,47.61Z,PME,50290,BREVILLE-SUR-MER
50081,47.71Z,,50290,BREVILLE-SUR-MER
50081,47.79Z,PME,50290,BREVILLE-SUR-MER
50081,47.81Z,PME,50290,BREVILLE-SUR-MER
50081,47.89Z,PME,50290,BREVILLE-SUR-MER
50081,47.91A,PME,50290,BREVILLE-SUR-MER
50081,47.91B,,50290,BREVILLE-SUR-MER
50081,47.99A,PME,50290,BREVILLE-SUR-MER
50081,47.99B,PME,50290,BREVILLE-SUR-MER
50081,51.10Z,PME,50290,BREVILLE-SUR-MER
50081,52.23Z,PME,50290,BREVILLE-SUR-MER
50081,53.20Z,,50290,BREVILLE-SUR-MER
50081,55.20Z,,50290,BREVILLE-SUR-MER
50081,55.20Z,PME,50290,BREVILLE-SUR-MER
50081,55.30Z,ETI,50290,BREVILLE-SUR-MER
50081,56.10A,,50290,BREVILLE-SUR-MER
50081,56.10A,PME,50290,BREVILLE-SUR-MER
50081,56.30Z,PME,50290,BREVILLE-SUR-MER
50081,62.02A,PME,50290,BREVILLE-SUR-MER
50081,62.09Z,PME,50290,BREVILLE-SUR-MER
50081,64.20Z,,50290,BREVILLE-SUR-MER
50081,64.20Z,PME,50290,BREVILLE-SUR-MER
50081,66.19B,PME,50290,BREVILLE-SUR-MER
50081,66.22Z,PME,50290,BREVILLE-SUR-MER
50081,66.30Z,PME,50290,BREVILLE-SUR-MER
50081,68.10Z,PME,50290,BREVILLE-SUR-MER
50081,68.20A,,50290,BREVILLE-SUR-MER
50081,68.20A,PME,50290,BREVILLE-SUR-MER
50081,68.20B,,50290,BREVILLE-SUR-MER
50081,68.20B,PME,50290,BREVILLE-SUR-MER
50081,68.31Z,PME,50290,BREVILLE-SUR-MER
50081,70.10Z,,50290,BREVILLE-SUR-MER
50081,70.10Z,PME,50290,BREVILLE-SUR-MER
50081,70.22Z,,50290,BREVILLE-SUR-MER
50081,70.22Z,PME,50290,BREVILLE-SUR-MER
50081,71.12B,PME,50290,BREVILLE-SUR-MER
50081,73.20Z,PME,50290,BREVILLE-SUR-MER
50081,74.90B,,50290,BREVILLE-SUR-MER
50081,81.10Z,,50290,BREVILLE-SUR-MER
50081,81.21Z,,50290,BREVILLE-SUR-MER
50081,81.30Z,PME,50290,BREVILLE-SUR-MER
50081,82.11Z,,50290,BREVILLE-SUR-MER
50081,82.11Z,PME,50290,BREVILLE-SUR-MER
50081,84.11Z,PME,50290,BREVILLE-SUR-MER
50081,85.51Z,PME,50290,BREVILLE-SUR-MER
50081,85.53Z,PME,50290,BREVILLE-SUR-MER
50081,86.90D,PME,50290,BREVILLE-SUR-MER
50081,86.90F,PME,50290,BREVILLE-SUR-MER
50081,88.99B,,50290,BREVILLE-SUR-MER
50081,90.01Z,,50290,BREVILLE-SUR-MER
50081,90.01Z,PME,50290,BREVILLE-SUR-MER
50081,90.03B,PME,50290,BREVILLE-SUR-MER
50081,93.12Z,,50290,BREVILLE-SUR-MER
50081,93.12Z,PME,50290,BREVILLE-SUR-MER
50081,93.29Z,PME,50290,BREVILLE-SUR-MER
50081,94.99Z,,50290,BREVILLE-SUR-MER
50081,96.02A,PME,50290,BREVILLE-SUR-MER
50081,96.09Z,PME,50290,BREVILLE-SUR-MER
50082,01.11Z,,50260,BRICQUEBEC-EN-COTENTIN
50082,01.11Z,PME,50260,BRICQUEBEC-EN-COTENTIN
50082,01.13Z,,50260,BRICQUEBEC-EN-COTENTIN
50082,01.19Z,,50260,BRICQUEBEC-EN-COTENTIN
50082,01.29Z,,50260,BRICQUEBEC-EN-COTENTIN
50082,01.41Z,,50260,BRICQUEBEC-EN-COTENTIN
50082,01.41Z,PME,50260,BRICQUEBEC-EN-COTENTIN
50082,01.42Z,,50260,BRICQUEBEC-EN-COTENTIN
50082,01.42Z,PME,50260,BRICQUEBEC-EN-COTENTIN
50082,01.43Z,,50260,BRICQUEBEC-EN-COTENTIN
50082,01.45Z,,50260,BRICQUEBEC-EN-COTENTIN
50082,01.46Z,,50260,BRICQUEBEC-EN-COTENTIN
50082,01.47Z,,50260,BRICQUEBEC-EN-COTENTIN
50082,01.49Z,,50260,BRICQUEBEC-EN-COTENTIN
50082,01.50Z,,50260,BRICQUEBEC-EN-COTENTIN
50082,01.61Z,,50260,BRICQUEBEC-EN-COTENTIN
50082,02.10Z,,50260,BRICQUEBEC-EN-COTENTIN
50082,03.11Z,,50260,BRICQUEBEC-EN-COTENTIN
50082,08.12Z,GE,50260,BRICQUEBEC-EN-COTENTIN
50082,08.12Z,PME,50260,BRICQUEBEC-EN-COTENTIN
50082,10.13B,PME,50260,BRICQUEBEC-EN-COTENTIN
50082,10.71C,,50260,BRICQUEBEC-EN-COTENTIN
50082,10.71C,PME,50260,BRICQUEBEC-EN-COTENTIN
50082,10.72Z,ETI,50260,BRICQUEBEC-EN-COTENTIN
50082,13.92Z,,50260,BRICQUEBEC-EN-COTENTIN
50082,14.13Z,PME,50260,BRICQUEBEC-EN-COTENTIN
50082,23.13Z,PME,50260,BRICQUEBEC-EN-COTENTIN
50082,23.41Z,PME,50260,BRICQUEBEC-EN-COTENTIN
50082,31.09B,PME,50260,BRICQUEBEC-EN-COTENTIN
50082,32.13Z,PME,50260,BRICQUEBEC-EN-COTENTIN
50082,32.99Z,,50260,BRICQUEBEC-EN-COTENTIN
50082,33.12Z,,50260,BRICQUEBEC-EN-COTENTIN
50082,33.12Z,PME,50260,BRICQUEBEC-EN-COTENTIN
50082,33.15Z,,50260,BRICQUEBEC-EN-COTENTIN
50082,33.20A,PME,50260,BRICQUEBEC-EN-COTENTIN
50082,35.11Z,,50260,BRICQUEBEC-EN-COTENTIN
50082,35.11Z,PME,50260,BRICQUEBEC-EN-COTENTIN
50082,35.13Z,GE,50260,BRICQUEBEC-EN-COTENTIN
50082,41.10A,PME,50260,BRICQUEBEC-EN-COTENTIN
50082,41.10D,PME,50260,BRICQUEBEC-EN-COTENTIN
50082,43.12A,PME,50260,BRICQUEBEC-EN-COTENTIN
50082,43.21A,PME,50260,BRICQUEBEC-EN-COTENTIN
50082,43.22A,PME,50260,BRICQUEBEC-EN-COTENTIN
50082,43.22B,PME,50260,BRICQUEBEC-EN-COTENTIN
50082,43.29A,PME,50260,BRICQUEBEC-EN-COTENTIN
50082,43.29B,PME,50260,BRICQUEBEC-EN-COTENTIN
50082,43.31Z,PME,50260,BRICQUEBEC-EN-COTENTIN
50082,43.32A,PME,50260,BRICQUEBEC-EN-COTENTIN
50082,43.32B,,50260,BRICQUEBEC-EN-COTENTIN
50082,43.34Z,,50260,BRICQUEBEC-EN-COTENTIN
50082,43.34Z,PME,50260,BRICQUEBEC-EN-COTENTIN
50082,43.91B,PME,50260,BRICQUEBEC-EN-COTENTIN
50082,43.99C,,50260,BRICQUEBEC-EN-COTENTIN
50082,43.99C,PME,50260,BRICQUEBEC-EN-COTENTIN
50082,45.11Z,,50260,BRICQUEBEC-EN-COTENTIN
50082,45.11Z,PME,50260,BRICQUEBEC-EN-COTENTIN
50082,45.20A,PME,50260,BRICQUEBEC-EN-COTENTIN
50082,45.32Z,PME,50260,BRICQUEBEC-EN-COTENTIN
50082,46.21Z,GE,50260,BRICQUEBEC-EN-COTENTIN
50082,46.23Z,PME,50260,BRICQUEBEC-EN-COTENTIN
50082,46.34Z,,50260,BRICQUEBEC-EN-COTENTIN
50082,46.34Z,PME,50260,BRICQUEBEC-EN-COTENTIN
50082,46.73A,GE,50260,BRICQUEBEC-EN-COTENTIN
50082,47.11B,PME,50260,BRICQUEBEC-EN-COTENTIN
50082,47.11D,PME,50260,BRICQUEBEC-EN-COTENTIN
50082,47.22Z,PME,50260,BRICQUEBEC-EN-COTENTIN
50082,47.25Z,,50260,BRICQUEBEC-EN-COTENTIN
50082,47.25Z,PME,50260,BRICQUEBEC-EN-COTENTIN
50082,47.26Z,PME,50260,BRICQUEBEC-EN-COTENTIN
50082,47.30Z,PME,50260,BRICQUEBEC-EN-COTENTIN
50082,47.41Z,,50260,BRICQUEBEC-EN-COTENTIN
50082,47.41Z,PME,50260,BRICQUEBEC-EN-COTENTIN
50082,47.51Z,PME,50260,BRICQUEBEC-EN-COTENTIN
50082,47.52B,GE,50260,BRICQUEBEC-EN-COTENTIN
50082,47.54Z,PME,50260,BRICQUEBEC-EN-COTENTIN
50082,47.59A,PME,50260,BRICQUEBEC-EN-COTENTIN
50082,47.59B,PME,50260,BRICQUEBEC-EN-COTENTIN
50082,47.64Z,PME,50260,BRICQUEBEC-EN-COTENTIN
50082,47.71Z,ETI,50260,BRICQUEBEC-EN-COTENTIN
50082,47.71Z,PME,50260,BRICQUEBEC-EN-COTENTIN
50082,47.72A,PME,50260,BRICQUEBEC-EN-COTENTIN
50082,47.73Z,PME,50260,BRICQUEBEC-EN-COTENTIN
50082,47.74Z,PME,50260,BRICQUEBEC-EN-COTENTIN
50082,47.75Z,PME,50260,BRICQUEBEC-EN-COTENTIN
50082,47.76Z,PME,50260,BRICQUEBEC-EN-COTENTIN
50082,47.77Z,PME,50260,BRICQUEBEC-EN-COTENTIN
50082,47.78A,PME,50260,BRICQUEBEC-EN-COTENTIN
50082,47.78C,PME,50260,BRICQUEBEC-EN-COTENTIN
50082,47.79Z,PME,50260,BRICQUEBEC-EN-COTENTIN
50082,47.81Z,,50260,BRICQUEBEC-EN-COTENTIN
50082,47.81Z,PME,50260,BRICQUEBEC-EN-COTENTIN
50082,47.82Z,PME,50260,BRICQUEBEC-EN-COTENTIN
50082,47.89Z,PME,50260,BRICQUEBEC-EN-COTENTIN
50082,47.91B,,50260,BRICQUEBEC-EN-COTENTIN
50082,47.99A,,50260,BRICQUEBEC-EN-COTENTIN
50082,47.99A,PME,50260,BRICQUEBEC-EN-COTENTIN
50082,49.32Z,PME,50260,BRICQUEBEC-EN-COTENTIN
50082,53.10Z,GE,50260,BRICQUEBEC-EN-COTENTIN
50082,53.20Z,,50260,BRICQUEBEC-EN-COTENTIN
50082,53.20Z,PME,50260,BRICQUEBEC-EN-COTENTIN
50082,55.10Z,,50260,BRICQUEBEC-EN-COTENTIN
50082,55.10Z,PME,50260,BRICQUEBEC-EN-COTENTIN
50082,55.20Z,,50260,BRICQUEBEC-EN-COTENTIN
50082,55.20Z,PME,50260,BRICQUEBEC-EN-COTENTIN
50082,56.10A,PME,50260,BRICQUEBEC-EN-COTENTIN
50082,56.10C,,50260,BRICQUEBEC-EN-COTENTIN
50082,56.10C,PME,50260,BRICQUEBEC-EN-COTENTIN
50082,56.21Z,PME,50260,BRICQUEBEC-EN-COTENTIN
50082,56.29B,,50260,BRICQUEBEC-EN-COTENTIN
50082,56.30Z,PME,50260,BRICQUEBEC-EN-COTENTIN
50082,58.14Z,PME,50260,BRICQUEBEC-EN-COTENTIN
50082,59.14Z,PME,50260,BRICQUEBEC-EN-COTENTIN
50082,59.20Z,PME,50260,BRICQUEBEC-EN-COTENTIN
50082,62.01Z,,50260,BRICQUEBEC-EN-COTENTIN
50082,63.91Z,PME,50260,BRICQUEBEC-EN-COTENTIN
50082,64.19Z,GE,50260,BRICQUEBEC-EN-COTENTIN
50082,64.20Z,PME,50260,BRICQUEBEC-EN-COTENTIN
50082,64.30Z,PME,50260,BRICQUEBEC-EN-COTENTIN
50082,65.12Z,GE,50260,BRICQUEBEC-EN-COTENTIN
50082,66.19A,,50260,BRICQUEBEC-EN-COTENTIN
50082,66.22Z,PME,50260,BRICQUEBEC-EN-COTENTIN
50082,66.30Z,,50260,BRICQUEBEC-EN-COTENTIN
50082,66.30Z,PME,50260,BRICQUEBEC-EN-COTENTIN
50082,68.10Z,,50260,BRICQUEBEC-EN-COTENTIN
50082,68.20A,,50260,BRICQUEBEC-EN-COTENTIN
50082,68.20A,PME,50260,BRICQUEBEC-EN-COTENTIN
50082,68.20B,,50260,BRICQUEBEC-EN-COTENTIN
50082,68.20B,ETI,50260,BRICQUEBEC-EN-COTENTIN
50082,68.20B,PME,50260,BRICQUEBEC-EN-COTENTIN
50082,68.31Z,,50260,BRICQUEBEC-EN-COTENTIN
50082,68.31Z,PME,50260,BRICQUEBEC-EN-COTENTIN
50082,68.32B,PME,50260,BRICQUEBEC-EN-COTENTIN
50082,69.10Z,PME,50260,BRICQUEBEC-EN-COTENTIN
50082,70.10Z,,50260,BRICQUEBEC-EN-COTENTIN
50082,70.10Z,PME,50260,BRICQUEBEC-EN-COTENTIN
50082,70.21Z,PME,50260,BRICQUEBEC-EN-COTENTIN
50082,70.22Z,PME,50260,BRICQUEBEC-EN-COTENTIN
50082,71.12B,,50260,BRICQUEBEC-EN-COTENTIN
50082,71.12B,PME,50260,BRICQUEBEC-EN-COTENTIN
50082,71.20A,PME,50260,BRICQUEBEC-EN-COTENTIN
50082,71.20B,PME,50260,BRICQUEBEC-EN-COTENTIN
50082,73.12Z,PME,50260,BRICQUEBEC-EN-COTENTIN
50082,74.10Z,,50260,BRICQUEBEC-EN-COTENTIN
50082,74.10Z,PME,50260,BRICQUEBEC-EN-COTENTIN
50082,74.20Z,,50260,BRICQUEBEC-EN-COTENTIN
50082,74.20Z,PME,50260,BRICQUEBEC-EN-COTENTIN
50082,74.30Z,PME,50260,BRICQUEBEC-EN-COTENTIN
50082,75.00Z,PME,50260,BRICQUEBEC-EN-COTENTIN
50082,77.21Z,PME,50260,BRICQUEBEC-EN-COTENTIN
50082,81.21Z,,50260,BRICQUEBEC-EN-COTENTIN
50082,81.21Z,PME,50260,BRICQUEBEC-EN-COTENTIN
50082,81.30Z,,50260,BRICQUEBEC-EN-COTENTIN
50082,81.30Z,PME,50260,BRICQUEBEC-EN-COTENTIN
50082,82.19Z,,50260,BRICQUEBEC-EN-COTENTIN
50082,82.19Z,PME,50260,BRICQUEBEC-EN-COTENTIN
50082,82.30Z,,50260,BRICQUEBEC-EN-COTENTIN
50082,84.11Z,PME,50260,BRICQUEBEC-EN-COTENTIN
50082,85.10Z,PME,50260,BRICQUEBEC-EN-COTENTIN
50082,85.20Z,PME,50260,BRICQUEBEC-EN-COTENTIN
50082,85.31Z,PME,50260,BRICQUEBEC-EN-COTENTIN
50082,85.51Z,,50260,BRICQUEBEC-EN-COTENTIN
50082,85.51Z,PME,50260,BRICQUEBEC-EN-COTENTIN
50082,85.52Z,PME,50260,BRICQUEBEC-EN-COTENTIN
50082,85.53Z,PME,50260,BRICQUEBEC-EN-COTENTIN
50082,85.59A,PME,50260,BRICQUEBEC-EN-COTENTIN
50082,85.59B,,50260,BRICQUEBEC-EN-COTENTIN
50082,86.21Z,PME,50260,BRICQUEBEC-EN-COTENTIN
50082,86.23Z,PME,50260,BRICQUEBEC-EN-COTENTIN
50082,86.90A,PME,50260,BRICQUEBEC-EN-COTENTIN
50082,86.90D,PME,50260,BRICQUEBEC-EN-COTENTIN
50082,86.90E,PME,50260,BRICQUEBEC-EN-COTENTIN
50082,86.90F,PME,50260,BRICQUEBEC-EN-COTENTIN
50082,87.10A,PME,50260,BRICQUEBEC-EN-COTENTIN
50082,87.30A,PME,50260,BRICQUEBEC-EN-COTENTIN
50082,88.10A,ETI,50260,BRICQUEBEC-EN-COTENTIN
50082,88.10A,PME,50260,BRICQUEBEC-EN-COTENTIN
50082,88.91A,PME,50260,BRICQUEBEC-EN-COTENTIN
50082,88.99B,,50260,BRICQUEBEC-EN-COTENTIN
50082,88.99B,PME,50260,BRICQUEBEC-EN-COTENTIN
50082,90.01Z,,50260,BRICQUEBEC-EN-COTENTIN
50082,90.01Z,PME,50260,BRICQUEBEC-EN-COTENTIN
50082,90.03A,,50260,BRICQUEBEC-EN-COTENTIN
50082,90.03A,PME,50260,BRICQUEBEC-EN-COTENTIN
50082,90.03B,,50260,BRICQUEBEC-EN-COTENTIN
50082,90.03B,PME,50260,BRICQUEBEC-EN-COTENTIN
50082,90.04Z,,50260,BRICQUEBEC-EN-COTENTIN
50082,93.12Z,,50260,BRICQUEBEC-EN-COTENTIN
50082,93.12Z,PME,50260,BRICQUEBEC-EN-COTENTIN
50082,93.29Z,,50260,BRICQUEBEC-EN-COTENTIN
50082,93.29Z,PME,50260,BRICQUEBEC-EN-COTENTIN
50082,94.12Z,PME,50260,BRICQUEBEC-EN-COTENTIN
50082,94.91Z,,50260,BRICQUEBEC-EN-COTENTIN
50082,94.91Z,PME,50260,BRICQUEBEC-EN-COTENTIN
50082,94.99Z,,50260,BRICQUEBEC-EN-COTENTIN
50082,94.99Z,PME,50260,BRICQUEBEC-EN-COTENTIN
50082,95.11Z,PME,50260,BRICQUEBEC-EN-COTENTIN
50082,95.22Z,PME,50260,BRICQUEBEC-EN-COTENTIN
50082,95.23Z,PME,50260,BRICQUEBEC-EN-COTENTIN
50082,95.25Z,PME,50260,BRICQUEBEC-EN-COTENTIN
50082,95.29Z,PME,50260,BRICQUEBEC-EN-COTENTIN
50082,96.01B,PME,50260,BRICQUEBEC-EN-COTENTIN
50082,96.02A,PME,50260,BRICQUEBEC-EN-COTENTIN
50082,96.02B,,50260,BRICQUEBEC-EN-COTENTIN
50082,96.02B,PME,50260,BRICQUEBEC-EN-COTENTIN
50082,96.03Z,GE,50260,BRICQUEBEC-EN-COTENTIN
50082,96.09Z,,50260,BRICQUEBEC-EN-COTENTIN
50082,96.09Z,PME,50260,BRICQUEBEC-EN-COTENTIN
50083,01.11Z,,50340,BRICQUEBOSQ
50083,01.13Z,,50340,BRICQUEBOSQ
50083,01.24Z,,50340,BRICQUEBOSQ
50083,01.41Z,,50340,BRICQUEBOSQ
50083,01.42Z,,50340,BRICQUEBOSQ
50083,01.45Z,,50340,BRICQUEBOSQ
50083,01.49Z,,50340,BRICQUEBOSQ
50083,01.50Z,,50340,BRICQUEBOSQ
50083,01.61Z,,50340,BRICQUEBOSQ
50083,11.01Z,PME,50340,BRICQUEBOSQ
50083,11.03Z,PME,50340,BRICQUEBOSQ
50083,43.31Z,PME,50340,BRICQUEBOSQ
50083,43.32A,PME,50340,BRICQUEBOSQ
50083,43.91B,PME,50340,BRICQUEBOSQ
50083,45.20A,,50340,BRICQUEBOSQ
50083,45.40Z,PME,50340,BRICQUEBOSQ
50083,47.11B,PME,50340,BRICQUEBOSQ
50083,47.99A,PME,50340,BRICQUEBOSQ
50083,49.39A,PME,50340,BRICQUEBOSQ
50083,64.20Z,,50340,BRICQUEBOSQ
50083,64.20Z,PME,50340,BRICQUEBOSQ
50083,66.30Z,,50340,BRICQUEBOSQ
50083,68.20A,,50340,BRICQUEBOSQ
50083,68.20B,,50340,BRICQUEBOSQ
50083,68.20B,PME,50340,BRICQUEBOSQ
50083,70.22Z,,50340,BRICQUEBOSQ
50083,70.22Z,PME,50340,BRICQUEBOSQ
50083,71.11Z,PME,50340,BRICQUEBOSQ
50083,81.30Z,,50340,BRICQUEBOSQ
50083,81.30Z,PME,50340,BRICQUEBOSQ
50083,82.99Z,,50340,BRICQUEBOSQ
50083,84.11Z,PME,50340,BRICQUEBOSQ
50083,85.20Z,PME,50340,BRICQUEBOSQ
50083,86.90F,,50340,BRICQUEBOSQ
50083,86.90F,PME,50340,BRICQUEBOSQ
50083,93.12Z,,50340,BRICQUEBOSQ
50083,94.99Z,,50340,BRICQUEBOSQ
50084,01.11Z,,50200,BRICQUEVILLE-LA-BLOUETTE
50084,01.24Z,,50200,BRICQUEVILLE-LA-BLOUETTE
50084,01.41Z,,50200,BRICQUEVILLE-LA-BLOUETTE
50084,01.42Z,,50200,BRICQUEVILLE-LA-BLOUETTE
50084,01.43Z,,50200,BRICQUEVILLE-LA-BLOUETTE
50084,01.43Z,PME,50200,BRICQUEVILLE-LA-BLOUETTE
50084,01.45Z,,50200,BRICQUEVILLE-LA-BLOUETTE
50084,01.49Z,,50200,BRICQUEVILLE-LA-BLOUETTE
50084,01.50Z,,50200,BRICQUEVILLE-LA-BLOUETTE
50084,02.10Z,,50200,BRICQUEVILLE-LA-BLOUETTE
50084,32.99Z,PME,50200,BRICQUEVILLE-LA-BLOUETTE
50084,42.99Z,PME,50200,BRICQUEVILLE-LA-BLOUETTE
50084,43.22A,PME,50200,BRICQUEVILLE-LA-BLOUETTE
50084,43.32A,PME,50200,BRICQUEVILLE-LA-BLOUETTE
50084,43.34Z,,50200,BRICQUEVILLE-LA-BLOUETTE
50084,46.31Z,PME,50200,BRICQUEVILLE-LA-BLOUETTE
50084,46.90Z,,50200,BRICQUEVILLE-LA-BLOUETTE
50084,47.79Z,,50200,BRICQUEVILLE-LA-BLOUETTE
50084,47.81Z,,50200,BRICQUEVILLE-LA-BLOUETTE
50084,47.89Z,PME,50200,BRICQUEVILLE-LA-BLOUETTE
50084,47.99A,PME,50200,BRICQUEVILLE-LA-BLOUETTE
50084,55.20Z,PME,50200,BRICQUEVILLE-LA-BLOUETTE
50084,56.10C,PME,50200,BRICQUEVILLE-LA-BLOUETTE
50084,62.01Z,PME,50200,BRICQUEVILLE-LA-BLOUETTE
50084,64.20Z,PME,50200,BRICQUEVILLE-LA-BLOUETTE
50084,68.20A,PME,50200,BRICQUEVILLE-LA-BLOUETTE
50084,68.20B,,50200,BRICQUEVILLE-LA-BLOUETTE
50084,68.20B,PME,50200,BRICQUEVILLE-LA-BLOUETTE
50084,70.22Z,PME,50200,BRICQUEVILLE-LA-BLOUETTE
50084,71.11Z,,50200,BRICQUEVILLE-LA-BLOUETTE
50084,71.12B,PME,50200,BRICQUEVILLE-LA-BLOUETTE
50084,81.21Z,PME,50200,BRICQUEVILLE-LA-BLOUETTE
50084,81.30Z,PME,50200,BRICQUEVILLE-LA-BLOUETTE
50084,82.99Z,PME,50200,BRICQUEVILLE-LA-BLOUETTE
50084,84.11Z,PME,50200,BRICQUEVILLE-LA-BLOUETTE
50084,84.12Z,PME,50200,BRICQUEVILLE-LA-BLOUETTE
50084,85.53Z,PME,50200,BRICQUEVILLE-LA-BLOUETTE
50084,86.90E,,50200,BRICQUEVILLE-LA-BLOUETTE
50084,90.01Z,,50200,BRICQUEVILLE-LA-BLOUETTE
50084,90.02Z,,50200,BRICQUEVILLE-LA-BLOUETTE
50084,90.03A,PME,50200,BRICQUEVILLE-LA-BLOUETTE
50084,90.03B,PME,50200,BRICQUEVILLE-LA-BLOUETTE
50084,93.19Z,PME,50200,BRICQUEVILLE-LA-BLOUETTE
50084,93.29Z,,50200,BRICQUEVILLE-LA-BLOUETTE
50084,95.11Z,PME,50200,BRICQUEVILLE-LA-BLOUETTE
50084,96.04Z,,50200,BRICQUEVILLE-LA-BLOUETTE
50085,01.11Z,,50290,BRICQUEVILLE-SUR-MER
50085,01.13Z,,50290,BRICQUEVILLE-SUR-MER
50085,01.19Z,,50290,BRICQUEVILLE-SUR-MER
50085,01.24Z,,50290,BRICQUEVILLE-SUR-MER
50085,01.41Z,,50290,BRICQUEVILLE-SUR-MER
50085,01.42Z,,50290,BRICQUEVILLE-SUR-MER
50085,01.43Z,,50290,BRICQUEVILLE-SUR-MER
50085,01.45Z,,50290,BRICQUEVILLE-SUR-MER
50085,01.46Z,,50290,BRICQUEVILLE-SUR-MER
50085,01.47Z,,50290,BRICQUEVILLE-SUR-MER
50085,01.49Z,,50290,BRICQUEVILLE-SUR-MER
50085,01.50Z,,50290,BRICQUEVILLE-SUR-MER
50085,01.61Z,,50290,BRICQUEVILLE-SUR-MER
50085,01.62Z,,50290,BRICQUEVILLE-SUR-MER
50085,03.11Z,,50290,BRICQUEVILLE-SUR-MER
50085,03.21Z,,50290,BRICQUEVILLE-SUR-MER
50085,10.51A,PME,50290,BRICQUEVILLE-SUR-MER
50085,14.19Z,PME,50290,BRICQUEVILLE-SUR-MER
50085,16.23Z,PME,50290,BRICQUEVILLE-SUR-MER
50085,16.29Z,,50290,BRICQUEVILLE-SUR-MER
50085,16.29Z,PME,50290,BRICQUEVILLE-SUR-MER
50085,18.13Z,PME,50290,BRICQUEVILLE-SUR-MER
50085,25.11Z,PME,50290,BRICQUEVILLE-SUR-MER
50085,33.15Z,PME,50290,BRICQUEVILLE-SUR-MER
50085,35.11Z,PME,50290,BRICQUEVILLE-SUR-MER
50085,35.21Z,,50290,BRICQUEVILLE-SUR-MER
50085,37.00Z,PME,50290,BRICQUEVILLE-SUR-MER
50085,41.10A,PME,50290,BRICQUEVILLE-SUR-MER
50085,41.20A,PME,50290,BRICQUEVILLE-SUR-MER
50085,42.99Z,PME,50290,BRICQUEVILLE-SUR-MER
50085,43.21A,,50290,BRICQUEVILLE-SUR-MER
50085,43.22B,PME,50290,BRICQUEVILLE-SUR-MER
50085,43.33Z,PME,50290,BRICQUEVILLE-SUR-MER
50085,43.34Z,PME,50290,BRICQUEVILLE-SUR-MER
50085,43.99C,PME,50290,BRICQUEVILLE-SUR-MER
50085,43.99D,PME,50290,BRICQUEVILLE-SUR-MER
50085,46.19B,PME,50290,BRICQUEVILLE-SUR-MER
50085,46.32C,,50290,BRICQUEVILLE-SUR-MER
50085,46.38A,PME,50290,BRICQUEVILLE-SUR-MER
50085,46.73A,PME,50290,BRICQUEVILLE-SUR-MER
50085,47.76Z,PME,50290,BRICQUEVILLE-SUR-MER
50085,47.78C,PME,50290,BRICQUEVILLE-SUR-MER
50085,47.82Z,PME,50290,BRICQUEVILLE-SUR-MER
50085,47.89Z,PME,50290,BRICQUEVILLE-SUR-MER
50085,47.99A,PME,50290,BRICQUEVILLE-SUR-MER
50085,55.20Z,,50290,BRICQUEVILLE-SUR-MER
50085,55.20Z,PME,50290,BRICQUEVILLE-SUR-MER
50085,56.10A,PME,50290,BRICQUEVILLE-SUR-MER
50085,56.10C,PME,50290,BRICQUEVILLE-SUR-MER
50085,56.21Z,,50290,BRICQUEVILLE-SUR-MER
50085,58.21Z,PME,50290,BRICQUEVILLE-SUR-MER
50085,59.12Z,PME,50290,BRICQUEVILLE-SUR-MER
50085,64.20Z,PME,50290,BRICQUEVILLE-SUR-MER
50085,64.30Z,,50290,BRICQUEVILLE-SUR-MER
50085,65.12Z,PME,50290,BRICQUEVILLE-SUR-MER
50085,66.22Z,,50290,BRICQUEVILLE-SUR-MER
50085,68.10Z,,50290,BRICQUEVILLE-SUR-MER
50085,68.20A,,50290,BRICQUEVILLE-SUR-MER
50085,68.20A,PME,50290,BRICQUEVILLE-SUR-MER
50085,68.20B,,50290,BRICQUEVILLE-SUR-MER
50085,68.20B,PME,50290,BRICQUEVILLE-SUR-MER
50085,68.31Z,,50290,BRICQUEVILLE-SUR-MER
50085,70.10Z,PME,50290,BRICQUEVILLE-SUR-MER
50085,70.21Z,,50290,BRICQUEVILLE-SUR-MER
50085,70.22Z,PME,50290,BRICQUEVILLE-SUR-MER
50085,72.19Z,PME,50290,BRICQUEVILLE-SUR-MER
50085,74.10Z,,50290,BRICQUEVILLE-SUR-MER
50085,74.10Z,PME,50290,BRICQUEVILLE-SUR-MER
50085,74.20Z,PME,50290,BRICQUEVILLE-SUR-MER
50085,74.90B,PME,50290,BRICQUEVILLE-SUR-MER
50085,78.30Z,PME,50290,BRICQUEVILLE-SUR-MER
50085,81.21Z,,50290,BRICQUEVILLE-SUR-MER
50085,82.19Z,PME,50290,BRICQUEVILLE-SUR-MER
50085,84.11Z,PME,50290,BRICQUEVILLE-SUR-MER
50085,85.20Z,PME,50290,BRICQUEVILLE-SUR-MER
50085,85.51Z,PME,50290,BRICQUEVILLE-SUR-MER
50085,85.52Z,PME,50290,BRICQUEVILLE-SUR-MER
50085,85.53Z,PME,50290,BRICQUEVILLE-SUR-MER
50085,86.90D,,50290,BRICQUEVILLE-SUR-MER
50085,87.30B,PME,50290,BRICQUEVILLE-SUR-MER
50085,88.99B,,50290,BRICQUEVILLE-SUR-MER
50085,90.01Z,PME,50290,BRICQUEVILLE-SUR-MER
50085,90.03B,PME,50290,BRICQUEVILLE-SUR-MER
50085,93.12Z,,50290,BRICQUEVILLE-SUR-MER
50085,93.12Z,PME,50290,BRICQUEVILLE-SUR-MER
50085,94.99Z,,50290,BRICQUEVILLE-SUR-MER
50085,95.22Z,PME,50290,BRICQUEVILLE-SUR-MER
50085,95.29Z,PME,50290,BRICQUEVILLE-SUR-MER
50085,96.02A,PME,50290,BRICQUEVILLE-SUR-MER
50085,96.09Z,PME,50290,BRICQUEVILLE-SUR-MER
50086,01.11Z,,50330,BRILLEVAST
50086,01.19Z,,50330,BRILLEVAST
50086,01.41Z,,50330,BRILLEVAST
50086,01.42Z,,50330,BRILLEVAST
50086,01.43Z,,50330,BRILLEVAST
50086,01.45Z,,50330,BRILLEVAST
50086,01.49Z,,50330,BRILLEVAST
50086,10.71C,,50330,BRILLEVAST
50086,32.13Z,,50330,BRILLEVAST
50086,43.32A,PME,50330,BRILLEVAST
50086,47.81Z,PME,50330,BRILLEVAST
50086,47.89Z,PME,50330,BRILLEVAST
50086,47.99A,,50330,BRILLEVAST
50086,47.99B,PME,50330,BRILLEVAST
50086,55.20Z,PME,50330,BRILLEVAST
50086,64.20Z,PME,50330,BRILLEVAST
50086,68.20A,,50330,BRILLEVAST
50086,68.20B,,50330,BRILLEVAST
50086,68.20B,PME,50330,BRILLEVAST
50086,70.22Z,,50330,BRILLEVAST
50086,81.30Z,,50330,BRILLEVAST
50086,84.11Z,PME,50330,BRILLEVAST
50086,94.99Z,,50330,BRILLEVAST
50086,96.02A,PME,50330,BRILLEVAST
50088,01.41Z,,50150,BROUAINS
50088,01.42Z,,50150,BROUAINS
50088,01.43Z,,50150,BROUAINS
50088,01.45Z,,50150,BROUAINS
50088,01.45Z,PME,50150,BROUAINS
50088,01.61Z,,50150,BROUAINS
50088,15.12Z,PME,50150,BROUAINS
50088,31.09B,PME,50150,BROUAINS
50088,32.99Z,PME,50150,BROUAINS
50088,35.11Z,PME,50150,BROUAINS
50088,43.21A,,50150,BROUAINS
50088,47.99A,PME,50150,BROUAINS
50088,68.20B,,50150,BROUAINS
50088,68.20B,PME,50150,BROUAINS
50088,77.29Z,PME,50150,BROUAINS
50088,81.21Z,,50150,BROUAINS
50088,81.30Z,,50150,BROUAINS
50088,81.30Z,PME,50150,BROUAINS
50088,84.11Z,PME,50150,BROUAINS
50088,85.51Z,PME,50150,BROUAINS
50088,85.52Z,PME,50150,BROUAINS
50088,90.03A,PME,50150,BROUAINS
50088,91.02Z,ETI,50150,BROUAINS
50088,91.03Z,,50150,BROUAINS
50088,93.12Z,,50150,BROUAINS
50088,94.99Z,,50150,BROUAINS
50088,94.99Z,PME,50150,BROUAINS
50092,01.11Z,,50200,CAMBERNON
50092,01.41Z,,50200,CAMBERNON
50092,01.42Z,,50200,CAMBERNON
50092,01.43Z,,50200,CAMBERNON
50092,01.45Z,,50200,CAMBERNON
50092,01.49Z,,50200,CAMBERNON
50092,01.61Z,,50200,CAMBERNON
50092,10.85Z,,50200,CAMBERNON
50092,13.92Z,PME,50200,CAMBERNON
50092,23.41Z,PME,50200,CAMBERNON
50092,35.11Z,ETI,50200,CAMBERNON
50092,35.11Z,GE,50200,CAMBERNON
50092,43.22A,PME,50200,CAMBERNON
50092,43.32A,PME,50200,CAMBERNON
50092,45.11Z,PME,50200,CAMBERNON
50092,47.91B,PME,50200,CAMBERNON
50092,47.99A,PME,50200,CAMBERNON
50092,55.20Z,PME,50200,CAMBERNON
50092,56.10C,PME,50200,CAMBERNON
50092,64.20Z,PME,50200,CAMBERNON
50092,66.30Z,,50200,CAMBERNON
50092,68.20A,,50200,CAMBERNON
50092,68.20B,,50200,CAMBERNON
50092,68.20B,PME,50200,CAMBERNON
50092,70.10Z,PME,50200,CAMBERNON
50092,70.22Z,,50200,CAMBERNON
50092,71.12B,PME,50200,CAMBERNON
50092,74.20Z,PME,50200,CAMBERNON
50092,82.99Z,,50200,CAMBERNON
50092,84.11Z,PME,50200,CAMBERNON
50092,84.12Z,PME,50200,CAMBERNON
50092,85.20Z,PME,50200,CAMBERNON
50092,85.52Z,PME,50200,CAMBERNON
50092,85.59B,,50200,CAMBERNON
50092,86.90D,PME,50200,CAMBERNON
50092,87.10A,PME,50200,CAMBERNON
50092,88.99B,PME,50200,CAMBERNON
50092,90.03A,PME,50200,CAMBERNON
50092,93.12Z,,50200,CAMBERNON
50092,94.99Z,,50200,CAMBERNON
50092,94.99Z,PME,50200,CAMBERNON
50092,96.09Z,PME,50200,CAMBERNON
50094,01.11Z,,50210,CAMPROND
50094,01.24Z,,50210,CAMPROND
50094,01.41Z,,50210,CAMPROND
50094,01.42Z,,50210,CAMPROND
50094,01.43Z,,50210,CAMPROND
50094,01.45Z,,50210,CAMPROND
50094,01.49Z,,50210,CAMPROND
50094,02.20Z,PME,50210,CAMPROND
50094,10.39B,PME,50210,CAMPROND
50094,35.11Z,PME,50210,CAMPROND
50094,43.32B,PME,50210,CAMPROND
50094,43.34Z,PME,50210,CAMPROND
50094,43.91A,PME,50210,CAMPROND
50094,45.11Z,PME,50210,CAMPROND
50094,46.22Z,ETI,50210,CAMPROND
50094,46.34Z,,50210,CAMPROND
50094,47.99A,,50210,CAMPROND
50094,47.99A,PME,50210,CAMPROND
50094,49.41A,PME,50210,CAMPROND
50094,52.10B,PME,50210,CAMPROND
50094,56.10A,PME,50210,CAMPROND
50094,56.29B,PME,50210,CAMPROND
50094,64.20Z,,50210,CAMPROND
50094,64.20Z,PME,50210,CAMPROND
50094,68.20A,PME,50210,CAMPROND
50094,68.20B,,50210,CAMPROND
50094,68.31Z,,50210,CAMPROND
50094,70.21Z,,50210,CAMPROND
50094,71.12A,PME,50210,CAMPROND
50094,74.20Z,PME,50210,CAMPROND
50094,81.21Z,,50210,CAMPROND
50094,82.11Z,,50210,CAMPROND
50094,84.11Z,PME,50210,CAMPROND
50094,85.20Z,PME,50210,CAMPROND
50094,85.52Z,,50210,CAMPROND
50094,94.99Z,,50210,CAMPROND
50094,96.02B,PME,50210,CAMPROND
50096,01.11Z,,50330,CANTELOUP
50096,01.41Z,,50330,CANTELOUP
50096,01.42Z,,50330,CANTELOUP
50096,01.47Z,,50330,CANTELOUP
50096,01.49Z,,50330,CANTELOUP
50096,01.49Z,PME,50330,CANTELOUP
50096,01.50Z,,50330,CANTELOUP
50096,13.92Z,,50330,CANTELOUP
50096,14.13Z,,50330,CANTELOUP
50096,16.29Z,,50330,CANTELOUP
50096,35.11Z,PME,50330,CANTELOUP
50096,43.29B,PME,50330,CANTELOUP
50096,47.81Z,PME,50330,CANTELOUP
50096,47.89Z,,50330,CANTELOUP
50096,47.99A,PME,50330,CANTELOUP
50096,61.90Z,PME,50330,CANTELOUP
50096,68.20A,,50330,CANTELOUP
50096,68.20B,,50330,CANTELOUP
50096,68.20B,PME,50330,CANTELOUP
50096,68.31Z,,50330,CANTELOUP
50096,81.30Z,,50330,CANTELOUP
50096,82.30Z,,50330,CANTELOUP
50096,84.11Z,PME,50330,CANTELOUP
50096,94.99Z,,50330,CANTELOUP
50096,96.02A,PME,50330,CANTELOUP
50096,96.09Z,PME,50330,CANTELOUP
50099,01.11Z,,50480,CARENTAN-LES-MARAIS
50099,01.11Z,,50500,CARENTAN-LES-MARAIS
50099,01.19Z,,50480,CARENTAN-LES-MARAIS
50099,01.19Z,,50500,CARENTAN-LES-MARAIS
50099,01.24Z,,50500,CARENTAN-LES-MARAIS
50099,01.30Z,,50500,CARENTAN-LES-MARAIS
50099,01.41Z,,50480,CARENTAN-LES-MARAIS
50099,01.41Z,,50500,CARENTAN-LES-MARAIS
50099,01.41Z,PME,50500,CARENTAN-LES-MARAIS
50099,01.42Z,,50480,CARENTAN-LES-MARAIS
50099,01.42Z,,50500,CARENTAN-LES-MARAIS
50099,01.42Z,PME,50500,CARENTAN-LES-MARAIS
50099,01.43Z,,50480,CARENTAN-LES-MARAIS
50099,01.43Z,,50500,CARENTAN-LES-MARAIS
50099,01.43Z,PME,50500,CARENTAN-LES-MARAIS
50099,01.45Z,,50500,CARENTAN-LES-MARAIS
50099,01.45Z,PME,50500,CARENTAN-LES-MARAIS
50099,01.46Z,,50480,CARENTAN-LES-MARAIS
50099,01.46Z,,50500,CARENTAN-LES-MARAIS
50099,01.47Z,,50500,CARENTAN-LES-MARAIS
50099,01.49Z,,50480,CARENTAN-LES-MARAIS
50099,01.49Z,,50500,CARENTAN-LES-MARAIS
50099,01.49Z,PME,50480,CARENTAN-LES-MARAIS
50099,01.50Z,,50480,CARENTAN-LES-MARAIS
50099,01.50Z,,50500,CARENTAN-LES-MARAIS
50099,01.61Z,,50480,CARENTAN-LES-MARAIS
50099,01.61Z,,50500,CARENTAN-LES-MARAIS
50099,01.62Z,,50500,CARENTAN-LES-MARAIS
50099,02.20Z,PME,50500,CARENTAN-LES-MARAIS
50099,02.40Z,,50500,CARENTAN-LES-MARAIS
50099,03.11Z,,50480,CARENTAN-LES-MARAIS
50099,03.11Z,,50500,CARENTAN-LES-MARAIS
50099,03.11Z,PME,50480,CARENTAN-LES-MARAIS
50099,03.12Z,,50480,CARENTAN-LES-MARAIS
50099,03.12Z,,50500,CARENTAN-LES-MARAIS
50099,03.21Z,,50500,CARENTAN-LES-MARAIS
50099,10.11Z,PME,50500,CARENTAN-LES-MARAIS
50099,10.20Z,GE,50500,CARENTAN-LES-MARAIS
50099,10.20Z,PME,50500,CARENTAN-LES-MARAIS
50099,10.71C,,50500,CARENTAN-LES-MARAIS
50099,10.71C,GE,50500,CARENTAN-LES-MARAIS
50099,10.71C,PME,50500,CARENTAN-LES-MARAIS
50099,10.71D,PME,50500,CARENTAN-LES-MARAIS
50099,10.82Z,ETI,50500,CARENTAN-LES-MARAIS
50099,10.85Z,ETI,50500,CARENTAN-LES-MARAIS
50099,10.85Z,PME,50500,CARENTAN-LES-MARAIS
50099,11.05Z,PME,50500,CARENTAN-LES-MARAIS
50099,13.92Z,PME,50500,CARENTAN-LES-MARAIS
50099,14.19Z,,50480,CARENTAN-LES-MARAIS
50099,14.19Z,PME,50500,CARENTAN-LES-MARAIS
50099,16.23Z,PME,50500,CARENTAN-LES-MARAIS
50099,17.29Z,,50500,CARENTAN-LES-MARAIS
50099,17.29Z,PME,50500,CARENTAN-LES-MARAIS
50099,18.12Z,PME,50500,CARENTAN-LES-MARAIS
50099,18.13Z,PME,50500,CARENTAN-LES-MARAIS
50099,23.12Z,GE,50500,CARENTAN-LES-MARAIS
50099,23.63Z,GE,50500,CARENTAN-LES-MARAIS
50099,23.69Z,PME,50500,CARENTAN-LES-MARAIS
50099,24.45Z,PME,50480,CARENTAN-LES-MARAIS
50099,24.52Z,PME,50480,CARENTAN-LES-MARAIS
50099,25.62B,PME,50500,CARENTAN-LES-MARAIS
50099,27.90Z,PME,50500,CARENTAN-LES-MARAIS
50099,28.14Z,PME,50500,CARENTAN-LES-MARAIS
50099,28.25Z,,50500,CARENTAN-LES-MARAIS
50099,28.25Z,ETI,50500,CARENTAN-LES-MARAIS
50099,28.30Z,PME,50500,CARENTAN-LES-MARAIS
50099,31.09A,PME,50500,CARENTAN-LES-MARAIS
50099,31.09B,PME,50480,CARENTAN-LES-MARAIS
50099,31.09B,PME,50500,CARENTAN-LES-MARAIS
50099,32.50A,PME,50500,CARENTAN-LES-MARAIS
50099,33.12Z,GE,50500,CARENTAN-LES-MARAIS
50099,33.14Z,ETI,50500,CARENTAN-LES-MARAIS
50099,33.15Z,PME,50500,CARENTAN-LES-MARAIS
50099,33.20A,,50500,CARENTAN-LES-MARAIS
50099,33.20A,ETI,50500,CARENTAN-LES-MARAIS
50099,33.20A,PME,50480,CARENTAN-LES-MARAIS
50099,33.20B,GE,50500,CARENTAN-LES-MARAIS
50099,33.20B,PME,50480,CARENTAN-LES-MARAIS
50099,33.20B,PME,50500,CARENTAN-LES-MARAIS
50099,33.20D,PME,50480,CARENTAN-LES-MARAIS
50099,35.11Z,,50500,CARENTAN-LES-MARAIS
50099,35.11Z,PME,50480,CARENTAN-LES-MARAIS
50099,35.11Z,PME,50500,CARENTAN-LES-MARAIS
50099,35.13Z,GE,50500,CARENTAN-LES-MARAIS
50099,36.00Z,PME,50500,CARENTAN-LES-MARAIS
50099,37.00Z,GE,50500,CARENTAN-LES-MARAIS
50099,37.00Z,PME,50500,CARENTAN-LES-MARAIS
50099,38.11Z,PME,50500,CARENTAN-LES-MARAIS
50099,38.21Z,PME,50480,CARENTAN-LES-MARAIS
50099,38.21Z,PME,50500,CARENTAN-LES-MARAIS
50099,38.32Z,PME,50500,CARENTAN-LES-MARAIS
50099,41.10A,PME,50500,CARENTAN-LES-MARAIS
50099,41.10C,PME,50500,CARENTAN-LES-MARAIS
50099,41.10D,PME,50500,CARENTAN-LES-MARAIS
50099,41.20A,PME,50500,CARENTAN-LES-MARAIS
50099,41.20B,PME,50500,CARENTAN-LES-MARAIS
50099,42.22Z,ETI,50500,CARENTAN-LES-MARAIS
50099,42.99Z,,50500,CARENTAN-LES-MARAIS
50099,42.99Z,PME,50500,CARENTAN-LES-MARAIS
50099,43.12A,,50500,CARENTAN-LES-MARAIS
50099,43.12A,PME,50480,CARENTAN-LES-MARAIS
50099,43.12A,PME,50500,CARENTAN-LES-MARAIS
50099,43.12B,,50500,CARENTAN-LES-MARAIS
50099,43.12B,PME,50500,CARENTAN-LES-MARAIS
50099,43.21A,,50480,CARENTAN-LES-MARAIS
50099,43.21A,PME,50500,CARENTAN-LES-MARAIS
50099,43.22A,PME,50500,CARENTAN-LES-MARAIS
50099,43.29A,PME,50500,CARENTAN-LES-MARAIS
50099,43.31Z,PME,50500,CARENTAN-LES-MARAIS
50099,43.32A,,50500,CARENTAN-LES-MARAIS
50099,43.32A,PME,50480,CARENTAN-LES-MARAIS
50099,43.32A,PME,50500,CARENTAN-LES-MARAIS
50099,43.32B,,50480,CARENTAN-LES-MARAIS
50099,43.32B,PME,50500,CARENTAN-LES-MARAIS
50099,43.33Z,,50500,CARENTAN-LES-MARAIS
50099,43.33Z,PME,50500,CARENTAN-LES-MARAIS
50099,43.34Z,PME,50480,CARENTAN-LES-MARAIS
50099,43.34Z,PME,50500,CARENTAN-LES-MARAIS
50099,43.39Z,,50500,CARENTAN-LES-MARAIS
50099,43.39Z,PME,50500,CARENTAN-LES-MARAIS
50099,43.91A,PME,50500,CARENTAN-LES-MARAIS
50099,43.91B,PME,50500,CARENTAN-LES-MARAIS
50099,43.99C,,50500,CARENTAN-LES-MARAIS
50099,43.99C,PME,50500,CARENTAN-LES-MARAIS
50099,43.99D,,50500,CARENTAN-LES-MARAIS
50099,43.99D,PME,50500,CARENTAN-LES-MARAIS
50099,45.11Z,,50500,CARENTAN-LES-MARAIS
50099,45.11Z,PME,50500,CARENTAN-LES-MARAIS
50099,45.19Z,PME,50500,CARENTAN-LES-MARAIS
50099,45.20A,,50480,CARENTAN-LES-MARAIS
50099,45.20A,,50500,CARENTAN-LES-MARAIS
50099,45.20A,PME,50480,CARENTAN-LES-MARAIS
50099,45.20A,PME,50500,CARENTAN-LES-MARAIS
50099,45.20B,PME,50480,CARENTAN-LES-MARAIS
50099,45.20B,PME,50500,CARENTAN-LES-MARAIS
50099,45.31Z,GE,50500,CARENTAN-LES-MARAIS
50099,45.31Z,PME,50500,CARENTAN-LES-MARAIS
50099,45.32Z,PME,50500,CARENTAN-LES-MARAIS
50099,45.40Z,PME,50500,CARENTAN-LES-MARAIS
50099,46.18Z,PME,50500,CARENTAN-LES-MARAIS
50099,46.19B,,50500,CARENTAN-LES-MARAIS
50099,46.19B,PME,50480,CARENTAN-LES-MARAIS
50099,46.19B,PME,50500,CARENTAN-LES-MARAIS
50099,46.21Z,GE,50500,CARENTAN-LES-MARAIS
50099,46.21Z,PME,50500,CARENTAN-LES-MARAIS
50099,46.23Z,PME,50480,CARENTAN-LES-MARAIS
50099,46.23Z,PME,50500,CARENTAN-LES-MARAIS
50099,46.24Z,PME,50500,CARENTAN-LES-MARAIS
50099,46.33Z,ETI,50500,CARENTAN-LES-MARAIS
50099,46.39B,PME,50500,CARENTAN-LES-MARAIS
50099,46.44Z,ETI,50500,CARENTAN-LES-MARAIS
50099,46.49Z,GE,50500,CARENTAN-LES-MARAIS
50099,46.49Z,PME,50500,CARENTAN-LES-MARAIS
50099,46.61Z,PME,50500,CARENTAN-LES-MARAIS
50099,46.63Z,ETI,50500,CARENTAN-LES-MARAIS
50099,46.63Z,PME,50500,CARENTAN-LES-MARAIS
50099,46.73A,,50500,CARENTAN-LES-MARAIS
50099,46.73A,GE,50500,CARENTAN-LES-MARAIS
50099,46.73A,PME,50500,CARENTAN-LES-MARAIS
50099,46.77Z,PME,50480,CARENTAN-LES-MARAIS
50099,46.90Z,ETI,50500,CARENTAN-LES-MARAIS
50099,46.90Z,PME,50500,CARENTAN-LES-MARAIS
50099,47.11B,PME,50500,CARENTAN-LES-MARAIS
50099,47.11C,PME,50480,CARENTAN-LES-MARAIS
50099,47.11C,PME,50500,CARENTAN-LES-MARAIS
50099,47.11D,GE,50500,CARENTAN-LES-MARAIS
50099,47.11D,PME,50500,CARENTAN-LES-MARAIS
50099,47.11F,PME,50500,CARENTAN-LES-MARAIS
50099,47.19B,PME,50500,CARENTAN-LES-MARAIS
50099,47.21Z,PME,50500,CARENTAN-LES-MARAIS
50099,47.22Z,,50500,CARENTAN-LES-MARAIS
50099,47.22Z,GE,50500,CARENTAN-LES-MARAIS
50099,47.22Z,PME,50500,CARENTAN-LES-MARAIS
50099,47.23Z,PME,50500,CARENTAN-LES-MARAIS
50099,47.24Z,PME,50500,CARENTAN-LES-MARAIS
50099,47.25Z,PME,50500,CARENTAN-LES-MARAIS
50099,47.29Z,,50480,CARENTAN-LES-MARAIS
50099,47.29Z,PME,50500,CARENTAN-LES-MARAIS
50099,47.30Z,ETI,50500,CARENTAN-LES-MARAIS
50099,47.30Z,GE,50500,CARENTAN-LES-MARAIS
50099,47.41Z,PME,50500,CARENTAN-LES-MARAIS
50099,47.42Z,PME,50500,CARENTAN-LES-MARAIS
50099,47.52A,PME,50500,CARENTAN-LES-MARAIS
50099,47.52B,GE,50500,CARENTAN-LES-MARAIS
50099,47.52B,PME,50500,CARENTAN-LES-MARAIS
50099,47.53Z,PME,50500,CARENTAN-LES-MARAIS
50099,47.54Z,PME,50500,CARENTAN-LES-MARAIS
50099,47.59A,GE,50500,CARENTAN-LES-MARAIS
50099,47.59A,PME,50480,CARENTAN-LES-MARAIS
50099,47.59B,PME,50500,CARENTAN-LES-MARAIS
50099,47.61Z,PME,50500,CARENTAN-LES-MARAIS
50099,47.62Z,PME,50500,CARENTAN-LES-MARAIS
50099,47.64Z,PME,50500,CARENTAN-LES-MARAIS
50099,47.65Z,PME,50500,CARENTAN-LES-MARAIS
50099,47.71Z,,50500,CARENTAN-LES-MARAIS
50099,47.71Z,ETI,50500,CARENTAN-LES-MARAIS
50099,47.71Z,PME,50500,CARENTAN-LES-MARAIS
50099,47.72A,ETI,50500,CARENTAN-LES-MARAIS
50099,47.72A,PME,50500,CARENTAN-LES-MARAIS
50099,47.73Z,PME,50500,CARENTAN-LES-MARAIS
50099,47.74Z,PME,50500,CARENTAN-LES-MARAIS
50099,47.75Z,,50500,CARENTAN-LES-MARAIS
50099,47.75Z,PME,50500,CARENTAN-LES-MARAIS
50099,47.76Z,PME,50500,CARENTAN-LES-MARAIS
50099,47.77Z,PME,50500,CARENTAN-LES-MARAIS
50099,47.78A,,50500,CARENTAN-LES-MARAIS
50099,47.78A,ETI,50500,CARENTAN-LES-MARAIS
50099,47.78A,PME,50500,CARENTAN-LES-MARAIS
50099,47.78B,PME,50480,CARENTAN-LES-MARAIS
50099,47.78B,PME,50500,CARENTAN-LES-MARAIS
50099,47.78C,,50500,CARENTAN-LES-MARAIS
50099,47.78C,PME,50500,CARENTAN-LES-MARAIS
50099,47.79Z,,50480,CARENTAN-LES-MARAIS
50099,47.79Z,PME,50500,CARENTAN-LES-MARAIS
50099,47.81Z,,50500,CARENTAN-LES-MARAIS
50099,47.81Z,PME,50480,CARENTAN-LES-MARAIS
50099,47.81Z,PME,50500,CARENTAN-LES-MARAIS
50099,47.82Z,PME,50500,CARENTAN-LES-MARAIS
50099,47.89Z,,50500,CARENTAN-LES-MARAIS
50099,47.89Z,PME,50480,CARENTAN-LES-MARAIS
50099,47.89Z,PME,50500,CARENTAN-LES-MARAIS
50099,47.91A,PME,50500,CARENTAN-LES-MARAIS
50099,47.91B,,50480,CARENTAN-LES-MARAIS
50099,47.91B,,50500,CARENTAN-LES-MARAIS
50099,47.91B,PME,50500,CARENTAN-LES-MARAIS
50099,47.99A,,50500,CARENTAN-LES-MARAIS
50099,47.99A,PME,50480,CARENTAN-LES-MARAIS
50099,47.99A,PME,50500,CARENTAN-LES-MARAIS
50099,49.10Z,GE,50500,CARENTAN-LES-MARAIS
50099,49.32Z,,50500,CARENTAN-LES-MARAIS
50099,49.32Z,PME,50480,CARENTAN-LES-MARAIS
50099,49.32Z,PME,50500,CARENTAN-LES-MARAIS
50099,49.39A,PME,50500,CARENTAN-LES-MARAIS
50099,49.41A,ETI,50500,CARENTAN-LES-MARAIS
50099,49.41A,PME,50500,CARENTAN-LES-MARAIS
50099,49.41B,PME,50500,CARENTAN-LES-MARAIS
50099,50.30Z,PME,50500,CARENTAN-LES-MARAIS
50099,52.10B,GE,50500,CARENTAN-LES-MARAIS
50099,52.10B,PME,50500,CARENTAN-LES-MARAIS
50099,52.21Z,GE,50500,CARENTAN-LES-MARAIS
50099,52.21Z,PME,50500,CARENTAN-LES-MARAIS
50099,52.24A,,50500,CARENTAN-LES-MARAIS
50099,53.10Z,GE,50500,CARENTAN-LES-MARAIS
50099,53.20Z,GE,50500,CARENTAN-LES-MARAIS
50099,55.10Z,PME,50500,CARENTAN-LES-MARAIS
50099,55.20Z,,50500,CARENTAN-LES-MARAIS
50099,55.20Z,PME,50480,CARENTAN-LES-MARAIS
50099,55.20Z,PME,50500,CARENTAN-LES-MARAIS
50099,55.30Z,PME,50500,CARENTAN-LES-MARAIS
50099,56.10A,,50500,CARENTAN-LES-MARAIS
50099,56.10A,PME,50500,CARENTAN-LES-MARAIS
50099,56.10C,,50480,CARENTAN-LES-MARAIS
50099,56.10C,,50500,CARENTAN-LES-MARAIS
50099,56.10C,PME,50500,CARENTAN-LES-MARAIS
50099,56.21Z,PME,50500,CARENTAN-LES-MARAIS
50099,56.29B,,50500,CARENTAN-LES-MARAIS
50099,56.30Z,,50480,CARENTAN-LES-MARAIS
50099,56.30Z,,50500,CARENTAN-LES-MARAIS
50099,56.30Z,PME,50480,CARENTAN-LES-MARAIS
50099,56.30Z,PME,50500,CARENTAN-LES-MARAIS
50099,58.11Z,PME,50500,CARENTAN-LES-MARAIS
50099,58.14Z,,50500,CARENTAN-LES-MARAIS
50099,59.12Z,PME,50500,CARENTAN-LES-MARAIS
50099,59.14Z,PME,50480,CARENTAN-LES-MARAIS
50099,61.10Z,GE,50500,CARENTAN-LES-MARAIS
50099,62.01Z,,50500,CARENTAN-LES-MARAIS
50099,62.01Z,PME,50500,CARENTAN-LES-MARAIS
50099,62.02A,PME,50500,CARENTAN-LES-MARAIS
50099,63.11Z,PME,50480,CARENTAN-LES-MARAIS
50099,63.11Z,PME,50500,CARENTAN-LES-MARAIS
50099,64.19Z,GE,50500,CARENTAN-LES-MARAIS
50099,64.20Z,,50500,CARENTAN-LES-MARAIS
50099,64.20Z,PME,50500,CARENTAN-LES-MARAIS
50099,64.30Z,PME,50500,CARENTAN-LES-MARAIS
50099,64.99Z,PME,50500,CARENTAN-LES-MARAIS
50099,65.12Z,GE,50500,CARENTAN-LES-MARAIS
50099,66.19A,,50480,CARENTAN-LES-MARAIS
50099,66.19A,,50500,CARENTAN-LES-MARAIS
50099,66.19B,PME,50500,CARENTAN-LES-MARAIS
50099,66.22Z,PME,50500,CARENTAN-LES-MARAIS
50099,66.30Z,,50480,CARENTAN-LES-MARAIS
50099,66.30Z,,50500,CARENTAN-LES-MARAIS
50099,66.30Z,PME,50500,CARENTAN-LES-MARAIS
50099,68.10Z,,50480,CARENTAN-LES-MARAIS
50099,68.10Z,PME,50500,CARENTAN-LES-MARAIS
50099,68.20A,,50480,CARENTAN-LES-MARAIS
50099,68.20A,,50500,CARENTAN-LES-MARAIS
50099,68.20A,PME,50480,CARENTAN-LES-MARAIS
50099,68.20A,PME,50500,CARENTAN-LES-MARAIS
50099,68.20B,,50480,CARENTAN-LES-MARAIS
50099,68.20B,,50500,CARENTAN-LES-MARAIS
50099,68.20B,ETI,50500,CARENTAN-LES-MARAIS
50099,68.20B,GE,50500,CARENTAN-LES-MARAIS
50099,68.20B,PME,50480,CARENTAN-LES-MARAIS
50099,68.20B,PME,50500,CARENTAN-LES-MARAIS
50099,68.31Z,,50480,CARENTAN-LES-MARAIS
50099,68.31Z,,50500,CARENTAN-LES-MARAIS
50099,68.31Z,PME,50500,CARENTAN-LES-MARAIS
50099,68.32A,,50500,CARENTAN-LES-MARAIS
50099,68.32A,PME,50500,CARENTAN-LES-MARAIS
50099,68.32B,PME,50500,CARENTAN-LES-MARAIS
50099,69.10Z,PME,50500,CARENTAN-LES-MARAIS
50099,69.20Z,ETI,50500,CARENTAN-LES-MARAIS
50099,69.20Z,PME,50500,CARENTAN-LES-MARAIS
50099,70.10Z,,50480,CARENTAN-LES-MARAIS
50099,70.10Z,,50500,CARENTAN-LES-MARAIS
50099,70.10Z,PME,50500,CARENTAN-LES-MARAIS
50099,70.21Z,,50480,CARENTAN-LES-MARAIS
50099,70.21Z,,50500,CARENTAN-LES-MARAIS
50099,70.21Z,PME,50500,CARENTAN-LES-MARAIS
50099,70.22Z,,50500,CARENTAN-LES-MARAIS
50099,70.22Z,PME,50500,CARENTAN-LES-MARAIS
50099,71.11Z,PME,50500,CARENTAN-LES-MARAIS
50099,71.12A,PME,50500,CARENTAN-LES-MARAIS
50099,71.12B,PME,50500,CARENTAN-LES-MARAIS
50099,71.20A,PME,50480,CARENTAN-LES-MARAIS
50099,71.20A,PME,50500,CARENTAN-LES-MARAIS
50099,71.20B,,50500,CARENTAN-LES-MARAIS
50099,71.20B,PME,50500,CARENTAN-LES-MARAIS
50099,74.10Z,PME,50500,CARENTAN-LES-MARAIS
50099,74.20Z,,50500,CARENTAN-LES-MARAIS
50099,74.20Z,PME,50500,CARENTAN-LES-MARAIS
50099,74.30Z,PME,50500,CARENTAN-LES-MARAIS
50099,74.90A,PME,50500,CARENTAN-LES-MARAIS
50099,74.90B,PME,50480,CARENTAN-LES-MARAIS
50099,75.00Z,PME,50500,CARENTAN-LES-MARAIS
50099,77.11A,PME,50500,CARENTAN-LES-MARAIS
50099,77.12Z,PME,50500,CARENTAN-LES-MARAIS
50099,77.29Z,,50500,CARENTAN-LES-MARAIS
50099,77.31Z,PME,50500,CARENTAN-LES-MARAIS
50099,77.39Z,,50500,CARENTAN-LES-MARAIS
50099,77.39Z,PME,50500,CARENTAN-LES-MARAIS
50099,78.20Z,GE,50500,CARENTAN-LES-MARAIS
50099,78.20Z,PME,50500,CARENTAN-LES-MARAIS
50099,78.30Z,PME,50480,CARENTAN-LES-MARAIS
50099,78.30Z,PME,50500,CARENTAN-LES-MARAIS
50099,79.11Z,ETI,50500,CARENTAN-LES-MARAIS
50099,79.12Z,,50500,CARENTAN-LES-MARAIS
50099,79.90Z,PME,50480,CARENTAN-LES-MARAIS
50099,79.90Z,PME,50500,CARENTAN-LES-MARAIS
50099,80.10Z,PME,50500,CARENTAN-LES-MARAIS
50099,81.10Z,,50500,CARENTAN-LES-MARAIS
50099,81.10Z,PME,50500,CARENTAN-LES-MARAIS
50099,81.21Z,,50500,CARENTAN-LES-MARAIS
50099,81.21Z,PME,50480,CARENTAN-LES-MARAIS
50099,81.21Z,PME,50500,CARENTAN-LES-MARAIS
50099,81.22Z,,50500,CARENTAN-LES-MARAIS
50099,81.22Z,PME,50500,CARENTAN-LES-MARAIS
50099,81.29B,PME,50500,CARENTAN-LES-MARAIS
50099,81.30Z,,50500,CARENTAN-LES-MARAIS
50099,81.30Z,PME,50480,CARENTAN-LES-MARAIS
50099,81.30Z,PME,50500,CARENTAN-LES-MARAIS
50099,82.11Z,,50500,CARENTAN-LES-MARAIS
50099,82.11Z,PME,50480,CARENTAN-LES-MARAIS
50099,82.11Z,PME,50500,CARENTAN-LES-MARAIS
50099,82.19Z,,50500,CARENTAN-LES-MARAIS
50099,82.19Z,PME,50500,CARENTAN-LES-MARAIS
50099,82.30Z,PME,50500,CARENTAN-LES-MARAIS
50099,82.99Z,PME,50500,CARENTAN-LES-MARAIS
50099,84.11Z,,50500,CARENTAN-LES-MARAIS
50099,84.11Z,ETI,50500,CARENTAN-LES-MARAIS
50099,84.11Z,PME,50480,CARENTAN-LES-MARAIS
50099,84.11Z,PME,50500,CARENTAN-LES-MARAIS
50099,84.12Z,PME,50500,CARENTAN-LES-MARAIS
50099,84.13Z,PME,50500,CARENTAN-LES-MARAIS
50099,85.20Z,PME,50500,CARENTAN-LES-MARAIS
50099,85.31Z,PME,50500,CARENTAN-LES-MARAIS
50099,85.51Z,,50500,CARENTAN-LES-MARAIS
50099,85.51Z,PME,50500,CARENTAN-LES-MARAIS
50099,85.52Z,PME,50500,CARENTAN-LES-MARAIS
50099,85.53Z,PME,50500,CARENTAN-LES-MARAIS
50099,85.59A,ETI,50500,CARENTAN-LES-MARAIS
50099,85.59A,PME,50500,CARENTAN-LES-MARAIS
50099,85.59B,PME,50500,CARENTAN-LES-MARAIS
50099,86.10Z,,50500,CARENTAN-LES-MARAIS
50099,86.10Z,ETI,50500,CARENTAN-LES-MARAIS
50099,86.21Z,,50500,CARENTAN-LES-MARAIS
50099,86.21Z,PME,50500,CARENTAN-LES-MARAIS
50099,86.22A,PME,50480,CARENTAN-LES-MARAIS
50099,86.22A,PME,50500,CARENTAN-LES-MARAIS
50099,86.22B,PME,50500,CARENTAN-LES-MARAIS
50099,86.22C,PME,50500,CARENTAN-LES-MARAIS
50099,86.23Z,PME,50500,CARENTAN-LES-MARAIS
50099,86.90A,PME,50500,CARENTAN-LES-MARAIS
50099,86.90B,GE,50500,CARENTAN-LES-MARAIS
50099,86.90D,,50500,CARENTAN-LES-MARAIS
50099,86.90D,ETI,50500,CARENTAN-LES-MARAIS
50099,86.90D,PME,50500,CARENTAN-LES-MARAIS
50099,86.90E,,50500,CARENTAN-LES-MARAIS
50099,86.90E,PME,50500,CARENTAN-LES-MARAIS
50099,86.90F,,50500,CARENTAN-LES-MARAIS
50099,86.90F,PME,50500,CARENTAN-LES-MARAIS
50099,87.10A,ETI,50500,CARENTAN-LES-MARAIS
50099,87.10C,ETI,50500,CARENTAN-LES-MARAIS
50099,88.10A,ETI,50500,CARENTAN-LES-MARAIS
50099,88.10A,PME,50500,CARENTAN-LES-MARAIS
50099,88.10C,ETI,50500,CARENTAN-LES-MARAIS
50099,88.10C,PME,50500,CARENTAN-LES-MARAIS
50099,88.91A,PME,50500,CARENTAN-LES-MARAIS
50099,88.99B,,50500,CARENTAN-LES-MARAIS
50099,88.99B,ETI,50500,CARENTAN-LES-MARAIS
50099,88.99B,PME,50500,CARENTAN-LES-MARAIS
50099,90.01Z,,50500,CARENTAN-LES-MARAIS
50099,90.01Z,PME,50480,CARENTAN-LES-MARAIS
50099,90.01Z,PME,50500,CARENTAN-LES-MARAIS
50099,90.02Z,,50500,CARENTAN-LES-MARAIS
50099,90.03A,,50500,CARENTAN-LES-MARAIS
50099,90.03A,PME,50500,CARENTAN-LES-MARAIS
50099,90.03B,,50480,CARENTAN-LES-MARAIS
50099,90.03B,,50500,CARENTAN-LES-MARAIS
50099,90.03B,PME,50500,CARENTAN-LES-MARAIS
50099,90.04Z,,50500,CARENTAN-LES-MARAIS
50099,91.02Z,PME,50500,CARENTAN-LES-MARAIS
50099,91.03Z,,50500,CARENTAN-LES-MARAIS
50099,92.00Z,PME,50500,CARENTAN-LES-MARAIS
50099,93.12Z,,50500,CARENTAN-LES-MARAIS
50099,93.12Z,PME,50500,CARENTAN-LES-MARAIS
50099,93.13Z,PME,50500,CARENTAN-LES-MARAIS
50099,93.19Z,,50480,CARENTAN-LES-MARAIS
50099,93.19Z,,50500,CARENTAN-LES-MARAIS
50099,93.19Z,PME,50500,CARENTAN-LES-MARAIS
50099,93.21Z,PME,50500,CARENTAN-LES-MARAIS
50099,93.29Z,,50480,CARENTAN-LES-MARAIS
50099,93.29Z,,50500,CARENTAN-LES-MARAIS
50099,93.29Z,PME,50480,CARENTAN-LES-MARAIS
50099,93.29Z,PME,50500,CARENTAN-LES-MARAIS
50099,94.20Z,,50500,CARENTAN-LES-MARAIS
50099,94.20Z,PME,50500,CARENTAN-LES-MARAIS
50099,94.91Z,PME,50500,CARENTAN-LES-MARAIS
50099,94.99Z,,50480,CARENTAN-LES-MARAIS
50099,94.99Z,,50500,CARENTAN-LES-MARAIS
50099,94.99Z,PME,50480,CARENTAN-LES-MARAIS
50099,94.99Z,PME,50500,CARENTAN-LES-MARAIS
50099,95.11Z,,50500,CARENTAN-LES-MARAIS
50099,95.11Z,PME,50500,CARENTAN-LES-MARAIS
50099,95.22Z,PME,50500,CARENTAN-LES-MARAIS
50099,95.24Z,PME,50500,CARENTAN-LES-MARAIS
50099,95.29Z,PME,50480,CARENTAN-LES-MARAIS
50099,95.29Z,PME,50500,CARENTAN-LES-MARAIS
50099,96.01A,,50500,CARENTAN-LES-MARAIS
50099,96.01B,PME,50500,CARENTAN-LES-MARAIS
50099,96.02A,PME,50500,CARENTAN-LES-MARAIS
50099,96.02B,PME,50500,CARENTAN-LES-MARAIS
50099,96.03Z,GE,50500,CARENTAN-LES-MARAIS
50099,96.03Z,PME,50500,CARENTAN-LES-MARAIS
50099,96.09Z,,50480,CARENTAN-LES-MARAIS
50099,96.09Z,,50500,CARENTAN-LES-MARAIS
50099,96.09Z,PME,50500,CARENTAN-LES-MARAIS
50101,01.11Z,,50330,CARNEVILLE
50101,01.13Z,,50330,CARNEVILLE
50101,01.41Z,,50330,CARNEVILLE
50101,01.42Z,,50330,CARNEVILLE
50101,01.43Z,,50330,CARNEVILLE
50101,01.45Z,,50330,CARNEVILLE
50101,01.46Z,,50330,CARNEVILLE
50101,01.47Z,,50330,CARNEVILLE
50101,01.49Z,,50330,CARNEVILLE
50101,35.11Z,PME,50330,CARNEVILLE
50101,43.34Z,PME,50330,CARNEVILLE
50101,43.99C,PME,50330,CARNEVILLE
50101,47.79Z,PME,50330,CARNEVILLE
50101,59.11C,PME,50330,CARNEVILLE
50101,66.19B,,50330,CARNEVILLE
50101,68.20A,,50330,CARNEVILLE
50101,68.20B,,50330,CARNEVILLE
50101,68.20B,PME,50330,CARNEVILLE
50101,81.29B,PME,50330,CARNEVILLE
50101,82.99Z,PME,50330,CARNEVILLE
50101,84.11Z,PME,50330,CARNEVILLE
50101,90.03B,PME,50330,CARNEVILLE
50101,91.03Z,,50330,CARNEVILLE
50101,93.29Z,PME,50330,CARNEVILLE
50101,94.99Z,,50330,CARNEVILLE
50101,95.29Z,PME,50330,CARNEVILLE
50102,01.11Z,,50740,CAROLLES
50102,01.13Z,,50740,CAROLLES
50102,01.41Z,,50740,CAROLLES
50102,01.42Z,,50740,CAROLLES
50102,01.43Z,,50740,CAROLLES
50102,10.71C,PME,50740,CAROLLES
50102,31.09B,PME,50740,CAROLLES
50102,32.99Z,,50740,CAROLLES
50102,32.99Z,PME,50740,CAROLLES
50102,33.20A,PME,50740,CAROLLES
50102,42.99Z,,50740,CAROLLES
50102,43.21A,PME,50740,CAROLLES
50102,43.22B,PME,50740,CAROLLES
50102,43.32A,PME,50740,CAROLLES
50102,43.91B,PME,50740,CAROLLES
50102,45.20A,,50740,CAROLLES
50102,45.20A,PME,50740,CAROLLES
50102,47.11B,PME,50740,CAROLLES
50102,47.22Z,PME,50740,CAROLLES
50102,47.59B,PME,50740,CAROLLES
50102,47.78C,PME,50740,CAROLLES
50102,47.79Z,PME,50740,CAROLLES
50102,47.99A,PME,50740,CAROLLES
50102,49.32Z,,50740,CAROLLES
50102,55.20Z,,50740,CAROLLES
50102,55.20Z,ETI,50740,CAROLLES
50102,55.20Z,PME,50740,CAROLLES
50102,55.30Z,PME,50740,CAROLLES
50102,56.10A,,50740,CAROLLES
50102,56.10A,PME,50740,CAROLLES
50102,56.10C,PME,50740,CAROLLES
50102,56.21Z,PME,50740,CAROLLES
50102,56.29A,ETI,50740,CAROLLES
50102,56.30Z,,50740,CAROLLES
50102,58.19Z,PME,50740,CAROLLES
50102,62.02A,PME,50740,CAROLLES
50102,66.19A,PME,50740,CAROLLES
50102,66.30Z,PME,50740,CAROLLES
50102,68.10Z,PME,50740,CAROLLES
50102,68.20A,,50740,CAROLLES
50102,68.20A,PME,50740,CAROLLES
50102,68.20B,,50740,CAROLLES
50102,68.20B,PME,50740,CAROLLES
50102,68.31Z,PME,50740,CAROLLES
50102,70.10Z,,50740,CAROLLES
50102,70.10Z,PME,50740,CAROLLES
50102,70.21Z,PME,50740,CAROLLES
50102,70.22Z,PME,50740,CAROLLES
50102,71.11Z,PME,50740,CAROLLES
50102,71.12B,PME,50740,CAROLLES
50102,74.20Z,,50740,CAROLLES
50102,74.20Z,PME,50740,CAROLLES
50102,74.90B,PME,50740,CAROLLES
50102,79.90Z,,50740,CAROLLES
50102,79.90Z,PME,50740,CAROLLES
50102,81.10Z,,50740,CAROLLES
50102,81.21Z,,50740,CAROLLES
50102,81.30Z,PME,50740,CAROLLES
50102,82.19Z,,50740,CAROLLES
50102,84.11Z,PME,50740,CAROLLES
50102,85.20Z,PME,50740,CAROLLES
50102,85.51Z,PME,50740,CAROLLES
50102,85.52Z,PME,50740,CAROLLES
50102,85.59B,,50740,CAROLLES
50102,85.59B,PME,50740,CAROLLES
50102,86.21Z,PME,50740,CAROLLES
50102,86.90D,PME,50740,CAROLLES
50102,86.90E,PME,50740,CAROLLES
50102,88.10A,,50740,CAROLLES
50102,88.10A,PME,50740,CAROLLES
50102,90.01Z,,50740,CAROLLES
50102,90.01Z,PME,50740,CAROLLES
50102,90.02Z,,50740,CAROLLES
50102,90.03A,PME,50740,CAROLLES
50102,91.02Z,,50740,CAROLLES
50102,93.12Z,,50740,CAROLLES
50102,93.19Z,,50740,CAROLLES
50102,93.19Z,PME,50740,CAROLLES
50102,94.91Z,,50740,CAROLLES
50102,94.99Z,,50740,CAROLLES
50102,95.29Z,PME,50740,CAROLLES
50102,96.02A,PME,50740,CAROLLES
50102,96.02B,,50740,CAROLLES
50102,96.09Z,,50740,CAROLLES
50102,96.09Z,PME,50740,CAROLLES
50105,01.11Z,,50390,CATTEVILLE
50105,01.41Z,,50390,CATTEVILLE
50105,01.42Z,,50390,CATTEVILLE
50105,01.46Z,,50390,CATTEVILLE
50105,01.49Z,,50390,CATTEVILLE
50105,01.50Z,,50390,CATTEVILLE
50105,01.61Z,,50390,CATTEVILLE
50105,41.10D,PME,50390,CATTEVILLE
50105,43.32A,PME,50390,CATTEVILLE
50105,43.99C,PME,50390,CATTEVILLE
50105,46.19B,PME,50390,CATTEVILLE
50105,55.20Z,PME,50390,CATTEVILLE
50105,68.20A,,50390,CATTEVILLE
50105,68.20B,,50390,CATTEVILLE
50105,68.20B,PME,50390,CATTEVILLE
50105,70.10Z,,50390,CATTEVILLE
50105,71.11Z,PME,50390,CATTEVILLE
50105,74.90B,PME,50390,CATTEVILLE
50105,81.30Z,PME,50390,CATTEVILLE
50105,84.11Z,PME,50390,CATTEVILLE
50105,90.03A,PME,50390,CATTEVILLE
50108,01.11Z,,50220,CEAUX
50108,01.13Z,,50220,CEAUX
50108,01.24Z,,50220,CEAUX
50108,01.41Z,,50220,CEAUX
50108,01.42Z,,50220,CEAUX
50108,01.43Z,,50220,CEAUX
50108,01.45Z,,50220,CEAUX
50108,01.50Z,,50220,CEAUX
50108,01.61Z,,50220,CEAUX
50108,10.71B,PME,50220,CEAUX
50108,31.09B,PME,50220,CEAUX
50108,33.12Z,,50220,CEAUX
50108,37.00Z,PME,50220,CEAUX
50108,43.21A,PME,50220,CEAUX
50108,43.32A,PME,50220,CEAUX
50108,43.32C,,50220,CEAUX
50108,43.39Z,PME,50220,CEAUX
50108,43.99C,PME,50220,CEAUX
50108,47.25Z,PME,50220,CEAUX
50108,47.81Z,,50220,CEAUX
50108,47.81Z,PME,50220,CEAUX
50108,47.89Z,PME,50220,CEAUX
50108,47.91A,,50220,CEAUX
50108,47.99A,PME,50220,CEAUX
50108,49.39A,PME,50220,CEAUX
50108,55.10Z,,50220,CEAUX
50108,55.10Z,PME,50220,CEAUX
50108,55.20Z,,50220,CEAUX
50108,55.20Z,PME,50220,CEAUX
50108,55.30Z,PME,50220,CEAUX
50108,56.10C,,50220,CEAUX
50108,64.20Z,PME,50220,CEAUX
50108,68.20A,,50220,CEAUX
50108,68.20A,PME,50220,CEAUX
50108,68.20B,,50220,CEAUX
50108,68.20B,PME,50220,CEAUX
50108,68.31Z,PME,50220,CEAUX
50108,69.10Z,PME,50220,CEAUX
50108,70.21Z,,50220,CEAUX
50108,70.22Z,PME,50220,CEAUX
50108,71.20B,,50220,CEAUX
50108,84.11Z,PME,50220,CEAUX
50108,84.12Z,PME,50220,CEAUX
50108,85.20Z,PME,50220,CEAUX
50108,85.52Z,PME,50220,CEAUX
50108,85.59B,PME,50220,CEAUX
50108,90.01Z,,50220,CEAUX
50108,90.03A,PME,50220,CEAUX
50108,90.03B,,50220,CEAUX
50108,93.19Z,,50220,CEAUX
50108,93.19Z,PME,50220,CEAUX
50108,93.29Z,PME,50220,CEAUX
50108,94.99Z,,50220,CEAUX
50108,96.04Z,PME,50220,CEAUX
50111,01.11Z,,50210,CERISY-LA-SALLE
50111,01.41Z,,50210,CERISY-LA-SALLE
50111,01.42Z,,50210,CERISY-LA-SALLE
50111,01.43Z,,50210,CERISY-LA-SALLE
50111,01.45Z,,50210,CERISY-LA-SALLE
50111,01.49Z,,50210,CERISY-LA-SALLE
50111,01.61Z,,50210,CERISY-LA-SALLE
50111,10.71C,PME,50210,CERISY-LA-SALLE
50111,14.13Z,,50210,CERISY-LA-SALLE
50111,14.13Z,PME,50210,CERISY-LA-SALLE
50111,23.70Z,,50210,CERISY-LA-SALLE
50111,32.20Z,,50210,CERISY-LA-SALLE
50111,33.12Z,PME,50210,CERISY-LA-SALLE
50111,33.20D,PME,50210,CERISY-LA-SALLE
50111,35.11Z,,50210,CERISY-LA-SALLE
50111,35.11Z,ETI,50210,CERISY-LA-SALLE
50111,35.11Z,PME,50210,CERISY-LA-SALLE
50111,38.21Z,PME,50210,CERISY-LA-SALLE
50111,43.12A,PME,50210,CERISY-LA-SALLE
50111,43.21A,PME,50210,CERISY-LA-SALLE
50111,43.32A,PME,50210,CERISY-LA-SALLE
50111,43.34Z,PME,50210,CERISY-LA-SALLE
50111,43.99C,,50210,CERISY-LA-SALLE
50111,43.99C,PME,50210,CERISY-LA-SALLE
50111,45.20A,PME,50210,CERISY-LA-SALLE
50111,46.19B,PME,50210,CERISY-LA-SALLE
50111,47.11B,PME,50210,CERISY-LA-SALLE
50111,47.22Z,PME,50210,CERISY-LA-SALLE
50111,47.73Z,PME,50210,CERISY-LA-SALLE
50111,47.76Z,PME,50210,CERISY-LA-SALLE
50111,47.91B,PME,50210,CERISY-LA-SALLE
50111,47.99A,PME,50210,CERISY-LA-SALLE
50111,49.41A,PME,50210,CERISY-LA-SALLE
50111,55.20Z,PME,50210,CERISY-LA-SALLE
50111,56.30Z,,50210,CERISY-LA-SALLE
50111,62.01Z,PME,50210,CERISY-LA-SALLE
50111,63.91Z,PME,50210,CERISY-LA-SALLE
50111,64.19Z,GE,50210,CERISY-LA-SALLE
50111,66.19A,PME,50210,CERISY-LA-SALLE
50111,68.20A,,50210,CERISY-LA-SALLE
50111,68.20A,PME,50210,CERISY-LA-SALLE
50111,68.20B,,50210,CERISY-LA-SALLE
50111,68.20B,PME,50210,CERISY-LA-SALLE
50111,69.10Z,PME,50210,CERISY-LA-SALLE
50111,70.10Z,,50210,CERISY-LA-SALLE
50111,73.20Z,PME,50210,CERISY-LA-SALLE
50111,74.20Z,PME,50210,CERISY-LA-SALLE
50111,75.00Z,PME,50210,CERISY-LA-SALLE
50111,77.11A,PME,50210,CERISY-LA-SALLE
50111,82.19Z,,50210,CERISY-LA-SALLE
50111,84.11Z,PME,50210,CERISY-LA-SALLE
50111,84.12Z,PME,50210,CERISY-LA-SALLE
50111,85.20Z,PME,50210,CERISY-LA-SALLE
50111,85.31Z,PME,50210,CERISY-LA-SALLE
50111,85.51Z,,50210,CERISY-LA-SALLE
50111,85.53Z,PME,50210,CERISY-LA-SALLE
50111,86.10Z,ETI,50210,CERISY-LA-SALLE
50111,86.21Z,PME,50210,CERISY-LA-SALLE
50111,86.90D,PME,50210,CERISY-LA-SALLE
50111,86.90E,PME,50210,CERISY-LA-SALLE
50111,87.30A,PME,50210,CERISY-LA-SALLE
50111,88.91A,,50210,CERISY-LA-SALLE
50111,88.91A,ETI,50210,CERISY-LA-SALLE
50111,88.99B,,50210,CERISY-LA-SALLE
50111,88.99B,PME,50210,CERISY-LA-SALLE
50111,90.01Z,PME,50210,CERISY-LA-SALLE
50111,93.12Z,,50210,CERISY-LA-SALLE
50111,93.12Z,PME,50210,CERISY-LA-SALLE
50111,93.19Z,,50210,CERISY-LA-SALLE
50111,93.29Z,,50210,CERISY-LA-SALLE
50111,93.29Z,PME,50210,CERISY-LA-SALLE
50111,94.91Z,,50210,CERISY-LA-SALLE
50111,94.91Z,PME,50210,CERISY-LA-SALLE
50111,94.99Z,,50210,CERISY-LA-SALLE
50111,94.99Z,PME,50210,CERISY-LA-SALLE
50111,95.22Z,PME,50210,CERISY-LA-SALLE
50111,96.02A,PME,50210,CERISY-LA-SALLE
50111,96.09Z,,50210,CERISY-LA-SALLE
50111,96.09Z,PME,50210,CERISY-LA-SALLE
50112,01.11Z,,50370,LA CHAISE-BAUDOUIN
50112,01.13Z,,50370,LA CHAISE-BAUDOUIN
50112,01.25Z,,50370,LA CHAISE-BAUDOUIN
50112,01.30Z,,50370,LA CHAISE-BAUDOUIN
50112,01.41Z,,50370,LA CHAISE-BAUDOUIN
50112,01.42Z,,50370,LA CHAISE-BAUDOUIN
50112,01.43Z,,50370,LA CHAISE-BAUDOUIN
50112,01.45Z,,50370,LA CHAISE-BAUDOUIN
50112,01.50Z,,50370,LA CHAISE-BAUDOUIN
50112,01.62Z,,50370,LA CHAISE-BAUDOUIN
50112,25.50A,PME,50370,LA CHAISE-BAUDOUIN
50112,35.11Z,PME,50370,LA CHAISE-BAUDOUIN
50112,36.00Z,PME,50370,LA CHAISE-BAUDOUIN
50112,43.22A,PME,50370,LA CHAISE-BAUDOUIN
50112,43.33Z,PME,50370,LA CHAISE-BAUDOUIN
50112,45.20A,PME,50370,LA CHAISE-BAUDOUIN
50112,47.11B,PME,50370,LA CHAISE-BAUDOUIN
50112,47.91B,,50370,LA CHAISE-BAUDOUIN
50112,47.99A,PME,50370,LA CHAISE-BAUDOUIN
50112,55.10Z,PME,50370,LA CHAISE-BAUDOUIN
50112,55.20Z,,50370,LA CHAISE-BAUDOUIN
50112,56.21Z,,50370,LA CHAISE-BAUDOUIN
50112,58.14Z,,50370,LA CHAISE-BAUDOUIN
50112,62.01Z,,50370,LA CHAISE-BAUDOUIN
50112,68.20B,,50370,LA CHAISE-BAUDOUIN
50112,68.20B,PME,50370,LA CHAISE-BAUDOUIN
50112,70.10Z,PME,50370,LA CHAISE-BAUDOUIN
50112,74.20Z,PME,50370,LA CHAISE-BAUDOUIN
50112,84.11Z,PME,50370,LA CHAISE-BAUDOUIN
50112,85.20Z,PME,50370,LA CHAISE-BAUDOUIN
50112,88.99B,,50370,LA CHAISE-BAUDOUIN
50112,93.19Z,,50370,LA CHAISE-BAUDOUIN
50112,94.99Z,,50370,LA CHAISE-BAUDOUIN
50112,96.09Z,,50370,LA CHAISE-BAUDOUIN
50115,01.11Z,,50320,LE GRIPPON
50115,01.13Z,,50320,LE GRIPPON
50115,01.19Z,,50320,LE GRIPPON
50115,01.41Z,,50320,LE GRIPPON
50115,01.42Z,,50320,LE GRIPPON
50115,01.43Z,,50320,LE GRIPPON
50115,01.43Z,PME,50320,LE GRIPPON
50115,01.46Z,,50320,LE GRIPPON
50115,01.49Z,,50320,LE GRIPPON
50115,35.11Z,PME,50320,LE GRIPPON
50115,43.21A,PME,50320,LE GRIPPON
50115,43.31Z,,50320,LE GRIPPON
50115,43.31Z,PME,50320,LE GRIPPON
50115,43.32A,PME,50320,LE GRIPPON
50115,43.33Z,PME,50320,LE GRIPPON
50115,43.99B,PME,50320,LE GRIPPON
50115,45.20B,PME,50320,LE GRIPPON
50115,47.71Z,,50320,LE GRIPPON
50115,47.78B,PME,50320,LE GRIPPON
50115,47.81Z,PME,50320,LE GRIPPON
50115,47.91B,PME,50320,LE GRIPPON
50115,47.99A,PME,50320,LE GRIPPON
50115,55.20Z,PME,50320,LE GRIPPON
50115,66.30Z,PME,50320,LE GRIPPON
50115,68.20A,,50320,LE GRIPPON
50115,68.20A,PME,50320,LE GRIPPON
50115,68.20B,,50320,LE GRIPPON
50115,68.20B,PME,50320,LE GRIPPON
50115,70.22Z,PME,50320,LE GRIPPON
50115,74.30Z,PME,50320,LE GRIPPON
50115,74.90A,PME,50320,LE GRIPPON
50115,79.90Z,PME,50320,LE GRIPPON
50115,81.30Z,PME,50320,LE GRIPPON
50115,84.11Z,PME,50320,LE GRIPPON
50115,86.90D,,50320,LE GRIPPON
50115,86.90F,PME,50320,LE GRIPPON
50115,93.19Z,PME,50320,LE GRIPPON
50115,96.04Z,PME,50320,LE GRIPPON
50124,01.11Z,,50370,LA CHAPELLE-UREE
50124,01.41Z,,50370,LA CHAPELLE-UREE
50124,01.42Z,,50370,LA CHAPELLE-UREE
50124,01.43Z,,50370,LA CHAPELLE-UREE
50124,01.45Z,,50370,LA CHAPELLE-UREE
50124,01.46Z,,50370,LA CHAPELLE-UREE
50124,01.47Z,,50370,LA CHAPELLE-UREE
50124,01.49Z,,50370,LA CHAPELLE-UREE
50124,01.50Z,,50370,LA CHAPELLE-UREE
50124,01.61Z,,50370,LA CHAPELLE-UREE
50124,32.99Z,PME,50370,LA CHAPELLE-UREE
50124,35.11Z,ETI,50370,LA CHAPELLE-UREE
50124,43.91A,PME,50370,LA CHAPELLE-UREE
50124,45.20A,PME,50370,LA CHAPELLE-UREE
50124,47.59B,PME,50370,LA CHAPELLE-UREE
50124,47.89Z,PME,50370,LA CHAPELLE-UREE
50124,55.20Z,,50370,LA CHAPELLE-UREE
50124,55.20Z,PME,50370,LA CHAPELLE-UREE
50124,56.30Z,,50370,LA CHAPELLE-UREE
50124,56.30Z,PME,50370,LA CHAPELLE-UREE
50124,68.20A,PME,50370,LA CHAPELLE-UREE
50124,68.20B,,50370,LA CHAPELLE-UREE
50124,68.20B,PME,50370,LA CHAPELLE-UREE
50124,84.11Z,PME,50370,LA CHAPELLE-UREE
50124,90.01Z,PME,50370,LA CHAPELLE-UREE
50129,01.11Z,,50110,CHERBOURG-EN-COTENTIN
50129,01.11Z,,50120,CHERBOURG-EN-COTENTIN
50129,01.11Z,,50130,CHERBOURG-EN-COTENTIN
50129,01.11Z,,50470,CHERBOURG-EN-COTENTIN
50129,01.13Z,,50110,CHERBOURG-EN-COTENTIN
50129,01.13Z,,50470,CHERBOURG-EN-COTENTIN
50129,01.19Z,,50120,CHERBOURG-EN-COTENTIN
50129,01.24Z,,50470,CHERBOURG-EN-COTENTIN
50129,01.30Z,,50130,CHERBOURG-EN-COTENTIN
50129,01.41Z,,50110,CHERBOURG-EN-COTENTIN
50129,01.41Z,,50120,CHERBOURG-EN-COTENTIN
50129,01.41Z,,50460,CHERBOURG-EN-COTENTIN
50129,01.41Z,,50470,CHERBOURG-EN-COTENTIN
50129,01.42Z,,50100,CHERBOURG-EN-COTENTIN
50129,01.42Z,,50110,CHERBOURG-EN-COTENTIN
50129,01.42Z,,50120,CHERBOURG-EN-COTENTIN
50129,01.42Z,,50130,CHERBOURG-EN-COTENTIN
50129,01.42Z,,50470,CHERBOURG-EN-COTENTIN
50129,01.43Z,,50100,CHERBOURG-EN-COTENTIN
50129,01.43Z,,50110,CHERBOURG-EN-COTENTIN
50129,01.43Z,,50120,CHERBOURG-EN-COTENTIN
50129,01.43Z,,50130,CHERBOURG-EN-COTENTIN
50129,01.43Z,,50460,CHERBOURG-EN-COTENTIN
50129,01.43Z,,50470,CHERBOURG-EN-COTENTIN
50129,01.45Z,,50110,CHERBOURG-EN-COTENTIN
50129,01.45Z,,50460,CHERBOURG-EN-COTENTIN
50129,01.47Z,,50110,CHERBOURG-EN-COTENTIN
50129,01.47Z,,50120,CHERBOURG-EN-COTENTIN
50129,01.49Z,,50100,CHERBOURG-EN-COTENTIN
50129,01.49Z,,50110,CHERBOURG-EN-COTENTIN
50129,01.49Z,,50120,CHERBOURG-EN-COTENTIN
50129,01.49Z,,50130,CHERBOURG-EN-COTENTIN
50129,01.49Z,,50460,CHERBOURG-EN-COTENTIN
50129,01.49Z,,50470,CHERBOURG-EN-COTENTIN
50129,01.49Z,PME,50120,CHERBOURG-EN-COTENTIN
50129,01.49Z,PME,50130,CHERBOURG-EN-COTENTIN
50129,01.50Z,,50470,CHERBOURG-EN-COTENTIN
50129,01.61Z,,50110,CHERBOURG-EN-COTENTIN
50129,01.61Z,,50120,CHERBOURG-EN-COTENTIN
50129,01.61Z,,50130,CHERBOURG-EN-COTENTIN
50129,01.61Z,,50460,CHERBOURG-EN-COTENTIN
50129,01.62Z,,50120,CHERBOURG-EN-COTENTIN
50129,01.62Z,,50130,CHERBOURG-EN-COTENTIN
50129,01.62Z,,50470,CHERBOURG-EN-COTENTIN
50129,02.10Z,,50120,CHERBOURG-EN-COTENTIN
50129,02.10Z,,50470,CHERBOURG-EN-COTENTIN
50129,02.40Z,,50470,CHERBOURG-EN-COTENTIN
50129,03.11Z,,50100,CHERBOURG-EN-COTENTIN
50129,03.11Z,,50110,CHERBOURG-EN-COTENTIN
50129,03.11Z,,50120,CHERBOURG-EN-COTENTIN
50129,03.11Z,,50130,CHERBOURG-EN-COTENTIN
50129,03.21Z,,50100,CHERBOURG-EN-COTENTIN
50129,03.21Z,,50110,CHERBOURG-EN-COTENTIN
50129,03.21Z,,50470,CHERBOURG-EN-COTENTIN
50129,08.12Z,ETI,50110,CHERBOURG-EN-COTENTIN
50129,10.11Z,,50460,CHERBOURG-EN-COTENTIN
50129,10.11Z,PME,50100,CHERBOURG-EN-COTENTIN
50129,10.13B,,50110,CHERBOURG-EN-COTENTIN
50129,10.13B,,50120,CHERBOURG-EN-COTENTIN
50129,10.13B,,50130,CHERBOURG-EN-COTENTIN
50129,10.13B,PME,50100,CHERBOURG-EN-COTENTIN
50129,10.13B,PME,50110,CHERBOURG-EN-COTENTIN
50129,10.13B,PME,50120,CHERBOURG-EN-COTENTIN
50129,10.20Z,PME,50110,CHERBOURG-EN-COTENTIN
50129,10.71A,,50110,CHERBOURG-EN-COTENTIN
50129,10.71B,GE,50110,CHERBOURG-EN-COTENTIN
50129,10.71B,PME,50100,CHERBOURG-EN-COTENTIN
50129,10.71C,,50110,CHERBOURG-EN-COTENTIN
50129,10.71C,,50120,CHERBOURG-EN-COTENTIN
50129,10.71C,GE,50470,CHERBOURG-EN-COTENTIN
50129,10.71C,PME,50100,CHERBOURG-EN-COTENTIN
50129,10.71C,PME,50110,CHERBOURG-EN-COTENTIN
50129,10.71C,PME,50120,CHERBOURG-EN-COTENTIN
50129,10.71C,PME,50130,CHERBOURG-EN-COTENTIN
50129,10.71C,PME,50460,CHERBOURG-EN-COTENTIN
50129,10.71C,PME,50470,CHERBOURG-EN-COTENTIN
50129,10.71D,PME,50100,CHERBOURG-EN-COTENTIN
50129,10.71D,PME,50130,CHERBOURG-EN-COTENTIN
50129,10.72Z,,50100,CHERBOURG-EN-COTENTIN
50129,10.72Z,PME,50100,CHERBOURG-EN-COTENTIN
50129,10.83Z,PME,50100,CHERBOURG-EN-COTENTIN
50129,10.85Z,PME,50100,CHERBOURG-EN-COTENTIN
50129,10.89Z,PME,50110,CHERBOURG-EN-COTENTIN
50129,11.01Z,PME,50110,CHERBOURG-EN-COTENTIN
50129,11.05Z,,50120,CHERBOURG-EN-COTENTIN
50129,13.20Z,PME,50100,CHERBOURG-EN-COTENTIN
50129,13.30Z,PME,50100,CHERBOURG-EN-COTENTIN
50129,13.30Z,PME,50110,CHERBOURG-EN-COTENTIN
50129,13.91Z,,50110,CHERBOURG-EN-COTENTIN
50129,13.91Z,,50120,CHERBOURG-EN-COTENTIN
50129,13.92Z,PME,50100,CHERBOURG-EN-COTENTIN
50129,13.92Z,PME,50110,CHERBOURG-EN-COTENTIN
50129,13.92Z,PME,50120,CHERBOURG-EN-COTENTIN
50129,13.92Z,PME,50130,CHERBOURG-EN-COTENTIN
50129,13.96Z,,50130,CHERBOURG-EN-COTENTIN
50129,13.99Z,PME,50110,CHERBOURG-EN-COTENTIN
50129,13.99Z,PME,50120,CHERBOURG-EN-COTENTIN
50129,14.13Z,,50100,CHERBOURG-EN-COTENTIN
50129,14.13Z,PME,50100,CHERBOURG-EN-COTENTIN
50129,14.13Z,PME,50110,CHERBOURG-EN-COTENTIN
50129,14.13Z,PME,50120,CHERBOURG-EN-COTENTIN
50129,14.13Z,PME,50130,CHERBOURG-EN-COTENTIN
50129,14.13Z,PME,50460,CHERBOURG-EN-COTENTIN
50129,14.13Z,PME,50470,CHERBOURG-EN-COTENTIN
50129,14.19Z,,50110,CHERBOURG-EN-COTENTIN
50129,14.19Z,,50120,CHERBOURG-EN-COTENTIN
50129,14.19Z,PME,50100,CHERBOURG-EN-COTENTIN
50129,14.19Z,PME,50460,CHERBOURG-EN-COTENTIN
50129,14.39Z,,50130,CHERBOURG-EN-COTENTIN
50129,14.39Z,PME,50100,CHERBOURG-EN-COTENTIN
50129,14.39Z,PME,50110,CHERBOURG-EN-COTENTIN
50129,15.11Z,PME,50460,CHERBOURG-EN-COTENTIN
50129,15.12Z,,50100,CHERBOURG-EN-COTENTIN
50129,15.12Z,,50110,CHERBOURG-EN-COTENTIN
50129,15.12Z,PME,50100,CHERBOURG-EN-COTENTIN
50129,15.12Z,PME,50110,CHERBOURG-EN-COTENTIN
50129,15.12Z,PME,50120,CHERBOURG-EN-COTENTIN
50129,15.20Z,PME,50110,CHERBOURG-EN-COTENTIN
50129,16.23Z,,50120,CHERBOURG-EN-COTENTIN
50129,16.23Z,PME,50120,CHERBOURG-EN-COTENTIN
50129,16.24Z,ETI,50100,CHERBOURG-EN-COTENTIN
50129,16.29Z,,50100,CHERBOURG-EN-COTENTIN
50129,16.29Z,,50110,CHERBOURG-EN-COTENTIN
50129,16.29Z,PME,50110,CHERBOURG-EN-COTENTIN
50129,16.29Z,PME,50130,CHERBOURG-EN-COTENTIN
50129,16.29Z,PME,50460,CHERBOURG-EN-COTENTIN
50129,17.23Z,PME,50470,CHERBOURG-EN-COTENTIN
50129,17.29Z,,50110,CHERBOURG-EN-COTENTIN
50129,17.29Z,,50120,CHERBOURG-EN-COTENTIN
50129,17.29Z,PME,50100,CHERBOURG-EN-COTENTIN
50129,17.29Z,PME,50120,CHERBOURG-EN-COTENTIN
50129,17.29Z,PME,50130,CHERBOURG-EN-COTENTIN
50129,17.29Z,PME,50470,CHERBOURG-EN-COTENTIN
50129,18.12Z,PME,50100,CHERBOURG-EN-COTENTIN
50129,18.12Z,PME,50110,CHERBOURG-EN-COTENTIN
50129,18.12Z,PME,50120,CHERBOURG-EN-COTENTIN
50129,18.13Z,PME,50100,CHERBOURG-EN-COTENTIN
50129,18.13Z,PME,50110,CHERBOURG-EN-COTENTIN
50129,18.13Z,PME,50120,CHERBOURG-EN-COTENTIN
50129,18.13Z,PME,50130,CHERBOURG-EN-COTENTIN
50129,18.14Z,PME,50100,CHERBOURG-EN-COTENTIN
50129,20.41Z,,50100,CHERBOURG-EN-COTENTIN
50129,20.41Z,PME,50100,CHERBOURG-EN-COTENTIN
50129,22.19Z,PME,50120,CHERBOURG-EN-COTENTIN
50129,22.22Z,ETI,50100,CHERBOURG-EN-COTENTIN
50129,22.23Z,ETI,50110,CHERBOURG-EN-COTENTIN
50129,22.23Z,PME,50460,CHERBOURG-EN-COTENTIN
50129,22.29A,PME,50110,CHERBOURG-EN-COTENTIN
50129,22.29A,PME,50470,CHERBOURG-EN-COTENTIN
50129,22.29B,PME,50120,CHERBOURG-EN-COTENTIN
50129,23.41Z,PME,50100,CHERBOURG-EN-COTENTIN
50129,23.63Z,ETI,50120,CHERBOURG-EN-COTENTIN
50129,23.63Z,PME,50470,CHERBOURG-EN-COTENTIN
50129,23.70Z,PME,50100,CHERBOURG-EN-COTENTIN
50129,23.99Z,GE,50100,CHERBOURG-EN-COTENTIN
50129,24.20Z,PME,50130,CHERBOURG-EN-COTENTIN
50129,25.11Z,ETI,50100,CHERBOURG-EN-COTENTIN
50129,25.11Z,PME,50100,CHERBOURG-EN-COTENTIN
50129,25.11Z,PME,50110,CHERBOURG-EN-COTENTIN
50129,25.11Z,PME,50120,CHERBOURG-EN-COTENTIN
50129,25.29Z,GE,50100,CHERBOURG-EN-COTENTIN
50129,25.50B,PME,50110,CHERBOURG-EN-COTENTIN
50129,25.61Z,PME,50110,CHERBOURG-EN-COTENTIN
50129,25.61Z,PME,50120,CHERBOURG-EN-COTENTIN
50129,25.62B,ETI,50120,CHERBOURG-EN-COTENTIN
50129,25.62B,PME,50100,CHERBOURG-EN-COTENTIN
50129,25.62B,PME,50110,CHERBOURG-EN-COTENTIN
50129,25.62B,PME,50120,CHERBOURG-EN-COTENTIN
50129,25.71Z,,50110,CHERBOURG-EN-COTENTIN
50129,25.99B,PME,50120,CHERBOURG-EN-COTENTIN
50129,26.11Z,PME,50120,CHERBOURG-EN-COTENTIN
50129,26.40Z,PME,50100,CHERBOURG-EN-COTENTIN
50129,26.40Z,PME,50110,CHERBOURG-EN-COTENTIN
50129,26.52Z,PME,50100,CHERBOURG-EN-COTENTIN
50129,27.40Z,PME,50100,CHERBOURG-EN-COTENTIN
50129,28.11Z,ETI,50110,CHERBOURG-EN-COTENTIN
50129,28.12Z,PME,50110,CHERBOURG-EN-COTENTIN
50129,28.13Z,PME,50110,CHERBOURG-EN-COTENTIN
50129,28.25Z,PME,50110,CHERBOURG-EN-COTENTIN
50129,28.93Z,PME,50100,CHERBOURG-EN-COTENTIN
50129,29.20Z,,50130,CHERBOURG-EN-COTENTIN
50129,29.20Z,PME,50110,CHERBOURG-EN-COTENTIN
50129,30.11Z,,50110,CHERBOURG-EN-COTENTIN
50129,30.11Z,ETI,50100,CHERBOURG-EN-COTENTIN
50129,30.11Z,ETI,50110,CHERBOURG-EN-COTENTIN
50129,30.11Z,GE,50100,CHERBOURG-EN-COTENTIN
50129,30.12Z,ETI,50110,CHERBOURG-EN-COTENTIN
50129,30.12Z,PME,50470,CHERBOURG-EN-COTENTIN
50129,31.02Z,PME,50120,CHERBOURG-EN-COTENTIN
50129,31.09B,,50100,CHERBOURG-EN-COTENTIN
50129,31.09B,,50120,CHERBOURG-EN-COTENTIN
50129,31.09B,PME,50100,CHERBOURG-EN-COTENTIN
50129,31.09B,PME,50120,CHERBOURG-EN-COTENTIN
50129,31.09B,PME,50130,CHERBOURG-EN-COTENTIN
50129,31.09B,PME,50470,CHERBOURG-EN-COTENTIN
50129,32.12Z,PME,50100,CHERBOURG-EN-COTENTIN
50129,32.13Z,,50100,CHERBOURG-EN-COTENTIN
50129,32.13Z,,50130,CHERBOURG-EN-COTENTIN
50129,32.13Z,,50460,CHERBOURG-EN-COTENTIN
50129,32.13Z,,50470,CHERBOURG-EN-COTENTIN
50129,32.13Z,PME,50100,CHERBOURG-EN-COTENTIN
50129,32.13Z,PME,50110,CHERBOURG-EN-COTENTIN
50129,32.13Z,PME,50120,CHERBOURG-EN-COTENTIN
50129,32.13Z,PME,50130,CHERBOURG-EN-COTENTIN
50129,32.13Z,PME,50460,CHERBOURG-EN-COTENTIN
50129,32.20Z,,50100,CHERBOURG-EN-COTENTIN
50129,32.40Z,PME,50100,CHERBOURG-EN-COTENTIN
50129,32.40Z,PME,50130,CHERBOURG-EN-COTENTIN
50129,32.50A,ETI,50100,CHERBOURG-EN-COTENTIN
50129,32.50A,PME,50100,CHERBOURG-EN-COTENTIN
50129,32.50A,PME,50130,CHERBOURG-EN-COTENTIN
50129,32.99Z,,50120,CHERBOURG-EN-COTENTIN
50129,32.99Z,,50130,CHERBOURG-EN-COTENTIN
50129,32.99Z,PME,50100,CHERBOURG-EN-COTENTIN
50129,32.99Z,PME,50110,CHERBOURG-EN-COTENTIN
50129,32.99Z,PME,50120,CHERBOURG-EN-COTENTIN
50129,33.11Z,ETI,50100,CHERBOURG-EN-COTENTIN
50129,33.11Z,PME,50100,CHERBOURG-EN-COTENTIN
50129,33.12Z,ETI,50470,CHERBOURG-EN-COTENTIN
50129,33.12Z,GE,50460,CHERBOURG-EN-COTENTIN
50129,33.12Z,PME,50100,CHERBOURG-EN-COTENTIN
50129,33.12Z,PME,50110,CHERBOURG-EN-COTENTIN
50129,33.14Z,,50110,CHERBOURG-EN-COTENTIN
50129,33.15Z,,50100,CHERBOURG-EN-COTENTIN
50129,33.15Z,ETI,50110,CHERBOURG-EN-COTENTIN
50129,33.15Z,PME,50100,CHERBOURG-EN-COTENTIN
50129,33.15Z,PME,50110,CHERBOURG-EN-COTENTIN
50129,33.20A,,50120,CHERBOURG-EN-COTENTIN
50129,33.20A,,50130,CHERBOURG-EN-COTENTIN
50129,33.20A,,50470,CHERBOURG-EN-COTENTIN
50129,33.20A,PME,50100,CHERBOURG-EN-COTENTIN
50129,33.20A,PME,50110,CHERBOURG-EN-COTENTIN
50129,33.20A,PME,50460,CHERBOURG-EN-COTENTIN
50129,33.20A,PME,50470,CHERBOURG-EN-COTENTIN
50129,33.20C,PME,50110,CHERBOURG-EN-COTENTIN
50129,33.20C,PME,50460,CHERBOURG-EN-COTENTIN
50129,33.20C,PME,50470,CHERBOURG-EN-COTENTIN
50129,33.20D,,50460,CHERBOURG-EN-COTENTIN
50129,33.20D,GE,50100,CHERBOURG-EN-COTENTIN
50129,33.20D,PME,50110,CHERBOURG-EN-COTENTIN
50129,35.11Z,,50100,CHERBOURG-EN-COTENTIN
50129,35.11Z,,50110,CHERBOURG-EN-COTENTIN
50129,35.11Z,,50120,CHERBOURG-EN-COTENTIN
50129,35.11Z,,50130,CHERBOURG-EN-COTENTIN
50129,35.11Z,,50470,CHERBOURG-EN-COTENTIN
50129,35.11Z,ETI,50100,CHERBOURG-EN-COTENTIN
50129,35.11Z,GE,50100,CHERBOURG-EN-COTENTIN
50129,35.11Z,PME,50100,CHERBOURG-EN-COTENTIN
50129,35.11Z,PME,50110,CHERBOURG-EN-COTENTIN
50129,35.11Z,PME,50120,CHERBOURG-EN-COTENTIN
50129,35.11Z,PME,50470,CHERBOURG-EN-COTENTIN
50129,35.13Z,GE,50100,CHERBOURG-EN-COTENTIN
50129,35.13Z,GE,50120,CHERBOURG-EN-COTENTIN
50129,35.22Z,GE,50100,CHERBOURG-EN-COTENTIN
50129,35.22Z,GE,50120,CHERBOURG-EN-COTENTIN
50129,35.23Z,GE,50100,CHERBOURG-EN-COTENTIN
50129,35.23Z,GE,50120,CHERBOURG-EN-COTENTIN
50129,35.30Z,ETI,50100,CHERBOURG-EN-COTENTIN
50129,35.30Z,GE,50100,CHERBOURG-EN-COTENTIN
50129,36.00Z,ETI,50130,CHERBOURG-EN-COTENTIN
50129,37.00Z,,50100,CHERBOURG-EN-COTENTIN
50129,37.00Z,ETI,50110,CHERBOURG-EN-COTENTIN
50129,37.00Z,ETI,50120,CHERBOURG-EN-COTENTIN
50129,37.00Z,GE,50110,CHERBOURG-EN-COTENTIN
50129,38.11Z,,50100,CHERBOURG-EN-COTENTIN
50129,38.11Z,GE,50100,CHERBOURG-EN-COTENTIN
50129,38.11Z,PME,50100,CHERBOURG-EN-COTENTIN
50129,38.31Z,GE,50100,CHERBOURG-EN-COTENTIN
50129,38.32Z,,50100,CHERBOURG-EN-COTENTIN
50129,38.32Z,PME,50100,CHERBOURG-EN-COTENTIN
50129,38.32Z,PME,50110,CHERBOURG-EN-COTENTIN
50129,39.00Z,PME,50130,CHERBOURG-EN-COTENTIN
50129,39.00Z,PME,50470,CHERBOURG-EN-COTENTIN
50129,41.10A,,50100,CHERBOURG-EN-COTENTIN
50129,41.10A,,50130,CHERBOURG-EN-COTENTIN
50129,41.10A,PME,50100,CHERBOURG-EN-COTENTIN
50129,41.10A,PME,50110,CHERBOURG-EN-COTENTIN
50129,41.10A,PME,50460,CHERBOURG-EN-COTENTIN
50129,41.10D,,50130,CHERBOURG-EN-COTENTIN
50129,41.10D,PME,50100,CHERBOURG-EN-COTENTIN
50129,41.10D,PME,50110,CHERBOURG-EN-COTENTIN
50129,41.10D,PME,50120,CHERBOURG-EN-COTENTIN
50129,41.10D,PME,50130,CHERBOURG-EN-COTENTIN
50129,41.10D,PME,50470,CHERBOURG-EN-COTENTIN
50129,41.20A,,50100,CHERBOURG-EN-COTENTIN
50129,41.20A,,50110,CHERBOURG-EN-COTENTIN
50129,41.20A,,50470,CHERBOURG-EN-COTENTIN
50129,41.20A,PME,50100,CHERBOURG-EN-COTENTIN
50129,41.20A,PME,50120,CHERBOURG-EN-COTENTIN
50129,41.20A,PME,50470,CHERBOURG-EN-COTENTIN
50129,41.20B,,50110,CHERBOURG-EN-COTENTIN
50129,41.20B,GE,50110,CHERBOURG-EN-COTENTIN
50129,41.20B,PME,50100,CHERBOURG-EN-COTENTIN
50129,41.20B,PME,50110,CHERBOURG-EN-COTENTIN
50129,41.20B,PME,50130,CHERBOURG-EN-COTENTIN
50129,42.11Z,GE,50100,CHERBOURG-EN-COTENTIN
50129,42.11Z,PME,50120,CHERBOURG-EN-COTENTIN
50129,42.21Z,ETI,50110,CHERBOURG-EN-COTENTIN
50129,42.91Z,PME,50120,CHERBOURG-EN-COTENTIN
50129,42.99Z,,50110,CHERBOURG-EN-COTENTIN
50129,42.99Z,PME,50100,CHERBOURG-EN-COTENTIN
50129,43.11Z,PME,50470,CHERBOURG-EN-COTENTIN
50129,43.12A,,50100,CHERBOURG-EN-COTENTIN
50129,43.12A,PME,50110,CHERBOURG-EN-COTENTIN
50129,43.12A,PME,50120,CHERBOURG-EN-COTENTIN
50129,43.12A,PME,50130,CHERBOURG-EN-COTENTIN
50129,43.12A,PME,50460,CHERBOURG-EN-COTENTIN
50129,43.21A,,50100,CHERBOURG-EN-COTENTIN
50129,43.21A,,50110,CHERBOURG-EN-COTENTIN
50129,43.21A,,50120,CHERBOURG-EN-COTENTIN
50129,43.21A,,50130,CHERBOURG-EN-COTENTIN
50129,43.21A,ETI,50100,CHERBOURG-EN-COTENTIN
50129,43.21A,GE,50100,CHERBOURG-EN-COTENTIN
50129,43.21A,GE,50110,CHERBOURG-EN-COTENTIN
50129,43.21A,GE,50120,CHERBOURG-EN-COTENTIN
50129,43.21A,GE,50130,CHERBOURG-EN-COTENTIN
50129,43.21A,PME,50100,CHERBOURG-EN-COTENTIN
50129,43.21A,PME,50110,CHERBOURG-EN-COTENTIN
50129,43.21A,PME,50120,CHERBOURG-EN-COTENTIN
50129,43.21A,PME,50130,CHERBOURG-EN-COTENTIN
50129,43.21A,PME,50470,CHERBOURG-EN-COTENTIN
50129,43.21B,GE,50110,CHERBOURG-EN-COTENTIN
50129,43.22A,,50100,CHERBOURG-EN-COTENTIN
50129,43.22A,,50110,CHERBOURG-EN-COTENTIN
50129,43.22A,,50130,CHERBOURG-EN-COTENTIN
50129,43.22A,ETI,50110,CHERBOURG-EN-COTENTIN
50129,43.22A,PME,50100,CHERBOURG-EN-COTENTIN
50129,43.22A,PME,50110,CHERBOURG-EN-COTENTIN
50129,43.22A,PME,50120,CHERBOURG-EN-COTENTIN
50129,43.22A,PME,50130,CHERBOURG-EN-COTENTIN
50129,43.22A,PME,50460,CHERBOURG-EN-COTENTIN
50129,43.22A,PME,50470,CHERBOURG-EN-COTENTIN
50129,43.22B,GE,50100,CHERBOURG-EN-COTENTIN
50129,43.22B,GE,50110,CHERBOURG-EN-COTENTIN
50129,43.22B,PME,50100,CHERBOURG-EN-COTENTIN
50129,43.22B,PME,50110,CHERBOURG-EN-COTENTIN
50129,43.22B,PME,50130,CHERBOURG-EN-COTENTIN
50129,43.29A,ETI,50110,CHERBOURG-EN-COTENTIN
50129,43.29A,PME,50100,CHERBOURG-EN-COTENTIN
50129,43.29A,PME,50110,CHERBOURG-EN-COTENTIN
50129,43.29B,,50110,CHERBOURG-EN-COTENTIN
50129,43.29B,,50470,CHERBOURG-EN-COTENTIN
50129,43.29B,PME,50100,CHERBOURG-EN-COTENTIN
50129,43.31Z,PME,50100,CHERBOURG-EN-COTENTIN
50129,43.31Z,PME,50110,CHERBOURG-EN-COTENTIN
50129,43.31Z,PME,50130,CHERBOURG-EN-COTENTIN
50129,43.31Z,PME,50470,CHERBOURG-EN-COTENTIN
50129,43.32A,,50100,CHERBOURG-EN-COTENTIN
50129,43.32A,,50110,CHERBOURG-EN-COTENTIN
50129,43.32A,,50120,CHERBOURG-EN-COTENTIN
50129,43.32A,,50130,CHERBOURG-EN-COTENTIN
50129,43.32A,PME,50100,CHERBOURG-EN-COTENTIN
50129,43.32A,PME,50110,CHERBOURG-EN-COTENTIN
50129,43.32A,PME,50120,CHERBOURG-EN-COTENTIN
50129,43.32A,PME,50130,CHERBOURG-EN-COTENTIN
50129,43.32A,PME,50460,CHERBOURG-EN-COTENTIN
50129,43.32A,PME,50470,CHERBOURG-EN-COTENTIN
50129,43.32B,,50110,CHERBOURG-EN-COTENTIN
50129,43.32B,PME,50100,CHERBOURG-EN-COTENTIN
50129,43.32B,PME,50110,CHERBOURG-EN-COTENTIN
50129,43.32B,PME,50470,CHERBOURG-EN-COTENTIN
50129,43.32C,PME,50100,CHERBOURG-EN-COTENTIN
50129,43.32C,PME,50110,CHERBOURG-EN-COTENTIN
50129,43.32C,PME,50470,CHERBOURG-EN-COTENTIN
50129,43.33Z,PME,50100,CHERBOURG-EN-COTENTIN
50129,43.33Z,PME,50110,CHERBOURG-EN-COTENTIN
50129,43.33Z,PME,50120,CHERBOURG-EN-COTENTIN
50129,43.33Z,PME,50130,CHERBOURG-EN-COTENTIN
50129,43.33Z,PME,50470,CHERBOURG-EN-COTENTIN
50129,43.34Z,,50100,CHERBOURG-EN-COTENTIN
50129,43.34Z,,50110,CHERBOURG-EN-COTENTIN
50129,43.34Z,,50120,CHERBOURG-EN-COTENTIN
50129,43.34Z,ETI,50110,CHERBOURG-EN-COTENTIN
50129,43.34Z,PME,50100,CHERBOURG-EN-COTENTIN
50129,43.34Z,PME,50110,CHERBOURG-EN-COTENTIN
50129,43.34Z,PME,50120,CHERBOURG-EN-COTENTIN
50129,43.34Z,PME,50130,CHERBOURG-EN-COTENTIN
50129,43.34Z,PME,50460,CHERBOURG-EN-COTENTIN
50129,43.34Z,PME,50470,CHERBOURG-EN-COTENTIN
50129,43.39Z,,50100,CHERBOURG-EN-COTENTIN
50129,43.39Z,,50110,CHERBOURG-EN-COTENTIN
50129,43.39Z,PME,50100,CHERBOURG-EN-COTENTIN
50129,43.39Z,PME,50110,CHERBOURG-EN-COTENTIN
50129,43.39Z,PME,50120,CHERBOURG-EN-COTENTIN
50129,43.39Z,PME,50130,CHERBOURG-EN-COTENTIN
50129,43.91B,,50100,CHERBOURG-EN-COTENTIN
50129,43.91B,,50120,CHERBOURG-EN-COTENTIN
50129,43.91B,PME,50100,CHERBOURG-EN-COTENTIN
50129,43.91B,PME,50120,CHERBOURG-EN-COTENTIN
50129,43.91B,PME,50130,CHERBOURG-EN-COTENTIN
50129,43.99A,PME,50130,CHERBOURG-EN-COTENTIN
50129,43.99B,PME,50100,CHERBOURG-EN-COTENTIN
50129,43.99B,PME,50120,CHERBOURG-EN-COTENTIN
50129,43.99C,,50100,CHERBOURG-EN-COTENTIN
50129,43.99C,,50130,CHERBOURG-EN-COTENTIN
50129,43.99C,PME,50100,CHERBOURG-EN-COTENTIN
50129,43.99C,PME,50110,CHERBOURG-EN-COTENTIN
50129,43.99C,PME,50130,CHERBOURG-EN-COTENTIN
50129,43.99C,PME,50460,CHERBOURG-EN-COTENTIN
50129,43.99C,PME,50470,CHERBOURG-EN-COTENTIN
50129,43.99E,PME,50120,CHERBOURG-EN-COTENTIN
50129,45.11Z,,50100,CHERBOURG-EN-COTENTIN
50129,45.11Z,,50110,CHERBOURG-EN-COTENTIN
50129,45.11Z,,50120,CHERBOURG-EN-COTENTIN
50129,45.11Z,,50130,CHERBOURG-EN-COTENTIN
50129,45.11Z,,50470,CHERBOURG-EN-COTENTIN
50129,45.11Z,ETI,50100,CHERBOURG-EN-COTENTIN
50129,45.11Z,ETI,50110,CHERBOURG-EN-COTENTIN
50129,45.11Z,PME,50100,CHERBOURG-EN-COTENTIN
50129,45.11Z,PME,50110,CHERBOURG-EN-COTENTIN
50129,45.11Z,PME,50120,CHERBOURG-EN-COTENTIN
50129,45.11Z,PME,50130,CHERBOURG-EN-COTENTIN
50129,45.11Z,PME,50470,CHERBOURG-EN-COTENTIN
50129,45.19Z,ETI,50110,CHERBOURG-EN-COTENTIN
50129,45.19Z,PME,50110,CHERBOURG-EN-COTENTIN
50129,45.20A,,50100,CHERBOURG-EN-COTENTIN
50129,45.20A,,50110,CHERBOURG-EN-COTENTIN
50129,45.20A,,50120,CHERBOURG-EN-COTENTIN
50129,45.20A,ETI,50110,CHERBOURG-EN-COTENTIN
50129,45.20A,ETI,50470,CHERBOURG-EN-COTENTIN
50129,45.20A,PME,50100,CHERBOURG-EN-COTENTIN
50129,45.20A,PME,50110,CHERBOURG-EN-COTENTIN
50129,45.20A,PME,50120,CHERBOURG-EN-COTENTIN
50129,45.20A,PME,50130,CHERBOURG-EN-COTENTIN
50129,45.20A,PME,50460,CHERBOURG-EN-COTENTIN
50129,45.20A,PME,50470,CHERBOURG-EN-COTENTIN
50129,45.20B,PME,50130,CHERBOURG-EN-COTENTIN
50129,45.31Z,ETI,50110,CHERBOURG-EN-COTENTIN
50129,45.31Z,GE,50100,CHERBOURG-EN-COTENTIN
50129,45.31Z,GE,50110,CHERBOURG-EN-COTENTIN
50129,45.32Z,,50110,CHERBOURG-EN-COTENTIN
50129,45.32Z,GE,50470,CHERBOURG-EN-COTENTIN
50129,45.32Z,PME,50100,CHERBOURG-EN-COTENTIN
50129,45.32Z,PME,50110,CHERBOURG-EN-COTENTIN
50129,45.32Z,PME,50460,CHERBOURG-EN-COTENTIN
50129,45.32Z,PME,50470,CHERBOURG-EN-COTENTIN
50129,45.40Z,,50110,CHERBOURG-EN-COTENTIN
50129,45.40Z,PME,50110,CHERBOURG-EN-COTENTIN
50129,45.40Z,PME,50120,CHERBOURG-EN-COTENTIN
50129,46.13Z,GE,50470,CHERBOURG-EN-COTENTIN
50129,46.13Z,PME,50130,CHERBOURG-EN-COTENTIN
50129,46.14Z,,50100,CHERBOURG-EN-COTENTIN
50129,46.14Z,PME,50100,CHERBOURG-EN-COTENTIN
50129,46.17B,PME,50100,CHERBOURG-EN-COTENTIN
50129,46.17B,PME,50130,CHERBOURG-EN-COTENTIN
50129,46.18Z,PME,50110,CHERBOURG-EN-COTENTIN
50129,46.18Z,PME,50120,CHERBOURG-EN-COTENTIN
50129,46.18Z,PME,50130,CHERBOURG-EN-COTENTIN
50129,46.19A,PME,50100,CHERBOURG-EN-COTENTIN
50129,46.19B,,50460,CHERBOURG-EN-COTENTIN
50129,46.19B,PME,50100,CHERBOURG-EN-COTENTIN
50129,46.19B,PME,50110,CHERBOURG-EN-COTENTIN
50129,46.19B,PME,50120,CHERBOURG-EN-COTENTIN
50129,46.19B,PME,50130,CHERBOURG-EN-COTENTIN
50129,46.19B,PME,50460,CHERBOURG-EN-COTENTIN
50129,46.19B,PME,50470,CHERBOURG-EN-COTENTIN
50129,46.21Z,GE,50100,CHERBOURG-EN-COTENTIN
50129,46.21Z,PME,50100,CHERBOURG-EN-COTENTIN
50129,46.31Z,GE,50110,CHERBOURG-EN-COTENTIN
50129,46.32A,PME,50100,CHERBOURG-EN-COTENTIN
50129,46.34Z,GE,50470,CHERBOURG-EN-COTENTIN
50129,46.34Z,PME,50100,CHERBOURG-EN-COTENTIN
50129,46.36Z,ETI,50470,CHERBOURG-EN-COTENTIN
50129,46.38A,,50100,CHERBOURG-EN-COTENTIN
50129,46.38A,ETI,50110,CHERBOURG-EN-COTENTIN
50129,46.38A,PME,50100,CHERBOURG-EN-COTENTIN
50129,46.38A,PME,50110,CHERBOURG-EN-COTENTIN
50129,46.38B,ETI,50100,CHERBOURG-EN-COTENTIN
50129,46.38B,PME,50100,CHERBOURG-EN-COTENTIN
50129,46.38B,PME,50110,CHERBOURG-EN-COTENTIN
50129,46.39B,PME,50110,CHERBOURG-EN-COTENTIN
50129,46.42Z,,50100,CHERBOURG-EN-COTENTIN
50129,46.42Z,PME,50100,CHERBOURG-EN-COTENTIN
50129,46.43Z,PME,50100,CHERBOURG-EN-COTENTIN
50129,46.44Z,PME,50130,CHERBOURG-EN-COTENTIN
50129,46.45Z,PME,50470,CHERBOURG-EN-COTENTIN
50129,46.46Z,,50100,CHERBOURG-EN-COTENTIN
50129,46.49Z,,50100,CHERBOURG-EN-COTENTIN
50129,46.49Z,PME,50100,CHERBOURG-EN-COTENTIN
50129,46.49Z,PME,50110,CHERBOURG-EN-COTENTIN
50129,46.49Z,PME,50130,CHERBOURG-EN-COTENTIN
50129,46.51Z,ETI,50100,CHERBOURG-EN-COTENTIN
50129,46.51Z,ETI,50130,CHERBOURG-EN-COTENTIN
50129,46.51Z,PME,50100,CHERBOURG-EN-COTENTIN
50129,46.51Z,PME,50470,CHERBOURG-EN-COTENTIN
50129,46.52Z,PME,50100,CHERBOURG-EN-COTENTIN
50129,46.63Z,PME,50110,CHERBOURG-EN-COTENTIN
50129,46.65Z,PME,50110,CHERBOURG-EN-COTENTIN
50129,46.69A,ETI,50110,CHERBOURG-EN-COTENTIN
50129,46.69A,GE,50110,CHERBOURG-EN-COTENTIN
50129,46.69A,GE,50120,CHERBOURG-EN-COTENTIN
50129,46.69B,ETI,50110,CHERBOURG-EN-COTENTIN
50129,46.69B,GE,50110,CHERBOURG-EN-COTENTIN
50129,46.69B,PME,50100,CHERBOURG-EN-COTENTIN
50129,46.69B,PME,50110,CHERBOURG-EN-COTENTIN
50129,46.69B,PME,50120,CHERBOURG-EN-COTENTIN
50129,46.69C,PME,50100,CHERBOURG-EN-COTENTIN
50129,46.69C,PME,50110,CHERBOURG-EN-COTENTIN
50129,46.69C,PME,50460,CHERBOURG-EN-COTENTIN
50129,46.71Z,GE,50100,CHERBOURG-EN-COTENTIN
50129,46.71Z,GE,50110,CHERBOURG-EN-COTENTIN
50129,46.73A,ETI,50110,CHERBOURG-EN-COTENTIN
50129,46.73A,ETI,50470,CHERBOURG-EN-COTENTIN
50129,46.73A,GE,50110,CHERBOURG-EN-COTENTIN
50129,46.73A,PME,50100,CHERBOURG-EN-COTENTIN
50129,46.73A,PME,50110,CHERBOURG-EN-COTENTIN
50129,46.73A,PME,50130,CHERBOURG-EN-COTENTIN
50129,46.73A,PME,50460,CHERBOURG-EN-COTENTIN
50129,46.73B,ETI,50110,CHERBOURG-EN-COTENTIN
50129,46.73B,GE,50110,CHERBOURG-EN-COTENTIN
50129,46.73B,PME,50110,CHERBOURG-EN-COTENTIN
50129,46.74A,ETI,50110,CHERBOURG-EN-COTENTIN
50129,46.74A,GE,50110,CHERBOURG-EN-COTENTIN
50129,46.74A,GE,50120,CHERBOURG-EN-COTENTIN
50129,46.74B,ETI,50110,CHERBOURG-EN-COTENTIN
50129,46.74B,PME,50100,CHERBOURG-EN-COTENTIN
50129,46.76Z,PME,50110,CHERBOURG-EN-COTENTIN
50129,46.76Z,PME,50470,CHERBOURG-EN-COTENTIN
50129,46.90Z,,50470,CHERBOURG-EN-COTENTIN
50129,46.90Z,ETI,50470,CHERBOURG-EN-COTENTIN
50129,46.90Z,GE,50470,CHERBOURG-EN-COTENTIN
50129,46.90Z,PME,50100,CHERBOURG-EN-COTENTIN
50129,46.90Z,PME,50110,CHERBOURG-EN-COTENTIN
50129,46.90Z,PME,50120,CHERBOURG-EN-COTENTIN
50129,46.90Z,PME,50130,CHERBOURG-EN-COTENTIN
50129,46.90Z,PME,50470,CHERBOURG-EN-COTENTIN
50129,47.11A,ETI,50470,CHERBOURG-EN-COTENTIN
50129,47.11A,GE,50100,CHERBOURG-EN-COTENTIN
50129,47.11A,GE,50460,CHERBOURG-EN-COTENTIN
50129,47.11B,,50100,CHERBOURG-EN-COTENTIN
50129,47.11B,,50110,CHERBOURG-EN-COTENTIN
50129,47.11B,,50120,CHERBOURG-EN-COTENTIN
50129,47.11B,,50130,CHERBOURG-EN-COTENTIN
50129,47.11B,PME,50100,CHERBOURG-EN-COTENTIN
50129,47.11B,PME,50110,CHERBOURG-EN-COTENTIN
50129,47.11B,PME,50120,CHERBOURG-EN-COTENTIN
50129,47.11B,PME,50130,CHERBOURG-EN-COTENTIN
50129,47.11B,PME,50470,CHERBOURG-EN-COTENTIN
50129,47.11C,,50100,CHERBOURG-EN-COTENTIN
50129,47.11C,GE,50100,CHERBOURG-EN-COTENTIN
50129,47.11C,GE,50470,CHERBOURG-EN-COTENTIN
50129,47.11C,PME,50100,CHERBOURG-EN-COTENTIN
50129,47.11C,PME,50110,CHERBOURG-EN-COTENTIN
50129,47.11C,PME,50120,CHERBOURG-EN-COTENTIN
50129,47.11D,GE,50100,CHERBOURG-EN-COTENTIN
50129,47.11D,GE,50110,CHERBOURG-EN-COTENTIN
50129,47.11D,GE,50120,CHERBOURG-EN-COTENTIN
50129,47.11D,GE,50470,CHERBOURG-EN-COTENTIN
50129,47.11D,PME,50100,CHERBOURG-EN-COTENTIN
50129,47.11D,PME,50110,CHERBOURG-EN-COTENTIN
50129,47.11D,PME,50120,CHERBOURG-EN-COTENTIN
50129,47.11D,PME,50130,CHERBOURG-EN-COTENTIN
50129,47.11F,ETI,50110,CHERBOURG-EN-COTENTIN
50129,47.11F,ETI,50460,CHERBOURG-EN-COTENTIN
50129,47.11F,GE,50470,CHERBOURG-EN-COTENTIN
50129,47.11F,PME,50110,CHERBOURG-EN-COTENTIN
50129,47.11F,PME,50130,CHERBOURG-EN-COTENTIN
50129,47.19B,,50100,CHERBOURG-EN-COTENTIN
50129,47.19B,,50120,CHERBOURG-EN-COTENTIN
50129,47.19B,ETI,50120,CHERBOURG-EN-COTENTIN
50129,47.19B,ETI,50130,CHERBOURG-EN-COTENTIN
50129,47.19B,ETI,50470,CHERBOURG-EN-COTENTIN
50129,47.19B,GE,50100,CHERBOURG-EN-COTENTIN
50129,47.19B,PME,50100,CHERBOURG-EN-COTENTIN
50129,47.19B,PME,50110,CHERBOURG-EN-COTENTIN
50129,47.19B,PME,50460,CHERBOURG-EN-COTENTIN
50129,47.21Z,,50110,CHERBOURG-EN-COTENTIN
50129,47.21Z,GE,50470,CHERBOURG-EN-COTENTIN
50129,47.21Z,PME,50100,CHERBOURG-EN-COTENTIN
50129,47.21Z,PME,50120,CHERBOURG-EN-COTENTIN
50129,47.22Z,ETI,50470,CHERBOURG-EN-COTENTIN
50129,47.22Z,GE,50110,CHERBOURG-EN-COTENTIN
50129,47.22Z,PME,50100,CHERBOURG-EN-COTENTIN
50129,47.22Z,PME,50110,CHERBOURG-EN-COTENTIN
50129,47.22Z,PME,50120,CHERBOURG-EN-COTENTIN
50129,47.22Z,PME,50130,CHERBOURG-EN-COTENTIN
50129,47.23Z,,50100,CHERBOURG-EN-COTENTIN
50129,47.23Z,,50110,CHERBOURG-EN-COTENTIN
50129,47.23Z,PME,50100,CHERBOURG-EN-COTENTIN
50129,47.23Z,PME,50120,CHERBOURG-EN-COTENTIN
50129,47.23Z,PME,50130,CHERBOURG-EN-COTENTIN
50129,47.24Z,PME,50100,CHERBOURG-EN-COTENTIN
50129,47.24Z,PME,50470,CHERBOURG-EN-COTENTIN
50129,47.25Z,,50100,CHERBOURG-EN-COTENTIN
50129,47.25Z,PME,50100,CHERBOURG-EN-COTENTIN
50129,47.25Z,PME,50110,CHERBOURG-EN-COTENTIN
50129,47.25Z,PME,50120,CHERBOURG-EN-COTENTIN
50129,47.25Z,PME,50130,CHERBOURG-EN-COTENTIN
50129,47.25Z,PME,50470,CHERBOURG-EN-COTENTIN
50129,47.26Z,,50100,CHERBOURG-EN-COTENTIN
50129,47.26Z,,50110,CHERBOURG-EN-COTENTIN
50129,47.26Z,PME,50100,CHERBOURG-EN-COTENTIN
50129,47.26Z,PME,50110,CHERBOURG-EN-COTENTIN
50129,47.26Z,PME,50120,CHERBOURG-EN-COTENTIN
50129,47.26Z,PME,50130,CHERBOURG-EN-COTENTIN
50129,47.29Z,,50100,CHERBOURG-EN-COTENTIN
50129,47.29Z,,50120,CHERBOURG-EN-COTENTIN
50129,47.29Z,ETI,50100,CHERBOURG-EN-COTENTIN
50129,47.29Z,ETI,50470,CHERBOURG-EN-COTENTIN
50129,47.29Z,GE,50470,CHERBOURG-EN-COTENTIN
50129,47.29Z,PME,50100,CHERBOURG-EN-COTENTIN
50129,47.29Z,PME,50120,CHERBOURG-EN-COTENTIN
50129,47.30Z,ETI,50110,CHERBOURG-EN-COTENTIN
50129,47.30Z,ETI,50120,CHERBOURG-EN-COTENTIN
50129,47.30Z,GE,50110,CHERBOURG-EN-COTENTIN
50129,47.30Z,GE,50130,CHERBOURG-EN-COTENTIN
50129,47.30Z,GE,50470,CHERBOURG-EN-COTENTIN
50129,47.30Z,PME,50100,CHERBOURG-EN-COTENTIN
50129,47.30Z,PME,50120,CHERBOURG-EN-COTENTIN
50129,47.30Z,PME,50470,CHERBOURG-EN-COTENTIN
50129,47.41Z,,50100,CHERBOURG-EN-COTENTIN
50129,47.41Z,ETI,50100,CHERBOURG-EN-COTENTIN
50129,47.41Z,ETI,50470,CHERBOURG-EN-COTENTIN
50129,47.41Z,PME,50100,CHERBOURG-EN-COTENTIN
50129,47.41Z,PME,50120,CHERBOURG-EN-COTENTIN
50129,47.41Z,PME,50130,CHERBOURG-EN-COTENTIN
50129,47.41Z,PME,50470,CHERBOURG-EN-COTENTIN
50129,47.42Z,GE,50470,CHERBOURG-EN-COTENTIN
50129,47.42Z,PME,50100,CHERBOURG-EN-COTENTIN
50129,47.42Z,PME,50470,CHERBOURG-EN-COTENTIN
50129,47.43Z,,50100,CHERBOURG-EN-COTENTIN
50129,47.51Z,,50100,CHERBOURG-EN-COTENTIN
50129,47.51Z,PME,50100,CHERBOURG-EN-COTENTIN
50129,47.51Z,PME,50110,CHERBOURG-EN-COTENTIN
50129,47.51Z,PME,50120,CHERBOURG-EN-COTENTIN
50129,47.51Z,PME,50130,CHERBOURG-EN-COTENTIN
50129,47.51Z,PME,50470,CHERBOURG-EN-COTENTIN
50129,47.52A,PME,50100,CHERBOURG-EN-COTENTIN
50129,47.52A,PME,50110,CHERBOURG-EN-COTENTIN
50129,47.52A,PME,50470,CHERBOURG-EN-COTENTIN
50129,47.52B,ETI,50470,CHERBOURG-EN-COTENTIN
50129,47.52B,GE,50110,CHERBOURG-EN-COTENTIN
50129,47.52B,GE,50470,CHERBOURG-EN-COTENTIN
50129,47.52B,PME,50110,CHERBOURG-EN-COTENTIN
50129,47.52B,PME,50460,CHERBOURG-EN-COTENTIN
50129,47.53Z,,50470,CHERBOURG-EN-COTENTIN
50129,47.53Z,ETI,50100,CHERBOURG-EN-COTENTIN
50129,47.54Z,GE,50470,CHERBOURG-EN-COTENTIN
50129,47.54Z,PME,50100,CHERBOURG-EN-COTENTIN
50129,47.54Z,PME,50110,CHERBOURG-EN-COTENTIN
50129,47.59A,,50100,CHERBOURG-EN-COTENTIN
50129,47.59A,ETI,50100,CHERBOURG-EN-COTENTIN
50129,47.59A,ETI,50110,CHERBOURG-EN-COTENTIN
50129,47.59A,GE,50100,CHERBOURG-EN-COTENTIN
50129,47.59A,PME,50100,CHERBOURG-EN-COTENTIN
50129,47.59A,PME,50110,CHERBOURG-EN-COTENTIN
50129,47.59A,PME,50120,CHERBOURG-EN-COTENTIN
50129,47.59A,PME,50470,CHERBOURG-EN-COTENTIN
50129,47.59B,PME,50100,CHERBOURG-EN-COTENTIN
50129,47.59B,PME,50110,CHERBOURG-EN-COTENTIN
50129,47.59B,PME,50130,CHERBOURG-EN-COTENTIN
50129,47.59B,PME,50470,CHERBOURG-EN-COTENTIN
50129,47.61Z,ETI,50100,CHERBOURG-EN-COTENTIN
50129,47.61Z,PME,50100,CHERBOURG-EN-COTENTIN
50129,47.62Z,,50120,CHERBOURG-EN-COTENTIN
50129,47.62Z,GE,50100,CHERBOURG-EN-COTENTIN
50129,47.62Z,PME,50100,CHERBOURG-EN-COTENTIN
50129,47.62Z,PME,50110,CHERBOURG-EN-COTENTIN
50129,47.62Z,PME,50120,CHERBOURG-EN-COTENTIN
50129,47.62Z,PME,50130,CHERBOURG-EN-COTENTIN
50129,47.62Z,PME,50460,CHERBOURG-EN-COTENTIN
50129,47.63Z,PME,50100,CHERBOURG-EN-COTENTIN
50129,47.64Z,,50460,CHERBOURG-EN-COTENTIN
50129,47.64Z,ETI,50100,CHERBOURG-EN-COTENTIN
50129,47.64Z,ETI,50110,CHERBOURG-EN-COTENTIN
50129,47.64Z,ETI,50470,CHERBOURG-EN-COTENTIN
50129,47.64Z,GE,50100,CHERBOURG-EN-COTENTIN
50129,47.64Z,PME,50100,CHERBOURG-EN-COTENTIN
50129,47.64Z,PME,50110,CHERBOURG-EN-COTENTIN
50129,47.64Z,PME,50120,CHERBOURG-EN-COTENTIN
50129,47.64Z,PME,50470,CHERBOURG-EN-COTENTIN
50129,47.65Z,,50100,CHERBOURG-EN-COTENTIN
50129,47.65Z,ETI,50470,CHERBOURG-EN-COTENTIN
50129,47.65Z,PME,50100,CHERBOURG-EN-COTENTIN
50129,47.65Z,PME,50110,CHERBOURG-EN-COTENTIN
50129,47.71Z,,50100,CHERBOURG-EN-COTENTIN
50129,47.71Z,,50130,CHERBOURG-EN-COTENTIN
50129,47.71Z,,50470,CHERBOURG-EN-COTENTIN
50129,47.71Z,ETI,50100,CHERBOURG-EN-COTENTIN
50129,47.71Z,ETI,50110,CHERBOURG-EN-COTENTIN
50129,47.71Z,ETI,50460,CHERBOURG-EN-COTENTIN
50129,47.71Z,ETI,50470,CHERBOURG-EN-COTENTIN
50129,47.71Z,GE,50100,CHERBOURG-EN-COTENTIN
50129,47.71Z,PME,50100,CHERBOURG-EN-COTENTIN
50129,47.71Z,PME,50120,CHERBOURG-EN-COTENTIN
50129,47.71Z,PME,50130,CHERBOURG-EN-COTENTIN
50129,47.71Z,PME,50470,CHERBOURG-EN-COTENTIN
50129,47.72A,,50100,CHERBOURG-EN-COTENTIN
50129,47.72A,ETI,50100,CHERBOURG-EN-COTENTIN
50129,47.72A,ETI,50110,CHERBOURG-EN-COTENTIN
50129,47.72A,ETI,50470,CHERBOURG-EN-COTENTIN
50129,47.72A,PME,50100,CHERBOURG-EN-COTENTIN
50129,47.72A,PME,50110,CHERBOURG-EN-COTENTIN
50129,47.72A,PME,50470,CHERBOURG-EN-COTENTIN
50129,47.72B,PME,50100,CHERBOURG-EN-COTENTIN
50129,47.72B,PME,50470,CHERBOURG-EN-COTENTIN
50129,47.73Z,,50120,CHERBOURG-EN-COTENTIN
50129,47.73Z,,50470,CHERBOURG-EN-COTENTIN
50129,47.73Z,PME,50100,CHERBOURG-EN-COTENTIN
50129,47.73Z,PME,50110,CHERBOURG-EN-COTENTIN
50129,47.73Z,PME,50120,CHERBOURG-EN-COTENTIN
50129,47.73Z,PME,50130,CHERBOURG-EN-COTENTIN
50129,47.73Z,PME,50460,CHERBOURG-EN-COTENTIN
50129,47.73Z,PME,50470,CHERBOURG-EN-COTENTIN
50129,47.74Z,ETI,50110,CHERBOURG-EN-COTENTIN
50129,47.74Z,ETI,50130,CHERBOURG-EN-COTENTIN
50129,47.74Z,PME,50100,CHERBOURG-EN-COTENTIN
50129,47.74Z,PME,50110,CHERBOURG-EN-COTENTIN
50129,47.74Z,PME,50130,CHERBOURG-EN-COTENTIN
50129,47.74Z,PME,50460,CHERBOURG-EN-COTENTIN
50129,47.75Z,,50100,CHERBOURG-EN-COTENTIN
50129,47.75Z,ETI,50100,CHERBOURG-EN-COTENTIN
50129,47.75Z,ETI,50470,CHERBOURG-EN-COTENTIN
50129,47.75Z,GE,50100,CHERBOURG-EN-COTENTIN
50129,47.75Z,GE,50470,CHERBOURG-EN-COTENTIN
50129,47.75Z,PME,50100,CHERBOURG-EN-COTENTIN
50129,47.75Z,PME,50110,CHERBOURG-EN-COTENTIN
50129,47.76Z,,50100,CHERBOURG-EN-COTENTIN
50129,47.76Z,,50110,CHERBOURG-EN-COTENTIN
50129,47.76Z,,50120,CHERBOURG-EN-COTENTIN
50129,47.76Z,ETI,50110,CHERBOURG-EN-COTENTIN
50129,47.76Z,GE,50100,CHERBOURG-EN-COTENTIN
50129,47.76Z,GE,50470,CHERBOURG-EN-COTENTIN
50129,47.76Z,PME,50100,CHERBOURG-EN-COTENTIN
50129,47.76Z,PME,50110,CHERBOURG-EN-COTENTIN
50129,47.76Z,PME,50120,CHERBOURG-EN-COTENTIN
50129,47.76Z,PME,50130,CHERBOURG-EN-COTENTIN
50129,47.76Z,PME,50460,CHERBOURG-EN-COTENTIN
50129,47.76Z,PME,50470,CHERBOURG-EN-COTENTIN
50129,47.77Z,,50100,CHERBOURG-EN-COTENTIN
50129,47.77Z,ETI,50100,CHERBOURG-EN-COTENTIN
50129,47.77Z,PME,50100,CHERBOURG-EN-COTENTIN
50129,47.77Z,PME,50110,CHERBOURG-EN-COTENTIN
50129,47.77Z,PME,50470,CHERBOURG-EN-COTENTIN
50129,47.78A,,50100,CHERBOURG-EN-COTENTIN
50129,47.78A,ETI,50100,CHERBOURG-EN-COTENTIN
50129,47.78A,ETI,50470,CHERBOURG-EN-COTENTIN
50129,47.78A,GE,50100,CHERBOURG-EN-COTENTIN
50129,47.78A,GE,50130,CHERBOURG-EN-COTENTIN
50129,47.78A,PME,50100,CHERBOURG-EN-COTENTIN
50129,47.78A,PME,50110,CHERBOURG-EN-COTENTIN
50129,47.78A,PME,50120,CHERBOURG-EN-COTENTIN
50129,47.78A,PME,50130,CHERBOURG-EN-COTENTIN
50129,47.78A,PME,50460,CHERBOURG-EN-COTENTIN
50129,47.78A,PME,50470,CHERBOURG-EN-COTENTIN
50129,47.78B,GE,50100,CHERBOURG-EN-COTENTIN
50129,47.78B,GE,50110,CHERBOURG-EN-COTENTIN
50129,47.78B,PME,50110,CHERBOURG-EN-COTENTIN
50129,47.78C,,50100,CHERBOURG-EN-COTENTIN
50129,47.78C,,50120,CHERBOURG-EN-COTENTIN
50129,47.78C,,50130,CHERBOURG-EN-COTENTIN
50129,47.78C,,50470,CHERBOURG-EN-COTENTIN
50129,47.78C,ETI,50100,CHERBOURG-EN-COTENTIN
50129,47.78C,ETI,50470,CHERBOURG-EN-COTENTIN
50129,47.78C,GE,50100,CHERBOURG-EN-COTENTIN
50129,47.78C,PME,50100,CHERBOURG-EN-COTENTIN
50129,47.78C,PME,50110,CHERBOURG-EN-COTENTIN
50129,47.78C,PME,50120,CHERBOURG-EN-COTENTIN
50129,47.78C,PME,50470,CHERBOURG-EN-COTENTIN
50129,47.79Z,,50100,CHERBOURG-EN-COTENTIN
50129,47.79Z,,50110,CHERBOURG-EN-COTENTIN
50129,47.79Z,,50120,CHERBOURG-EN-COTENTIN
50129,47.79Z,,50470,CHERBOURG-EN-COTENTIN
50129,47.79Z,PME,50100,CHERBOURG-EN-COTENTIN
50129,47.79Z,PME,50110,CHERBOURG-EN-COTENTIN
50129,47.79Z,PME,50120,CHERBOURG-EN-COTENTIN
50129,47.79Z,PME,50470,CHERBOURG-EN-COTENTIN
50129,47.81Z,,50100,CHERBOURG-EN-COTENTIN
50129,47.81Z,,50110,CHERBOURG-EN-COTENTIN
50129,47.81Z,,50130,CHERBOURG-EN-COTENTIN
50129,47.81Z,,50470,CHERBOURG-EN-COTENTIN
50129,47.81Z,PME,50100,CHERBOURG-EN-COTENTIN
50129,47.81Z,PME,50110,CHERBOURG-EN-COTENTIN
50129,47.81Z,PME,50120,CHERBOURG-EN-COTENTIN
50129,47.81Z,PME,50130,CHERBOURG-EN-COTENTIN
50129,47.81Z,PME,50460,CHERBOURG-EN-COTENTIN
50129,47.81Z,PME,50470,CHERBOURG-EN-COTENTIN
50129,47.82Z,,50100,CHERBOURG-EN-COTENTIN
50129,47.82Z,,50120,CHERBOURG-EN-COTENTIN
50129,47.82Z,PME,50100,CHERBOURG-EN-COTENTIN
50129,47.82Z,PME,50110,CHERBOURG-EN-COTENTIN
50129,47.82Z,PME,50120,CHERBOURG-EN-COTENTIN
50129,47.82Z,PME,50130,CHERBOURG-EN-COTENTIN
50129,47.89Z,,50100,CHERBOURG-EN-COTENTIN
50129,47.89Z,,50110,CHERBOURG-EN-COTENTIN
50129,47.89Z,PME,50100,CHERBOURG-EN-COTENTIN
50129,47.89Z,PME,50110,CHERBOURG-EN-COTENTIN
50129,47.89Z,PME,50120,CHERBOURG-EN-COTENTIN
50129,47.89Z,PME,50130,CHERBOURG-EN-COTENTIN
50129,47.89Z,PME,50460,CHERBOURG-EN-COTENTIN
50129,47.89Z,PME,50470,CHERBOURG-EN-COTENTIN
50129,47.91A,,50100,CHERBOURG-EN-COTENTIN
50129,47.91A,,50110,CHERBOURG-EN-COTENTIN
50129,47.91A,,50120,CHERBOURG-EN-COTENTIN
50129,47.91A,,50130,CHERBOURG-EN-COTENTIN
50129,47.91A,,50470,CHERBOURG-EN-COTENTIN
50129,47.91A,PME,50100,CHERBOURG-EN-COTENTIN
50129,47.91A,PME,50110,CHERBOURG-EN-COTENTIN
50129,47.91A,PME,50120,CHERBOURG-EN-COTENTIN
50129,47.91A,PME,50130,CHERBOURG-EN-COTENTIN
50129,47.91A,PME,50460,CHERBOURG-EN-COTENTIN
50129,47.91A,PME,50470,CHERBOURG-EN-COTENTIN
50129,47.91B,,50100,CHERBOURG-EN-COTENTIN
50129,47.91B,,50110,CHERBOURG-EN-COTENTIN
50129,47.91B,,50120,CHERBOURG-EN-COTENTIN
50129,47.91B,,50130,CHERBOURG-EN-COTENTIN
50129,47.91B,,50460,CHERBOURG-EN-COTENTIN
50129,47.91B,,50470,CHERBOURG-EN-COTENTIN
50129,47.91B,ETI,50110,CHERBOURG-EN-COTENTIN
50129,47.91B,PME,50100,CHERBOURG-EN-COTENTIN
50129,47.91B,PME,50120,CHERBOURG-EN-COTENTIN
50129,47.91B,PME,50130,CHERBOURG-EN-COTENTIN
50129,47.91B,PME,50460,CHERBOURG-EN-COTENTIN
50129,47.91B,PME,50470,CHERBOURG-EN-COTENTIN
50129,47.99A,,50100,CHERBOURG-EN-COTENTIN
50129,47.99A,,50110,CHERBOURG-EN-COTENTIN
50129,47.99A,,50120,CHERBOURG-EN-COTENTIN
50129,47.99A,,50130,CHERBOURG-EN-COTENTIN
50129,47.99A,,50460,CHERBOURG-EN-COTENTIN
50129,47.99A,,50470,CHERBOURG-EN-COTENTIN
50129,47.99A,PME,50100,CHERBOURG-EN-COTENTIN
50129,47.99A,PME,50110,CHERBOURG-EN-COTENTIN
50129,47.99A,PME,50120,CHERBOURG-EN-COTENTIN
50129,47.99A,PME,50130,CHERBOURG-EN-COTENTIN
50129,47.99A,PME,50460,CHERBOURG-EN-COTENTIN
50129,47.99A,PME,50470,CHERBOURG-EN-COTENTIN
50129,47.99B,,50130,CHERBOURG-EN-COTENTIN
50129,47.99B,PME,50120,CHERBOURG-EN-COTENTIN
50129,47.99B,PME,50470,CHERBOURG-EN-COTENTIN
50129,49.10Z,GE,50100,CHERBOURG-EN-COTENTIN
50129,49.32Z,,50100,CHERBOURG-EN-COTENTIN
50129,49.32Z,,50120,CHERBOURG-EN-COTENTIN
50129,49.32Z,PME,50100,CHERBOURG-EN-COTENTIN
50129,49.32Z,PME,50110,CHERBOURG-EN-COTENTIN
50129,49.32Z,PME,50120,CHERBOURG-EN-COTENTIN
50129,49.32Z,PME,50130,CHERBOURG-EN-COTENTIN
50129,49.32Z,PME,50460,CHERBOURG-EN-COTENTIN
50129,49.32Z,PME,50470,CHERBOURG-EN-COTENTIN
50129,49.39A,GE,50110,CHERBOURG-EN-COTENTIN
50129,49.41A,,50100,CHERBOURG-EN-COTENTIN
50129,49.41A,GE,50100,CHERBOURG-EN-COTENTIN
50129,49.41A,GE,50110,CHERBOURG-EN-COTENTIN
50129,49.41A,PME,50100,CHERBOURG-EN-COTENTIN
50129,49.41A,PME,50110,CHERBOURG-EN-COTENTIN
50129,49.41A,PME,50130,CHERBOURG-EN-COTENTIN
50129,49.41A,PME,50470,CHERBOURG-EN-COTENTIN
50129,49.41B,,50110,CHERBOURG-EN-COTENTIN
50129,49.41B,,50120,CHERBOURG-EN-COTENTIN
50129,49.41B,ETI,50110,CHERBOURG-EN-COTENTIN
50129,49.41B,PME,50100,CHERBOURG-EN-COTENTIN
50129,49.41B,PME,50120,CHERBOURG-EN-COTENTIN
50129,49.41B,PME,50130,CHERBOURG-EN-COTENTIN
50129,49.42Z,ETI,50120,CHERBOURG-EN-COTENTIN
50129,49.42Z,PME,50100,CHERBOURG-EN-COTENTIN
50129,50.10Z,,50120,CHERBOURG-EN-COTENTIN
50129,50.10Z,ETI,50100,CHERBOURG-EN-COTENTIN
50129,50.10Z,PME,50100,CHERBOURG-EN-COTENTIN
50129,50.10Z,PME,50110,CHERBOURG-EN-COTENTIN
50129,50.10Z,PME,50460,CHERBOURG-EN-COTENTIN
50129,50.30Z,PME,50470,CHERBOURG-EN-COTENTIN
50129,51.10Z,PME,50110,CHERBOURG-EN-COTENTIN
50129,52.10B,ETI,50100,CHERBOURG-EN-COTENTIN
50129,52.10B,ETI,50120,CHERBOURG-EN-COTENTIN
50129,52.10B,PME,50120,CHERBOURG-EN-COTENTIN
50129,52.21Z,ETI,50100,CHERBOURG-EN-COTENTIN
50129,52.21Z,GE,50100,CHERBOURG-EN-COTENTIN
50129,52.21Z,PME,50100,CHERBOURG-EN-COTENTIN
50129,52.22Z,,50100,CHERBOURG-EN-COTENTIN
50129,52.22Z,,50110,CHERBOURG-EN-COTENTIN
50129,52.22Z,GE,50100,CHERBOURG-EN-COTENTIN
50129,52.22Z,PME,50100,CHERBOURG-EN-COTENTIN
50129,52.24A,,50100,CHERBOURG-EN-COTENTIN
50129,52.24A,PME,50100,CHERBOURG-EN-COTENTIN
50129,52.24B,PME,50100,CHERBOURG-EN-COTENTIN
50129,52.29B,ETI,50100,CHERBOURG-EN-COTENTIN
50129,52.29B,ETI,50110,CHERBOURG-EN-COTENTIN
50129,52.29B,PME,50100,CHERBOURG-EN-COTENTIN
50129,52.29B,PME,50110,CHERBOURG-EN-COTENTIN
50129,53.10Z,GE,50100,CHERBOURG-EN-COTENTIN
50129,53.10Z,GE,50110,CHERBOURG-EN-COTENTIN
50129,53.10Z,GE,50120,CHERBOURG-EN-COTENTIN
50129,53.10Z,GE,50130,CHERBOURG-EN-COTENTIN
50129,53.10Z,GE,50460,CHERBOURG-EN-COTENTIN
50129,53.10Z,GE,50470,CHERBOURG-EN-COTENTIN
50129,53.20Z,,50100,CHERBOURG-EN-COTENTIN
50129,53.20Z,,50110,CHERBOURG-EN-COTENTIN
50129,53.20Z,,50120,CHERBOURG-EN-COTENTIN
50129,53.20Z,,50130,CHERBOURG-EN-COTENTIN
50129,53.20Z,,50470,CHERBOURG-EN-COTENTIN
50129,53.20Z,PME,50100,CHERBOURG-EN-COTENTIN
50129,53.20Z,PME,50110,CHERBOURG-EN-COTENTIN
50129,53.20Z,PME,50120,CHERBOURG-EN-COTENTIN
50129,53.20Z,PME,50130,CHERBOURG-EN-COTENTIN
50129,53.20Z,PME,50460,CHERBOURG-EN-COTENTIN
50129,53.20Z,PME,50470,CHERBOURG-EN-COTENTIN
50129,55.10Z,,50100,CHERBOURG-EN-COTENTIN
50129,55.10Z,ETI,50470,CHERBOURG-EN-COTENTIN
50129,55.10Z,GE,50100,CHERBOURG-EN-COTENTIN
50129,55.10Z,PME,50100,CHERBOURG-EN-COTENTIN
50129,55.10Z,PME,50110,CHERBOURG-EN-COTENTIN
50129,55.10Z,PME,50120,CHERBOURG-EN-COTENTIN
50129,55.10Z,PME,50130,CHERBOURG-EN-COTENTIN
50129,55.10Z,PME,50470,CHERBOURG-EN-COTENTIN
50129,55.20Z,,50100,CHERBOURG-EN-COTENTIN
50129,55.20Z,,50120,CHERBOURG-EN-COTENTIN
50129,55.20Z,,50130,CHERBOURG-EN-COTENTIN
50129,55.20Z,ETI,50100,CHERBOURG-EN-COTENTIN
50129,55.20Z,PME,50100,CHERBOURG-EN-COTENTIN
50129,55.20Z,PME,50110,CHERBOURG-EN-COTENTIN
50129,55.20Z,PME,50120,CHERBOURG-EN-COTENTIN
50129,55.20Z,PME,50130,CHERBOURG-EN-COTENTIN
50129,55.20Z,PME,50470,CHERBOURG-EN-COTENTIN
50129,55.30Z,,50100,CHERBOURG-EN-COTENTIN
50129,55.30Z,,50130,CHERBOURG-EN-COTENTIN
50129,55.30Z,ETI,50120,CHERBOURG-EN-COTENTIN
50129,55.30Z,PME,50110,CHERBOURG-EN-COTENTIN
50129,55.30Z,PME,50460,CHERBOURG-EN-COTENTIN
50129,55.90Z,,50470,CHERBOURG-EN-COTENTIN
50129,55.90Z,PME,50100,CHERBOURG-EN-COTENTIN
50129,55.90Z,PME,50130,CHERBOURG-EN-COTENTIN
50129,56.10A,,50100,CHERBOURG-EN-COTENTIN
50129,56.10A,,50110,CHERBOURG-EN-COTENTIN
50129,56.10A,,50130,CHERBOURG-EN-COTENTIN
50129,56.10A,ETI,50100,CHERBOURG-EN-COTENTIN
50129,56.10A,ETI,50110,CHERBOURG-EN-COTENTIN
50129,56.10A,PME,50100,CHERBOURG-EN-COTENTIN
50129,56.10A,PME,50110,CHERBOURG-EN-COTENTIN
50129,56.10A,PME,50120,CHERBOURG-EN-COTENTIN
50129,56.10A,PME,50130,CHERBOURG-EN-COTENTIN
50129,56.10A,PME,50460,CHERBOURG-EN-COTENTIN
50129,56.10A,PME,50470,CHERBOURG-EN-COTENTIN
50129,56.10B,ETI,50100,CHERBOURG-EN-COTENTIN
50129,56.10B,GE,50110,CHERBOURG-EN-COTENTIN
50129,56.10C,,50100,CHERBOURG-EN-COTENTIN
50129,56.10C,,50110,CHERBOURG-EN-COTENTIN
50129,56.10C,,50120,CHERBOURG-EN-COTENTIN
50129,56.10C,,50130,CHERBOURG-EN-COTENTIN
50129,56.10C,,50470,CHERBOURG-EN-COTENTIN
50129,56.10C,PME,50100,CHERBOURG-EN-COTENTIN
50129,56.10C,PME,50110,CHERBOURG-EN-COTENTIN
50129,56.10C,PME,50120,CHERBOURG-EN-COTENTIN
50129,56.10C,PME,50130,CHERBOURG-EN-COTENTIN
50129,56.10C,PME,50460,CHERBOURG-EN-COTENTIN
50129,56.10C,PME,50470,CHERBOURG-EN-COTENTIN
50129,56.21Z,,50100,CHERBOURG-EN-COTENTIN
50129,56.21Z,,50120,CHERBOURG-EN-COTENTIN
50129,56.21Z,,50130,CHERBOURG-EN-COTENTIN
50129,56.21Z,,50460,CHERBOURG-EN-COTENTIN
50129,56.21Z,,50470,CHERBOURG-EN-COTENTIN
50129,56.21Z,PME,50100,CHERBOURG-EN-COTENTIN
50129,56.21Z,PME,50120,CHERBOURG-EN-COTENTIN
50129,56.21Z,PME,50460,CHERBOURG-EN-COTENTIN
50129,56.21Z,PME,50470,CHERBOURG-EN-COTENTIN
50129,56.29A,GE,50100,CHERBOURG-EN-COTENTIN
50129,56.29A,GE,50110,CHERBOURG-EN-COTENTIN
50129,56.29B,,50100,CHERBOURG-EN-COTENTIN
50129,56.29B,ETI,50100,CHERBOURG-EN-COTENTIN
50129,56.29B,ETI,50130,CHERBOURG-EN-COTENTIN
50129,56.29B,GE,50100,CHERBOURG-EN-COTENTIN
50129,56.29B,GE,50110,CHERBOURG-EN-COTENTIN
50129,56.29B,GE,50120,CHERBOURG-EN-COTENTIN
50129,56.29B,PME,50100,CHERBOURG-EN-COTENTIN
50129,56.29B,PME,50460,CHERBOURG-EN-COTENTIN
50129,56.30Z,,50100,CHERBOURG-EN-COTENTIN
50129,56.30Z,,50110,CHERBOURG-EN-COTENTIN
50129,56.30Z,,50120,CHERBOURG-EN-COTENTIN
50129,56.30Z,PME,50100,CHERBOURG-EN-COTENTIN
50129,56.30Z,PME,50110,CHERBOURG-EN-COTENTIN
50129,56.30Z,PME,50120,CHERBOURG-EN-COTENTIN
50129,56.30Z,PME,50130,CHERBOURG-EN-COTENTIN
50129,56.30Z,PME,50460,CHERBOURG-EN-COTENTIN
50129,56.30Z,PME,50470,CHERBOURG-EN-COTENTIN
50129,58.11Z,,50100,CHERBOURG-EN-COTENTIN
50129,58.11Z,,50120,CHERBOURG-EN-COTENTIN
50129,58.11Z,PME,50100,CHERBOURG-EN-COTENTIN
50129,58.11Z,PME,50130,CHERBOURG-EN-COTENTIN
50129,58.13Z,ETI,50100,CHERBOURG-EN-COTENTIN
50129,58.13Z,PME,50100,CHERBOURG-EN-COTENTIN
50129,58.14Z,,50110,CHERBOURG-EN-COTENTIN
50129,58.14Z,,50130,CHERBOURG-EN-COTENTIN
50129,58.14Z,,50470,CHERBOURG-EN-COTENTIN
50129,58.14Z,PME,50100,CHERBOURG-EN-COTENTIN
50129,58.14Z,PME,50110,CHERBOURG-EN-COTENTIN
50129,58.19Z,,50100,CHERBOURG-EN-COTENTIN
50129,58.19Z,PME,50120,CHERBOURG-EN-COTENTIN
50129,58.21Z,,50100,CHERBOURG-EN-COTENTIN
50129,58.21Z,PME,50470,CHERBOURG-EN-COTENTIN
50129,58.29C,PME,50100,CHERBOURG-EN-COTENTIN
50129,58.29C,PME,50120,CHERBOURG-EN-COTENTIN
50129,59.11A,,50100,CHERBOURG-EN-COTENTIN
50129,59.11A,PME,50100,CHERBOURG-EN-COTENTIN
50129,59.11A,PME,50110,CHERBOURG-EN-COTENTIN
50129,59.11A,PME,50120,CHERBOURG-EN-COTENTIN
50129,59.11B,,50100,CHERBOURG-EN-COTENTIN
50129,59.11B,,50110,CHERBOURG-EN-COTENTIN
50129,59.11B,PME,50100,CHERBOURG-EN-COTENTIN
50129,59.11B,PME,50110,CHERBOURG-EN-COTENTIN
50129,59.11B,PME,50120,CHERBOURG-EN-COTENTIN
50129,59.11B,PME,50130,CHERBOURG-EN-COTENTIN
50129,59.11B,PME,50470,CHERBOURG-EN-COTENTIN
50129,59.11C,,50110,CHERBOURG-EN-COTENTIN
50129,59.11C,,50130,CHERBOURG-EN-COTENTIN
50129,59.12Z,PME,50100,CHERBOURG-EN-COTENTIN
50129,59.12Z,PME,50470,CHERBOURG-EN-COTENTIN
50129,59.13B,PME,50100,CHERBOURG-EN-COTENTIN
50129,59.14Z,ETI,50100,CHERBOURG-EN-COTENTIN
50129,59.14Z,PME,50120,CHERBOURG-EN-COTENTIN
50129,59.20Z,,50100,CHERBOURG-EN-COTENTIN
50129,59.20Z,,50120,CHERBOURG-EN-COTENTIN
50129,59.20Z,PME,50100,CHERBOURG-EN-COTENTIN
50129,60.10Z,,50100,CHERBOURG-EN-COTENTIN
50129,60.10Z,ETI,50100,CHERBOURG-EN-COTENTIN
50129,60.10Z,ETI,50130,CHERBOURG-EN-COTENTIN
50129,60.10Z,GE,50130,CHERBOURG-EN-COTENTIN
50129,60.20A,GE,50100,CHERBOURG-EN-COTENTIN
50129,61.10Z,GE,50100,CHERBOURG-EN-COTENTIN
50129,61.10Z,GE,50130,CHERBOURG-EN-COTENTIN
50129,61.90Z,PME,50100,CHERBOURG-EN-COTENTIN
50129,62.01Z,,50100,CHERBOURG-EN-COTENTIN
50129,62.01Z,,50110,CHERBOURG-EN-COTENTIN
50129,62.01Z,,50130,CHERBOURG-EN-COTENTIN
50129,62.01Z,PME,50100,CHERBOURG-EN-COTENTIN
50129,62.01Z,PME,50110,CHERBOURG-EN-COTENTIN
50129,62.01Z,PME,50120,CHERBOURG-EN-COTENTIN
50129,62.01Z,PME,50130,CHERBOURG-EN-COTENTIN
50129,62.01Z,PME,50470,CHERBOURG-EN-COTENTIN
50129,62.02A,,50100,CHERBOURG-EN-COTENTIN
50129,62.02A,,50110,CHERBOURG-EN-COTENTIN
50129,62.02A,,50120,CHERBOURG-EN-COTENTIN
50129,62.02A,,50470,CHERBOURG-EN-COTENTIN
50129,62.02A,ETI,50100,CHERBOURG-EN-COTENTIN
50129,62.02A,GE,50100,CHERBOURG-EN-COTENTIN
50129,62.02A,GE,50120,CHERBOURG-EN-COTENTIN
50129,62.02A,GE,50130,CHERBOURG-EN-COTENTIN
50129,62.02A,GE,50470,CHERBOURG-EN-COTENTIN
50129,62.02A,PME,50100,CHERBOURG-EN-COTENTIN
50129,62.02A,PME,50110,CHERBOURG-EN-COTENTIN
50129,62.02A,PME,50120,CHERBOURG-EN-COTENTIN
50129,62.02A,PME,50130,CHERBOURG-EN-COTENTIN
50129,62.02A,PME,50470,CHERBOURG-EN-COTENTIN
50129,62.02B,,50100,CHERBOURG-EN-COTENTIN
50129,62.02B,PME,50110,CHERBOURG-EN-COTENTIN
50129,62.02B,PME,50120,CHERBOURG-EN-COTENTIN
50129,62.03Z,PME,50100,CHERBOURG-EN-COTENTIN
50129,62.09Z,PME,50100,CHERBOURG-EN-COTENTIN
50129,62.09Z,PME,50110,CHERBOURG-EN-COTENTIN
50129,62.09Z,PME,50120,CHERBOURG-EN-COTENTIN
50129,63.11Z,GE,50100,CHERBOURG-EN-COTENTIN
50129,63.11Z,PME,50100,CHERBOURG-EN-COTENTIN
50129,63.11Z,PME,50130,CHERBOURG-EN-COTENTIN
50129,63.12Z,PME,50100,CHERBOURG-EN-COTENTIN
50129,63.12Z,PME,50110,CHERBOURG-EN-COTENTIN
50129,63.91Z,PME,50100,CHERBOURG-EN-COTENTIN
50129,63.91Z,PME,50110,CHERBOURG-EN-COTENTIN
50129,63.91Z,PME,50120,CHERBOURG-EN-COTENTIN
50129,63.91Z,PME,50130,CHERBOURG-EN-COTENTIN
50129,64.19Z,GE,50100,CHERBOURG-EN-COTENTIN
50129,64.19Z,GE,50110,CHERBOURG-EN-COTENTIN
50129,64.19Z,GE,50120,CHERBOURG-EN-COTENTIN
50129,64.19Z,GE,50130,CHERBOURG-EN-COTENTIN
50129,64.19Z,GE,50460,CHERBOURG-EN-COTENTIN
50129,64.19Z,GE,50470,CHERBOURG-EN-COTENTIN
50129,64.20Z,,50100,CHERBOURG-EN-COTENTIN
50129,64.20Z,,50110,CHERBOURG-EN-COTENTIN
50129,64.20Z,,50120,CHERBOURG-EN-COTENTIN
50129,64.20Z,,50130,CHERBOURG-EN-COTENTIN
50129,64.20Z,,50470,CHERBOURG-EN-COTENTIN
50129,64.20Z,ETI,50100,CHERBOURG-EN-COTENTIN
50129,64.20Z,ETI,50110,CHERBOURG-EN-COTENTIN
50129,64.20Z,ETI,50460,CHERBOURG-EN-COTENTIN
50129,64.20Z,PME,50100,CHERBOURG-EN-COTENTIN
50129,64.20Z,PME,50110,CHERBOURG-EN-COTENTIN
50129,64.20Z,PME,50120,CHERBOURG-EN-COTENTIN
50129,64.20Z,PME,50130,CHERBOURG-EN-COTENTIN
50129,64.20Z,PME,50460,CHERBOURG-EN-COTENTIN
50129,64.20Z,PME,50470,CHERBOURG-EN-COTENTIN
50129,64.30Z,,50110,CHERBOURG-EN-COTENTIN
50129,64.30Z,,50130,CHERBOURG-EN-COTENTIN
50129,64.30Z,ETI,50100,CHERBOURG-EN-COTENTIN
50129,64.30Z,PME,50100,CHERBOURG-EN-COTENTIN
50129,64.30Z,PME,50110,CHERBOURG-EN-COTENTIN
50129,64.92Z,ETI,50100,CHERBOURG-EN-COTENTIN
50129,64.92Z,GE,50100,CHERBOURG-EN-COTENTIN
50129,64.92Z,PME,50100,CHERBOURG-EN-COTENTIN
50129,64.92Z,PME,50110,CHERBOURG-EN-COTENTIN
50129,64.99Z,GE,50100,CHERBOURG-EN-COTENTIN
50129,64.99Z,PME,50100,CHERBOURG-EN-COTENTIN
50129,65.11Z,ETI,50100,CHERBOURG-EN-COTENTIN
50129,65.11Z,ETI,50130,CHERBOURG-EN-COTENTIN
50129,65.12Z,,50100,CHERBOURG-EN-COTENTIN
50129,65.12Z,ETI,50100,CHERBOURG-EN-COTENTIN
50129,65.12Z,GE,50100,CHERBOURG-EN-COTENTIN
50129,65.12Z,GE,50130,CHERBOURG-EN-COTENTIN
50129,65.12Z,PME,50100,CHERBOURG-EN-COTENTIN
50129,66.12Z,PME,50470,CHERBOURG-EN-COTENTIN
50129,66.19A,,50100,CHERBOURG-EN-COTENTIN
50129,66.19A,,50110,CHERBOURG-EN-COTENTIN
50129,66.19A,,50130,CHERBOURG-EN-COTENTIN
50129,66.19A,PME,50100,CHERBOURG-EN-COTENTIN
50129,66.19A,PME,50110,CHERBOURG-EN-COTENTIN
50129,66.19A,PME,50120,CHERBOURG-EN-COTENTIN
50129,66.19A,PME,50130,CHERBOURG-EN-COTENTIN
50129,66.19A,PME,50460,CHERBOURG-EN-COTENTIN
50129,66.19A,PME,50470,CHERBOURG-EN-COTENTIN
50129,66.19B,,50100,CHERBOURG-EN-COTENTIN
50129,66.19B,ETI,50100,CHERBOURG-EN-COTENTIN
50129,66.19B,GE,50470,CHERBOURG-EN-COTENTIN
50129,66.19B,PME,50100,CHERBOURG-EN-COTENTIN
50129,66.19B,PME,50110,CHERBOURG-EN-COTENTIN
50129,66.19B,PME,50130,CHERBOURG-EN-COTENTIN
50129,66.19B,PME,50470,CHERBOURG-EN-COTENTIN
50129,66.21Z,PME,50100,CHERBOURG-EN-COTENTIN
50129,66.22Z,,50100,CHERBOURG-EN-COTENTIN
50129,66.22Z,,50110,CHERBOURG-EN-COTENTIN
50129,66.22Z,ETI,50100,CHERBOURG-EN-COTENTIN
50129,66.22Z,PME,50100,CHERBOURG-EN-COTENTIN
50129,66.22Z,PME,50110,CHERBOURG-EN-COTENTIN
50129,66.22Z,PME,50120,CHERBOURG-EN-COTENTIN
50129,66.22Z,PME,50130,CHERBOURG-EN-COTENTIN
50129,66.22Z,PME,50460,CHERBOURG-EN-COTENTIN
50129,66.22Z,PME,50470,CHERBOURG-EN-COTENTIN
50129,66.30Z,,50100,CHERBOURG-EN-COTENTIN
50129,66.30Z,,50110,CHERBOURG-EN-COTENTIN
50129,66.30Z,,50120,CHERBOURG-EN-COTENTIN
50129,66.30Z,,50470,CHERBOURG-EN-COTENTIN
50129,66.30Z,PME,50100,CHERBOURG-EN-COTENTIN
50129,66.30Z,PME,50110,CHERBOURG-EN-COTENTIN
50129,66.30Z,PME,50120,CHERBOURG-EN-COTENTIN
50129,66.30Z,PME,50470,CHERBOURG-EN-COTENTIN
50129,68.10Z,,50100,CHERBOURG-EN-COTENTIN
50129,68.10Z,,50110,CHERBOURG-EN-COTENTIN
50129,68.10Z,,50130,CHERBOURG-EN-COTENTIN
50129,68.10Z,ETI,50100,CHERBOURG-EN-COTENTIN
50129,68.10Z,PME,50100,CHERBOURG-EN-COTENTIN
50129,68.10Z,PME,50110,CHERBOURG-EN-COTENTIN
50129,68.10Z,PME,50130,CHERBOURG-EN-COTENTIN
50129,68.10Z,PME,50470,CHERBOURG-EN-COTENTIN
50129,68.20A,,50100,CHERBOURG-EN-COTENTIN
50129,68.20A,,50110,CHERBOURG-EN-COTENTIN
50129,68.20A,,50120,CHERBOURG-EN-COTENTIN
50129,68.20A,,50130,CHERBOURG-EN-COTENTIN
50129,68.20A,,50460,CHERBOURG-EN-COTENTIN
50129,68.20A,,50470,CHERBOURG-EN-COTENTIN
50129,68.20A,ETI,50100,CHERBOURG-EN-COTENTIN
50129,68.20A,GE,50100,CHERBOURG-EN-COTENTIN
50129,68.20A,PME,50100,CHERBOURG-EN-COTENTIN
50129,68.20A,PME,50110,CHERBOURG-EN-COTENTIN
50129,68.20A,PME,50120,CHERBOURG-EN-COTENTIN
50129,68.20A,PME,50130,CHERBOURG-EN-COTENTIN
50129,68.20A,PME,50460,CHERBOURG-EN-COTENTIN
50129,68.20A,PME,50470,CHERBOURG-EN-COTENTIN
50129,68.20B,,50100,CHERBOURG-EN-COTENTIN
50129,68.20B,,50110,CHERBOURG-EN-COTENTIN
50129,68.20B,,50120,CHERBOURG-EN-COTENTIN
50129,68.20B,,50130,CHERBOURG-EN-COTENTIN
50129,68.20B,,50460,CHERBOURG-EN-COTENTIN
50129,68.20B,,50470,CHERBOURG-EN-COTENTIN
50129,68.20B,ETI,50100,CHERBOURG-EN-COTENTIN
50129,68.20B,ETI,50110,CHERBOURG-EN-COTENTIN
50129,68.20B,ETI,50120,CHERBOURG-EN-COTENTIN
50129,68.20B,ETI,50460,CHERBOURG-EN-COTENTIN
50129,68.20B,ETI,50470,CHERBOURG-EN-COTENTIN
50129,68.20B,GE,50100,CHERBOURG-EN-COTENTIN
50129,68.20B,GE,50110,CHERBOURG-EN-COTENTIN
50129,68.20B,GE,50120,CHERBOURG-EN-COTENTIN
50129,68.20B,GE,50130,CHERBOURG-EN-COTENTIN
50129,68.20B,GE,50470,CHERBOURG-EN-COTENTIN
50129,68.20B,PME,50100,CHERBOURG-EN-COTENTIN
50129,68.20B,PME,50110,CHERBOURG-EN-COTENTIN
50129,68.20B,PME,50120,CHERBOURG-EN-COTENTIN
50129,68.20B,PME,50130,CHERBOURG-EN-COTENTIN
50129,68.20B,PME,50460,CHERBOURG-EN-COTENTIN
50129,68.20B,PME,50470,CHERBOURG-EN-COTENTIN
50129,68.31Z,,50100,CHERBOURG-EN-COTENTIN
50129,68.31Z,,50110,CHERBOURG-EN-COTENTIN
50129,68.31Z,,50120,CHERBOURG-EN-COTENTIN
50129,68.31Z,,50130,CHERBOURG-EN-COTENTIN
50129,68.31Z,,50460,CHERBOURG-EN-COTENTIN
50129,68.31Z,,50470,CHERBOURG-EN-COTENTIN
50129,68.31Z,PME,50100,CHERBOURG-EN-COTENTIN
50129,68.31Z,PME,50110,CHERBOURG-EN-COTENTIN
50129,68.31Z,PME,50120,CHERBOURG-EN-COTENTIN
50129,68.31Z,PME,50130,CHERBOURG-EN-COTENTIN
50129,68.31Z,PME,50460,CHERBOURG-EN-COTENTIN
50129,68.31Z,PME,50470,CHERBOURG-EN-COTENTIN
50129,68.32A,,50100,CHERBOURG-EN-COTENTIN
50129,68.32A,,50110,CHERBOURG-EN-COTENTIN
50129,68.32A,,50120,CHERBOURG-EN-COTENTIN
50129,68.32A,,50460,CHERBOURG-EN-COTENTIN
50129,68.32A,,50470,CHERBOURG-EN-COTENTIN
50129,68.32A,ETI,50100,CHERBOURG-EN-COTENTIN
50129,68.32A,ETI,50470,CHERBOURG-EN-COTENTIN
50129,68.32A,GE,50110,CHERBOURG-EN-COTENTIN
50129,68.32A,PME,50100,CHERBOURG-EN-COTENTIN
50129,68.32A,PME,50110,CHERBOURG-EN-COTENTIN
50129,68.32A,PME,50470,CHERBOURG-EN-COTENTIN
50129,68.32B,,50100,CHERBOURG-EN-COTENTIN
50129,68.32B,,50120,CHERBOURG-EN-COTENTIN
50129,68.32B,PME,50130,CHERBOURG-EN-COTENTIN
50129,69.10Z,,50100,CHERBOURG-EN-COTENTIN
50129,69.10Z,,50110,CHERBOURG-EN-COTENTIN
50129,69.10Z,,50120,CHERBOURG-EN-COTENTIN
50129,69.10Z,ETI,50100,CHERBOURG-EN-COTENTIN
50129,69.10Z,PME,50100,CHERBOURG-EN-COTENTIN
50129,69.10Z,PME,50110,CHERBOURG-EN-COTENTIN
50129,69.10Z,PME,50120,CHERBOURG-EN-COTENTIN
50129,69.10Z,PME,50130,CHERBOURG-EN-COTENTIN
50129,69.10Z,PME,50470,CHERBOURG-EN-COTENTIN
50129,69.20Z,,50130,CHERBOURG-EN-COTENTIN
50129,69.20Z,ETI,50100,CHERBOURG-EN-COTENTIN
50129,69.20Z,ETI,50130,CHERBOURG-EN-COTENTIN
50129,69.20Z,ETI,50470,CHERBOURG-EN-COTENTIN
50129,69.20Z,GE,50100,CHERBOURG-EN-COTENTIN
50129,69.20Z,PME,50100,CHERBOURG-EN-COTENTIN
50129,69.20Z,PME,50110,CHERBOURG-EN-COTENTIN
50129,69.20Z,PME,50130,CHERBOURG-EN-COTENTIN
50129,69.20Z,PME,50460,CHERBOURG-EN-COTENTIN
50129,70.10Z,,50100,CHERBOURG-EN-COTENTIN
50129,70.10Z,,50110,CHERBOURG-EN-COTENTIN
50129,70.10Z,,50120,CHERBOURG-EN-COTENTIN
50129,70.10Z,,50130,CHERBOURG-EN-COTENTIN
50129,70.10Z,,50470,CHERBOURG-EN-COTENTIN
50129,70.10Z,ETI,50100,CHERBOURG-EN-COTENTIN
50129,70.10Z,ETI,50110,CHERBOURG-EN-COTENTIN
50129,70.10Z,ETI,50120,CHERBOURG-EN-COTENTIN
50129,70.10Z,PME,50100,CHERBOURG-EN-COTENTIN
50129,70.10Z,PME,50110,CHERBOURG-EN-COTENTIN
50129,70.10Z,PME,50120,CHERBOURG-EN-COTENTIN
50129,70.10Z,PME,50130,CHERBOURG-EN-COTENTIN
50129,70.10Z,PME,50460,CHERBOURG-EN-COTENTIN
50129,70.10Z,PME,50470,CHERBOURG-EN-COTENTIN
50129,70.21Z,,50100,CHERBOURG-EN-COTENTIN
50129,70.21Z,,50110,CHERBOURG-EN-COTENTIN
50129,70.21Z,,50120,CHERBOURG-EN-COTENTIN
50129,70.21Z,,50130,CHERBOURG-EN-COTENTIN
50129,70.21Z,,50470,CHERBOURG-EN-COTENTIN
50129,70.21Z,PME,50100,CHERBOURG-EN-COTENTIN
50129,70.21Z,PME,50130,CHERBOURG-EN-COTENTIN
50129,70.21Z,PME,50470,CHERBOURG-EN-COTENTIN
50129,70.22Z,,50100,CHERBOURG-EN-COTENTIN
50129,70.22Z,,50110,CHERBOURG-EN-COTENTIN
50129,70.22Z,,50120,CHERBOURG-EN-COTENTIN
50129,70.22Z,,50130,CHERBOURG-EN-COTENTIN
50129,70.22Z,,50460,CHERBOURG-EN-COTENTIN
50129,70.22Z,,50470,CHERBOURG-EN-COTENTIN
50129,70.22Z,GE,50110,CHERBOURG-EN-COTENTIN
50129,70.22Z,PME,50100,CHERBOURG-EN-COTENTIN
50129,70.22Z,PME,50110,CHERBOURG-EN-COTENTIN
50129,70.22Z,PME,50120,CHERBOURG-EN-COTENTIN
50129,70.22Z,PME,50130,CHERBOURG-EN-COTENTIN
50129,70.22Z,PME,50460,CHERBOURG-EN-COTENTIN
50129,70.22Z,PME,50470,CHERBOURG-EN-COTENTIN
50129,71.11Z,,50100,CHERBOURG-EN-COTENTIN
50129,71.11Z,,50110,CHERBOURG-EN-COTENTIN
50129,71.11Z,PME,50100,CHERBOURG-EN-COTENTIN
50129,71.11Z,PME,50110,CHERBOURG-EN-COTENTIN
50129,71.11Z,PME,50120,CHERBOURG-EN-COTENTIN
50129,71.11Z,PME,50130,CHERBOURG-EN-COTENTIN
50129,71.12A,PME,50100,CHERBOURG-EN-COTENTIN
50129,71.12A,PME,50110,CHERBOURG-EN-COTENTIN
50129,71.12A,PME,50120,CHERBOURG-EN-COTENTIN
50129,71.12B,,50100,CHERBOURG-EN-COTENTIN
50129,71.12B,,50110,CHERBOURG-EN-COTENTIN
50129,71.12B,,50120,CHERBOURG-EN-COTENTIN
50129,71.12B,,50130,CHERBOURG-EN-COTENTIN
50129,71.12B,ETI,50100,CHERBOURG-EN-COTENTIN
50129,71.12B,ETI,50120,CHERBOURG-EN-COTENTIN
50129,71.12B,ETI,50130,CHERBOURG-EN-COTENTIN
50129,71.12B,ETI,50460,CHERBOURG-EN-COTENTIN
50129,71.12B,ETI,50470,CHERBOURG-EN-COTENTIN
50129,71.12B,GE,50100,CHERBOURG-EN-COTENTIN
50129,71.12B,GE,50110,CHERBOURG-EN-COTENTIN
50129,71.12B,GE,50120,CHERBOURG-EN-COTENTIN
50129,71.12B,GE,50130,CHERBOURG-EN-COTENTIN
50129,71.12B,PME,50100,CHERBOURG-EN-COTENTIN
50129,71.12B,PME,50110,CHERBOURG-EN-COTENTIN
50129,71.12B,PME,50120,CHERBOURG-EN-COTENTIN
50129,71.12B,PME,50130,CHERBOURG-EN-COTENTIN
50129,71.12B,PME,50460,CHERBOURG-EN-COTENTIN
50129,71.12B,PME,50470,CHERBOURG-EN-COTENTIN
50129,71.20A,ETI,50110,CHERBOURG-EN-COTENTIN
50129,71.20A,PME,50100,CHERBOURG-EN-COTENTIN
50129,71.20A,PME,50110,CHERBOURG-EN-COTENTIN
50129,71.20A,PME,50120,CHERBOURG-EN-COTENTIN
50129,71.20A,PME,50470,CHERBOURG-EN-COTENTIN
50129,71.20B,,50120,CHERBOURG-EN-COTENTIN
50129,71.20B,,50130,CHERBOURG-EN-COTENTIN
50129,71.20B,ETI,50100,CHERBOURG-EN-COTENTIN
50129,71.20B,ETI,50110,CHERBOURG-EN-COTENTIN
50129,71.20B,ETI,50120,CHERBOURG-EN-COTENTIN
50129,71.20B,ETI,50130,CHERBOURG-EN-COTENTIN
50129,71.20B,GE,50100,CHERBOURG-EN-COTENTIN
50129,71.20B,GE,50130,CHERBOURG-EN-COTENTIN
50129,71.20B,PME,50100,CHERBOURG-EN-COTENTIN
50129,71.20B,PME,50110,CHERBOURG-EN-COTENTIN
50129,71.20B,PME,50460,CHERBOURG-EN-COTENTIN
50129,71.20B,PME,50470,CHERBOURG-EN-COTENTIN
50129,72.11Z,PME,50100,CHERBOURG-EN-COTENTIN
50129,72.19Z,PME,50100,CHERBOURG-EN-COTENTIN
50129,73.11Z,,50130,CHERBOURG-EN-COTENTIN
50129,73.11Z,,50460,CHERBOURG-EN-COTENTIN
50129,73.11Z,,50470,CHERBOURG-EN-COTENTIN
50129,73.11Z,GE,50100,CHERBOURG-EN-COTENTIN
50129,73.11Z,GE,50110,CHERBOURG-EN-COTENTIN
50129,73.11Z,PME,50100,CHERBOURG-EN-COTENTIN
50129,73.11Z,PME,50110,CHERBOURG-EN-COTENTIN
50129,73.11Z,PME,50120,CHERBOURG-EN-COTENTIN
50129,73.11Z,PME,50130,CHERBOURG-EN-COTENTIN
50129,73.11Z,PME,50470,CHERBOURG-EN-COTENTIN
50129,73.12Z,,50100,CHERBOURG-EN-COTENTIN
50129,73.12Z,ETI,50100,CHERBOURG-EN-COTENTIN
50129,73.12Z,ETI,50130,CHERBOURG-EN-COTENTIN
50129,73.12Z,PME,50100,CHERBOURG-EN-COTENTIN
50129,73.12Z,PME,50460,CHERBOURG-EN-COTENTIN
50129,73.20Z,,50100,CHERBOURG-EN-COTENTIN
50129,74.10Z,,50100,CHERBOURG-EN-COTENTIN
50129,74.10Z,,50110,CHERBOURG-EN-COTENTIN
50129,74.10Z,,50120,CHERBOURG-EN-COTENTIN
50129,74.10Z,,50130,CHERBOURG-EN-COTENTIN
50129,74.10Z,,50470,CHERBOURG-EN-COTENTIN
50129,74.10Z,PME,50100,CHERBOURG-EN-COTENTIN
50129,74.10Z,PME,50110,CHERBOURG-EN-COTENTIN
50129,74.10Z,PME,50120,CHERBOURG-EN-COTENTIN
50129,74.10Z,PME,50130,CHERBOURG-EN-COTENTIN
50129,74.10Z,PME,50460,CHERBOURG-EN-COTENTIN
50129,74.10Z,PME,50470,CHERBOURG-EN-COTENTIN
50129,74.20Z,,50100,CHERBOURG-EN-COTENTIN
50129,74.20Z,,50120,CHERBOURG-EN-COTENTIN
50129,74.20Z,,50130,CHERBOURG-EN-COTENTIN
50129,74.20Z,,50470,CHERBOURG-EN-COTENTIN
50129,74.20Z,ETI,50100,CHERBOURG-EN-COTENTIN
50129,74.20Z,PME,50100,CHERBOURG-EN-COTENTIN
50129,74.20Z,PME,50110,CHERBOURG-EN-COTENTIN
50129,74.20Z,PME,50120,CHERBOURG-EN-COTENTIN
50129,74.20Z,PME,50130,CHERBOURG-EN-COTENTIN
50129,74.20Z,PME,50460,CHERBOURG-EN-COTENTIN
50129,74.20Z,PME,50470,CHERBOURG-EN-COTENTIN
50129,74.30Z,,50110,CHERBOURG-EN-COTENTIN
50129,74.30Z,,50120,CHERBOURG-EN-COTENTIN
50129,74.30Z,,50130,CHERBOURG-EN-COTENTIN
50129,74.30Z,,50460,CHERBOURG-EN-COTENTIN
50129,74.30Z,PME,50100,CHERBOURG-EN-COTENTIN
50129,74.30Z,PME,50110,CHERBOURG-EN-COTENTIN
50129,74.30Z,PME,50120,CHERBOURG-EN-COTENTIN
50129,74.30Z,PME,50130,CHERBOURG-EN-COTENTIN
50129,74.90A,,50100,CHERBOURG-EN-COTENTIN
50129,74.90A,,50120,CHERBOURG-EN-COTENTIN
50129,74.90A,PME,50100,CHERBOURG-EN-COTENTIN
50129,74.90A,PME,50110,CHERBOURG-EN-COTENTIN
50129,74.90A,PME,50120,CHERBOURG-EN-COTENTIN
50129,74.90B,,50120,CHERBOURG-EN-COTENTIN
50129,74.90B,,50130,CHERBOURG-EN-COTENTIN
50129,74.90B,ETI,50100,CHERBOURG-EN-COTENTIN
50129,74.90B,ETI,50460,CHERBOURG-EN-COTENTIN
50129,74.90B,GE,50100,CHERBOURG-EN-COTENTIN
50129,74.90B,PME,50100,CHERBOURG-EN-COTENTIN
50129,74.90B,PME,50110,CHERBOURG-EN-COTENTIN
50129,74.90B,PME,50120,CHERBOURG-EN-COTENTIN
50129,74.90B,PME,50130,CHERBOURG-EN-COTENTIN
50129,74.90B,PME,50460,CHERBOURG-EN-COTENTIN
50129,74.90B,PME,50470,CHERBOURG-EN-COTENTIN
50129,75.00Z,,50130,CHERBOURG-EN-COTENTIN
50129,75.00Z,PME,50100,CHERBOURG-EN-COTENTIN
50129,75.00Z,PME,50110,CHERBOURG-EN-COTENTIN
50129,75.00Z,PME,50120,CHERBOURG-EN-COTENTIN
50129,75.00Z,PME,50130,CHERBOURG-EN-COTENTIN
50129,77.11A,,50110,CHERBOURG-EN-COTENTIN
50129,77.11A,,50470,CHERBOURG-EN-COTENTIN
50129,77.11A,ETI,50100,CHERBOURG-EN-COTENTIN
50129,77.11A,PME,50100,CHERBOURG-EN-COTENTIN
50129,77.11A,PME,50110,CHERBOURG-EN-COTENTIN
50129,77.11A,PME,50120,CHERBOURG-EN-COTENTIN
50129,77.11A,PME,50130,CHERBOURG-EN-COTENTIN
50129,77.11B,ETI,50110,CHERBOURG-EN-COTENTIN
50129,77.11B,GE,50110,CHERBOURG-EN-COTENTIN
50129,77.12Z,,50110,CHERBOURG-EN-COTENTIN
50129,77.21Z,,50110,CHERBOURG-EN-COTENTIN
50129,77.21Z,,50120,CHERBOURG-EN-COTENTIN
50129,77.21Z,PME,50110,CHERBOURG-EN-COTENTIN
50129,77.21Z,PME,50460,CHERBOURG-EN-COTENTIN
50129,77.29Z,,50100,CHERBOURG-EN-COTENTIN
50129,77.29Z,ETI,50130,CHERBOURG-EN-COTENTIN
50129,77.29Z,ETI,50470,CHERBOURG-EN-COTENTIN
50129,77.29Z,PME,50100,CHERBOURG-EN-COTENTIN
50129,77.29Z,PME,50110,CHERBOURG-EN-COTENTIN
50129,77.32Z,ETI,50100,CHERBOURG-EN-COTENTIN
50129,77.32Z,ETI,50110,CHERBOURG-EN-COTENTIN
50129,77.32Z,PME,50470,CHERBOURG-EN-COTENTIN
50129,77.35Z,PME,50100,CHERBOURG-EN-COTENTIN
50129,77.39Z,,50470,CHERBOURG-EN-COTENTIN
50129,77.39Z,PME,50110,CHERBOURG-EN-COTENTIN
50129,77.39Z,PME,50470,CHERBOURG-EN-COTENTIN
50129,78.10Z,,50100,CHERBOURG-EN-COTENTIN
50129,78.20Z,ETI,50100,CHERBOURG-EN-COTENTIN
50129,78.20Z,GE,50100,CHERBOURG-EN-COTENTIN
50129,78.20Z,PME,50100,CHERBOURG-EN-COTENTIN
50129,78.20Z,PME,50470,CHERBOURG-EN-COTENTIN
50129,78.30Z,PME,50100,CHERBOURG-EN-COTENTIN
50129,79.11Z,ETI,50100,CHERBOURG-EN-COTENTIN
50129,79.11Z,PME,50100,CHERBOURG-EN-COTENTIN
50129,79.11Z,PME,50120,CHERBOURG-EN-COTENTIN
50129,79.90Z,PME,50100,CHERBOURG-EN-COTENTIN
50129,80.10Z,GE,50100,CHERBOURG-EN-COTENTIN
50129,80.10Z,PME,50100,CHERBOURG-EN-COTENTIN
50129,80.10Z,PME,50110,CHERBOURG-EN-COTENTIN
50129,80.10Z,PME,50130,CHERBOURG-EN-COTENTIN
50129,80.10Z,PME,50460,CHERBOURG-EN-COTENTIN
50129,80.30Z,PME,50100,CHERBOURG-EN-COTENTIN
50129,81.10Z,,50100,CHERBOURG-EN-COTENTIN
50129,81.10Z,,50110,CHERBOURG-EN-COTENTIN
50129,81.10Z,,50120,CHERBOURG-EN-COTENTIN
50129,81.10Z,,50130,CHERBOURG-EN-COTENTIN
50129,81.10Z,,50470,CHERBOURG-EN-COTENTIN
50129,81.10Z,PME,50100,CHERBOURG-EN-COTENTIN
50129,81.10Z,PME,50110,CHERBOURG-EN-COTENTIN
50129,81.10Z,PME,50120,CHERBOURG-EN-COTENTIN
50129,81.10Z,PME,50130,CHERBOURG-EN-COTENTIN
50129,81.10Z,PME,50470,CHERBOURG-EN-COTENTIN
50129,81.21Z,,50100,CHERBOURG-EN-COTENTIN
50129,81.21Z,,50110,CHERBOURG-EN-COTENTIN
50129,81.21Z,,50120,CHERBOURG-EN-COTENTIN
50129,81.21Z,,50130,CHERBOURG-EN-COTENTIN
50129,81.21Z,,50460,CHERBOURG-EN-COTENTIN
50129,81.21Z,,50470,CHERBOURG-EN-COTENTIN
50129,81.21Z,ETI,50100,CHERBOURG-EN-COTENTIN
50129,81.21Z,GE,50100,CHERBOURG-EN-COTENTIN
50129,81.21Z,PME,50100,CHERBOURG-EN-COTENTIN
50129,81.21Z,PME,50110,CHERBOURG-EN-COTENTIN
50129,81.21Z,PME,50130,CHERBOURG-EN-COTENTIN
50129,81.21Z,PME,50470,CHERBOURG-EN-COTENTIN
50129,81.22Z,PME,50100,CHERBOURG-EN-COTENTIN
50129,81.22Z,PME,50110,CHERBOURG-EN-COTENTIN
50129,81.22Z,PME,50120,CHERBOURG-EN-COTENTIN
50129,81.22Z,PME,50130,CHERBOURG-EN-COTENTIN
50129,81.29A,ETI,50110,CHERBOURG-EN-COTENTIN
50129,81.29B,PME,50120,CHERBOURG-EN-COTENTIN
50129,81.30Z,,50100,CHERBOURG-EN-COTENTIN
50129,81.30Z,PME,50100,CHERBOURG-EN-COTENTIN
50129,81.30Z,PME,50110,CHERBOURG-EN-COTENTIN
50129,81.30Z,PME,50120,CHERBOURG-EN-COTENTIN
50129,81.30Z,PME,50130,CHERBOURG-EN-COTENTIN
50129,81.30Z,PME,50460,CHERBOURG-EN-COTENTIN
50129,81.30Z,PME,50470,CHERBOURG-EN-COTENTIN
50129,82.11Z,,50110,CHERBOURG-EN-COTENTIN
50129,82.11Z,,50120,CHERBOURG-EN-COTENTIN
50129,82.11Z,ETI,50100,CHERBOURG-EN-COTENTIN
50129,82.11Z,PME,50100,CHERBOURG-EN-COTENTIN
50129,82.11Z,PME,50110,CHERBOURG-EN-COTENTIN
50129,82.11Z,PME,50120,CHERBOURG-EN-COTENTIN
50129,82.11Z,PME,50460,CHERBOURG-EN-COTENTIN
50129,82.19Z,,50100,CHERBOURG-EN-COTENTIN
50129,82.19Z,,50120,CHERBOURG-EN-COTENTIN
50129,82.19Z,,50130,CHERBOURG-EN-COTENTIN
50129,82.19Z,,50470,CHERBOURG-EN-COTENTIN
50129,82.19Z,PME,50100,CHERBOURG-EN-COTENTIN
50129,82.19Z,PME,50110,CHERBOURG-EN-COTENTIN
50129,82.19Z,PME,50120,CHERBOURG-EN-COTENTIN
50129,82.19Z,PME,50130,CHERBOURG-EN-COTENTIN
50129,82.19Z,PME,50470,CHERBOURG-EN-COTENTIN
50129,82.20Z,,50110,CHERBOURG-EN-COTENTIN
50129,82.20Z,PME,50100,CHERBOURG-EN-COTENTIN
50129,82.20Z,PME,50120,CHERBOURG-EN-COTENTIN
50129,82.20Z,PME,50130,CHERBOURG-EN-COTENTIN
50129,82.30Z,,50100,CHERBOURG-EN-COTENTIN
50129,82.30Z,,50110,CHERBOURG-EN-COTENTIN
50129,82.30Z,,50130,CHERBOURG-EN-COTENTIN
50129,82.30Z,,50460,CHERBOURG-EN-COTENTIN
50129,82.30Z,PME,50100,CHERBOURG-EN-COTENTIN
50129,82.30Z,PME,50110,CHERBOURG-EN-COTENTIN
50129,82.30Z,PME,50130,CHERBOURG-EN-COTENTIN
50129,82.99Z,,50120,CHERBOURG-EN-COTENTIN
50129,82.99Z,,50130,CHERBOURG-EN-COTENTIN
50129,82.99Z,,50460,CHERBOURG-EN-COTENTIN
50129,82.99Z,ETI,50100,CHERBOURG-EN-COTENTIN
50129,82.99Z,PME,50100,CHERBOURG-EN-COTENTIN
50129,82.99Z,PME,50110,CHERBOURG-EN-COTENTIN
50129,82.99Z,PME,50120,CHERBOURG-EN-COTENTIN
50129,82.99Z,PME,50130,CHERBOURG-EN-COTENTIN
50129,82.99Z,PME,50460,CHERBOURG-EN-COTENTIN
50129,82.99Z,PME,50470,CHERBOURG-EN-COTENTIN
50129,84.11Z,ETI,50100,CHERBOURG-EN-COTENTIN
50129,84.11Z,ETI,50110,CHERBOURG-EN-COTENTIN
50129,84.11Z,ETI,50120,CHERBOURG-EN-COTENTIN
50129,84.11Z,ETI,50130,CHERBOURG-EN-COTENTIN
50129,84.11Z,ETI,50460,CHERBOURG-EN-COTENTIN
50129,84.11Z,ETI,50470,CHERBOURG-EN-COTENTIN
50129,84.11Z,PME,50100,CHERBOURG-EN-COTENTIN
50129,84.11Z,PME,50130,CHERBOURG-EN-COTENTIN
50129,84.12Z,ETI,50100,CHERBOURG-EN-COTENTIN
50129,84.12Z,ETI,50110,CHERBOURG-EN-COTENTIN
50129,84.12Z,ETI,50120,CHERBOURG-EN-COTENTIN
50129,84.12Z,ETI,50470,CHERBOURG-EN-COTENTIN
50129,84.12Z,PME,50100,CHERBOURG-EN-COTENTIN
50129,84.13Z,ETI,50100,CHERBOURG-EN-COTENTIN
50129,84.13Z,GE,50100,CHERBOURG-EN-COTENTIN
50129,84.13Z,GE,50110,CHERBOURG-EN-COTENTIN
50129,84.13Z,GE,50130,CHERBOURG-EN-COTENTIN
50129,84.13Z,PME,50100,CHERBOURG-EN-COTENTIN
50129,84.13Z,PME,50130,CHERBOURG-EN-COTENTIN
50129,84.23Z,ETI,50100,CHERBOURG-EN-COTENTIN
50129,84.24Z,PME,50100,CHERBOURG-EN-COTENTIN
50129,84.25Z,ETI,50100,CHERBOURG-EN-COTENTIN
50129,84.30A,ETI,50100,CHERBOURG-EN-COTENTIN
50129,84.30A,GE,50100,CHERBOURG-EN-COTENTIN
50129,84.30B,PME,50130,CHERBOURG-EN-COTENTIN
50129,84.30C,PME,50100,CHERBOURG-EN-COTENTIN
50129,85.10Z,ETI,50110,CHERBOURG-EN-COTENTIN
50129,85.10Z,ETI,50120,CHERBOURG-EN-COTENTIN
50129,85.10Z,ETI,50460,CHERBOURG-EN-COTENTIN
50129,85.10Z,ETI,50470,CHERBOURG-EN-COTENTIN
50129,85.20Z,ETI,50100,CHERBOURG-EN-COTENTIN
50129,85.20Z,ETI,50110,CHERBOURG-EN-COTENTIN
50129,85.20Z,ETI,50120,CHERBOURG-EN-COTENTIN
50129,85.20Z,ETI,50130,CHERBOURG-EN-COTENTIN
50129,85.20Z,ETI,50460,CHERBOURG-EN-COTENTIN
50129,85.20Z,ETI,50470,CHERBOURG-EN-COTENTIN
50129,85.20Z,PME,50100,CHERBOURG-EN-COTENTIN
50129,85.20Z,PME,50110,CHERBOURG-EN-COTENTIN
50129,85.20Z,PME,50120,CHERBOURG-EN-COTENTIN
50129,85.20Z,PME,50130,CHERBOURG-EN-COTENTIN
50129,85.31Z,PME,50100,CHERBOURG-EN-COTENTIN
50129,85.31Z,PME,50110,CHERBOURG-EN-COTENTIN
50129,85.31Z,PME,50130,CHERBOURG-EN-COTENTIN
50129,85.31Z,PME,50460,CHERBOURG-EN-COTENTIN
50129,85.31Z,PME,50470,CHERBOURG-EN-COTENTIN
50129,85.32Z,PME,50100,CHERBOURG-EN-COTENTIN
50129,85.32Z,PME,50110,CHERBOURG-EN-COTENTIN
50129,85.32Z,PME,50120,CHERBOURG-EN-COTENTIN
50129,85.42Z,ETI,50100,CHERBOURG-EN-COTENTIN
50129,85.42Z,ETI,50130,CHERBOURG-EN-COTENTIN
50129,85.42Z,PME,50100,CHERBOURG-EN-COTENTIN
50129,85.51Z,,50100,CHERBOURG-EN-COTENTIN
50129,85.51Z,,50110,CHERBOURG-EN-COTENTIN
50129,85.51Z,,50120,CHERBOURG-EN-COTENTIN
50129,85.51Z,,50470,CHERBOURG-EN-COTENTIN
50129,85.51Z,ETI,50110,CHERBOURG-EN-COTENTIN
50129,85.51Z,PME,50100,CHERBOURG-EN-COTENTIN
50129,85.51Z,PME,50110,CHERBOURG-EN-COTENTIN
50129,85.51Z,PME,50120,CHERBOURG-EN-COTENTIN
50129,85.51Z,PME,50130,CHERBOURG-EN-COTENTIN
50129,85.51Z,PME,50460,CHERBOURG-EN-COTENTIN
50129,85.51Z,PME,50470,CHERBOURG-EN-COTENTIN
50129,85.52Z,,50100,CHERBOURG-EN-COTENTIN
50129,85.52Z,,50120,CHERBOURG-EN-COTENTIN
50129,85.52Z,,50130,CHERBOURG-EN-COTENTIN
50129,85.52Z,,50460,CHERBOURG-EN-COTENTIN
50129,85.52Z,,50470,CHERBOURG-EN-COTENTIN
50129,85.52Z,ETI,50100,CHERBOURG-EN-COTENTIN
50129,85.52Z,PME,50100,CHERBOURG-EN-COTENTIN
50129,85.52Z,PME,50110,CHERBOURG-EN-COTENTIN
50129,85.52Z,PME,50120,CHERBOURG-EN-COTENTIN
50129,85.52Z,PME,50130,CHERBOURG-EN-COTENTIN
50129,85.52Z,PME,50460,CHERBOURG-EN-COTENTIN
50129,85.53Z,PME,50100,CHERBOURG-EN-COTENTIN
50129,85.53Z,PME,50110,CHERBOURG-EN-COTENTIN
50129,85.53Z,PME,50120,CHERBOURG-EN-COTENTIN
50129,85.53Z,PME,50130,CHERBOURG-EN-COTENTIN
50129,85.53Z,PME,50460,CHERBOURG-EN-COTENTIN
50129,85.53Z,PME,50470,CHERBOURG-EN-COTENTIN
50129,85.59A,,50100,CHERBOURG-EN-COTENTIN
50129,85.59A,,50120,CHERBOURG-EN-COTENTIN
50129,85.59A,,50130,CHERBOURG-EN-COTENTIN
50129,85.59A,ETI,50100,CHERBOURG-EN-COTENTIN
50129,85.59A,ETI,50110,CHERBOURG-EN-COTENTIN
50129,85.59A,ETI,50130,CHERBOURG-EN-COTENTIN
50129,85.59A,GE,50100,CHERBOURG-EN-COTENTIN
50129,85.59A,GE,50120,CHERBOURG-EN-COTENTIN
50129,85.59A,GE,50130,CHERBOURG-EN-COTENTIN
50129,85.59A,PME,50100,CHERBOURG-EN-COTENTIN
50129,85.59A,PME,50110,CHERBOURG-EN-COTENTIN
50129,85.59A,PME,50120,CHERBOURG-EN-COTENTIN
50129,85.59A,PME,50130,CHERBOURG-EN-COTENTIN
50129,85.59A,PME,50460,CHERBOURG-EN-COTENTIN
50129,85.59B,,50100,CHERBOURG-EN-COTENTIN
50129,85.59B,,50110,CHERBOURG-EN-COTENTIN
50129,85.59B,,50120,CHERBOURG-EN-COTENTIN
50129,85.59B,,50130,CHERBOURG-EN-COTENTIN
50129,85.59B,,50460,CHERBOURG-EN-COTENTIN
50129,85.59B,,50470,CHERBOURG-EN-COTENTIN
50129,85.59B,PME,50100,CHERBOURG-EN-COTENTIN
50129,85.59B,PME,50110,CHERBOURG-EN-COTENTIN
50129,85.59B,PME,50120,CHERBOURG-EN-COTENTIN
50129,85.59B,PME,50130,CHERBOURG-EN-COTENTIN
50129,85.59B,PME,50470,CHERBOURG-EN-COTENTIN
50129,85.60Z,PME,50110,CHERBOURG-EN-COTENTIN
50129,86.10Z,,50100,CHERBOURG-EN-COTENTIN
50129,86.10Z,ETI,50100,CHERBOURG-EN-COTENTIN
50129,86.10Z,ETI,50120,CHERBOURG-EN-COTENTIN
50129,86.10Z,ETI,50470,CHERBOURG-EN-COTENTIN
50129,86.10Z,PME,50100,CHERBOURG-EN-COTENTIN
50129,86.10Z,PME,50110,CHERBOURG-EN-COTENTIN
50129,86.21Z,,50100,CHERBOURG-EN-COTENTIN
50129,86.21Z,,50110,CHERBOURG-EN-COTENTIN
50129,86.21Z,,50120,CHERBOURG-EN-COTENTIN
50129,86.21Z,,50130,CHERBOURG-EN-COTENTIN
50129,86.21Z,ETI,50100,CHERBOURG-EN-COTENTIN
50129,86.21Z,PME,50100,CHERBOURG-EN-COTENTIN
50129,86.21Z,PME,50110,CHERBOURG-EN-COTENTIN
50129,86.21Z,PME,50120,CHERBOURG-EN-COTENTIN
50129,86.21Z,PME,50130,CHERBOURG-EN-COTENTIN
50129,86.21Z,PME,50460,CHERBOURG-EN-COTENTIN
50129,86.21Z,PME,50470,CHERBOURG-EN-COTENTIN
50129,86.22A,PME,50100,CHERBOURG-EN-COTENTIN
50129,86.22A,PME,50120,CHERBOURG-EN-COTENTIN
50129,86.22B,,50120,CHERBOURG-EN-COTENTIN
50129,86.22B,PME,50100,CHERBOURG-EN-COTENTIN
50129,86.22B,PME,50120,CHERBOURG-EN-COTENTIN
50129,86.22B,PME,50130,CHERBOURG-EN-COTENTIN
50129,86.22C,,50100,CHERBOURG-EN-COTENTIN
50129,86.22C,,50130,CHERBOURG-EN-COTENTIN
50129,86.22C,PME,50100,CHERBOURG-EN-COTENTIN
50129,86.22C,PME,50110,CHERBOURG-EN-COTENTIN
50129,86.22C,PME,50120,CHERBOURG-EN-COTENTIN
50129,86.22C,PME,50130,CHERBOURG-EN-COTENTIN
50129,86.22C,PME,50470,CHERBOURG-EN-COTENTIN
50129,86.23Z,,50100,CHERBOURG-EN-COTENTIN
50129,86.23Z,,50130,CHERBOURG-EN-COTENTIN
50129,86.23Z,ETI,50130,CHERBOURG-EN-COTENTIN
50129,86.23Z,GE,50130,CHERBOURG-EN-COTENTIN
50129,86.23Z,PME,50100,CHERBOURG-EN-COTENTIN
50129,86.23Z,PME,50110,CHERBOURG-EN-COTENTIN
50129,86.23Z,PME,50120,CHERBOURG-EN-COTENTIN
50129,86.23Z,PME,50130,CHERBOURG-EN-COTENTIN
50129,86.23Z,PME,50470,CHERBOURG-EN-COTENTIN
50129,86.90A,PME,50100,CHERBOURG-EN-COTENTIN
50129,86.90A,PME,50110,CHERBOURG-EN-COTENTIN
50129,86.90A,PME,50120,CHERBOURG-EN-COTENTIN
50129,86.90A,PME,50470,CHERBOURG-EN-COTENTIN
50129,86.90B,,50120,CHERBOURG-EN-COTENTIN
50129,86.90B,ETI,50100,CHERBOURG-EN-COTENTIN
50129,86.90B,ETI,50110,CHERBOURG-EN-COTENTIN
50129,86.90B,ETI,50120,CHERBOURG-EN-COTENTIN
50129,86.90B,ETI,50130,CHERBOURG-EN-COTENTIN
50129,86.90B,GE,50100,CHERBOURG-EN-COTENTIN
50129,86.90B,PME,50100,CHERBOURG-EN-COTENTIN
50129,86.90C,GE,50100,CHERBOURG-EN-COTENTIN
50129,86.90D,,50100,CHERBOURG-EN-COTENTIN
50129,86.90D,,50110,CHERBOURG-EN-COTENTIN
50129,86.90D,,50120,CHERBOURG-EN-COTENTIN
50129,86.90D,,50130,CHERBOURG-EN-COTENTIN
50129,86.90D,,50470,CHERBOURG-EN-COTENTIN
50129,86.90D,PME,50100,CHERBOURG-EN-COTENTIN
50129,86.90D,PME,50110,CHERBOURG-EN-COTENTIN
50129,86.90D,PME,50120,CHERBOURG-EN-COTENTIN
50129,86.90D,PME,50130,CHERBOURG-EN-COTENTIN
50129,86.90D,PME,50460,CHERBOURG-EN-COTENTIN
50129,86.90D,PME,50470,CHERBOURG-EN-COTENTIN
50129,86.90E,,50100,CHERBOURG-EN-COTENTIN
50129,86.90E,,50120,CHERBOURG-EN-COTENTIN
50129,86.90E,GE,50100,CHERBOURG-EN-COTENTIN
50129,86.90E,PME,50100,CHERBOURG-EN-COTENTIN
50129,86.90E,PME,50110,CHERBOURG-EN-COTENTIN
50129,86.90E,PME,50120,CHERBOURG-EN-COTENTIN
50129,86.90E,PME,50130,CHERBOURG-EN-COTENTIN
50129,86.90E,PME,50460,CHERBOURG-EN-COTENTIN
50129,86.90E,PME,50470,CHERBOURG-EN-COTENTIN
50129,86.90F,,50100,CHERBOURG-EN-COTENTIN
50129,86.90F,,50110,CHERBOURG-EN-COTENTIN
50129,86.90F,,50120,CHERBOURG-EN-COTENTIN
50129,86.90F,,50470,CHERBOURG-EN-COTENTIN
50129,86.90F,PME,50100,CHERBOURG-EN-COTENTIN
50129,86.90F,PME,50110,CHERBOURG-EN-COTENTIN
50129,86.90F,PME,50120,CHERBOURG-EN-COTENTIN
50129,86.90F,PME,50130,CHERBOURG-EN-COTENTIN
50129,86.90F,PME,50470,CHERBOURG-EN-COTENTIN
50129,87.10A,ETI,50100,CHERBOURG-EN-COTENTIN
50129,87.10A,ETI,50120,CHERBOURG-EN-COTENTIN
50129,87.10A,ETI,50130,CHERBOURG-EN-COTENTIN
50129,87.10A,GE,50100,CHERBOURG-EN-COTENTIN
50129,87.10A,GE,50120,CHERBOURG-EN-COTENTIN
50129,87.10A,GE,50470,CHERBOURG-EN-COTENTIN
50129,87.10A,PME,50100,CHERBOURG-EN-COTENTIN
50129,87.10B,ETI,50470,CHERBOURG-EN-COTENTIN
50129,87.10C,ETI,50130,CHERBOURG-EN-COTENTIN
50129,87.30A,ETI,50100,CHERBOURG-EN-COTENTIN
50129,87.30A,ETI,50110,CHERBOURG-EN-COTENTIN
50129,87.30A,ETI,50120,CHERBOURG-EN-COTENTIN
50129,87.30A,ETI,50130,CHERBOURG-EN-COTENTIN
50129,87.30A,ETI,50460,CHERBOURG-EN-COTENTIN
50129,87.30A,ETI,50470,CHERBOURG-EN-COTENTIN
50129,87.90A,ETI,50100,CHERBOURG-EN-COTENTIN
50129,87.90A,ETI,50460,CHERBOURG-EN-COTENTIN
50129,87.90A,PME,50100,CHERBOURG-EN-COTENTIN
50129,87.90A,PME,50110,CHERBOURG-EN-COTENTIN
50129,87.90B,,50120,CHERBOURG-EN-COTENTIN
50129,87.90B,ETI,50100,CHERBOURG-EN-COTENTIN
50129,87.90B,ETI,50110,CHERBOURG-EN-COTENTIN
50129,87.90B,PME,50100,CHERBOURG-EN-COTENTIN
50129,87.90B,PME,50120,CHERBOURG-EN-COTENTIN
50129,88.10A,,50100,CHERBOURG-EN-COTENTIN
50129,88.10A,ETI,50100,CHERBOURG-EN-COTENTIN
50129,88.10A,PME,50100,CHERBOURG-EN-COTENTIN
50129,88.10A,PME,50110,CHERBOURG-EN-COTENTIN
50129,88.10A,PME,50120,CHERBOURG-EN-COTENTIN
50129,88.10A,PME,50130,CHERBOURG-EN-COTENTIN
50129,88.10B,ETI,50100,CHERBOURG-EN-COTENTIN
50129,88.10C,PME,50110,CHERBOURG-EN-COTENTIN
50129,88.91A,ETI,50100,CHERBOURG-EN-COTENTIN
50129,88.91A,ETI,50110,CHERBOURG-EN-COTENTIN
50129,88.91A,ETI,50120,CHERBOURG-EN-COTENTIN
50129,88.91A,ETI,50130,CHERBOURG-EN-COTENTIN
50129,88.91A,ETI,50470,CHERBOURG-EN-COTENTIN
50129,88.91A,PME,50100,CHERBOURG-EN-COTENTIN
50129,88.91A,PME,50110,CHERBOURG-EN-COTENTIN
50129,88.91A,PME,50460,CHERBOURG-EN-COTENTIN
50129,88.91A,PME,50470,CHERBOURG-EN-COTENTIN
50129,88.91B,ETI,50110,CHERBOURG-EN-COTENTIN
50129,88.91B,PME,50100,CHERBOURG-EN-COTENTIN
50129,88.99A,,50100,CHERBOURG-EN-COTENTIN
50129,88.99A,ETI,50470,CHERBOURG-EN-COTENTIN
50129,88.99A,PME,50100,CHERBOURG-EN-COTENTIN
50129,88.99B,,50100,CHERBOURG-EN-COTENTIN
50129,88.99B,,50110,CHERBOURG-EN-COTENTIN
50129,88.99B,,50120,CHERBOURG-EN-COTENTIN
50129,88.99B,,50130,CHERBOURG-EN-COTENTIN
50129,88.99B,,50460,CHERBOURG-EN-COTENTIN
50129,88.99B,ETI,50100,CHERBOURG-EN-COTENTIN
50129,88.99B,ETI,50130,CHERBOURG-EN-COTENTIN
50129,88.99B,GE,50100,CHERBOURG-EN-COTENTIN
50129,88.99B,PME,50100,CHERBOURG-EN-COTENTIN
50129,88.99B,PME,50110,CHERBOURG-EN-COTENTIN
50129,88.99B,PME,50120,CHERBOURG-EN-COTENTIN
50129,88.99B,PME,50130,CHERBOURG-EN-COTENTIN
50129,88.99B,PME,50460,CHERBOURG-EN-COTENTIN
50129,88.99B,PME,50470,CHERBOURG-EN-COTENTIN
50129,90.01Z,,50100,CHERBOURG-EN-COTENTIN
50129,90.01Z,,50110,CHERBOURG-EN-COTENTIN
50129,90.01Z,,50120,CHERBOURG-EN-COTENTIN
50129,90.01Z,,50130,CHERBOURG-EN-COTENTIN
50129,90.01Z,,50470,CHERBOURG-EN-COTENTIN
50129,90.01Z,ETI,50130,CHERBOURG-EN-COTENTIN
50129,90.01Z,PME,50100,CHERBOURG-EN-COTENTIN
50129,90.01Z,PME,50110,CHERBOURG-EN-COTENTIN
50129,90.01Z,PME,50120,CHERBOURG-EN-COTENTIN
50129,90.01Z,PME,50130,CHERBOURG-EN-COTENTIN
50129,90.01Z,PME,50460,CHERBOURG-EN-COTENTIN
50129,90.01Z,PME,50470,CHERBOURG-EN-COTENTIN
50129,90.02Z,,50100,CHERBOURG-EN-COTENTIN
50129,90.02Z,,50110,CHERBOURG-EN-COTENTIN
50129,90.02Z,,50120,CHERBOURG-EN-COTENTIN
50129,90.02Z,,50130,CHERBOURG-EN-COTENTIN
50129,90.02Z,,50470,CHERBOURG-EN-COTENTIN
50129,90.02Z,PME,50100,CHERBOURG-EN-COTENTIN
50129,90.02Z,PME,50110,CHERBOURG-EN-COTENTIN
50129,90.02Z,PME,50120,CHERBOURG-EN-COTENTIN
50129,90.03A,,50100,CHERBOURG-EN-COTENTIN
50129,90.03A,,50120,CHERBOURG-EN-COTENTIN
50129,90.03A,,50130,CHERBOURG-EN-COTENTIN
50129,90.03A,PME,50100,CHERBOURG-EN-COTENTIN
50129,90.03A,PME,50110,CHERBOURG-EN-COTENTIN
50129,90.03A,PME,50120,CHERBOURG-EN-COTENTIN
50129,90.03A,PME,50130,CHERBOURG-EN-COTENTIN
50129,90.03A,PME,50460,CHERBOURG-EN-COTENTIN
50129,90.03A,PME,50470,CHERBOURG-EN-COTENTIN
50129,90.03B,,50100,CHERBOURG-EN-COTENTIN
50129,90.03B,,50110,CHERBOURG-EN-COTENTIN
50129,90.03B,,50120,CHERBOURG-EN-COTENTIN
50129,90.03B,,50130,CHERBOURG-EN-COTENTIN
50129,90.03B,,50470,CHERBOURG-EN-COTENTIN
50129,90.03B,PME,50100,CHERBOURG-EN-COTENTIN
50129,90.03B,PME,50110,CHERBOURG-EN-COTENTIN
50129,90.03B,PME,50120,CHERBOURG-EN-COTENTIN
50129,90.03B,PME,50130,CHERBOURG-EN-COTENTIN
50129,90.03B,PME,50460,CHERBOURG-EN-COTENTIN
50129,90.03B,PME,50470,CHERBOURG-EN-COTENTIN
50129,90.04Z,,50100,CHERBOURG-EN-COTENTIN
50129,90.04Z,,50130,CHERBOURG-EN-COTENTIN
50129,90.04Z,ETI,50120,CHERBOURG-EN-COTENTIN
50129,90.04Z,PME,50100,CHERBOURG-EN-COTENTIN
50129,91.01Z,ETI,50110,CHERBOURG-EN-COTENTIN
50129,91.01Z,PME,50100,CHERBOURG-EN-COTENTIN
50129,91.03Z,,50100,CHERBOURG-EN-COTENTIN
50129,91.03Z,,50470,CHERBOURG-EN-COTENTIN
50129,91.03Z,PME,50100,CHERBOURG-EN-COTENTIN
50129,91.04Z,PME,50100,CHERBOURG-EN-COTENTIN
50129,92.00Z,ETI,50100,CHERBOURG-EN-COTENTIN
50129,92.00Z,PME,50470,CHERBOURG-EN-COTENTIN
50129,93.11Z,,50100,CHERBOURG-EN-COTENTIN
50129,93.11Z,,50110,CHERBOURG-EN-COTENTIN
50129,93.11Z,,50470,CHERBOURG-EN-COTENTIN
50129,93.11Z,ETI,50100,CHERBOURG-EN-COTENTIN
50129,93.11Z,ETI,50110,CHERBOURG-EN-COTENTIN
50129,93.11Z,ETI,50130,CHERBOURG-EN-COTENTIN
50129,93.11Z,PME,50100,CHERBOURG-EN-COTENTIN
50129,93.11Z,PME,50120,CHERBOURG-EN-COTENTIN
50129,93.11Z,PME,50130,CHERBOURG-EN-COTENTIN
50129,93.11Z,PME,50470,CHERBOURG-EN-COTENTIN
50129,93.12Z,,50100,CHERBOURG-EN-COTENTIN
50129,93.12Z,,50110,CHERBOURG-EN-COTENTIN
50129,93.12Z,,50120,CHERBOURG-EN-COTENTIN
50129,93.12Z,,50130,CHERBOURG-EN-COTENTIN
50129,93.12Z,,50460,CHERBOURG-EN-COTENTIN
50129,93.12Z,,50470,CHERBOURG-EN-COTENTIN
50129,93.12Z,PME,50100,CHERBOURG-EN-COTENTIN
50129,93.12Z,PME,50110,CHERBOURG-EN-COTENTIN
50129,93.12Z,PME,50120,CHERBOURG-EN-COTENTIN
50129,93.12Z,PME,50130,CHERBOURG-EN-COTENTIN
50129,93.12Z,PME,50460,CHERBOURG-EN-COTENTIN
50129,93.12Z,PME,50470,CHERBOURG-EN-COTENTIN
50129,93.13Z,,50110,CHERBOURG-EN-COTENTIN
50129,93.13Z,ETI,50100,CHERBOURG-EN-COTENTIN
50129,93.13Z,ETI,50130,CHERBOURG-EN-COTENTIN
50129,93.13Z,PME,50100,CHERBOURG-EN-COTENTIN
50129,93.13Z,PME,50110,CHERBOURG-EN-COTENTIN
50129,93.13Z,PME,50470,CHERBOURG-EN-COTENTIN
50129,93.19Z,,50100,CHERBOURG-EN-COTENTIN
50129,93.19Z,,50110,CHERBOURG-EN-COTENTIN
50129,93.19Z,,50130,CHERBOURG-EN-COTENTIN
50129,93.19Z,,50460,CHERBOURG-EN-COTENTIN
50129,93.19Z,PME,50100,CHERBOURG-EN-COTENTIN
50129,93.19Z,PME,50110,CHERBOURG-EN-COTENTIN
50129,93.19Z,PME,50130,CHERBOURG-EN-COTENTIN
50129,93.19Z,PME,50460,CHERBOURG-EN-COTENTIN
50129,93.21Z,PME,50110,CHERBOURG-EN-COTENTIN
50129,93.29Z,,50100,CHERBOURG-EN-COTENTIN
50129,93.29Z,,50110,CHERBOURG-EN-COTENTIN
50129,93.29Z,,50120,CHERBOURG-EN-COTENTIN
50129,93.29Z,,50130,CHERBOURG-EN-COTENTIN
50129,93.29Z,,50460,CHERBOURG-EN-COTENTIN
50129,93.29Z,ETI,50100,CHERBOURG-EN-COTENTIN
50129,93.29Z,ETI,50130,CHERBOURG-EN-COTENTIN
50129,93.29Z,ETI,50470,CHERBOURG-EN-COTENTIN
50129,93.29Z,PME,50100,CHERBOURG-EN-COTENTIN
50129,93.29Z,PME,50110,CHERBOURG-EN-COTENTIN
50129,93.29Z,PME,50120,CHERBOURG-EN-COTENTIN
50129,93.29Z,PME,50130,CHERBOURG-EN-COTENTIN
50129,93.29Z,PME,50460,CHERBOURG-EN-COTENTIN
50129,93.29Z,PME,50470,CHERBOURG-EN-COTENTIN
50129,94.11Z,,50100,CHERBOURG-EN-COTENTIN
50129,94.11Z,,50130,CHERBOURG-EN-COTENTIN
50129,94.11Z,ETI,50100,CHERBOURG-EN-COTENTIN
50129,94.11Z,ETI,50130,CHERBOURG-EN-COTENTIN
50129,94.11Z,PME,50100,CHERBOURG-EN-COTENTIN
50129,94.12Z,,50100,CHERBOURG-EN-COTENTIN
50129,94.12Z,PME,50100,CHERBOURG-EN-COTENTIN
50129,94.20Z,,50100,CHERBOURG-EN-COTENTIN
50129,94.20Z,,50110,CHERBOURG-EN-COTENTIN
50129,94.20Z,,50120,CHERBOURG-EN-COTENTIN
50129,94.20Z,,50460,CHERBOURG-EN-COTENTIN
50129,94.20Z,PME,50100,CHERBOURG-EN-COTENTIN
50129,94.20Z,PME,50110,CHERBOURG-EN-COTENTIN
50129,94.20Z,PME,50120,CHERBOURG-EN-COTENTIN
50129,94.20Z,PME,50460,CHERBOURG-EN-COTENTIN
50129,94.91Z,,50100,CHERBOURG-EN-COTENTIN
50129,94.91Z,,50110,CHERBOURG-EN-COTENTIN
50129,94.91Z,,50120,CHERBOURG-EN-COTENTIN
50129,94.91Z,,50130,CHERBOURG-EN-COTENTIN
50129,94.91Z,PME,50100,CHERBOURG-EN-COTENTIN
50129,94.91Z,PME,50110,CHERBOURG-EN-COTENTIN
50129,94.91Z,PME,50120,CHERBOURG-EN-COTENTIN
50129,94.91Z,PME,50130,CHERBOURG-EN-COTENTIN
50129,94.91Z,PME,50460,CHERBOURG-EN-COTENTIN
50129,94.92Z,,50100,CHERBOURG-EN-COTENTIN
50129,94.92Z,,50120,CHERBOURG-EN-COTENTIN
50129,94.92Z,PME,50100,CHERBOURG-EN-COTENTIN
50129,94.99Z,,50100,CHERBOURG-EN-COTENTIN
50129,94.99Z,,50110,CHERBOURG-EN-COTENTIN
50129,94.99Z,,50120,CHERBOURG-EN-COTENTIN
50129,94.99Z,,50130,CHERBOURG-EN-COTENTIN
50129,94.99Z,,50460,CHERBOURG-EN-COTENTIN
50129,94.99Z,,50470,CHERBOURG-EN-COTENTIN
50129,94.99Z,PME,50100,CHERBOURG-EN-COTENTIN
50129,94.99Z,PME,50110,CHERBOURG-EN-COTENTIN
50129,94.99Z,PME,50120,CHERBOURG-EN-COTENTIN
50129,94.99Z,PME,50130,CHERBOURG-EN-COTENTIN
50129,94.99Z,PME,50460,CHERBOURG-EN-COTENTIN
50129,94.99Z,PME,50470,CHERBOURG-EN-COTENTIN
50129,95.11Z,,50100,CHERBOURG-EN-COTENTIN
50129,95.11Z,ETI,50110,CHERBOURG-EN-COTENTIN
50129,95.11Z,PME,50100,CHERBOURG-EN-COTENTIN
50129,95.11Z,PME,50120,CHERBOURG-EN-COTENTIN
50129,95.11Z,PME,50130,CHERBOURG-EN-COTENTIN
50129,95.12Z,,50120,CHERBOURG-EN-COTENTIN
50129,95.21Z,PME,50110,CHERBOURG-EN-COTENTIN
50129,95.22Z,,50110,CHERBOURG-EN-COTENTIN
50129,95.22Z,PME,50100,CHERBOURG-EN-COTENTIN
50129,95.22Z,PME,50110,CHERBOURG-EN-COTENTIN
50129,95.23Z,PME,50100,CHERBOURG-EN-COTENTIN
50129,95.23Z,PME,50120,CHERBOURG-EN-COTENTIN
50129,95.23Z,PME,50130,CHERBOURG-EN-COTENTIN
50129,95.24Z,,50130,CHERBOURG-EN-COTENTIN
50129,95.24Z,PME,50460,CHERBOURG-EN-COTENTIN
50129,95.29Z,,50100,CHERBOURG-EN-COTENTIN
50129,95.29Z,,50110,CHERBOURG-EN-COTENTIN
50129,95.29Z,,50130,CHERBOURG-EN-COTENTIN
50129,95.29Z,,50470,CHERBOURG-EN-COTENTIN
50129,95.29Z,PME,50100,CHERBOURG-EN-COTENTIN
50129,95.29Z,PME,50110,CHERBOURG-EN-COTENTIN
50129,95.29Z,PME,50120,CHERBOURG-EN-COTENTIN
50129,95.29Z,PME,50130,CHERBOURG-EN-COTENTIN
50129,95.29Z,PME,50460,CHERBOURG-EN-COTENTIN
50129,96.01A,,50110,CHERBOURG-EN-COTENTIN
50129,96.01A,ETI,50100,CHERBOURG-EN-COTENTIN
50129,96.01A,GE,50110,CHERBOURG-EN-COTENTIN
50129,96.01B,,50100,CHERBOURG-EN-COTENTIN
50129,96.01B,,50130,CHERBOURG-EN-COTENTIN
50129,96.01B,,50460,CHERBOURG-EN-COTENTIN
50129,96.01B,ETI,50470,CHERBOURG-EN-COTENTIN
50129,96.01B,PME,50100,CHERBOURG-EN-COTENTIN
50129,96.01B,PME,50110,CHERBOURG-EN-COTENTIN
50129,96.01B,PME,50120,CHERBOURG-EN-COTENTIN
50129,96.01B,PME,50130,CHERBOURG-EN-COTENTIN
50129,96.02A,,50100,CHERBOURG-EN-COTENTIN
50129,96.02A,,50130,CHERBOURG-EN-COTENTIN
50129,96.02A,,50470,CHERBOURG-EN-COTENTIN
50129,96.02A,ETI,50100,CHERBOURG-EN-COTENTIN
50129,96.02A,ETI,50470,CHERBOURG-EN-COTENTIN
50129,96.02A,PME,50100,CHERBOURG-EN-COTENTIN
50129,96.02A,PME,50110,CHERBOURG-EN-COTENTIN
50129,96.02A,PME,50120,CHERBOURG-EN-COTENTIN
50129,96.02A,PME,50130,CHERBOURG-EN-COTENTIN
50129,96.02A,PME,50460,CHERBOURG-EN-COTENTIN
50129,96.02A,PME,50470,CHERBOURG-EN-COTENTIN
50129,96.02B,,50100,CHERBOURG-EN-COTENTIN
50129,96.02B,,50110,CHERBOURG-EN-COTENTIN
50129,96.02B,,50120,CHERBOURG-EN-COTENTIN
50129,96.02B,,50130,CHERBOURG-EN-COTENTIN
50129,96.02B,,50470,CHERBOURG-EN-COTENTIN
50129,96.02B,PME,50100,CHERBOURG-EN-COTENTIN
50129,96.02B,PME,50110,CHERBOURG-EN-COTENTIN
50129,96.02B,PME,50120,CHERBOURG-EN-COTENTIN
50129,96.02B,PME,50130,CHERBOURG-EN-COTENTIN
50129,96.02B,PME,50460,CHERBOURG-EN-COTENTIN
50129,96.02B,PME,50470,CHERBOURG-EN-COTENTIN
50129,96.03Z,ETI,50100,CHERBOURG-EN-COTENTIN
50129,96.03Z,ETI,50110,CHERBOURG-EN-COTENTIN
50129,96.03Z,GE,50100,CHERBOURG-EN-COTENTIN
50129,96.03Z,GE,50110,CHERBOURG-EN-COTENTIN
50129,96.03Z,GE,50120,CHERBOURG-EN-COTENTIN
50129,96.03Z,PME,50100,CHERBOURG-EN-COTENTIN
50129,96.03Z,PME,50120,CHERBOURG-EN-COTENTIN
50129,96.04Z,,50100,CHERBOURG-EN-COTENTIN
50129,96.04Z,,50110,CHERBOURG-EN-COTENTIN
50129,96.04Z,,50120,CHERBOURG-EN-COTENTIN
50129,96.04Z,,50460,CHERBOURG-EN-COTENTIN
50129,96.04Z,PME,50100,CHERBOURG-EN-COTENTIN
50129,96.04Z,PME,50120,CHERBOURG-EN-COTENTIN
50129,96.04Z,PME,50130,CHERBOURG-EN-COTENTIN
50129,96.04Z,PME,50470,CHERBOURG-EN-COTENTIN
50129,96.09Z,,50100,CHERBOURG-EN-COTENTIN
50129,96.09Z,,50110,CHERBOURG-EN-COTENTIN
50129,96.09Z,,50120,CHERBOURG-EN-COTENTIN
50129,96.09Z,,50130,CHERBOURG-EN-COTENTIN
50129,96.09Z,,50470,CHERBOURG-EN-COTENTIN
50129,96.09Z,PME,50100,CHERBOURG-EN-COTENTIN
50129,96.09Z,PME,50110,CHERBOURG-EN-COTENTIN
50129,96.09Z,PME,50120,CHERBOURG-EN-COTENTIN
50129,96.09Z,PME,50130,CHERBOURG-EN-COTENTIN
50129,96.09Z,PME,50460,CHERBOURG-EN-COTENTIN
50129,96.09Z,PME,50470,CHERBOURG-EN-COTENTIN
50135,01.11Z,,50330,CLITOURPS
50135,01.19Z,,50330,CLITOURPS
50135,01.41Z,,50330,CLITOURPS
50135,01.42Z,,50330,CLITOURPS
50135,01.43Z,,50330,CLITOURPS
50135,01.43Z,PME,50330,CLITOURPS
50135,01.49Z,,50330,CLITOURPS
50135,02.20Z,PME,50330,CLITOURPS
50135,25.71Z,PME,50330,CLITOURPS
50135,35.11Z,GE,50330,CLITOURPS
50135,43.12A,PME,50330,CLITOURPS
50135,43.31Z,PME,50330,CLITOURPS
50135,43.32A,,50330,CLITOURPS
50135,46.19B,,50330,CLITOURPS
50135,56.10C,PME,50330,CLITOURPS
50135,68.20A,,50330,CLITOURPS
50135,68.20B,,50330,CLITOURPS
50135,68.20B,PME,50330,CLITOURPS
50135,70.10Z,PME,50330,CLITOURPS
50135,70.22Z,PME,50330,CLITOURPS
50135,74.30Z,PME,50330,CLITOURPS
50135,84.11Z,PME,50330,CLITOURPS
50135,86.90F,PME,50330,CLITOURPS
50135,94.99Z,,50330,CLITOURPS
50135,96.02A,PME,50330,CLITOURPS
50139,01.11Z,,50420,CONDE-SUR-VIRE
50139,01.24Z,,50420,CONDE-SUR-VIRE
50139,01.41Z,,50420,CONDE-SUR-VIRE
50139,01.42Z,,50420,CONDE-SUR-VIRE
50139,01.43Z,,50420,CONDE-SUR-VIRE
50139,01.47Z,,50420,CONDE-SUR-VIRE
50139,01.49Z,,50420,CONDE-SUR-VIRE
50139,01.50Z,,50420,CONDE-SUR-VIRE
50139,01.61Z,,50420,CONDE-SUR-VIRE
50139,10.51D,GE,50420,CONDE-SUR-VIRE
50139,14.13Z,PME,50420,CONDE-SUR-VIRE
50139,23.70Z,PME,50420,CONDE-SUR-VIRE
50139,33.20A,PME,50420,CONDE-SUR-VIRE
50139,43.12A,PME,50420,CONDE-SUR-VIRE
50139,43.21A,PME,50420,CONDE-SUR-VIRE
50139,43.31Z,PME,50420,CONDE-SUR-VIRE
50139,43.32A,,50420,CONDE-SUR-VIRE
50139,43.32A,PME,50420,CONDE-SUR-VIRE
50139,46.19B,PME,50420,CONDE-SUR-VIRE
50139,47.99A,,50420,CONDE-SUR-VIRE
50139,47.99A,PME,50420,CONDE-SUR-VIRE
50139,64.19Z,GE,50420,CONDE-SUR-VIRE
50139,66.30Z,,50420,CONDE-SUR-VIRE
50139,68.20A,,50420,CONDE-SUR-VIRE
50139,68.20B,,50420,CONDE-SUR-VIRE
50139,68.20B,PME,50420,CONDE-SUR-VIRE
50139,68.31Z,,50420,CONDE-SUR-VIRE
50139,70.10Z,,50420,CONDE-SUR-VIRE
50139,70.10Z,PME,50420,CONDE-SUR-VIRE
50139,70.22Z,PME,50420,CONDE-SUR-VIRE
50139,74.10Z,PME,50420,CONDE-SUR-VIRE
50139,74.20Z,,50420,CONDE-SUR-VIRE
50139,81.21Z,PME,50420,CONDE-SUR-VIRE
50139,81.30Z,,50420,CONDE-SUR-VIRE
50139,81.30Z,PME,50420,CONDE-SUR-VIRE
50139,82.99Z,,50420,CONDE-SUR-VIRE
50139,84.11Z,PME,50420,CONDE-SUR-VIRE
50139,85.10Z,PME,50420,CONDE-SUR-VIRE
50139,85.20Z,PME,50420,CONDE-SUR-VIRE
50139,85.51Z,PME,50420,CONDE-SUR-VIRE
50139,85.59B,PME,50420,CONDE-SUR-VIRE
50139,86.90E,,50420,CONDE-SUR-VIRE
50139,86.90F,PME,50420,CONDE-SUR-VIRE
50139,87.10A,PME,50420,CONDE-SUR-VIRE
50139,88.99B,,50420,CONDE-SUR-VIRE
50139,88.99B,PME,50420,CONDE-SUR-VIRE
50139,90.01Z,PME,50420,CONDE-SUR-VIRE
50139,90.03A,PME,50420,CONDE-SUR-VIRE
50139,90.03B,PME,50420,CONDE-SUR-VIRE
50139,93.12Z,,50420,CONDE-SUR-VIRE
50139,94.91Z,,50420,CONDE-SUR-VIRE
50139,94.91Z,PME,50420,CONDE-SUR-VIRE
50139,94.99Z,,50420,CONDE-SUR-VIRE
50139,96.09Z,,50420,CONDE-SUR-VIRE
50139,96.09Z,PME,50420,CONDE-SUR-VIRE
50142,01.11Z,,50330,VICQ-SUR-MER
50142,01.13Z,,50330,VICQ-SUR-MER
50142,01.19Z,,50330,VICQ-SUR-MER
50142,01.41Z,,50330,VICQ-SUR-MER
50142,01.42Z,,50330,VICQ-SUR-MER
50142,01.43Z,,50330,VICQ-SUR-MER
50142,01.45Z,,50330,VICQ-SUR-MER
50142,01.49Z,,50330,VICQ-SUR-MER
50142,01.50Z,,50330,VICQ-SUR-MER
50142,01.61Z,,50330,VICQ-SUR-MER
50142,03.11Z,,50330,VICQ-SUR-MER
50142,10.72Z,PME,50330,VICQ-SUR-MER
50142,20.42Z,,50330,VICQ-SUR-MER
50142,23.19Z,PME,50330,VICQ-SUR-MER
50142,31.09B,,50330,VICQ-SUR-MER
50142,31.09B,PME,50330,VICQ-SUR-MER
50142,32.99Z,PME,50330,VICQ-SUR-MER
50142,35.11Z,,50330,VICQ-SUR-MER
50142,35.11Z,PME,50330,VICQ-SUR-MER
50142,42.99Z,,50330,VICQ-SUR-MER
50142,43.12A,,50330,VICQ-SUR-MER
50142,43.12A,PME,50330,VICQ-SUR-MER
50142,43.21A,,50330,VICQ-SUR-MER
50142,43.32A,PME,50330,VICQ-SUR-MER
50142,43.34Z,PME,50330,VICQ-SUR-MER
50142,43.91A,PME,50330,VICQ-SUR-MER
50142,43.91B,PME,50330,VICQ-SUR-MER
50142,43.99C,PME,50330,VICQ-SUR-MER
50142,46.19B,PME,50330,VICQ-SUR-MER
50142,47.71Z,PME,50330,VICQ-SUR-MER
50142,47.81Z,PME,50330,VICQ-SUR-MER
50142,47.91A,PME,50330,VICQ-SUR-MER
50142,47.99A,PME,50330,VICQ-SUR-MER
50142,49.41A,PME,50330,VICQ-SUR-MER
50142,55.20Z,PME,50330,VICQ-SUR-MER
50142,55.30Z,,50330,VICQ-SUR-MER
50142,55.90Z,PME,50330,VICQ-SUR-MER
50142,56.10A,PME,50330,VICQ-SUR-MER
50142,56.21Z,PME,50330,VICQ-SUR-MER
50142,64.20Z,,50330,VICQ-SUR-MER
50142,66.30Z,PME,50330,VICQ-SUR-MER
50142,68.10Z,,50330,VICQ-SUR-MER
50142,68.20A,,50330,VICQ-SUR-MER
50142,68.20A,PME,50330,VICQ-SUR-MER
50142,68.20B,,50330,VICQ-SUR-MER
50142,68.20B,PME,50330,VICQ-SUR-MER
50142,70.10Z,,50330,VICQ-SUR-MER
50142,70.10Z,PME,50330,VICQ-SUR-MER
50142,70.22Z,,50330,VICQ-SUR-MER
50142,72.19Z,PME,50330,VICQ-SUR-MER
50142,73.11Z,PME,50330,VICQ-SUR-MER
50142,74.20Z,PME,50330,VICQ-SUR-MER
50142,81.30Z,PME,50330,VICQ-SUR-MER
50142,84.11Z,PME,50330,VICQ-SUR-MER
50142,85.20Z,PME,50330,VICQ-SUR-MER
50142,85.52Z,,50330,VICQ-SUR-MER
50142,85.59B,,50330,VICQ-SUR-MER
50142,86.23Z,PME,50330,VICQ-SUR-MER
50142,88.10A,PME,50330,VICQ-SUR-MER
50142,88.99B,,50330,VICQ-SUR-MER
50142,90.03A,PME,50330,VICQ-SUR-MER
50142,94.99Z,,50330,VICQ-SUR-MER
50142,94.99Z,PME,50330,VICQ-SUR-MER
50142,96.09Z,PME,50330,VICQ-SUR-MER
50143,01.11Z,,50290,COUDEVILLE-SUR-MER
50143,01.13Z,,50290,COUDEVILLE-SUR-MER
50143,01.25Z,PME,50290,COUDEVILLE-SUR-MER
50143,01.41Z,,50290,COUDEVILLE-SUR-MER
50143,01.42Z,,50290,COUDEVILLE-SUR-MER
50143,01.43Z,,50290,COUDEVILLE-SUR-MER
50143,03.11Z,,50290,COUDEVILLE-SUR-MER
50143,17.29Z,,50290,COUDEVILLE-SUR-MER
50143,23.41Z,,50290,COUDEVILLE-SUR-MER
50143,25.50B,PME,50290,COUDEVILLE-SUR-MER
50143,26.12Z,PME,50290,COUDEVILLE-SUR-MER
50143,38.32Z,PME,50290,COUDEVILLE-SUR-MER
50143,41.20A,PME,50290,COUDEVILLE-SUR-MER
50143,43.12A,PME,50290,COUDEVILLE-SUR-MER
50143,43.21A,PME,50290,COUDEVILLE-SUR-MER
50143,43.22A,,50290,COUDEVILLE-SUR-MER
50143,43.22A,PME,50290,COUDEVILLE-SUR-MER
50143,43.32A,,50290,COUDEVILLE-SUR-MER
50143,43.32A,PME,50290,COUDEVILLE-SUR-MER
50143,43.32B,PME,50290,COUDEVILLE-SUR-MER
50143,43.34Z,,50290,COUDEVILLE-SUR-MER
50143,43.91A,,50290,COUDEVILLE-SUR-MER
50143,43.99C,PME,50290,COUDEVILLE-SUR-MER
50143,43.99D,PME,50290,COUDEVILLE-SUR-MER
50143,46.69B,PME,50290,COUDEVILLE-SUR-MER
50143,46.73A,PME,50290,COUDEVILLE-SUR-MER
50143,47.24Z,PME,50290,COUDEVILLE-SUR-MER
50143,47.81Z,,50290,COUDEVILLE-SUR-MER
50143,47.81Z,PME,50290,COUDEVILLE-SUR-MER
50143,47.89Z,PME,50290,COUDEVILLE-SUR-MER
50143,47.91B,PME,50290,COUDEVILLE-SUR-MER
50143,47.99A,,50290,COUDEVILLE-SUR-MER
50143,47.99A,PME,50290,COUDEVILLE-SUR-MER
50143,49.32Z,PME,50290,COUDEVILLE-SUR-MER
50143,50.10Z,,50290,COUDEVILLE-SUR-MER
50143,52.10B,,50290,COUDEVILLE-SUR-MER
50143,55.10Z,PME,50290,COUDEVILLE-SUR-MER
50143,55.20Z,PME,50290,COUDEVILLE-SUR-MER
50143,55.30Z,PME,50290,COUDEVILLE-SUR-MER
50143,56.10A,,50290,COUDEVILLE-SUR-MER
50143,56.10C,PME,50290,COUDEVILLE-SUR-MER
50143,58.14Z,PME,50290,COUDEVILLE-SUR-MER
50143,64.30Z,PME,50290,COUDEVILLE-SUR-MER
50143,68.20A,,50290,COUDEVILLE-SUR-MER
50143,68.20A,PME,50290,COUDEVILLE-SUR-MER
50143,68.20B,,50290,COUDEVILLE-SUR-MER
50143,68.20B,PME,50290,COUDEVILLE-SUR-MER
50143,68.32A,PME,50290,COUDEVILLE-SUR-MER
50143,68.32B,PME,50290,COUDEVILLE-SUR-MER
50143,70.10Z,PME,50290,COUDEVILLE-SUR-MER
50143,70.22Z,PME,50290,COUDEVILLE-SUR-MER
50143,71.12B,PME,50290,COUDEVILLE-SUR-MER
50143,77.31Z,,50290,COUDEVILLE-SUR-MER
50143,81.29B,PME,50290,COUDEVILLE-SUR-MER
50143,84.11Z,PME,50290,COUDEVILLE-SUR-MER
50143,85.20Z,PME,50290,COUDEVILLE-SUR-MER
50143,85.59B,,50290,COUDEVILLE-SUR-MER
50143,86.90D,PME,50290,COUDEVILLE-SUR-MER
50143,86.90E,PME,50290,COUDEVILLE-SUR-MER
50143,86.90F,PME,50290,COUDEVILLE-SUR-MER
50143,90.01Z,,50290,COUDEVILLE-SUR-MER
50143,90.01Z,PME,50290,COUDEVILLE-SUR-MER
50143,90.03B,PME,50290,COUDEVILLE-SUR-MER
50143,93.12Z,,50290,COUDEVILLE-SUR-MER
50143,93.19Z,,50290,COUDEVILLE-SUR-MER
50143,93.29Z,PME,50290,COUDEVILLE-SUR-MER
50143,94.99Z,,50290,COUDEVILLE-SUR-MER
50143,96.02A,PME,50290,COUDEVILLE-SUR-MER
50143,96.09Z,PME,50290,COUDEVILLE-SUR-MER
50145,01.11Z,,50200,COURCY
50145,01.29Z,,50200,COURCY
50145,01.41Z,,50200,COURCY
50145,01.42Z,,50200,COURCY
50145,01.43Z,,50200,COURCY
50145,01.45Z,,50200,COURCY
50145,01.46Z,,50200,COURCY
50145,01.49Z,,50200,COURCY
50145,01.61Z,,50200,COURCY
50145,10.71C,PME,50200,COURCY
50145,14.13Z,PME,50200,COURCY
50145,23.41Z,PME,50200,COURCY
50145,31.09B,,50200,COURCY
50145,32.40Z,,50200,COURCY
50145,42.99Z,PME,50200,COURCY
50145,43.21A,PME,50200,COURCY
50145,43.32A,,50200,COURCY
50145,43.32B,PME,50200,COURCY
50145,43.99C,PME,50200,COURCY
50145,45.11Z,PME,50200,COURCY
50145,46.21Z,ETI,50200,COURCY
50145,46.61Z,PME,50200,COURCY
50145,47.24Z,PME,50200,COURCY
50145,47.29Z,,50200,COURCY
50145,47.29Z,PME,50200,COURCY
50145,47.65Z,PME,50200,COURCY
50145,47.91B,PME,50200,COURCY
50145,49.41B,PME,50200,COURCY
50145,55.20Z,PME,50200,COURCY
50145,56.10C,PME,50200,COURCY
50145,56.29B,PME,50200,COURCY
50145,68.10Z,PME,50200,COURCY
50145,68.20A,,50200,COURCY
50145,68.20B,,50200,COURCY
50145,68.20B,PME,50200,COURCY
50145,68.32A,,50200,COURCY
50145,71.12B,PME,50200,COURCY
50145,74.10Z,PME,50200,COURCY
50145,74.30Z,PME,50200,COURCY
50145,84.11Z,PME,50200,COURCY
50145,85.20Z,PME,50200,COURCY
50145,85.51Z,PME,50200,COURCY
50145,85.60Z,,50200,COURCY
50145,86.90D,PME,50200,COURCY
50145,86.90F,,50200,COURCY
50145,90.03B,PME,50200,COURCY
50145,93.12Z,,50200,COURCY
50145,93.29Z,PME,50200,COURCY
50145,94.99Z,,50200,COURCY
50146,01.11Z,,50220,COURTILS
50146,01.13Z,,50220,COURTILS
50146,01.41Z,,50220,COURTILS
50146,01.42Z,,50220,COURTILS
50146,01.45Z,,50220,COURTILS
50146,01.50Z,,50220,COURTILS
50146,01.61Z,,50220,COURTILS
50146,10.39B,PME,50220,COURTILS
50146,10.71C,PME,50220,COURTILS
50146,42.99Z,,50220,COURTILS
50146,43.99C,,50220,COURTILS
50146,47.99A,PME,50220,COURTILS
50146,55.10Z,PME,50220,COURTILS
50146,55.20Z,,50220,COURTILS
50146,55.20Z,PME,50220,COURTILS
50146,55.30Z,,50220,COURTILS
50146,56.10A,PME,50220,COURTILS
50146,56.10C,PME,50220,COURTILS
50146,68.20A,,50220,COURTILS
50146,68.20A,PME,50220,COURTILS
50146,68.20B,,50220,COURTILS
50146,68.20B,PME,50220,COURTILS
50146,70.10Z,PME,50220,COURTILS
50146,78.30Z,,50220,COURTILS
50146,84.11Z,PME,50220,COURTILS
50146,85.20Z,PME,50220,COURTILS
50146,90.03A,,50220,COURTILS
50146,90.03A,PME,50220,COURTILS
50146,93.12Z,,50220,COURTILS
50146,94.99Z,,50220,COURTILS
50147,01.11Z,,50200,COUTANCES
50147,01.19Z,,50200,COUTANCES
50147,01.19Z,PME,50200,COUTANCES
50147,01.41Z,,50200,COUTANCES
50147,01.41Z,PME,50200,COUTANCES
50147,01.42Z,,50200,COUTANCES
50147,01.43Z,,50200,COUTANCES
50147,01.47Z,,50200,COUTANCES
50147,01.49Z,,50200,COUTANCES
50147,01.50Z,,50200,COUTANCES
50147,01.50Z,PME,50200,COUTANCES
50147,01.62Z,,50200,COUTANCES
50147,03.11Z,,50200,COUTANCES
50147,10.11Z,,50200,COUTANCES
50147,10.11Z,GE,50200,COUTANCES
50147,10.13B,PME,50200,COUTANCES
50147,10.20Z,ETI,50200,COUTANCES
50147,10.71C,,50200,COUTANCES
50147,10.71C,PME,50200,COUTANCES
50147,10.71D,PME,50200,COUTANCES
50147,10.83Z,PME,50200,COUTANCES
50147,10.91Z,GE,50200,COUTANCES
50147,13.92Z,PME,50200,COUTANCES
50147,14.13Z,,50200,COUTANCES
50147,14.13Z,PME,50200,COUTANCES
50147,14.19Z,,50200,COUTANCES
50147,14.19Z,PME,50200,COUTANCES
50147,14.39Z,PME,50200,COUTANCES
50147,15.12Z,PME,50200,COUTANCES
50147,16.23Z,PME,50200,COUTANCES
50147,16.29Z,,50200,COUTANCES
50147,16.29Z,PME,50200,COUTANCES
50147,18.12Z,PME,50200,COUTANCES
50147,21.20Z,ETI,50200,COUTANCES
50147,23.63Z,ETI,50200,COUTANCES
50147,23.70Z,PME,50200,COUTANCES
50147,25.50B,PME,50200,COUTANCES
50147,25.71Z,PME,50200,COUTANCES
50147,26.12Z,ETI,50200,COUTANCES
50147,29.20Z,PME,50200,COUTANCES
50147,31.01Z,PME,50200,COUTANCES
50147,31.09B,PME,50200,COUTANCES
50147,32.12Z,PME,50200,COUTANCES
50147,32.50A,PME,50200,COUTANCES
50147,32.99Z,PME,50200,COUTANCES
50147,33.12Z,PME,50200,COUTANCES
50147,33.14Z,PME,50200,COUTANCES
50147,33.20D,PME,50200,COUTANCES
50147,35.11Z,,50200,COUTANCES
50147,35.11Z,PME,50200,COUTANCES
50147,35.13Z,GE,50200,COUTANCES
50147,35.13Z,PME,50200,COUTANCES
50147,35.30Z,ETI,50200,COUTANCES
50147,35.30Z,GE,50200,COUTANCES
50147,36.00Z,GE,50200,COUTANCES
50147,38.31Z,PME,50200,COUTANCES
50147,38.32Z,,50200,COUTANCES
50147,38.32Z,PME,50200,COUTANCES
50147,41.10A,PME,50200,COUTANCES
50147,41.10D,PME,50200,COUTANCES
50147,41.20A,PME,50200,COUTANCES
50147,41.20B,PME,50200,COUTANCES
50147,42.21Z,,50200,COUTANCES
50147,42.21Z,GE,50200,COUTANCES
50147,42.99Z,PME,50200,COUTANCES
50147,43.12A,PME,50200,COUTANCES
50147,43.21A,PME,50200,COUTANCES
50147,43.22A,,50200,COUTANCES
50147,43.22A,PME,50200,COUTANCES
50147,43.22B,GE,50200,COUTANCES
50147,43.22B,PME,50200,COUTANCES
50147,43.31Z,,50200,COUTANCES
50147,43.31Z,PME,50200,COUTANCES
50147,43.32A,,50200,COUTANCES
50147,43.32A,PME,50200,COUTANCES
50147,43.32B,PME,50200,COUTANCES
50147,43.34Z,,50200,COUTANCES
50147,43.34Z,PME,50200,COUTANCES
50147,43.39Z,PME,50200,COUTANCES
50147,43.91B,,50200,COUTANCES
50147,43.91B,PME,50200,COUTANCES
50147,43.99C,PME,50200,COUTANCES
50147,43.99D,,50200,COUTANCES
50147,45.11Z,,50200,COUTANCES
50147,45.11Z,ETI,50200,COUTANCES
50147,45.11Z,PME,50200,COUTANCES
50147,45.20A,,50200,COUTANCES
50147,45.20A,ETI,50200,COUTANCES
50147,45.20A,PME,50200,COUTANCES
50147,45.31Z,ETI,50200,COUTANCES
50147,45.31Z,GE,50200,COUTANCES
50147,45.32Z,PME,50200,COUTANCES
50147,45.40Z,,50200,COUTANCES
50147,45.40Z,PME,50200,COUTANCES
50147,46.19B,,50200,COUTANCES
50147,46.19B,PME,50200,COUTANCES
50147,46.21Z,GE,50200,COUTANCES
50147,46.34Z,PME,50200,COUTANCES
50147,46.36Z,,50200,COUTANCES
50147,46.38B,PME,50200,COUTANCES
50147,46.42Z,,50200,COUTANCES
50147,46.42Z,PME,50200,COUTANCES
50147,46.49Z,PME,50200,COUTANCES
50147,46.66Z,PME,50200,COUTANCES
50147,46.69A,ETI,50200,COUTANCES
50147,46.69A,GE,50200,COUTANCES
50147,46.69A,PME,50200,COUTANCES
50147,46.69B,GE,50200,COUTANCES
50147,46.69B,PME,50200,COUTANCES
50147,46.69C,PME,50200,COUTANCES
50147,46.73A,ETI,50200,COUTANCES
50147,46.73A,GE,50200,COUTANCES
50147,46.73B,ETI,50200,COUTANCES
50147,46.74B,GE,50200,COUTANCES
50147,46.76Z,PME,50200,COUTANCES
50147,46.90Z,PME,50200,COUTANCES
50147,47.11A,GE,50200,COUTANCES
50147,47.11B,,50200,COUTANCES
50147,47.11B,ETI,50200,COUTANCES
50147,47.11B,PME,50200,COUTANCES
50147,47.11C,PME,50200,COUTANCES
50147,47.11D,GE,50200,COUTANCES
50147,47.11D,PME,50200,COUTANCES
50147,47.11F,ETI,50200,COUTANCES
50147,47.19B,,50200,COUTANCES
50147,47.21Z,PME,50200,COUTANCES
50147,47.22Z,PME,50200,COUTANCES
50147,47.25Z,PME,50200,COUTANCES
50147,47.26Z,PME,50200,COUTANCES
50147,47.29Z,,50200,COUTANCES
50147,47.29Z,PME,50200,COUTANCES
50147,47.30Z,GE,50200,COUTANCES
50147,47.30Z,PME,50200,COUTANCES
50147,47.42Z,GE,50200,COUTANCES
50147,47.42Z,PME,50200,COUTANCES
50147,47.43Z,PME,50200,COUTANCES
50147,47.51Z,,50200,COUTANCES
50147,47.51Z,PME,50200,COUTANCES
50147,47.52A,GE,50200,COUTANCES
50147,47.52B,PME,50200,COUTANCES
50147,47.54Z,PME,50200,COUTANCES
50147,47.59A,PME,50200,COUTANCES
50147,47.59B,PME,50200,COUTANCES
50147,47.61Z,PME,50200,COUTANCES
50147,47.62Z,PME,50200,COUTANCES
50147,47.64Z,ETI,50200,COUTANCES
50147,47.64Z,GE,50200,COUTANCES
50147,47.64Z,PME,50200,COUTANCES
50147,47.65Z,PME,50200,COUTANCES
50147,47.71Z,,50200,COUTANCES
50147,47.71Z,ETI,50200,COUTANCES
50147,47.71Z,PME,50200,COUTANCES
50147,47.72A,ETI,50200,COUTANCES
50147,47.72A,PME,50200,COUTANCES
50147,47.72B,PME,50200,COUTANCES
50147,47.73Z,PME,50200,COUTANCES
50147,47.74Z,ETI,50200,COUTANCES
50147,47.74Z,PME,50200,COUTANCES
50147,47.75Z,,50200,COUTANCES
50147,47.75Z,ETI,50200,COUTANCES
50147,47.75Z,PME,50200,COUTANCES
50147,47.76Z,GE,50200,COUTANCES
50147,47.76Z,PME,50200,COUTANCES
50147,47.77Z,PME,50200,COUTANCES
50147,47.78A,PME,50200,COUTANCES
50147,47.78B,GE,50200,COUTANCES
50147,47.78B,PME,50200,COUTANCES
50147,47.78C,,50200,COUTANCES
50147,47.78C,PME,50200,COUTANCES
50147,47.79Z,PME,50200,COUTANCES
50147,47.81Z,,50200,COUTANCES
50147,47.81Z,PME,50200,COUTANCES
50147,47.82Z,PME,50200,COUTANCES
50147,47.89Z,PME,50200,COUTANCES
50147,47.91A,,50200,COUTANCES
50147,47.91B,,50200,COUTANCES
50147,47.91B,PME,50200,COUTANCES
50147,47.99A,,50200,COUTANCES
50147,47.99A,PME,50200,COUTANCES
50147,49.10Z,GE,50200,COUTANCES
50147,49.41B,,50200,COUTANCES
50147,49.41B,PME,50200,COUTANCES
50147,50.10Z,PME,50200,COUTANCES
50147,52.10A,ETI,50200,COUTANCES
50147,52.21Z,GE,50200,COUTANCES
50147,53.10Z,GE,50200,COUTANCES
50147,53.20Z,,50200,COUTANCES
50147,53.20Z,PME,50200,COUTANCES
50147,55.10Z,PME,50200,COUTANCES
50147,55.20Z,,50200,COUTANCES
50147,55.20Z,PME,50200,COUTANCES
50147,55.30Z,PME,50200,COUTANCES
50147,55.90Z,PME,50200,COUTANCES
50147,56.10A,,50200,COUTANCES
50147,56.10A,ETI,50200,COUTANCES
50147,56.10A,PME,50200,COUTANCES
50147,56.10C,,50200,COUTANCES
50147,56.10C,PME,50200,COUTANCES
50147,56.21Z,,50200,COUTANCES
50147,56.29A,GE,50200,COUTANCES
50147,56.29B,ETI,50200,COUTANCES
50147,56.30Z,,50200,COUTANCES
50147,56.30Z,PME,50200,COUTANCES
50147,58.11Z,,50200,COUTANCES
50147,58.13Z,ETI,50200,COUTANCES
50147,58.14Z,,50200,COUTANCES
50147,59.11B,,50200,COUTANCES
50147,59.11B,PME,50200,COUTANCES
50147,59.14Z,PME,50200,COUTANCES
50147,60.10Z,,50200,COUTANCES
50147,61.10Z,GE,50200,COUTANCES
50147,62.01Z,,50200,COUTANCES
50147,62.01Z,PME,50200,COUTANCES
50147,62.02A,ETI,50200,COUTANCES
50147,62.02A,PME,50200,COUTANCES
50147,62.09Z,PME,50200,COUTANCES
50147,63.11Z,GE,50200,COUTANCES
50147,64.19Z,GE,50200,COUTANCES
50147,64.20Z,,50200,COUTANCES
50147,64.20Z,ETI,50200,COUTANCES
50147,64.20Z,GE,50200,COUTANCES
50147,64.20Z,PME,50200,COUTANCES
50147,64.30Z,PME,50200,COUTANCES
50147,64.92Z,PME,50200,COUTANCES
50147,65.12Z,GE,50200,COUTANCES
50147,66.19A,,50200,COUTANCES
50147,66.19A,PME,50200,COUTANCES
50147,66.19B,PME,50200,COUTANCES
50147,66.22Z,,50200,COUTANCES
50147,66.22Z,PME,50200,COUTANCES
50147,66.30Z,,50200,COUTANCES
50147,66.30Z,PME,50200,COUTANCES
50147,68.10Z,,50200,COUTANCES
50147,68.20A,,50200,COUTANCES
50147,68.20A,ETI,50200,COUTANCES
50147,68.20A,PME,50200,COUTANCES
50147,68.20B,,50200,COUTANCES
50147,68.20B,GE,50200,COUTANCES
50147,68.20B,PME,50200,COUTANCES
50147,68.31Z,,50200,COUTANCES
50147,68.31Z,PME,50200,COUTANCES
50147,68.32A,,50200,COUTANCES
50147,68.32B,,50200,COUTANCES
50147,68.32B,PME,50200,COUTANCES
50147,69.10Z,,50200,COUTANCES
50147,69.10Z,PME,50200,COUTANCES
50147,69.20Z,ETI,50200,COUTANCES
50147,69.20Z,GE,50200,COUTANCES
50147,69.20Z,PME,50200,COUTANCES
50147,70.10Z,,50200,COUTANCES
50147,70.10Z,PME,50200,COUTANCES
50147,70.21Z,PME,50200,COUTANCES
50147,70.22Z,,50200,COUTANCES
50147,70.22Z,ETI,50200,COUTANCES
50147,70.22Z,PME,50200,COUTANCES
50147,71.11Z,PME,50200,COUTANCES
50147,71.12A,PME,50200,COUTANCES
50147,71.12B,PME,50200,COUTANCES
50147,71.20A,PME,50200,COUTANCES
50147,71.20B,PME,50200,COUTANCES
50147,73.11Z,PME,50200,COUTANCES
50147,74.10Z,PME,50200,COUTANCES
50147,74.20Z,,50200,COUTANCES
50147,74.20Z,PME,50200,COUTANCES
50147,74.30Z,,50200,COUTANCES
50147,74.30Z,PME,50200,COUTANCES
50147,74.90A,PME,50200,COUTANCES
50147,74.90B,PME,50200,COUTANCES
50147,75.00Z,,50200,COUTANCES
50147,75.00Z,PME,50200,COUTANCES
50147,77.11A,PME,50200,COUTANCES
50147,77.29Z,,50200,COUTANCES
50147,77.32Z,ETI,50200,COUTANCES
50147,77.32Z,PME,50200,COUTANCES
50147,78.10Z,,50200,COUTANCES
50147,78.10Z,PME,50200,COUTANCES
50147,78.20Z,ETI,50200,COUTANCES
50147,78.20Z,GE,50200,COUTANCES
50147,78.20Z,PME,50200,COUTANCES
50147,79.11Z,ETI,50200,COUTANCES
50147,79.11Z,PME,50200,COUTANCES
50147,79.90Z,PME,50200,COUTANCES
50147,80.20Z,PME,50200,COUTANCES
50147,81.10Z,,50200,COUTANCES
50147,81.10Z,PME,50200,COUTANCES
50147,81.21Z,,50200,COUTANCES
50147,81.21Z,PME,50200,COUTANCES
50147,81.22Z,PME,50200,COUTANCES
50147,81.29A,PME,50200,COUTANCES
50147,81.30Z,,50200,COUTANCES
50147,81.30Z,PME,50200,COUTANCES
50147,82.11Z,,50200,COUTANCES
50147,82.11Z,ETI,50200,COUTANCES
50147,82.11Z,PME,50200,COUTANCES
50147,82.19Z,,50200,COUTANCES
50147,82.19Z,PME,50200,COUTANCES
50147,82.30Z,PME,50200,COUTANCES
50147,82.99Z,,50200,COUTANCES
50147,82.99Z,PME,50200,COUTANCES
50147,84.11Z,ETI,50200,COUTANCES
50147,84.11Z,PME,50200,COUTANCES
50147,84.12Z,ETI,50200,COUTANCES
50147,84.12Z,PME,50200,COUTANCES
50147,84.13Z,,50200,COUTANCES
50147,84.13Z,ETI,50200,COUTANCES
50147,84.13Z,GE,50200,COUTANCES
50147,84.13Z,PME,50200,COUTANCES
50147,84.23Z,ETI,50200,COUTANCES
50147,84.23Z,PME,50200,COUTANCES
50147,84.24Z,ETI,50200,COUTANCES
50147,84.30A,ETI,50200,COUTANCES
50147,85.10Z,PME,50200,COUTANCES
50147,85.20Z,ETI,50200,COUTANCES
50147,85.20Z,PME,50200,COUTANCES
50147,85.31Z,PME,50200,COUTANCES
50147,85.32Z,,50200,COUTANCES
50147,85.32Z,ETI,50200,COUTANCES
50147,85.32Z,PME,50200,COUTANCES
50147,85.51Z,,50200,COUTANCES
50147,85.51Z,PME,50200,COUTANCES
50147,85.52Z,,50200,COUTANCES
50147,85.52Z,PME,50200,COUTANCES
50147,85.53Z,PME,50200,COUTANCES
50147,85.59A,ETI,50200,COUTANCES
50147,85.59A,GE,50200,COUTANCES
50147,85.59A,PME,50200,COUTANCES
50147,85.59B,,50200,COUTANCES
50147,85.59B,PME,50200,COUTANCES
50147,86.10Z,ETI,50200,COUTANCES
50147,86.21Z,,50200,COUTANCES
50147,86.21Z,PME,50200,COUTANCES
50147,86.22A,,50200,COUTANCES
50147,86.22A,PME,50200,COUTANCES
50147,86.22B,,50200,COUTANCES
50147,86.22B,PME,50200,COUTANCES
50147,86.22C,,50200,COUTANCES
50147,86.22C,PME,50200,COUTANCES
50147,86.23Z,PME,50200,COUTANCES
50147,86.90A,PME,50200,COUTANCES
50147,86.90B,GE,50200,COUTANCES
50147,86.90D,,50200,COUTANCES
50147,86.90D,PME,50200,COUTANCES
50147,86.90E,,50200,COUTANCES
50147,86.90E,PME,50200,COUTANCES
50147,86.90F,,50200,COUTANCES
50147,86.90F,PME,50200,COUTANCES
50147,87.10A,ETI,50200,COUTANCES
50147,87.10A,PME,50200,COUTANCES
50147,87.10B,ETI,50200,COUTANCES
50147,87.10C,ETI,50200,COUTANCES
50147,87.20A,ETI,50200,COUTANCES
50147,87.90A,ETI,50200,COUTANCES
50147,87.90B,ETI,50200,COUTANCES
50147,88.10A,,50200,COUTANCES
50147,88.10A,ETI,50200,COUTANCES
50147,88.10A,PME,50200,COUTANCES
50147,88.10C,ETI,50200,COUTANCES
50147,88.10C,PME,50200,COUTANCES
50147,88.91A,,50200,COUTANCES
50147,88.91A,PME,50200,COUTANCES
50147,88.99A,PME,50200,COUTANCES
50147,88.99B,,50200,COUTANCES
50147,88.99B,ETI,50200,COUTANCES
50147,88.99B,GE,50200,COUTANCES
50147,88.99B,PME,50200,COUTANCES
50147,90.01Z,,50200,COUTANCES
50147,90.01Z,PME,50200,COUTANCES
50147,90.02Z,PME,50200,COUTANCES
50147,90.03A,,50200,COUTANCES
50147,90.03A,PME,50200,COUTANCES
50147,90.03B,,50200,COUTANCES
50147,90.03B,PME,50200,COUTANCES
50147,91.01Z,PME,50200,COUTANCES
50147,91.03Z,,50200,COUTANCES
50147,91.03Z,PME,50200,COUTANCES
50147,93.11Z,ETI,50200,COUTANCES
50147,93.11Z,PME,50200,COUTANCES
50147,93.12Z,,50200,COUTANCES
50147,93.12Z,PME,50200,COUTANCES
50147,93.13Z,PME,50200,COUTANCES
50147,93.19Z,,50200,COUTANCES
50147,93.19Z,PME,50200,COUTANCES
50147,93.29Z,,50200,COUTANCES
50147,93.29Z,PME,50200,COUTANCES
50147,94.11Z,,50200,COUTANCES
50147,94.11Z,PME,50200,COUTANCES
50147,94.12Z,,50200,COUTANCES
50147,94.12Z,PME,50200,COUTANCES
50147,94.20Z,,50200,COUTANCES
50147,94.20Z,PME,50200,COUTANCES
50147,94.91Z,,50200,COUTANCES
50147,94.91Z,PME,50200,COUTANCES
50147,94.99Z,,50200,COUTANCES
50147,94.99Z,PME,50200,COUTANCES
50147,95.11Z,PME,50200,COUTANCES
50147,95.12Z,PME,50200,COUTANCES
50147,95.21Z,PME,50200,COUTANCES
50147,95.22Z,,50200,COUTANCES
50147,95.22Z,PME,50200,COUTANCES
50147,95.23Z,PME,50200,COUTANCES
50147,95.24Z,PME,50200,COUTANCES
50147,95.25Z,PME,50200,COUTANCES
50147,95.29Z,PME,50200,COUTANCES
50147,96.01B,PME,50200,COUTANCES
50147,96.02A,,50200,COUTANCES
50147,96.02A,PME,50200,COUTANCES
50147,96.02B,,50200,COUTANCES
50147,96.02B,ETI,50200,COUTANCES
50147,96.02B,PME,50200,COUTANCES
50147,96.03Z,GE,50200,COUTANCES
50147,96.04Z,,50200,COUTANCES
50147,96.04Z,PME,50200,COUTANCES
50147,96.09Z,,50200,COUTANCES
50147,96.09Z,PME,50200,COUTANCES
50152,01.11Z,,50370,LES CRESNAYS
50152,01.13Z,PME,50370,LES CRESNAYS
50152,01.19Z,,50370,LES CRESNAYS
50152,01.41Z,,50370,LES CRESNAYS
50152,01.42Z,,50370,LES CRESNAYS
50152,01.43Z,,50370,LES CRESNAYS
50152,01.45Z,,50370,LES CRESNAYS
50152,01.46Z,,50370,LES CRESNAYS
50152,01.47Z,,50370,LES CRESNAYS
50152,01.49Z,,50370,LES CRESNAYS
50152,01.61Z,,50370,LES CRESNAYS
50152,01.62Z,,50370,LES CRESNAYS
50152,43.32A,PME,50370,LES CRESNAYS
50152,43.91A,PME,50370,LES CRESNAYS
50152,46.45Z,PME,50370,LES CRESNAYS
50152,47.81Z,PME,50370,LES CRESNAYS
50152,55.20Z,PME,50370,LES CRESNAYS
50152,68.20B,,50370,LES CRESNAYS
50152,68.20B,PME,50370,LES CRESNAYS
50152,73.11Z,PME,50370,LES CRESNAYS
50152,74.10Z,PME,50370,LES CRESNAYS
50152,78.30Z,PME,50370,LES CRESNAYS
50152,81.10Z,PME,50370,LES CRESNAYS
50152,84.11Z,PME,50370,LES CRESNAYS
50152,88.99B,,50370,LES CRESNAYS
50152,94.99Z,,50370,LES CRESNAYS
50152,95.29Z,PME,50370,LES CRESNAYS
50152,96.09Z,PME,50370,LES CRESNAYS
50155,01.11Z,,50220,CROLLON
50155,01.19Z,,50220,CROLLON
50155,01.41Z,,50220,CROLLON
50155,01.42Z,,50220,CROLLON
50155,01.45Z,,50220,CROLLON
50155,01.49Z,,50220,CROLLON
50155,01.61Z,,50220,CROLLON
50155,33.12Z,,50220,CROLLON
50155,45.20A,PME,50220,CROLLON
50155,47.81Z,,50220,CROLLON
50155,68.20A,,50220,CROLLON
50155,68.20B,,50220,CROLLON
50155,81.21Z,,50220,CROLLON
50155,84.11Z,PME,50220,CROLLON
50155,85.51Z,PME,50220,CROLLON
50155,86.90F,PME,50220,CROLLON
50155,90.03A,PME,50220,CROLLON
50155,93.12Z,,50220,CROLLON
50156,01.41Z,,50360,CROSVILLE-SUR-DOUVE
50156,43.32A,PME,50360,CROSVILLE-SUR-DOUVE
50156,47.78C,PME,50360,CROSVILLE-SUR-DOUVE
50156,68.20A,PME,50360,CROSVILLE-SUR-DOUVE
50156,68.20B,,50360,CROSVILLE-SUR-DOUVE
50156,68.20B,PME,50360,CROSVILLE-SUR-DOUVE
50156,84.11Z,PME,50360,CROSVILLE-SUR-DOUVE
50156,94.99Z,PME,50360,CROSVILLE-SUR-DOUVE
50162,01.11Z,,50110,DIGOSVILLE
50162,01.41Z,,50110,DIGOSVILLE
50162,01.42Z,,50110,DIGOSVILLE
50162,01.45Z,,50110,DIGOSVILLE
50162,03.11Z,,50110,DIGOSVILLE
50162,10.71C,PME,50110,DIGOSVILLE
50162,14.13Z,PME,50110,DIGOSVILLE
50162,16.29Z,PME,50110,DIGOSVILLE
50162,32.99Z,PME,50110,DIGOSVILLE
50162,33.12Z,PME,50110,DIGOSVILLE
50162,35.11Z,PME,50110,DIGOSVILLE
50162,41.10A,,50110,DIGOSVILLE
50162,41.10D,PME,50110,DIGOSVILLE
50162,42.99Z,,50110,DIGOSVILLE
50162,43.22A,PME,50110,DIGOSVILLE
50162,43.32A,PME,50110,DIGOSVILLE
50162,43.32B,PME,50110,DIGOSVILLE
50162,43.99C,PME,50110,DIGOSVILLE
50162,45.11Z,PME,50110,DIGOSVILLE
50162,45.20A,PME,50110,DIGOSVILLE
50162,46.13Z,PME,50110,DIGOSVILLE
50162,46.19B,PME,50110,DIGOSVILLE
50162,47.11D,PME,50110,DIGOSVILLE
50162,47.19B,,50110,DIGOSVILLE
50162,47.26Z,PME,50110,DIGOSVILLE
50162,47.64Z,PME,50110,DIGOSVILLE
50162,47.65Z,PME,50110,DIGOSVILLE
50162,47.73Z,PME,50110,DIGOSVILLE
50162,47.81Z,PME,50110,DIGOSVILLE
50162,47.91B,,50110,DIGOSVILLE
50162,47.99A,,50110,DIGOSVILLE
50162,47.99A,PME,50110,DIGOSVILLE
50162,49.41A,PME,50110,DIGOSVILLE
50162,49.41B,PME,50110,DIGOSVILLE
50162,50.20Z,PME,50110,DIGOSVILLE
50162,55.20Z,PME,50110,DIGOSVILLE
50162,56.10C,PME,50110,DIGOSVILLE
50162,56.29B,ETI,50110,DIGOSVILLE
50162,61.10Z,ETI,50110,DIGOSVILLE
50162,62.01Z,PME,50110,DIGOSVILLE
50162,62.02B,PME,50110,DIGOSVILLE
50162,63.91Z,PME,50110,DIGOSVILLE
50162,64.20Z,PME,50110,DIGOSVILLE
50162,66.19A,PME,50110,DIGOSVILLE
50162,66.30Z,,50110,DIGOSVILLE
50162,68.20A,,50110,DIGOSVILLE
50162,68.20A,PME,50110,DIGOSVILLE
50162,68.20B,,50110,DIGOSVILLE
50162,68.20B,PME,50110,DIGOSVILLE
50162,68.31Z,PME,50110,DIGOSVILLE
50162,69.20Z,PME,50110,DIGOSVILLE
50162,70.10Z,,50110,DIGOSVILLE
50162,70.10Z,PME,50110,DIGOSVILLE
50162,70.22Z,PME,50110,DIGOSVILLE
50162,71.12B,PME,50110,DIGOSVILLE
50162,74.10Z,PME,50110,DIGOSVILLE
50162,77.31Z,,50110,DIGOSVILLE
50162,81.30Z,PME,50110,DIGOSVILLE
50162,84.11Z,PME,50110,DIGOSVILLE
50162,85.20Z,PME,50110,DIGOSVILLE
50162,85.32Z,PME,50110,DIGOSVILLE
50162,85.59A,PME,50110,DIGOSVILLE
50162,86.21Z,PME,50110,DIGOSVILLE
50162,86.90D,,50110,DIGOSVILLE
50162,86.90D,PME,50110,DIGOSVILLE
50162,88.99B,,50110,DIGOSVILLE
50162,90.02Z,,50110,DIGOSVILLE
50162,90.03A,PME,50110,DIGOSVILLE
50162,90.03B,PME,50110,DIGOSVILLE
50162,93.11Z,,50110,DIGOSVILLE
50162,93.12Z,,50110,DIGOSVILLE
50162,93.12Z,PME,50110,DIGOSVILLE
50162,93.19Z,PME,50110,DIGOSVILLE
50162,94.99Z,,50110,DIGOSVILLE
50162,94.99Z,PME,50110,DIGOSVILLE
50162,96.02A,PME,50110,DIGOSVILLE
50162,96.02B,PME,50110,DIGOSVILLE
50162,96.04Z,,50110,DIGOSVILLE
50162,96.09Z,,50110,DIGOSVILLE
50164,01.11Z,,50420,DOMJEAN
50164,01.19Z,,50420,DOMJEAN
50164,01.24Z,PME,50420,DOMJEAN
50164,01.41Z,,50420,DOMJEAN
50164,01.41Z,PME,50420,DOMJEAN
50164,01.42Z,,50420,DOMJEAN
50164,01.43Z,,50420,DOMJEAN
50164,01.43Z,PME,50420,DOMJEAN
50164,01.45Z,,50420,DOMJEAN
50164,01.46Z,,50420,DOMJEAN
50164,01.47Z,,50420,DOMJEAN
50164,01.49Z,,50420,DOMJEAN
50164,01.50Z,,50420,DOMJEAN
50164,01.61Z,,50420,DOMJEAN
50164,02.40Z,,50420,DOMJEAN
50164,10.71C,PME,50420,DOMJEAN
50164,10.82Z,PME,50420,DOMJEAN
50164,29.32Z,ETI,50420,DOMJEAN
50164,31.09B,PME,50420,DOMJEAN
50164,35.11Z,PME,50420,DOMJEAN
50164,42.21Z,PME,50420,DOMJEAN
50164,42.99Z,PME,50420,DOMJEAN
50164,43.12A,PME,50420,DOMJEAN
50164,43.22A,PME,50420,DOMJEAN
50164,43.32B,PME,50420,DOMJEAN
50164,43.34Z,PME,50420,DOMJEAN
50164,43.99C,PME,50420,DOMJEAN
50164,45.11Z,PME,50420,DOMJEAN
50164,45.20A,PME,50420,DOMJEAN
50164,45.40Z,,50420,DOMJEAN
50164,46.19B,,50420,DOMJEAN
50164,47.11C,PME,50420,DOMJEAN
50164,47.81Z,,50420,DOMJEAN
50164,47.89Z,,50420,DOMJEAN
50164,47.99A,PME,50420,DOMJEAN
50164,49.41A,,50420,DOMJEAN
50164,55.20Z,,50420,DOMJEAN
50164,56.10A,PME,50420,DOMJEAN
50164,56.21Z,PME,50420,DOMJEAN
50164,56.29B,PME,50420,DOMJEAN
50164,56.30Z,PME,50420,DOMJEAN
50164,62.01Z,,50420,DOMJEAN
50164,66.30Z,,50420,DOMJEAN
50164,68.20B,,50420,DOMJEAN
50164,68.20B,PME,50420,DOMJEAN
50164,70.10Z,,50420,DOMJEAN
50164,70.22Z,PME,50420,DOMJEAN
50164,71.12B,PME,50420,DOMJEAN
50164,74.20Z,PME,50420,DOMJEAN
50164,74.90B,PME,50420,DOMJEAN
50164,77.31Z,,50420,DOMJEAN
50164,77.35Z,PME,50420,DOMJEAN
50164,80.20Z,PME,50420,DOMJEAN
50164,82.11Z,,50420,DOMJEAN
50164,82.99Z,,50420,DOMJEAN
50164,84.11Z,PME,50420,DOMJEAN
50164,85.20Z,PME,50420,DOMJEAN
50164,85.51Z,PME,50420,DOMJEAN
50164,85.52Z,PME,50420,DOMJEAN
50164,85.59B,PME,50420,DOMJEAN
50164,86.21Z,PME,50420,DOMJEAN
50164,86.90D,,50420,DOMJEAN
50164,86.90D,PME,50420,DOMJEAN
50164,86.90E,,50420,DOMJEAN
50164,86.90F,PME,50420,DOMJEAN
50164,88.10B,,50420,DOMJEAN
50164,88.91A,PME,50420,DOMJEAN
50164,90.01Z,,50420,DOMJEAN
50164,90.03A,PME,50420,DOMJEAN
50164,93.12Z,,50420,DOMJEAN
50164,93.29Z,PME,50420,DOMJEAN
50164,94.99Z,,50420,DOMJEAN
50164,95.21Z,PME,50420,DOMJEAN
50164,96.02A,PME,50420,DOMJEAN
50164,96.09Z,PME,50420,DOMJEAN
50165,01.11Z,,50350,DONVILLE-LES-BAINS
50165,01.41Z,,50350,DONVILLE-LES-BAINS
50165,01.43Z,,50350,DONVILLE-LES-BAINS
50165,01.49Z,,50350,DONVILLE-LES-BAINS
50165,01.62Z,,50350,DONVILLE-LES-BAINS
50165,02.10Z,,50350,DONVILLE-LES-BAINS
50165,03.11Z,,50350,DONVILLE-LES-BAINS
50165,10.39B,PME,50350,DONVILLE-LES-BAINS
50165,10.71C,PME,50350,DONVILLE-LES-BAINS
50165,10.71D,PME,50350,DONVILLE-LES-BAINS
50165,11.03Z,PME,50350,DONVILLE-LES-BAINS
50165,13.92Z,PME,50350,DONVILLE-LES-BAINS
50165,14.13Z,PME,50350,DONVILLE-LES-BAINS
50165,14.19Z,PME,50350,DONVILLE-LES-BAINS
50165,17.29Z,PME,50350,DONVILLE-LES-BAINS
50165,18.13Z,PME,50350,DONVILLE-LES-BAINS
50165,23.70Z,PME,50350,DONVILLE-LES-BAINS
50165,24.51Z,PME,50350,DONVILLE-LES-BAINS
50165,25.62B,PME,50350,DONVILLE-LES-BAINS
50165,25.99B,PME,50350,DONVILLE-LES-BAINS
50165,30.11Z,PME,50350,DONVILLE-LES-BAINS
50165,32.13Z,,50350,DONVILLE-LES-BAINS
50165,32.13Z,PME,50350,DONVILLE-LES-BAINS
50165,32.99Z,PME,50350,DONVILLE-LES-BAINS
50165,33.12Z,PME,50350,DONVILLE-LES-BAINS
50165,33.15Z,PME,50350,DONVILLE-LES-BAINS
50165,35.11Z,PME,50350,DONVILLE-LES-BAINS
50165,35.30Z,GE,50350,DONVILLE-LES-BAINS
50165,38.11Z,ETI,50350,DONVILLE-LES-BAINS
50165,39.00Z,GE,50350,DONVILLE-LES-BAINS
50165,41.10A,,50350,DONVILLE-LES-BAINS
50165,41.10A,PME,50350,DONVILLE-LES-BAINS
50165,41.10C,PME,50350,DONVILLE-LES-BAINS
50165,41.10D,PME,50350,DONVILLE-LES-BAINS
50165,41.20A,,50350,DONVILLE-LES-BAINS
50165,41.20A,PME,50350,DONVILLE-LES-BAINS
50165,43.21A,PME,50350,DONVILLE-LES-BAINS
50165,43.22A,,50350,DONVILLE-LES-BAINS
50165,43.31Z,PME,50350,DONVILLE-LES-BAINS
50165,43.32A,,50350,DONVILLE-LES-BAINS
50165,43.32A,PME,50350,DONVILLE-LES-BAINS
50165,43.34Z,,50350,DONVILLE-LES-BAINS
50165,43.34Z,PME,50350,DONVILLE-LES-BAINS
50165,43.91A,,50350,DONVILLE-LES-BAINS
50165,43.99C,PME,50350,DONVILLE-LES-BAINS
50165,45.11Z,PME,50350,DONVILLE-LES-BAINS
50165,45.20A,PME,50350,DONVILLE-LES-BAINS
50165,46.19B,,50350,DONVILLE-LES-BAINS
50165,46.19B,PME,50350,DONVILLE-LES-BAINS
50165,46.73A,,50350,DONVILLE-LES-BAINS
50165,47.11B,PME,50350,DONVILLE-LES-BAINS
50165,47.11D,GE,50350,DONVILLE-LES-BAINS
50165,47.19B,PME,50350,DONVILLE-LES-BAINS
50165,47.22Z,PME,50350,DONVILLE-LES-BAINS
50165,47.23Z,PME,50350,DONVILLE-LES-BAINS
50165,47.24Z,PME,50350,DONVILLE-LES-BAINS
50165,47.30Z,GE,50350,DONVILLE-LES-BAINS
50165,47.51Z,PME,50350,DONVILLE-LES-BAINS
50165,47.71Z,PME,50350,DONVILLE-LES-BAINS
50165,47.73Z,PME,50350,DONVILLE-LES-BAINS
50165,47.76Z,PME,50350,DONVILLE-LES-BAINS
50165,47.78A,PME,50350,DONVILLE-LES-BAINS
50165,47.78C,PME,50350,DONVILLE-LES-BAINS
50165,47.79Z,PME,50350,DONVILLE-LES-BAINS
50165,47.81Z,PME,50350,DONVILLE-LES-BAINS
50165,47.82Z,PME,50350,DONVILLE-LES-BAINS
50165,47.89Z,PME,50350,DONVILLE-LES-BAINS
50165,47.91A,,50350,DONVILLE-LES-BAINS
50165,47.91A,PME,50350,DONVILLE-LES-BAINS
50165,47.91B,,50350,DONVILLE-LES-BAINS
50165,47.99A,PME,50350,DONVILLE-LES-BAINS
50165,49.32Z,PME,50350,DONVILLE-LES-BAINS
50165,49.39B,PME,50350,DONVILLE-LES-BAINS
50165,49.42Z,PME,50350,DONVILLE-LES-BAINS
50165,50.10Z,PME,50350,DONVILLE-LES-BAINS
50165,53.10Z,GE,50350,DONVILLE-LES-BAINS
50165,53.20Z,,50350,DONVILLE-LES-BAINS
50165,53.20Z,PME,50350,DONVILLE-LES-BAINS
50165,55.10Z,PME,50350,DONVILLE-LES-BAINS
50165,55.20Z,PME,50350,DONVILLE-LES-BAINS
50165,55.30Z,PME,50350,DONVILLE-LES-BAINS
50165,56.10C,,50350,DONVILLE-LES-BAINS
50165,56.10C,PME,50350,DONVILLE-LES-BAINS
50165,56.30Z,,50350,DONVILLE-LES-BAINS
50165,56.30Z,PME,50350,DONVILLE-LES-BAINS
50165,59.12Z,PME,50350,DONVILLE-LES-BAINS
50165,60.10Z,PME,50350,DONVILLE-LES-BAINS
50165,62.01Z,PME,50350,DONVILLE-LES-BAINS
50165,62.02A,,50350,DONVILLE-LES-BAINS
50165,62.02A,PME,50350,DONVILLE-LES-BAINS
50165,63.12Z,,50350,DONVILLE-LES-BAINS
50165,63.12Z,PME,50350,DONVILLE-LES-BAINS
50165,63.91Z,PME,50350,DONVILLE-LES-BAINS
50165,64.19Z,GE,50350,DONVILLE-LES-BAINS
50165,64.20Z,PME,50350,DONVILLE-LES-BAINS
50165,64.30Z,,50350,DONVILLE-LES-BAINS
50165,64.99Z,PME,50350,DONVILLE-LES-BAINS
50165,66.19A,PME,50350,DONVILLE-LES-BAINS
50165,66.19B,,50350,DONVILLE-LES-BAINS
50165,66.22Z,PME,50350,DONVILLE-LES-BAINS
50165,66.30Z,PME,50350,DONVILLE-LES-BAINS
50165,68.10Z,,50350,DONVILLE-LES-BAINS
50165,68.10Z,PME,50350,DONVILLE-LES-BAINS
50165,68.20A,,50350,DONVILLE-LES-BAINS
50165,68.20A,PME,50350,DONVILLE-LES-BAINS
50165,68.20B,,50350,DONVILLE-LES-BAINS
50165,68.20B,ETI,50350,DONVILLE-LES-BAINS
50165,68.20B,PME,50350,DONVILLE-LES-BAINS
50165,68.31Z,GE,50350,DONVILLE-LES-BAINS
50165,68.31Z,PME,50350,DONVILLE-LES-BAINS
50165,68.32A,,50350,DONVILLE-LES-BAINS
50165,68.32A,PME,50350,DONVILLE-LES-BAINS
50165,69.10Z,PME,50350,DONVILLE-LES-BAINS
50165,69.20Z,ETI,50350,DONVILLE-LES-BAINS
50165,69.20Z,PME,50350,DONVILLE-LES-BAINS
50165,70.10Z,,50350,DONVILLE-LES-BAINS
50165,70.10Z,PME,50350,DONVILLE-LES-BAINS
50165,70.21Z,PME,50350,DONVILLE-LES-BAINS
50165,70.22Z,,50350,DONVILLE-LES-BAINS
50165,70.22Z,PME,50350,DONVILLE-LES-BAINS
50165,71.11Z,PME,50350,DONVILLE-LES-BAINS
50165,71.12B,PME,50350,DONVILLE-LES-BAINS
50165,71.20B,PME,50350,DONVILLE-LES-BAINS
50165,74.10Z,,50350,DONVILLE-LES-BAINS
50165,74.10Z,PME,50350,DONVILLE-LES-BAINS
50165,74.20Z,,50350,DONVILLE-LES-BAINS
50165,74.30Z,PME,50350,DONVILLE-LES-BAINS
50165,74.90B,PME,50350,DONVILLE-LES-BAINS
50165,77.21Z,PME,50350,DONVILLE-LES-BAINS
50165,77.34Z,,50350,DONVILLE-LES-BAINS
50165,77.34Z,PME,50350,DONVILLE-LES-BAINS
50165,78.10Z,PME,50350,DONVILLE-LES-BAINS
50165,79.90Z,PME,50350,DONVILLE-LES-BAINS
50165,81.10Z,,50350,DONVILLE-LES-BAINS
50165,81.10Z,PME,50350,DONVILLE-LES-BAINS
50165,81.21Z,PME,50350,DONVILLE-LES-BAINS
50165,81.22Z,,50350,DONVILLE-LES-BAINS
50165,81.29A,PME,50350,DONVILLE-LES-BAINS
50165,81.30Z,PME,50350,DONVILLE-LES-BAINS
50165,82.19Z,,50350,DONVILLE-LES-BAINS
50165,82.19Z,PME,50350,DONVILLE-LES-BAINS
50165,82.99Z,PME,50350,DONVILLE-LES-BAINS
50165,84.11Z,PME,50350,DONVILLE-LES-BAINS
50165,85.10Z,PME,50350,DONVILLE-LES-BAINS
50165,85.20Z,PME,50350,DONVILLE-LES-BAINS
50165,85.51Z,,50350,DONVILLE-LES-BAINS
50165,85.51Z,PME,50350,DONVILLE-LES-BAINS
50165,85.52Z,,50350,DONVILLE-LES-BAINS
50165,85.52Z,PME,50350,DONVILLE-LES-BAINS
50165,85.53Z,PME,50350,DONVILLE-LES-BAINS
50165,85.59A,,50350,DONVILLE-LES-BAINS
50165,85.59A,PME,50350,DONVILLE-LES-BAINS
50165,86.10Z,ETI,50350,DONVILLE-LES-BAINS
50165,86.21Z,PME,50350,DONVILLE-LES-BAINS
50165,86.22C,PME,50350,DONVILLE-LES-BAINS
50165,86.23Z,PME,50350,DONVILLE-LES-BAINS
50165,86.90D,PME,50350,DONVILLE-LES-BAINS
50165,86.90E,PME,50350,DONVILLE-LES-BAINS
50165,86.90F,,50350,DONVILLE-LES-BAINS
50165,86.90F,PME,50350,DONVILLE-LES-BAINS
50165,87.90A,PME,50350,DONVILLE-LES-BAINS
50165,88.99B,,50350,DONVILLE-LES-BAINS
50165,90.01Z,,50350,DONVILLE-LES-BAINS
50165,90.01Z,PME,50350,DONVILLE-LES-BAINS
50165,90.03A,,50350,DONVILLE-LES-BAINS
50165,90.03A,PME,50350,DONVILLE-LES-BAINS
50165,90.03B,PME,50350,DONVILLE-LES-BAINS
50165,91.03Z,PME,50350,DONVILLE-LES-BAINS
50165,93.12Z,,50350,DONVILLE-LES-BAINS
50165,93.12Z,PME,50350,DONVILLE-LES-BAINS
50165,93.19Z,,50350,DONVILLE-LES-BAINS
50165,93.19Z,PME,50350,DONVILLE-LES-BAINS
50165,93.21Z,PME,50350,DONVILLE-LES-BAINS
50165,93.29Z,,50350,DONVILLE-LES-BAINS
50165,93.29Z,PME,50350,DONVILLE-LES-BAINS
50165,94.91Z,PME,50350,DONVILLE-LES-BAINS
50165,94.99Z,,50350,DONVILLE-LES-BAINS
50165,94.99Z,PME,50350,DONVILLE-LES-BAINS
50165,95.11Z,PME,50350,DONVILLE-LES-BAINS
50165,95.24Z,PME,50350,DONVILLE-LES-BAINS
50165,95.29Z,PME,50350,DONVILLE-LES-BAINS
50165,96.01B,PME,50350,DONVILLE-LES-BAINS
50165,96.02A,PME,50350,DONVILLE-LES-BAINS
50165,96.02B,,50350,DONVILLE-LES-BAINS
50165,96.02B,PME,50350,DONVILLE-LES-BAINS
50165,96.04Z,PME,50350,DONVILLE-LES-BAINS
50165,96.09Z,,50350,DONVILLE-LES-BAINS
50165,96.09Z,PME,50350,DONVILLE-LES-BAINS
50166,01.41Z,,50250,DOVILLE
50166,01.42Z,,50250,DOVILLE
50166,01.43Z,,50250,DOVILLE
50166,01.45Z,,50250,DOVILLE
50166,01.50Z,,50250,DOVILLE
50166,01.62Z,,50250,DOVILLE
50166,08.11Z,GE,50250,DOVILLE
50166,23.63Z,ETI,50250,DOVILLE
50166,43.32A,PME,50250,DOVILLE
50166,46.31Z,,50250,DOVILLE
50166,47.99A,PME,50250,DOVILLE
50166,56.10C,PME,50250,DOVILLE
50166,56.30Z,,50250,DOVILLE
50166,68.10Z,PME,50250,DOVILLE
50166,68.20A,,50250,DOVILLE
50166,68.20B,,50250,DOVILLE
50166,68.20B,PME,50250,DOVILLE
50166,70.10Z,,50250,DOVILLE
50166,77.31Z,,50250,DOVILLE
50166,81.30Z,,50250,DOVILLE
50166,82.19Z,PME,50250,DOVILLE
50166,84.11Z,PME,50250,DOVILLE
50166,90.03B,PME,50250,DOVILLE
50166,93.12Z,,50250,DOVILLE
50166,94.99Z,,50250,DOVILLE
50166,95.24Z,PME,50250,DOVILLE
50166,95.29Z,PME,50250,DOVILLE
50168,01.11Z,,50220,DUCEY-LES CHERIS
50168,01.41Z,,50220,DUCEY-LES CHERIS
50168,01.42Z,,50220,DUCEY-LES CHERIS
50168,01.43Z,,50220,DUCEY-LES CHERIS
50168,01.45Z,,50220,DUCEY-LES CHERIS
50168,01.46Z,,50220,DUCEY-LES CHERIS
50168,01.61Z,,50220,DUCEY-LES CHERIS
50168,03.21Z,,50220,DUCEY-LES CHERIS
50168,08.12Z,ETI,50220,DUCEY-LES CHERIS
50168,08.12Z,PME,50220,DUCEY-LES CHERIS
50168,10.11Z,,50220,DUCEY-LES CHERIS
50168,10.51C,GE,50220,DUCEY-LES CHERIS
50168,10.71C,PME,50220,DUCEY-LES CHERIS
50168,10.72Z,PME,50220,DUCEY-LES CHERIS
50168,13.30Z,PME,50220,DUCEY-LES CHERIS
50168,13.92Z,PME,50220,DUCEY-LES CHERIS
50168,14.13Z,PME,50220,DUCEY-LES CHERIS
50168,14.39Z,PME,50220,DUCEY-LES CHERIS
50168,29.20Z,ETI,50220,DUCEY-LES CHERIS
50168,31.09A,PME,50220,DUCEY-LES CHERIS
50168,33.12Z,PME,50220,DUCEY-LES CHERIS
50168,35.11Z,GE,50220,DUCEY-LES CHERIS
50168,35.11Z,PME,50220,DUCEY-LES CHERIS
50168,37.00Z,ETI,50220,DUCEY-LES CHERIS
50168,38.32Z,PME,50220,DUCEY-LES CHERIS
50168,41.10D,PME,50220,DUCEY-LES CHERIS
50168,41.20A,PME,50220,DUCEY-LES CHERIS
50168,43.21A,PME,50220,DUCEY-LES CHERIS
50168,43.22A,PME,50220,DUCEY-LES CHERIS
50168,43.31Z,PME,50220,DUCEY-LES CHERIS
50168,43.32A,PME,50220,DUCEY-LES CHERIS
50168,43.32B,PME,50220,DUCEY-LES CHERIS
50168,43.33Z,PME,50220,DUCEY-LES CHERIS
50168,43.34Z,PME,50220,DUCEY-LES CHERIS
50168,43.39Z,PME,50220,DUCEY-LES CHERIS
50168,43.91A,PME,50220,DUCEY-LES CHERIS
50168,43.91B,PME,50220,DUCEY-LES CHERIS
50168,43.99C,PME,50220,DUCEY-LES CHERIS
50168,45.11Z,PME,50220,DUCEY-LES CHERIS
50168,45.20A,,50220,DUCEY-LES CHERIS
50168,45.20A,PME,50220,DUCEY-LES CHERIS
50168,46.19A,PME,50220,DUCEY-LES CHERIS
50168,46.19B,PME,50220,DUCEY-LES CHERIS
50168,46.21Z,GE,50220,DUCEY-LES CHERIS
50168,46.32A,GE,50220,DUCEY-LES CHERIS
50168,46.33Z,GE,50220,DUCEY-LES CHERIS
50168,46.45Z,,50220,DUCEY-LES CHERIS
50168,46.49Z,PME,50220,DUCEY-LES CHERIS
50168,46.61Z,PME,50220,DUCEY-LES CHERIS
50168,46.73A,ETI,50220,DUCEY-LES CHERIS
50168,47.11B,PME,50220,DUCEY-LES CHERIS
50168,47.11D,PME,50220,DUCEY-LES CHERIS
50168,47.19B,PME,50220,DUCEY-LES CHERIS
50168,47.22Z,PME,50220,DUCEY-LES CHERIS
50168,47.24Z,PME,50220,DUCEY-LES CHERIS
50168,47.52A,GE,50220,DUCEY-LES CHERIS
50168,47.73Z,PME,50220,DUCEY-LES CHERIS
50168,47.76Z,PME,50220,DUCEY-LES CHERIS
50168,47.78A,PME,50220,DUCEY-LES CHERIS
50168,47.78C,PME,50220,DUCEY-LES CHERIS
50168,47.79Z,,50220,DUCEY-LES CHERIS
50168,47.81Z,,50220,DUCEY-LES CHERIS
50168,47.81Z,PME,50220,DUCEY-LES CHERIS
50168,47.89Z,PME,50220,DUCEY-LES CHERIS
50168,47.91B,,50220,DUCEY-LES CHERIS
50168,47.99A,,50220,DUCEY-LES CHERIS
50168,47.99A,PME,50220,DUCEY-LES CHERIS
50168,49.32Z,PME,50220,DUCEY-LES CHERIS
50168,49.39A,PME,50220,DUCEY-LES CHERIS
50168,49.41A,,50220,DUCEY-LES CHERIS
50168,53.20Z,,50220,DUCEY-LES CHERIS
50168,55.10Z,PME,50220,DUCEY-LES CHERIS
50168,55.20Z,,50220,DUCEY-LES CHERIS
50168,55.20Z,PME,50220,DUCEY-LES CHERIS
50168,55.30Z,PME,50220,DUCEY-LES CHERIS
50168,56.10A,,50220,DUCEY-LES CHERIS
50168,56.10A,PME,50220,DUCEY-LES CHERIS
50168,56.10C,PME,50220,DUCEY-LES CHERIS
50168,56.30Z,,50220,DUCEY-LES CHERIS
50168,56.30Z,PME,50220,DUCEY-LES CHERIS
50168,59.11B,PME,50220,DUCEY-LES CHERIS
50168,59.12Z,,50220,DUCEY-LES CHERIS
50168,62.01Z,PME,50220,DUCEY-LES CHERIS
50168,62.02A,,50220,DUCEY-LES CHERIS
50168,64.19Z,GE,50220,DUCEY-LES CHERIS
50168,64.20Z,,50220,DUCEY-LES CHERIS
50168,64.20Z,ETI,50220,DUCEY-LES CHERIS
50168,64.20Z,PME,50220,DUCEY-LES CHERIS
50168,64.30Z,PME,50220,DUCEY-LES CHERIS
50168,65.12Z,GE,50220,DUCEY-LES CHERIS
50168,66.19A,PME,50220,DUCEY-LES CHERIS
50168,66.19B,PME,50220,DUCEY-LES CHERIS
50168,66.22Z,PME,50220,DUCEY-LES CHERIS
50168,66.30Z,,50220,DUCEY-LES CHERIS
50168,68.20A,,50220,DUCEY-LES CHERIS
50168,68.20A,PME,50220,DUCEY-LES CHERIS
50168,68.20B,,50220,DUCEY-LES CHERIS
50168,68.20B,ETI,50220,DUCEY-LES CHERIS
50168,68.20B,PME,50220,DUCEY-LES CHERIS
50168,68.31Z,,50220,DUCEY-LES CHERIS
50168,68.31Z,PME,50220,DUCEY-LES CHERIS
50168,68.32A,,50220,DUCEY-LES CHERIS
50168,69.10Z,PME,50220,DUCEY-LES CHERIS
50168,70.10Z,,50220,DUCEY-LES CHERIS
50168,70.10Z,PME,50220,DUCEY-LES CHERIS
50168,70.22Z,,50220,DUCEY-LES CHERIS
50168,70.22Z,GE,50220,DUCEY-LES CHERIS
50168,70.22Z,PME,50220,DUCEY-LES CHERIS
50168,71.12B,PME,50220,DUCEY-LES CHERIS
50168,71.20A,,50220,DUCEY-LES CHERIS
50168,71.20B,PME,50220,DUCEY-LES CHERIS
50168,74.20Z,PME,50220,DUCEY-LES CHERIS
50168,74.90B,PME,50220,DUCEY-LES CHERIS
50168,75.00Z,PME,50220,DUCEY-LES CHERIS
50168,78.30Z,PME,50220,DUCEY-LES CHERIS
50168,79.90Z,PME,50220,DUCEY-LES CHERIS
50168,81.21Z,PME,50220,DUCEY-LES CHERIS
50168,81.22Z,PME,50220,DUCEY-LES CHERIS
50168,81.30Z,,50220,DUCEY-LES CHERIS
50168,84.11Z,PME,50220,DUCEY-LES CHERIS
50168,84.12Z,PME,50220,DUCEY-LES CHERIS
50168,84.13Z,ETI,50220,DUCEY-LES CHERIS
50168,85.10Z,PME,50220,DUCEY-LES CHERIS
50168,85.20Z,PME,50220,DUCEY-LES CHERIS
50168,85.31Z,PME,50220,DUCEY-LES CHERIS
50168,85.51Z,PME,50220,DUCEY-LES CHERIS
50168,85.52Z,,50220,DUCEY-LES CHERIS
50168,85.52Z,PME,50220,DUCEY-LES CHERIS
50168,85.53Z,PME,50220,DUCEY-LES CHERIS
50168,85.59B,PME,50220,DUCEY-LES CHERIS
50168,86.21Z,,50220,DUCEY-LES CHERIS
50168,86.21Z,PME,50220,DUCEY-LES CHERIS
50168,86.23Z,PME,50220,DUCEY-LES CHERIS
50168,86.90A,PME,50220,DUCEY-LES CHERIS
50168,86.90D,,50220,DUCEY-LES CHERIS
50168,86.90D,PME,50220,DUCEY-LES CHERIS
50168,86.90E,,50220,DUCEY-LES CHERIS
50168,86.90E,PME,50220,DUCEY-LES CHERIS
50168,86.90F,PME,50220,DUCEY-LES CHERIS
50168,87.10A,PME,50220,DUCEY-LES CHERIS
50168,88.99B,,50220,DUCEY-LES CHERIS
50168,90.01Z,,50220,DUCEY-LES CHERIS
50168,90.01Z,PME,50220,DUCEY-LES CHERIS
50168,90.02Z,,50220,DUCEY-LES CHERIS
50168,90.03A,PME,50220,DUCEY-LES CHERIS
50168,90.03B,PME,50220,DUCEY-LES CHERIS
50168,93.11Z,,50220,DUCEY-LES CHERIS
50168,93.11Z,ETI,50220,DUCEY-LES CHERIS
50168,93.12Z,,50220,DUCEY-LES CHERIS
50168,93.12Z,PME,50220,DUCEY-LES CHERIS
50168,94.12Z,,50220,DUCEY-LES CHERIS
50168,94.91Z,PME,50220,DUCEY-LES CHERIS
50168,94.99Z,,50220,DUCEY-LES CHERIS
50168,94.99Z,PME,50220,DUCEY-LES CHERIS
50168,95.22Z,PME,50220,DUCEY-LES CHERIS
50168,95.29Z,PME,50220,DUCEY-LES CHERIS
50168,96.01B,PME,50220,DUCEY-LES CHERIS
50168,96.02A,,50220,DUCEY-LES CHERIS
50168,96.02A,PME,50220,DUCEY-LES CHERIS
50168,96.02B,,50220,DUCEY-LES CHERIS
50168,96.02B,PME,50220,DUCEY-LES CHERIS
50168,96.03Z,PME,50220,DUCEY-LES CHERIS
50168,96.09Z,,50220,DUCEY-LES CHERIS
50169,01.11Z,,50310,ECAUSSEVILLE
50169,01.41Z,,50310,ECAUSSEVILLE
50169,01.50Z,,50310,ECAUSSEVILLE
50169,43.12B,PME,50310,ECAUSSEVILLE
50169,43.22A,PME,50310,ECAUSSEVILLE
50169,46.61Z,PME,50310,ECAUSSEVILLE
50169,68.20B,PME,50310,ECAUSSEVILLE
50169,75.00Z,PME,50310,ECAUSSEVILLE
50169,81.30Z,PME,50310,ECAUSSEVILLE
50169,84.11Z,PME,50310,ECAUSSEVILLE
50169,86.90D,PME,50310,ECAUSSEVILLE
50169,94.99Z,PME,50310,ECAUSSEVILLE
50172,01.11Z,,50310,EMONDEVILLE
50172,01.41Z,,50310,EMONDEVILLE
50172,01.45Z,,50310,EMONDEVILLE
50172,01.50Z,,50310,EMONDEVILLE
50172,10.71D,,50310,EMONDEVILLE
50172,43.21A,PME,50310,EMONDEVILLE
50172,43.91B,PME,50310,EMONDEVILLE
50172,45.20B,,50310,EMONDEVILLE
50172,46.21Z,PME,50310,EMONDEVILLE
50172,47.99A,PME,50310,EMONDEVILLE
50172,49.41A,PME,50310,EMONDEVILLE
50172,56.10A,PME,50310,EMONDEVILLE
50172,64.30Z,PME,50310,EMONDEVILLE
50172,68.20A,,50310,EMONDEVILLE
50172,68.20B,,50310,EMONDEVILLE
50172,68.20B,PME,50310,EMONDEVILLE
50172,70.10Z,PME,50310,EMONDEVILLE
50172,74.20Z,,50310,EMONDEVILLE
50172,84.11Z,PME,50310,EMONDEVILLE
50174,01.11Z,,50320,EQUILLY
50174,01.41Z,,50320,EQUILLY
50174,01.42Z,,50320,EQUILLY
50174,01.45Z,,50320,EQUILLY
50174,01.47Z,,50320,EQUILLY
50174,01.49Z,,50320,EQUILLY
50174,43.32A,PME,50320,EQUILLY
50174,47.71Z,PME,50320,EQUILLY
50174,55.10Z,,50320,EQUILLY
50174,55.20Z,PME,50320,EQUILLY
50174,64.30Z,PME,50320,EQUILLY
50174,68.20A,,50320,EQUILLY
50174,68.20B,,50320,EQUILLY
50174,68.20B,PME,50320,EQUILLY
50174,84.11Z,PME,50320,EQUILLY
50174,85.59A,PME,50320,EQUILLY
50174,86.90F,PME,50320,EQUILLY
50174,96.09Z,PME,50320,EQUILLY
50175,01.11Z,,50310,EROUDEVILLE
50175,01.41Z,,50310,EROUDEVILLE
50175,01.42Z,,50310,EROUDEVILLE
50175,01.42Z,PME,50310,EROUDEVILLE
50175,01.43Z,,50310,EROUDEVILLE
50175,01.49Z,PME,50310,EROUDEVILLE
50175,01.61Z,,50310,EROUDEVILLE
50175,11.03Z,PME,50310,EROUDEVILLE
50175,25.11Z,PME,50310,EROUDEVILLE
50175,35.11Z,PME,50310,EROUDEVILLE
50175,45.11Z,PME,50310,EROUDEVILLE
50175,45.20A,PME,50310,EROUDEVILLE
50175,47.99A,PME,50310,EROUDEVILLE
50175,68.20B,,50310,EROUDEVILLE
50175,68.20B,PME,50310,EROUDEVILLE
50175,70.10Z,PME,50310,EROUDEVILLE
50175,81.30Z,,50310,EROUDEVILLE
50175,81.30Z,PME,50310,EROUDEVILLE
50175,84.11Z,PME,50310,EROUDEVILLE
50176,01.11Z,,50260,L'ETANG-BERTRAND
50176,01.19Z,,50260,L'ETANG-BERTRAND
50176,01.41Z,,50260,L'ETANG-BERTRAND
50176,01.42Z,,50260,L'ETANG-BERTRAND
50176,01.45Z,,50260,L'ETANG-BERTRAND
50176,01.50Z,,50260,L'ETANG-BERTRAND
50176,14.19Z,PME,50260,L'ETANG-BERTRAND
50176,38.32Z,PME,50260,L'ETANG-BERTRAND
50176,42.99Z,PME,50260,L'ETANG-BERTRAND
50176,43.99C,PME,50260,L'ETANG-BERTRAND
50176,47.81Z,,50260,L'ETANG-BERTRAND
50176,47.91A,PME,50260,L'ETANG-BERTRAND
50176,47.99A,,50260,L'ETANG-BERTRAND
50176,47.99A,PME,50260,L'ETANG-BERTRAND
50176,55.20Z,PME,50260,L'ETANG-BERTRAND
50176,55.30Z,PME,50260,L'ETANG-BERTRAND
50176,56.30Z,PME,50260,L'ETANG-BERTRAND
50176,68.20A,,50260,L'ETANG-BERTRAND
50176,68.20B,,50260,L'ETANG-BERTRAND
50176,68.20B,PME,50260,L'ETANG-BERTRAND
50176,73.11Z,PME,50260,L'ETANG-BERTRAND
50176,84.11Z,PME,50260,L'ETANG-BERTRAND
50176,85.10Z,PME,50260,L'ETANG-BERTRAND
50176,93.12Z,,50260,L'ETANG-BERTRAND
50176,93.12Z,PME,50260,L'ETANG-BERTRAND
50176,93.19Z,,50260,L'ETANG-BERTRAND
50176,93.29Z,PME,50260,L'ETANG-BERTRAND
50176,94.99Z,,50260,L'ETANG-BERTRAND
50176,96.02B,PME,50260,L'ETANG-BERTRAND
50177,01.11Z,,50360,ETIENVILLE
50177,01.41Z,,50360,ETIENVILLE
50177,01.42Z,,50360,ETIENVILLE
50177,01.45Z,,50360,ETIENVILLE
50177,01.49Z,,50360,ETIENVILLE
50177,02.20Z,PME,50360,ETIENVILLE
50177,02.40Z,,50360,ETIENVILLE
50177,43.21A,PME,50360,ETIENVILLE
50177,43.22A,PME,50360,ETIENVILLE
50177,43.32A,PME,50360,ETIENVILLE
50177,43.39Z,PME,50360,ETIENVILLE
50177,43.99C,,50360,ETIENVILLE
50177,43.99C,PME,50360,ETIENVILLE
50177,45.20A,PME,50360,ETIENVILLE
50177,46.73A,PME,50360,ETIENVILLE
50177,49.41B,PME,50360,ETIENVILLE
50177,68.20A,,50360,ETIENVILLE
50177,68.20B,,50360,ETIENVILLE
50177,68.20B,PME,50360,ETIENVILLE
50177,68.32A,,50360,ETIENVILLE
50177,74.20Z,PME,50360,ETIENVILLE
50177,82.99Z,PME,50360,ETIENVILLE
50177,84.11Z,PME,50360,ETIENVILLE
50177,88.99B,,50360,ETIENVILLE
50177,88.99B,PME,50360,ETIENVILLE
50177,91.03Z,PME,50360,ETIENVILLE
50177,93.29Z,PME,50360,ETIENVILLE
50177,94.99Z,,50360,ETIENVILLE
50177,96.02B,PME,50360,ETIENVILLE
50177,96.09Z,PME,50360,ETIENVILLE
50181,01.24Z,,50190,FEUGERES
50181,01.41Z,,50190,FEUGERES
50181,01.41Z,PME,50190,FEUGERES
50181,01.42Z,,50190,FEUGERES
50181,01.43Z,,50190,FEUGERES
50181,01.45Z,,50190,FEUGERES
50181,01.50Z,,50190,FEUGERES
50181,01.61Z,,50190,FEUGERES
50181,01.62Z,,50190,FEUGERES
50181,14.19Z,,50190,FEUGERES
50181,32.99Z,,50190,FEUGERES
50181,43.21A,,50190,FEUGERES
50181,43.91B,,50190,FEUGERES
50181,46.18Z,PME,50190,FEUGERES
50181,46.19B,PME,50190,FEUGERES
50181,47.26Z,PME,50190,FEUGERES
50181,47.81Z,,50190,FEUGERES
50181,47.99A,PME,50190,FEUGERES
50181,62.02A,PME,50190,FEUGERES
50181,68.20A,,50190,FEUGERES
50181,68.20A,PME,50190,FEUGERES
50181,68.20B,,50190,FEUGERES
50181,68.20B,PME,50190,FEUGERES
50181,81.21Z,PME,50190,FEUGERES
50181,82.19Z,PME,50190,FEUGERES
50181,84.11Z,PME,50190,FEUGERES
50181,85.20Z,PME,50190,FEUGERES
50181,85.51Z,PME,50190,FEUGERES
50181,88.99B,,50190,FEUGERES
50181,93.19Z,PME,50190,FEUGERES
50181,96.04Z,,50190,FEUGERES
50182,01.11Z,,50190,LA FEUILLIE
50182,01.41Z,,50190,LA FEUILLIE
50182,01.42Z,,50190,LA FEUILLIE
50182,01.49Z,,50190,LA FEUILLIE
50182,11.05Z,PME,50190,LA FEUILLIE
50182,14.13Z,PME,50190,LA FEUILLIE
50182,32.13Z,PME,50190,LA FEUILLIE
50182,33.11Z,PME,50190,LA FEUILLIE
50182,38.21Z,GE,50190,LA FEUILLIE
50182,43.21A,PME,50190,LA FEUILLIE
50182,43.22B,PME,50190,LA FEUILLIE
50182,43.32B,PME,50190,LA FEUILLIE
50182,43.34Z,PME,50190,LA FEUILLIE
50182,43.99C,PME,50190,LA FEUILLIE
50182,46.19B,,50190,LA FEUILLIE
50182,47.81Z,PME,50190,LA FEUILLIE
50182,47.99A,PME,50190,LA FEUILLIE
50182,55.20Z,PME,50190,LA FEUILLIE
50182,56.30Z,PME,50190,LA FEUILLIE
50182,62.01Z,PME,50190,LA FEUILLIE
50182,68.20B,,50190,LA FEUILLIE
50182,68.20B,PME,50190,LA FEUILLIE
50182,71.12B,,50190,LA FEUILLIE
50182,84.11Z,PME,50190,LA FEUILLIE
50182,90.03B,PME,50190,LA FEUILLIE
50182,94.99Z,,50190,LA FEUILLIE
50182,96.09Z,PME,50190,LA FEUILLIE
50184,01.11Z,,50340,FLAMANVILLE
50184,01.11Z,PME,50340,FLAMANVILLE
50184,01.19Z,,50340,FLAMANVILLE
50184,01.41Z,,50340,FLAMANVILLE
50184,01.45Z,,50340,FLAMANVILLE
50184,01.49Z,,50340,FLAMANVILLE
50184,01.50Z,,50340,FLAMANVILLE
50184,03.11Z,,50340,FLAMANVILLE
50184,10.71C,PME,50340,FLAMANVILLE
50184,11.05Z,,50340,FLAMANVILLE
50184,14.13Z,,50340,FLAMANVILLE
50184,14.19Z,PME,50340,FLAMANVILLE
50184,23.70Z,PME,50340,FLAMANVILLE
50184,32.99Z,,50340,FLAMANVILLE
50184,33.15Z,PME,50340,FLAMANVILLE
50184,35.11Z,,50340,FLAMANVILLE
50184,35.11Z,GE,50340,FLAMANVILLE
50184,35.13Z,GE,50340,FLAMANVILLE
50184,41.10D,PME,50340,FLAMANVILLE
50184,41.20A,PME,50340,FLAMANVILLE
50184,42.22Z,PME,50340,FLAMANVILLE
50184,42.99Z,PME,50340,FLAMANVILLE
50184,43.12A,,50340,FLAMANVILLE
50184,43.32B,PME,50340,FLAMANVILLE
50184,43.33Z,PME,50340,FLAMANVILLE
50184,43.34Z,PME,50340,FLAMANVILLE
50184,43.99C,PME,50340,FLAMANVILLE
50184,45.20A,PME,50340,FLAMANVILLE
50184,46.19B,PME,50340,FLAMANVILLE
50184,47.11B,PME,50340,FLAMANVILLE
50184,47.11C,PME,50340,FLAMANVILLE
50184,47.29Z,PME,50340,FLAMANVILLE
50184,47.73Z,PME,50340,FLAMANVILLE
50184,47.76Z,PME,50340,FLAMANVILLE
50184,47.89Z,PME,50340,FLAMANVILLE
50184,47.99A,,50340,FLAMANVILLE
50184,47.99A,PME,50340,FLAMANVILLE
50184,47.99B,PME,50340,FLAMANVILLE
50184,49.50Z,PME,50340,FLAMANVILLE
50184,53.10Z,GE,50340,FLAMANVILLE
50184,53.20Z,,50340,FLAMANVILLE
50184,53.20Z,PME,50340,FLAMANVILLE
50184,55.10Z,PME,50340,FLAMANVILLE
50184,55.20Z,,50340,FLAMANVILLE
50184,55.20Z,PME,50340,FLAMANVILLE
50184,55.30Z,PME,50340,FLAMANVILLE
50184,56.10A,,50340,FLAMANVILLE
50184,56.10C,PME,50340,FLAMANVILLE
50184,56.29A,GE,50340,FLAMANVILLE
50184,56.29B,ETI,50340,FLAMANVILLE
50184,58.11Z,PME,50340,FLAMANVILLE
50184,60.10Z,PME,50340,FLAMANVILLE
50184,64.20Z,,50340,FLAMANVILLE
50184,66.19B,PME,50340,FLAMANVILLE
50184,68.20A,,50340,FLAMANVILLE
50184,68.20A,PME,50340,FLAMANVILLE
50184,68.20B,,50340,FLAMANVILLE
50184,68.20B,PME,50340,FLAMANVILLE
50184,70.10Z,,50340,FLAMANVILLE
50184,70.21Z,PME,50340,FLAMANVILLE
50184,70.22Z,,50340,FLAMANVILLE
50184,71.12B,,50340,FLAMANVILLE
50184,81.30Z,PME,50340,FLAMANVILLE
50184,82.99Z,PME,50340,FLAMANVILLE
50184,84.11Z,PME,50340,FLAMANVILLE
50184,85.10Z,PME,50340,FLAMANVILLE
50184,85.20Z,PME,50340,FLAMANVILLE
50184,85.31Z,PME,50340,FLAMANVILLE
50184,85.51Z,PME,50340,FLAMANVILLE
50184,85.52Z,,50340,FLAMANVILLE
50184,85.59B,,50340,FLAMANVILLE
50184,85.59B,PME,50340,FLAMANVILLE
50184,86.21Z,PME,50340,FLAMANVILLE
50184,86.90D,PME,50340,FLAMANVILLE
50184,86.90E,,50340,FLAMANVILLE
50184,86.90E,PME,50340,FLAMANVILLE
50184,86.90F,,50340,FLAMANVILLE
50184,86.90F,PME,50340,FLAMANVILLE
50184,87.10A,GE,50340,FLAMANVILLE
50184,88.99B,,50340,FLAMANVILLE
50184,88.99B,PME,50340,FLAMANVILLE
50184,90.01Z,,50340,FLAMANVILLE
50184,90.03A,PME,50340,FLAMANVILLE
50184,93.12Z,,50340,FLAMANVILLE
50184,93.12Z,PME,50340,FLAMANVILLE
50184,93.29Z,,50340,FLAMANVILLE
50184,94.91Z,PME,50340,FLAMANVILLE
50184,94.99Z,,50340,FLAMANVILLE
50184,94.99Z,PME,50340,FLAMANVILLE
50184,95.11Z,PME,50340,FLAMANVILLE
50184,96.02A,PME,50340,FLAMANVILLE
50184,96.02B,,50340,FLAMANVILLE
50184,96.04Z,PME,50340,FLAMANVILLE
50188,01.11Z,,50320,FOLLIGNY
50188,01.41Z,,50320,FOLLIGNY
50188,01.42Z,,50320,FOLLIGNY
50188,01.43Z,,50320,FOLLIGNY
50188,01.45Z,,50320,FOLLIGNY
50188,01.46Z,,50320,FOLLIGNY
50188,01.49Z,,50320,FOLLIGNY
50188,01.50Z,,50320,FOLLIGNY
50188,01.62Z,PME,50320,FOLLIGNY
50188,03.11Z,,50320,FOLLIGNY
50188,10.71C,PME,50320,FOLLIGNY
50188,11.01Z,PME,50320,FOLLIGNY
50188,23.70Z,,50320,FOLLIGNY
50188,32.99Z,PME,50320,FOLLIGNY
50188,35.11Z,,50320,FOLLIGNY
50188,35.11Z,PME,50320,FOLLIGNY
50188,37.00Z,PME,50320,FOLLIGNY
50188,43.22A,PME,50320,FOLLIGNY
50188,43.31Z,PME,50320,FOLLIGNY
50188,43.32A,PME,50320,FOLLIGNY
50188,43.33Z,PME,50320,FOLLIGNY
50188,43.34Z,PME,50320,FOLLIGNY
50188,43.91B,,50320,FOLLIGNY
50188,43.91B,PME,50320,FOLLIGNY
50188,43.99C,PME,50320,FOLLIGNY
50188,45.20A,PME,50320,FOLLIGNY
50188,45.20B,PME,50320,FOLLIGNY
50188,45.31Z,PME,50320,FOLLIGNY
50188,46.34Z,ETI,50320,FOLLIGNY
50188,46.75Z,PME,50320,FOLLIGNY
50188,47.52B,PME,50320,FOLLIGNY
50188,47.79Z,PME,50320,FOLLIGNY
50188,47.99A,PME,50320,FOLLIGNY
50188,49.41B,PME,50320,FOLLIGNY
50188,53.20Z,,50320,FOLLIGNY
50188,53.20Z,PME,50320,FOLLIGNY
50188,55.20Z,,50320,FOLLIGNY
50188,56.10A,,50320,FOLLIGNY
50188,56.10C,PME,50320,FOLLIGNY
50188,56.30Z,,50320,FOLLIGNY
50188,59.12Z,PME,50320,FOLLIGNY
50188,59.20Z,PME,50320,FOLLIGNY
50188,66.22Z,,50320,FOLLIGNY
50188,66.22Z,PME,50320,FOLLIGNY
50188,66.30Z,PME,50320,FOLLIGNY
50188,68.20A,,50320,FOLLIGNY
50188,68.20A,PME,50320,FOLLIGNY
50188,68.20B,,50320,FOLLIGNY
50188,68.20B,PME,50320,FOLLIGNY
50188,69.20Z,PME,50320,FOLLIGNY
50188,70.10Z,PME,50320,FOLLIGNY
50188,70.21Z,PME,50320,FOLLIGNY
50188,71.11Z,PME,50320,FOLLIGNY
50188,81.30Z,,50320,FOLLIGNY
50188,84.11Z,,50320,FOLLIGNY
50188,84.11Z,PME,50320,FOLLIGNY
50188,85.20Z,PME,50320,FOLLIGNY
50188,85.52Z,,50320,FOLLIGNY
50188,88.91A,,50320,FOLLIGNY
50188,90.02Z,PME,50320,FOLLIGNY
50188,90.03A,PME,50320,FOLLIGNY
50188,90.03B,PME,50320,FOLLIGNY
50188,93.12Z,,50320,FOLLIGNY
50188,93.12Z,PME,50320,FOLLIGNY
50188,93.19Z,PME,50320,FOLLIGNY
50188,94.99Z,,50320,FOLLIGNY
50188,96.02A,PME,50320,FOLLIGNY
50188,96.02B,PME,50320,FOLLIGNY
50188,96.09Z,PME,50320,FOLLIGNY
50190,01.11Z,,50310,FONTENAY-SUR-MER
50190,01.29Z,,50310,FONTENAY-SUR-MER
50190,01.41Z,,50310,FONTENAY-SUR-MER
50190,01.42Z,,50310,FONTENAY-SUR-MER
50190,01.43Z,,50310,FONTENAY-SUR-MER
50190,01.50Z,,50310,FONTENAY-SUR-MER
50190,01.61Z,,50310,FONTENAY-SUR-MER
50190,45.20A,PME,50310,FONTENAY-SUR-MER
50190,47.81Z,PME,50310,FONTENAY-SUR-MER
50190,55.20Z,,50310,FONTENAY-SUR-MER
50190,55.20Z,PME,50310,FONTENAY-SUR-MER
50190,56.10A,,50310,FONTENAY-SUR-MER
50190,58.14Z,PME,50310,FONTENAY-SUR-MER
50190,68.20A,,50310,FONTENAY-SUR-MER
50190,68.20B,,50310,FONTENAY-SUR-MER
50190,68.20B,PME,50310,FONTENAY-SUR-MER
50190,70.10Z,,50310,FONTENAY-SUR-MER
50190,70.22Z,,50310,FONTENAY-SUR-MER
50190,84.11Z,PME,50310,FONTENAY-SUR-MER
50190,86.90E,PME,50310,FONTENAY-SUR-MER
50190,90.03B,PME,50310,FONTENAY-SUR-MER
50190,93.11Z,PME,50310,FONTENAY-SUR-MER
50190,93.12Z,PME,50310,FONTENAY-SUR-MER
50190,94.99Z,PME,50310,FONTENAY-SUR-MER
50192,01.11Z,,50420,FOURNEAUX
50192,01.30Z,,50420,FOURNEAUX
50192,01.41Z,,50420,FOURNEAUX
50192,01.42Z,,50420,FOURNEAUX
50192,01.47Z,,50420,FOURNEAUX
50192,01.50Z,,50420,FOURNEAUX
50192,38.11Z,PME,50420,FOURNEAUX
50192,68.20B,,50420,FOURNEAUX
50192,71.12B,,50420,FOURNEAUX
50192,84.11Z,PME,50420,FOURNEAUX
50194,01.11Z,,50310,FRESVILLE
50194,01.41Z,,50310,FRESVILLE
50194,01.42Z,,50310,FRESVILLE
50194,01.43Z,,50310,FRESVILLE
50194,01.49Z,PME,50310,FRESVILLE
50194,01.50Z,,50310,FRESVILLE
50194,28.22Z,PME,50310,FRESVILLE
50194,43.32A,PME,50310,FRESVILLE
50194,43.99C,PME,50310,FRESVILLE
50194,46.18Z,PME,50310,FRESVILLE
50194,47.78C,PME,50310,FRESVILLE
50194,47.81Z,,50310,FRESVILLE
50194,47.89Z,PME,50310,FRESVILLE
50194,47.99A,PME,50310,FRESVILLE
50194,55.20Z,PME,50310,FRESVILLE
50194,66.19B,,50310,FRESVILLE
50194,68.20A,,50310,FRESVILLE
50194,68.20A,PME,50310,FRESVILLE
50194,68.20B,,50310,FRESVILLE
50194,68.20B,PME,50310,FRESVILLE
50194,70.10Z,,50310,FRESVILLE
50194,71.12B,PME,50310,FRESVILLE
50194,84.11Z,PME,50310,FRESVILLE
50194,86.90D,PME,50310,FRESVILLE
50194,93.29Z,PME,50310,FRESVILLE
50194,94.99Z,,50310,FRESVILLE
50194,94.99Z,PME,50310,FRESVILLE
50195,01.11Z,,50150,GATHEMO
50195,01.13Z,,50150,GATHEMO
50195,01.19Z,,50150,GATHEMO
50195,01.30Z,,50150,GATHEMO
50195,01.41Z,,50150,GATHEMO
50195,01.42Z,,50150,GATHEMO
50195,01.43Z,,50150,GATHEMO
50195,01.45Z,,50150,GATHEMO
50195,01.49Z,,50150,GATHEMO
50195,10.71C,PME,50150,GATHEMO
50195,35.11Z,ETI,50150,GATHEMO
50195,35.11Z,PME,50150,GATHEMO
50195,36.00Z,PME,50150,GATHEMO
50195,43.12A,PME,50150,GATHEMO
50195,43.32A,PME,50150,GATHEMO
50195,43.91A,PME,50150,GATHEMO
50195,45.11Z,PME,50150,GATHEMO
50195,45.32Z,,50150,GATHEMO
50195,47.64Z,PME,50150,GATHEMO
50195,47.79Z,PME,50150,GATHEMO
50195,47.81Z,PME,50150,GATHEMO
50195,55.20Z,,50150,GATHEMO
50195,55.20Z,PME,50150,GATHEMO
50195,56.10A,PME,50150,GATHEMO
50195,64.20Z,,50150,GATHEMO
50195,68.20B,,50150,GATHEMO
50195,68.20B,PME,50150,GATHEMO
50195,68.32A,,50150,GATHEMO
50195,70.22Z,,50150,GATHEMO
50195,74.30Z,PME,50150,GATHEMO
50195,81.21Z,PME,50150,GATHEMO
50195,84.11Z,PME,50150,GATHEMO
50195,88.99B,,50150,GATHEMO
50195,90.01Z,PME,50150,GATHEMO
50195,90.03A,PME,50150,GATHEMO
50195,90.03B,PME,50150,GATHEMO
50195,93.29Z,,50150,GATHEMO
50195,93.29Z,PME,50150,GATHEMO
50195,94.99Z,,50150,GATHEMO
50195,96.09Z,,50150,GATHEMO
50197,01.11Z,,50450,GAVRAY-SUR-SIENNE
50197,01.13Z,,50450,GAVRAY-SUR-SIENNE
50197,01.19Z,,50450,GAVRAY-SUR-SIENNE
50197,01.24Z,,50450,GAVRAY-SUR-SIENNE
50197,01.30Z,,50450,GAVRAY-SUR-SIENNE
50197,01.41Z,,50450,GAVRAY-SUR-SIENNE
50197,01.42Z,,50450,GAVRAY-SUR-SIENNE
50197,01.42Z,PME,50450,GAVRAY-SUR-SIENNE
50197,01.43Z,,50450,GAVRAY-SUR-SIENNE
50197,01.43Z,PME,50450,GAVRAY-SUR-SIENNE
50197,01.45Z,,50450,GAVRAY-SUR-SIENNE
50197,01.46Z,,50450,GAVRAY-SUR-SIENNE
50197,01.49Z,,50450,GAVRAY-SUR-SIENNE
50197,01.50Z,,50450,GAVRAY-SUR-SIENNE
50197,01.61Z,,50450,GAVRAY-SUR-SIENNE
50197,10.13B,PME,50450,GAVRAY-SUR-SIENNE
50197,10.51C,ETI,50450,GAVRAY-SUR-SIENNE
50197,10.71C,PME,50450,GAVRAY-SUR-SIENNE
50197,14.19Z,PME,50450,GAVRAY-SUR-SIENNE
50197,15.12Z,PME,50450,GAVRAY-SUR-SIENNE
50197,18.12Z,PME,50450,GAVRAY-SUR-SIENNE
50197,18.13Z,PME,50450,GAVRAY-SUR-SIENNE
50197,25.11Z,PME,50450,GAVRAY-SUR-SIENNE
50197,28.30Z,PME,50450,GAVRAY-SUR-SIENNE
50197,31.02Z,PME,50450,GAVRAY-SUR-SIENNE
50197,31.09B,PME,50450,GAVRAY-SUR-SIENNE
50197,32.13Z,,50450,GAVRAY-SUR-SIENNE
50197,32.13Z,PME,50450,GAVRAY-SUR-SIENNE
50197,33.20A,PME,50450,GAVRAY-SUR-SIENNE
50197,35.11Z,ETI,50450,GAVRAY-SUR-SIENNE
50197,35.11Z,PME,50450,GAVRAY-SUR-SIENNE
50197,37.00Z,PME,50450,GAVRAY-SUR-SIENNE
50197,43.21A,,50450,GAVRAY-SUR-SIENNE
50197,43.21A,PME,50450,GAVRAY-SUR-SIENNE
50197,43.22A,,50450,GAVRAY-SUR-SIENNE
50197,43.22A,PME,50450,GAVRAY-SUR-SIENNE
50197,43.29B,PME,50450,GAVRAY-SUR-SIENNE
50197,43.31Z,,50450,GAVRAY-SUR-SIENNE
50197,43.32A,PME,50450,GAVRAY-SUR-SIENNE
50197,43.33Z,PME,50450,GAVRAY-SUR-SIENNE
50197,43.34Z,PME,50450,GAVRAY-SUR-SIENNE
50197,43.39Z,,50450,GAVRAY-SUR-SIENNE
50197,43.39Z,PME,50450,GAVRAY-SUR-SIENNE
50197,43.91A,PME,50450,GAVRAY-SUR-SIENNE
50197,43.91B,PME,50450,GAVRAY-SUR-SIENNE
50197,43.99C,PME,50450,GAVRAY-SUR-SIENNE
50197,45.11Z,PME,50450,GAVRAY-SUR-SIENNE
50197,45.19Z,PME,50450,GAVRAY-SUR-SIENNE
50197,45.20A,PME,50450,GAVRAY-SUR-SIENNE
50197,45.32Z,PME,50450,GAVRAY-SUR-SIENNE
50197,46.11Z,PME,50450,GAVRAY-SUR-SIENNE
50197,46.19B,PME,50450,GAVRAY-SUR-SIENNE
50197,46.21Z,ETI,50450,GAVRAY-SUR-SIENNE
50197,46.21Z,PME,50450,GAVRAY-SUR-SIENNE
50197,46.23Z,PME,50450,GAVRAY-SUR-SIENNE
50197,46.32A,GE,50450,GAVRAY-SUR-SIENNE
50197,46.61Z,PME,50450,GAVRAY-SUR-SIENNE
50197,46.69B,PME,50450,GAVRAY-SUR-SIENNE
50197,46.69C,PME,50450,GAVRAY-SUR-SIENNE
50197,46.73A,,50450,GAVRAY-SUR-SIENNE
50197,46.75Z,ETI,50450,GAVRAY-SUR-SIENNE
50197,46.90Z,PME,50450,GAVRAY-SUR-SIENNE
50197,47.11B,,50450,GAVRAY-SUR-SIENNE
50197,47.11D,PME,50450,GAVRAY-SUR-SIENNE
50197,47.22Z,PME,50450,GAVRAY-SUR-SIENNE
50197,47.52A,PME,50450,GAVRAY-SUR-SIENNE
50197,47.52B,ETI,50450,GAVRAY-SUR-SIENNE
50197,47.52B,GE,50450,GAVRAY-SUR-SIENNE
50197,47.62Z,PME,50450,GAVRAY-SUR-SIENNE
50197,47.71Z,,50450,GAVRAY-SUR-SIENNE
50197,47.71Z,PME,50450,GAVRAY-SUR-SIENNE
50197,47.73Z,PME,50450,GAVRAY-SUR-SIENNE
50197,47.75Z,,50450,GAVRAY-SUR-SIENNE
50197,47.76Z,PME,50450,GAVRAY-SUR-SIENNE
50197,47.78A,PME,50450,GAVRAY-SUR-SIENNE
50197,47.78C,PME,50450,GAVRAY-SUR-SIENNE
50197,47.79Z,,50450,GAVRAY-SUR-SIENNE
50197,47.79Z,PME,50450,GAVRAY-SUR-SIENNE
50197,47.81Z,,50450,GAVRAY-SUR-SIENNE
50197,47.81Z,PME,50450,GAVRAY-SUR-SIENNE
50197,47.82Z,PME,50450,GAVRAY-SUR-SIENNE
50197,47.89Z,PME,50450,GAVRAY-SUR-SIENNE
50197,47.91A,,50450,GAVRAY-SUR-SIENNE
50197,47.99A,,50450,GAVRAY-SUR-SIENNE
50197,47.99A,PME,50450,GAVRAY-SUR-SIENNE
50197,53.10Z,GE,50450,GAVRAY-SUR-SIENNE
50197,55.10Z,PME,50450,GAVRAY-SUR-SIENNE
50197,55.20Z,PME,50450,GAVRAY-SUR-SIENNE
50197,55.30Z,PME,50450,GAVRAY-SUR-SIENNE
50197,56.10A,PME,50450,GAVRAY-SUR-SIENNE
50197,56.10C,,50450,GAVRAY-SUR-SIENNE
50197,56.10C,PME,50450,GAVRAY-SUR-SIENNE
50197,56.30Z,PME,50450,GAVRAY-SUR-SIENNE
50197,58.29C,PME,50450,GAVRAY-SUR-SIENNE
50197,62.01Z,PME,50450,GAVRAY-SUR-SIENNE
50197,62.02A,PME,50450,GAVRAY-SUR-SIENNE
50197,64.19Z,GE,50450,GAVRAY-SUR-SIENNE
50197,64.20Z,,50450,GAVRAY-SUR-SIENNE
50197,64.20Z,PME,50450,GAVRAY-SUR-SIENNE
50197,64.30Z,PME,50450,GAVRAY-SUR-SIENNE
50197,65.12Z,GE,50450,GAVRAY-SUR-SIENNE
50197,66.19A,PME,50450,GAVRAY-SUR-SIENNE
50197,66.22Z,PME,50450,GAVRAY-SUR-SIENNE
50197,68.10Z,PME,50450,GAVRAY-SUR-SIENNE
50197,68.20A,,50450,GAVRAY-SUR-SIENNE
50197,68.20A,PME,50450,GAVRAY-SUR-SIENNE
50197,68.20B,,50450,GAVRAY-SUR-SIENNE
50197,68.20B,ETI,50450,GAVRAY-SUR-SIENNE
50197,68.20B,PME,50450,GAVRAY-SUR-SIENNE
50197,68.31Z,PME,50450,GAVRAY-SUR-SIENNE
50197,68.32B,,50450,GAVRAY-SUR-SIENNE
50197,69.10Z,PME,50450,GAVRAY-SUR-SIENNE
50197,70.10Z,,50450,GAVRAY-SUR-SIENNE
50197,70.10Z,PME,50450,GAVRAY-SUR-SIENNE
50197,70.22Z,,50450,GAVRAY-SUR-SIENNE
50197,71.12B,PME,50450,GAVRAY-SUR-SIENNE
50197,73.11Z,,50450,GAVRAY-SUR-SIENNE
50197,73.11Z,PME,50450,GAVRAY-SUR-SIENNE
50197,74.20Z,PME,50450,GAVRAY-SUR-SIENNE
50197,74.90B,PME,50450,GAVRAY-SUR-SIENNE
50197,75.00Z,,50450,GAVRAY-SUR-SIENNE
50197,75.00Z,PME,50450,GAVRAY-SUR-SIENNE
50197,78.30Z,PME,50450,GAVRAY-SUR-SIENNE
50197,79.90Z,PME,50450,GAVRAY-SUR-SIENNE
50197,81.10Z,PME,50450,GAVRAY-SUR-SIENNE
50197,81.21Z,PME,50450,GAVRAY-SUR-SIENNE
50197,81.30Z,PME,50450,GAVRAY-SUR-SIENNE
50197,82.11Z,,50450,GAVRAY-SUR-SIENNE
50197,82.19Z,PME,50450,GAVRAY-SUR-SIENNE
50197,82.99Z,PME,50450,GAVRAY-SUR-SIENNE
50197,84.11Z,PME,50450,GAVRAY-SUR-SIENNE
50197,84.13Z,PME,50450,GAVRAY-SUR-SIENNE
50197,85.20Z,PME,50450,GAVRAY-SUR-SIENNE
50197,85.31Z,PME,50450,GAVRAY-SUR-SIENNE
50197,85.51Z,,50450,GAVRAY-SUR-SIENNE
50197,85.51Z,PME,50450,GAVRAY-SUR-SIENNE
50197,85.52Z,,50450,GAVRAY-SUR-SIENNE
50197,85.52Z,PME,50450,GAVRAY-SUR-SIENNE
50197,85.53Z,PME,50450,GAVRAY-SUR-SIENNE
50197,85.59B,PME,50450,GAVRAY-SUR-SIENNE
50197,86.21Z,PME,50450,GAVRAY-SUR-SIENNE
50197,86.23Z,PME,50450,GAVRAY-SUR-SIENNE
50197,86.90A,PME,50450,GAVRAY-SUR-SIENNE
50197,86.90D,PME,50450,GAVRAY-SUR-SIENNE
50197,86.90E,PME,50450,GAVRAY-SUR-SIENNE
50197,86.90F,PME,50450,GAVRAY-SUR-SIENNE
50197,87.30A,PME,50450,GAVRAY-SUR-SIENNE
50197,88.91A,ETI,50450,GAVRAY-SUR-SIENNE
50197,88.91A,PME,50450,GAVRAY-SUR-SIENNE
50197,88.99B,,50450,GAVRAY-SUR-SIENNE
50197,88.99B,PME,50450,GAVRAY-SUR-SIENNE
50197,90.01Z,,50450,GAVRAY-SUR-SIENNE
50197,90.01Z,PME,50450,GAVRAY-SUR-SIENNE
50197,90.03A,PME,50450,GAVRAY-SUR-SIENNE
50197,90.03B,,50450,GAVRAY-SUR-SIENNE
50197,90.03B,PME,50450,GAVRAY-SUR-SIENNE
50197,90.04Z,,50450,GAVRAY-SUR-SIENNE
50197,93.11Z,,50450,GAVRAY-SUR-SIENNE
50197,93.12Z,,50450,GAVRAY-SUR-SIENNE
50197,93.12Z,PME,50450,GAVRAY-SUR-SIENNE
50197,93.13Z,PME,50450,GAVRAY-SUR-SIENNE
50197,93.19Z,,50450,GAVRAY-SUR-SIENNE
50197,93.19Z,PME,50450,GAVRAY-SUR-SIENNE
50197,93.29Z,PME,50450,GAVRAY-SUR-SIENNE
50197,94.12Z,,50450,GAVRAY-SUR-SIENNE
50197,94.91Z,PME,50450,GAVRAY-SUR-SIENNE
50197,94.99Z,,50450,GAVRAY-SUR-SIENNE
50197,94.99Z,PME,50450,GAVRAY-SUR-SIENNE
50197,95.11Z,,50450,GAVRAY-SUR-SIENNE
50197,95.22Z,PME,50450,GAVRAY-SUR-SIENNE
50197,95.29Z,PME,50450,GAVRAY-SUR-SIENNE
50197,96.01B,PME,50450,GAVRAY-SUR-SIENNE
50197,96.02A,PME,50450,GAVRAY-SUR-SIENNE
50197,96.02B,PME,50450,GAVRAY-SUR-SIENNE
50197,96.09Z,PME,50450,GAVRAY-SUR-SIENNE
50205,01.11Z,,50300,LA GODEFROY
50205,01.41Z,,50300,LA GODEFROY
50205,01.42Z,,50300,LA GODEFROY
50205,01.46Z,,50300,LA GODEFROY
50205,01.50Z,,50300,LA GODEFROY
50205,10.71C,PME,50300,LA GODEFROY
50205,33.15Z,,50300,LA GODEFROY
50205,38.11Z,PME,50300,LA GODEFROY
50205,43.12A,PME,50300,LA GODEFROY
50205,43.32A,,50300,LA GODEFROY
50205,43.33Z,PME,50300,LA GODEFROY
50205,43.91B,,50300,LA GODEFROY
50205,46.19B,,50300,LA GODEFROY
50205,68.20B,,50300,LA GODEFROY
50205,68.31Z,,50300,LA GODEFROY
50205,70.10Z,,50300,LA GODEFROY
50205,70.22Z,PME,50300,LA GODEFROY
50205,84.11Z,PME,50300,LA GODEFROY
50205,85.59B,PME,50300,LA GODEFROY
50205,86.90F,,50300,LA GODEFROY
50205,90.03A,,50300,LA GODEFROY
50205,94.99Z,,50300,LA GODEFROY
50207,01.11Z,,50390,GOLLEVILLE
50207,01.13Z,,50390,GOLLEVILLE
50207,01.19Z,,50390,GOLLEVILLE
50207,01.41Z,,50390,GOLLEVILLE
50207,01.42Z,,50390,GOLLEVILLE
50207,31.09B,PME,50390,GOLLEVILLE
50207,32.99Z,PME,50390,GOLLEVILLE
50207,43.32A,PME,50390,GOLLEVILLE
50207,55.20Z,PME,50390,GOLLEVILLE
50207,56.10A,,50390,GOLLEVILLE
50207,64.30Z,PME,50390,GOLLEVILLE
50207,68.20A,PME,50390,GOLLEVILLE
50207,68.20B,,50390,GOLLEVILLE
50207,68.31Z,PME,50390,GOLLEVILLE
50207,68.32A,,50390,GOLLEVILLE
50207,70.10Z,,50390,GOLLEVILLE
50207,84.11Z,PME,50390,GOLLEVILLE
50207,88.99B,,50390,GOLLEVILLE
50208,01.41Z,,50190,GONFREVILLE
50208,01.42Z,,50190,GONFREVILLE
50208,16.10A,PME,50190,GONFREVILLE
50208,35.11Z,PME,50190,GONFREVILLE
50208,47.99A,PME,50190,GONFREVILLE
50208,56.10C,PME,50190,GONFREVILLE
50208,66.22Z,,50190,GONFREVILLE
50208,68.20B,,50190,GONFREVILLE
50208,68.20B,PME,50190,GONFREVILLE
50208,68.31Z,PME,50190,GONFREVILLE
50208,84.11Z,PME,50190,GONFREVILLE
50208,95.23Z,PME,50190,GONFREVILLE
50208,95.29Z,PME,50190,GONFREVILLE
50208,96.03Z,,50190,GONFREVILLE
50209,01.11Z,,50330,GONNEVILLE-LE THEIL
50209,01.19Z,,50330,GONNEVILLE-LE THEIL
50209,01.41Z,,50330,GONNEVILLE-LE THEIL
50209,01.41Z,PME,50330,GONNEVILLE-LE THEIL
50209,01.42Z,,50330,GONNEVILLE-LE THEIL
50209,01.43Z,,50330,GONNEVILLE-LE THEIL
50209,01.45Z,,50330,GONNEVILLE-LE THEIL
50209,01.49Z,,50330,GONNEVILLE-LE THEIL
50209,01.50Z,,50330,GONNEVILLE-LE THEIL
50209,01.61Z,,50330,GONNEVILLE-LE THEIL
50209,02.10Z,,50330,GONNEVILLE-LE THEIL
50209,02.20Z,PME,50330,GONNEVILLE-LE THEIL
50209,03.11Z,,50330,GONNEVILLE-LE THEIL
50209,03.22Z,,50330,GONNEVILLE-LE THEIL
50209,10.71C,PME,50330,GONNEVILLE-LE THEIL
50209,14.13Z,PME,50330,GONNEVILLE-LE THEIL
50209,16.29Z,,50330,GONNEVILLE-LE THEIL
50209,23.19Z,PME,50330,GONNEVILLE-LE THEIL
50209,25.61Z,,50330,GONNEVILLE-LE THEIL
50209,31.09B,PME,50330,GONNEVILLE-LE THEIL
50209,32.13Z,PME,50330,GONNEVILLE-LE THEIL
50209,43.12A,PME,50330,GONNEVILLE-LE THEIL
50209,43.21A,,50330,GONNEVILLE-LE THEIL
50209,43.22A,PME,50330,GONNEVILLE-LE THEIL
50209,43.22B,,50330,GONNEVILLE-LE THEIL
50209,43.31Z,,50330,GONNEVILLE-LE THEIL
50209,43.32A,,50330,GONNEVILLE-LE THEIL
50209,43.32A,PME,50330,GONNEVILLE-LE THEIL
50209,43.33Z,PME,50330,GONNEVILLE-LE THEIL
50209,43.34Z,PME,50330,GONNEVILLE-LE THEIL
50209,43.99C,PME,50330,GONNEVILLE-LE THEIL
50209,45.11Z,PME,50330,GONNEVILLE-LE THEIL
50209,45.20A,,50330,GONNEVILLE-LE THEIL
50209,45.20A,PME,50330,GONNEVILLE-LE THEIL
50209,46.71Z,PME,50330,GONNEVILLE-LE THEIL
50209,46.73A,PME,50330,GONNEVILLE-LE THEIL
50209,47.91A,PME,50330,GONNEVILLE-LE THEIL
50209,47.91B,,50330,GONNEVILLE-LE THEIL
50209,47.99A,,50330,GONNEVILLE-LE THEIL
50209,47.99A,PME,50330,GONNEVILLE-LE THEIL
50209,49.41A,PME,50330,GONNEVILLE-LE THEIL
50209,52.23Z,ETI,50330,GONNEVILLE-LE THEIL
50209,55.20Z,PME,50330,GONNEVILLE-LE THEIL
50209,56.10C,,50330,GONNEVILLE-LE THEIL
50209,62.01Z,,50330,GONNEVILLE-LE THEIL
50209,64.20Z,PME,50330,GONNEVILLE-LE THEIL
50209,66.30Z,PME,50330,GONNEVILLE-LE THEIL
50209,68.20A,,50330,GONNEVILLE-LE THEIL
50209,68.20B,,50330,GONNEVILLE-LE THEIL
50209,68.20B,PME,50330,GONNEVILLE-LE THEIL
50209,70.10Z,,50330,GONNEVILLE-LE THEIL
50209,70.10Z,PME,50330,GONNEVILLE-LE THEIL
50209,70.22Z,PME,50330,GONNEVILLE-LE THEIL
50209,71.12B,PME,50330,GONNEVILLE-LE THEIL
50209,77.31Z,,50330,GONNEVILLE-LE THEIL
50209,77.39Z,PME,50330,GONNEVILLE-LE THEIL
50209,81.30Z,PME,50330,GONNEVILLE-LE THEIL
50209,84.11Z,PME,50330,GONNEVILLE-LE THEIL
50209,85.20Z,PME,50330,GONNEVILLE-LE THEIL
50209,85.51Z,PME,50330,GONNEVILLE-LE THEIL
50209,85.53Z,,50330,GONNEVILLE-LE THEIL
50209,86.90D,PME,50330,GONNEVILLE-LE THEIL
50209,88.99B,,50330,GONNEVILLE-LE THEIL
50209,90.03A,PME,50330,GONNEVILLE-LE THEIL
50209,90.03B,PME,50330,GONNEVILLE-LE THEIL
50209,93.12Z,,50330,GONNEVILLE-LE THEIL
50209,93.19Z,PME,50330,GONNEVILLE-LE THEIL
50209,93.29Z,PME,50330,GONNEVILLE-LE THEIL
50209,94.99Z,,50330,GONNEVILLE-LE THEIL
50209,94.99Z,PME,50330,GONNEVILLE-LE THEIL
50209,95.29Z,PME,50330,GONNEVILLE-LE THEIL
50209,96.02A,,50330,GONNEVILLE-LE THEIL
50209,96.02A,PME,50330,GONNEVILLE-LE THEIL
50209,96.09Z,,50330,GONNEVILLE-LE THEIL
50209,96.09Z,PME,50330,GONNEVILLE-LE THEIL
50210,01.11Z,,50190,GORGES
50210,01.41Z,,50190,GORGES
50210,01.42Z,,50190,GORGES
50210,01.43Z,,50190,GORGES
50210,01.49Z,,50190,GORGES
50210,01.50Z,,50190,GORGES
50210,01.61Z,,50190,GORGES
50210,33.12Z,PME,50190,GORGES
50210,35.11Z,PME,50190,GORGES
50210,43.31Z,PME,50190,GORGES
50210,43.99C,PME,50190,GORGES
50210,46.19B,,50190,GORGES
50210,47.78B,PME,50190,GORGES
50210,47.89Z,PME,50190,GORGES
50210,47.91A,PME,50190,GORGES
50210,55.10Z,PME,50190,GORGES
50210,55.20Z,PME,50190,GORGES
50210,56.29B,PME,50190,GORGES
50210,56.30Z,PME,50190,GORGES
50210,68.20A,,50190,GORGES
50210,68.20A,PME,50190,GORGES
50210,68.20B,,50190,GORGES
50210,68.20B,PME,50190,GORGES
50210,68.31Z,,50190,GORGES
50210,70.10Z,PME,50190,GORGES
50210,74.20Z,PME,50190,GORGES
50210,81.21Z,PME,50190,GORGES
50210,84.11Z,PME,50190,GORGES
50210,85.20Z,PME,50190,GORGES
50210,85.51Z,PME,50190,GORGES
50210,86.90F,PME,50190,GORGES
50210,88.99B,,50190,GORGES
50210,90.02Z,PME,50190,GORGES
50210,90.03B,PME,50190,GORGES
50210,93.12Z,,50190,GORGES
50210,93.19Z,,50190,GORGES
50210,93.19Z,PME,50190,GORGES
50210,94.99Z,,50190,GORGES
50210,96.09Z,PME,50190,GORGES
50214,01.11Z,,50420,GOUVETS
50214,01.13Z,,50420,GOUVETS
50214,01.19Z,,50420,GOUVETS
50214,01.41Z,,50420,GOUVETS
50214,01.42Z,,50420,GOUVETS
50214,01.43Z,,50420,GOUVETS
50214,01.45Z,,50420,GOUVETS
50214,01.46Z,,50420,GOUVETS
50214,01.49Z,,50420,GOUVETS
50214,01.61Z,,50420,GOUVETS
50214,01.62Z,,50420,GOUVETS
50214,33.20A,PME,50420,GOUVETS
50214,38.11Z,PME,50420,GOUVETS
50214,38.21Z,PME,50420,GOUVETS
50214,43.32A,PME,50420,GOUVETS
50214,45.11Z,,50420,GOUVETS
50214,46.69B,PME,50420,GOUVETS
50214,47.30Z,GE,50420,GOUVETS
50214,47.30Z,PME,50420,GOUVETS
50214,47.89Z,PME,50420,GOUVETS
50214,47.99A,PME,50420,GOUVETS
50214,49.32Z,PME,50420,GOUVETS
50214,49.41B,PME,50420,GOUVETS
50214,51.10Z,PME,50420,GOUVETS
50214,55.20Z,PME,50420,GOUVETS
50214,56.10A,PME,50420,GOUVETS
50214,56.29B,,50420,GOUVETS
50214,56.30Z,PME,50420,GOUVETS
50214,62.02A,,50420,GOUVETS
50214,68.20A,,50420,GOUVETS
50214,68.20B,,50420,GOUVETS
50214,68.20B,PME,50420,GOUVETS
50214,70.21Z,,50420,GOUVETS
50214,74.20Z,PME,50420,GOUVETS
50214,84.11Z,PME,50420,GOUVETS
50214,85.59B,PME,50420,GOUVETS
50214,90.01Z,PME,50420,GOUVETS
50214,90.03A,PME,50420,GOUVETS
50214,93.29Z,,50420,GOUVETS
50214,94.99Z,,50420,GOUVETS
50214,96.03Z,PME,50420,GOUVETS
50214,96.09Z,PME,50420,GOUVETS
50215,01.11Z,,50200,GOUVILLE-SUR-MER
50215,01.13Z,,50200,GOUVILLE-SUR-MER
50215,01.41Z,,50200,GOUVILLE-SUR-MER
50215,01.42Z,,50200,GOUVILLE-SUR-MER
50215,01.43Z,,50200,GOUVILLE-SUR-MER
50215,01.45Z,,50200,GOUVILLE-SUR-MER
50215,01.46Z,,50200,GOUVILLE-SUR-MER
50215,01.49Z,,50200,GOUVILLE-SUR-MER
50215,01.50Z,,50200,GOUVILLE-SUR-MER
50215,01.61Z,,50200,GOUVILLE-SUR-MER
50215,03.11Z,,50200,GOUVILLE-SUR-MER
50215,03.21Z,,50200,GOUVILLE-SUR-MER
50215,08.12Z,GE,50200,GOUVILLE-SUR-MER
50215,23.70Z,PME,50200,GOUVILLE-SUR-MER
50215,25.11Z,PME,50200,GOUVILLE-SUR-MER
50215,25.71Z,PME,50200,GOUVILLE-SUR-MER
50215,33.12Z,PME,50200,GOUVILLE-SUR-MER
50215,35.11Z,PME,50200,GOUVILLE-SUR-MER
50215,37.00Z,PME,50200,GOUVILLE-SUR-MER
50215,38.21Z,PME,50200,GOUVILLE-SUR-MER
50215,43.12A,PME,50200,GOUVILLE-SUR-MER
50215,43.21A,PME,50200,GOUVILLE-SUR-MER
50215,43.22A,PME,50200,GOUVILLE-SUR-MER
50215,43.31Z,PME,50200,GOUVILLE-SUR-MER
50215,43.32A,,50200,GOUVILLE-SUR-MER
50215,43.32A,PME,50200,GOUVILLE-SUR-MER
50215,43.33Z,PME,50200,GOUVILLE-SUR-MER
50215,43.99C,PME,50200,GOUVILLE-SUR-MER
50215,45.11Z,,50200,GOUVILLE-SUR-MER
50215,45.11Z,PME,50200,GOUVILLE-SUR-MER
50215,46.34Z,PME,50200,GOUVILLE-SUR-MER
50215,46.49Z,PME,50200,GOUVILLE-SUR-MER
50215,46.73A,,50200,GOUVILLE-SUR-MER
50215,47.23Z,PME,50200,GOUVILLE-SUR-MER
50215,47.81Z,PME,50200,GOUVILLE-SUR-MER
50215,47.82Z,PME,50200,GOUVILLE-SUR-MER
50215,47.89Z,PME,50200,GOUVILLE-SUR-MER
50215,47.99A,,50200,GOUVILLE-SUR-MER
50215,47.99A,PME,50200,GOUVILLE-SUR-MER
50215,55.30Z,PME,50200,GOUVILLE-SUR-MER
50215,56.10C,,50200,GOUVILLE-SUR-MER
50215,56.10C,PME,50200,GOUVILLE-SUR-MER
50215,56.21Z,PME,50200,GOUVILLE-SUR-MER
50215,56.30Z,PME,50200,GOUVILLE-SUR-MER
50215,64.19Z,GE,50200,GOUVILLE-SUR-MER
50215,68.20A,,50200,GOUVILLE-SUR-MER
50215,68.20A,PME,50200,GOUVILLE-SUR-MER
50215,68.20B,,50200,GOUVILLE-SUR-MER
50215,68.20B,PME,50200,GOUVILLE-SUR-MER
50215,70.10Z,,50200,GOUVILLE-SUR-MER
50215,70.10Z,PME,50200,GOUVILLE-SUR-MER
50215,73.11Z,,50200,GOUVILLE-SUR-MER
50215,74.90B,PME,50200,GOUVILLE-SUR-MER
50215,77.32Z,PME,50200,GOUVILLE-SUR-MER
50215,79.90Z,PME,50200,GOUVILLE-SUR-MER
50215,81.21Z,PME,50200,GOUVILLE-SUR-MER
50215,81.22Z,PME,50200,GOUVILLE-SUR-MER
50215,84.11Z,PME,50200,GOUVILLE-SUR-MER
50215,85.10Z,PME,50200,GOUVILLE-SUR-MER
50215,85.20Z,PME,50200,GOUVILLE-SUR-MER
50215,85.51Z,PME,50200,GOUVILLE-SUR-MER
50215,86.90A,PME,50200,GOUVILLE-SUR-MER
50215,86.90F,,50200,GOUVILLE-SUR-MER
50215,88.99B,PME,50200,GOUVILLE-SUR-MER
50215,90.01Z,,50200,GOUVILLE-SUR-MER
50215,90.01Z,PME,50200,GOUVILLE-SUR-MER
50215,90.03A,,50200,GOUVILLE-SUR-MER
50215,90.03B,PME,50200,GOUVILLE-SUR-MER
50215,93.12Z,,50200,GOUVILLE-SUR-MER
50215,93.29Z,,50200,GOUVILLE-SUR-MER
50215,94.99Z,,50200,GOUVILLE-SUR-MER
50215,96.09Z,,50200,GOUVILLE-SUR-MER
50215,96.09Z,PME,50200,GOUVILLE-SUR-MER
50217,01.11Z,,50370,LE GRAND-CELLAND
50217,01.41Z,,50370,LE GRAND-CELLAND
50217,01.42Z,,50370,LE GRAND-CELLAND
50217,01.43Z,,50370,LE GRAND-CELLAND
50217,01.45Z,,50370,LE GRAND-CELLAND
50217,01.46Z,,50370,LE GRAND-CELLAND
50217,01.47Z,,50370,LE GRAND-CELLAND
50217,01.49Z,,50370,LE GRAND-CELLAND
50217,01.61Z,,50370,LE GRAND-CELLAND
50217,01.62Z,,50370,LE GRAND-CELLAND
50217,02.20Z,PME,50370,LE GRAND-CELLAND
50217,10.11Z,,50370,LE GRAND-CELLAND
50217,31.09B,PME,50370,LE GRAND-CELLAND
50217,32.99Z,PME,50370,LE GRAND-CELLAND
50217,35.11Z,PME,50370,LE GRAND-CELLAND
50217,43.12A,PME,50370,LE GRAND-CELLAND
50217,43.21A,PME,50370,LE GRAND-CELLAND
50217,43.32A,PME,50370,LE GRAND-CELLAND
50217,45.20A,PME,50370,LE GRAND-CELLAND
50217,46.33Z,PME,50370,LE GRAND-CELLAND
50217,46.69B,PME,50370,LE GRAND-CELLAND
50217,47.79Z,PME,50370,LE GRAND-CELLAND
50217,47.81Z,,50370,LE GRAND-CELLAND
50217,47.99A,PME,50370,LE GRAND-CELLAND
50217,56.10C,PME,50370,LE GRAND-CELLAND
50217,56.29B,PME,50370,LE GRAND-CELLAND
50217,63.11Z,PME,50370,LE GRAND-CELLAND
50217,64.20Z,PME,50370,LE GRAND-CELLAND
50217,64.30Z,,50370,LE GRAND-CELLAND
50217,68.20A,,50370,LE GRAND-CELLAND
50217,68.20B,,50370,LE GRAND-CELLAND
50217,68.20B,PME,50370,LE GRAND-CELLAND
50217,70.10Z,,50370,LE GRAND-CELLAND
50217,74.10Z,,50370,LE GRAND-CELLAND
50217,74.90B,PME,50370,LE GRAND-CELLAND
50217,81.21Z,PME,50370,LE GRAND-CELLAND
50217,84.11Z,PME,50370,LE GRAND-CELLAND
50217,85.20Z,PME,50370,LE GRAND-CELLAND
50217,85.60Z,,50370,LE GRAND-CELLAND
50217,88.91A,PME,50370,LE GRAND-CELLAND
50217,90.03A,PME,50370,LE GRAND-CELLAND
50217,90.03B,,50370,LE GRAND-CELLAND
50217,93.12Z,,50370,LE GRAND-CELLAND
50217,94.99Z,,50370,LE GRAND-CELLAND
50217,96.09Z,PME,50370,LE GRAND-CELLAND
50218,01.11Z,,50400,GRANVILLE
50218,01.13Z,,50400,GRANVILLE
50218,01.29Z,,50400,GRANVILLE
50218,01.41Z,,50400,GRANVILLE
50218,01.41Z,PME,50400,GRANVILLE
50218,01.42Z,,50400,GRANVILLE
50218,01.43Z,,50400,GRANVILLE
50218,01.45Z,,50400,GRANVILLE
50218,01.49Z,,50400,GRANVILLE
50218,01.49Z,PME,50400,GRANVILLE
50218,01.61Z,,50400,GRANVILLE
50218,01.62Z,,50400,GRANVILLE
50218,02.10Z,,50400,GRANVILLE
50218,02.40Z,,50400,GRANVILLE
50218,03.11Z,,50400,GRANVILLE
50218,03.11Z,PME,50400,GRANVILLE
50218,03.21Z,,50400,GRANVILLE
50218,08.12Z,GE,50400,GRANVILLE
50218,10.13B,PME,50400,GRANVILLE
50218,10.20Z,PME,50400,GRANVILLE
50218,10.32Z,PME,50400,GRANVILLE
50218,10.71B,PME,50400,GRANVILLE
50218,10.71C,,50400,GRANVILLE
50218,10.71C,ETI,50400,GRANVILLE
50218,10.71C,PME,50400,GRANVILLE
50218,10.71D,PME,50400,GRANVILLE
50218,10.72Z,GE,50400,GRANVILLE
50218,11.07B,PME,50400,GRANVILLE
50218,13.30Z,,50400,GRANVILLE
50218,13.92Z,PME,50400,GRANVILLE
50218,14.13Z,,50400,GRANVILLE
50218,14.13Z,PME,50400,GRANVILLE
50218,14.39Z,,50400,GRANVILLE
50218,15.12Z,PME,50400,GRANVILLE
50218,16.29Z,,50400,GRANVILLE
50218,18.12Z,PME,50400,GRANVILLE
50218,18.13Z,,50400,GRANVILLE
50218,18.13Z,PME,50400,GRANVILLE
50218,22.19Z,ETI,50400,GRANVILLE
50218,23.19Z,PME,50400,GRANVILLE
50218,23.41Z,PME,50400,GRANVILLE
50218,23.70Z,PME,50400,GRANVILLE
50218,23.99Z,GE,50400,GRANVILLE
50218,25.62B,PME,50400,GRANVILLE
50218,25.93Z,PME,50400,GRANVILLE
50218,25.99B,PME,50400,GRANVILLE
50218,26.30Z,PME,50400,GRANVILLE
50218,27.40Z,PME,50400,GRANVILLE
50218,28.93Z,ETI,50400,GRANVILLE
50218,28.93Z,PME,50400,GRANVILLE
50218,30.11Z,PME,50400,GRANVILLE
50218,30.12Z,PME,50400,GRANVILLE
50218,31.09A,PME,50400,GRANVILLE
50218,31.09B,,50400,GRANVILLE
50218,31.09B,PME,50400,GRANVILLE
50218,32.12Z,PME,50400,GRANVILLE
50218,32.13Z,PME,50400,GRANVILLE
50218,32.20Z,PME,50400,GRANVILLE
50218,32.50A,PME,50400,GRANVILLE
50218,32.99Z,,50400,GRANVILLE
50218,32.99Z,PME,50400,GRANVILLE
50218,33.12Z,PME,50400,GRANVILLE
50218,33.15Z,PME,50400,GRANVILLE
50218,33.20A,PME,50400,GRANVILLE
50218,35.11Z,,50400,GRANVILLE
50218,35.11Z,PME,50400,GRANVILLE
50218,35.30Z,ETI,50400,GRANVILLE
50218,36.00Z,GE,50400,GRANVILLE
50218,36.00Z,PME,50400,GRANVILLE
50218,37.00Z,PME,50400,GRANVILLE
50218,41.10A,,50400,GRANVILLE
50218,41.10A,PME,50400,GRANVILLE
50218,41.10C,,50400,GRANVILLE
50218,41.10D,,50400,GRANVILLE
50218,41.10D,PME,50400,GRANVILLE
50218,41.20A,PME,50400,GRANVILLE
50218,41.20B,PME,50400,GRANVILLE
50218,42.11Z,GE,50400,GRANVILLE
50218,42.22Z,GE,50400,GRANVILLE
50218,42.99Z,PME,50400,GRANVILLE
50218,43.21A,,50400,GRANVILLE
50218,43.21A,PME,50400,GRANVILLE
50218,43.22A,,50400,GRANVILLE
50218,43.22A,PME,50400,GRANVILLE
50218,43.22B,GE,50400,GRANVILLE
50218,43.31Z,PME,50400,GRANVILLE
50218,43.32A,,50400,GRANVILLE
50218,43.32A,PME,50400,GRANVILLE
50218,43.32B,PME,50400,GRANVILLE
50218,43.32C,PME,50400,GRANVILLE
50218,43.33Z,,50400,GRANVILLE
50218,43.33Z,PME,50400,GRANVILLE
50218,43.34Z,,50400,GRANVILLE
50218,43.34Z,PME,50400,GRANVILLE
50218,43.39Z,PME,50400,GRANVILLE
50218,43.91B,,50400,GRANVILLE
50218,43.91B,PME,50400,GRANVILLE
50218,43.99C,,50400,GRANVILLE
50218,43.99C,PME,50400,GRANVILLE
50218,43.99D,PME,50400,GRANVILLE
50218,45.11Z,ETI,50400,GRANVILLE
50218,45.11Z,PME,50400,GRANVILLE
50218,45.19Z,PME,50400,GRANVILLE
50218,45.20A,,50400,GRANVILLE
50218,45.20A,ETI,50400,GRANVILLE
50218,45.20A,PME,50400,GRANVILLE
50218,45.20B,,50400,GRANVILLE
50218,45.20B,PME,50400,GRANVILLE
50218,45.31Z,GE,50400,GRANVILLE
50218,45.32Z,PME,50400,GRANVILLE
50218,45.40Z,PME,50400,GRANVILLE
50218,46.13Z,PME,50400,GRANVILLE
50218,46.17B,PME,50400,GRANVILLE
50218,46.18Z,PME,50400,GRANVILLE
50218,46.19A,PME,50400,GRANVILLE
50218,46.19B,,50400,GRANVILLE
50218,46.19B,PME,50400,GRANVILLE
50218,46.23Z,PME,50400,GRANVILLE
50218,46.31Z,PME,50400,GRANVILLE
50218,46.34Z,ETI,50400,GRANVILLE
50218,46.38B,PME,50400,GRANVILLE
50218,46.41Z,PME,50400,GRANVILLE
50218,46.42Z,,50400,GRANVILLE
50218,46.42Z,PME,50400,GRANVILLE
50218,46.46Z,PME,50400,GRANVILLE
50218,46.47Z,PME,50400,GRANVILLE
50218,46.49Z,,50400,GRANVILLE
50218,46.49Z,PME,50400,GRANVILLE
50218,46.51Z,PME,50400,GRANVILLE
50218,46.52Z,,50400,GRANVILLE
50218,46.69A,GE,50400,GRANVILLE
50218,46.69A,PME,50400,GRANVILLE
50218,46.69B,PME,50400,GRANVILLE
50218,46.71Z,PME,50400,GRANVILLE
50218,46.73A,ETI,50400,GRANVILLE
50218,46.73A,GE,50400,GRANVILLE
50218,46.73A,PME,50400,GRANVILLE
50218,46.73B,GE,50400,GRANVILLE
50218,46.74B,ETI,50400,GRANVILLE
50218,46.75Z,GE,50400,GRANVILLE
50218,46.90Z,,50400,GRANVILLE
50218,46.90Z,ETI,50400,GRANVILLE
50218,46.90Z,PME,50400,GRANVILLE
50218,47.11B,,50400,GRANVILLE
50218,47.11B,PME,50400,GRANVILLE
50218,47.11D,GE,50400,GRANVILLE
50218,47.11D,PME,50400,GRANVILLE
50218,47.19B,,50400,GRANVILLE
50218,47.19B,ETI,50400,GRANVILLE
50218,47.19B,GE,50400,GRANVILLE
50218,47.19B,PME,50400,GRANVILLE
50218,47.21Z,PME,50400,GRANVILLE
50218,47.22Z,GE,50400,GRANVILLE
50218,47.22Z,PME,50400,GRANVILLE
50218,47.23Z,PME,50400,GRANVILLE
50218,47.24Z,PME,50400,GRANVILLE
50218,47.25Z,,50400,GRANVILLE
50218,47.25Z,ETI,50400,GRANVILLE
50218,47.25Z,PME,50400,GRANVILLE
50218,47.29Z,,50400,GRANVILLE
50218,47.29Z,ETI,50400,GRANVILLE
50218,47.29Z,GE,50400,GRANVILLE
50218,47.29Z,PME,50400,GRANVILLE
50218,47.30Z,PME,50400,GRANVILLE
50218,47.42Z,GE,50400,GRANVILLE
50218,47.42Z,PME,50400,GRANVILLE
50218,47.51Z,,50400,GRANVILLE
50218,47.51Z,PME,50400,GRANVILLE
50218,47.52A,PME,50400,GRANVILLE
50218,47.54Z,PME,50400,GRANVILLE
50218,47.59A,PME,50400,GRANVILLE
50218,47.59B,,50400,GRANVILLE
50218,47.59B,PME,50400,GRANVILLE
50218,47.61Z,PME,50400,GRANVILLE
50218,47.62Z,PME,50400,GRANVILLE
50218,47.64Z,GE,50400,GRANVILLE
50218,47.64Z,PME,50400,GRANVILLE
50218,47.65Z,PME,50400,GRANVILLE
50218,47.71Z,,50400,GRANVILLE
50218,47.71Z,ETI,50400,GRANVILLE
50218,47.71Z,PME,50400,GRANVILLE
50218,47.72A,ETI,50400,GRANVILLE
50218,47.72A,PME,50400,GRANVILLE
50218,47.72B,PME,50400,GRANVILLE
50218,47.73Z,,50400,GRANVILLE
50218,47.73Z,PME,50400,GRANVILLE
50218,47.74Z,,50400,GRANVILLE
50218,47.74Z,ETI,50400,GRANVILLE
50218,47.74Z,PME,50400,GRANVILLE
50218,47.75Z,,50400,GRANVILLE
50218,47.75Z,ETI,50400,GRANVILLE
50218,47.75Z,PME,50400,GRANVILLE
50218,47.76Z,GE,50400,GRANVILLE
50218,47.76Z,PME,50400,GRANVILLE
50218,47.77Z,,50400,GRANVILLE
50218,47.77Z,PME,50400,GRANVILLE
50218,47.78A,,50400,GRANVILLE
50218,47.78A,PME,50400,GRANVILLE
50218,47.78B,GE,50400,GRANVILLE
50218,47.78B,PME,50400,GRANVILLE
50218,47.78C,,50400,GRANVILLE
50218,47.78C,ETI,50400,GRANVILLE
50218,47.78C,PME,50400,GRANVILLE
50218,47.79Z,PME,50400,GRANVILLE
50218,47.81Z,,50400,GRANVILLE
50218,47.81Z,PME,50400,GRANVILLE
50218,47.82Z,,50400,GRANVILLE
50218,47.82Z,PME,50400,GRANVILLE
50218,47.89Z,PME,50400,GRANVILLE
50218,47.91A,,50400,GRANVILLE
50218,47.91A,ETI,50400,GRANVILLE
50218,47.91A,PME,50400,GRANVILLE
50218,47.91B,,50400,GRANVILLE
50218,47.91B,PME,50400,GRANVILLE
50218,47.99A,,50400,GRANVILLE
50218,47.99A,PME,50400,GRANVILLE
50218,49.10Z,GE,50400,GRANVILLE
50218,49.32Z,PME,50400,GRANVILLE
50218,49.39B,GE,50400,GRANVILLE
50218,49.41A,PME,50400,GRANVILLE
50218,49.42Z,ETI,50400,GRANVILLE
50218,49.42Z,PME,50400,GRANVILLE
50218,50.10Z,,50400,GRANVILLE
50218,50.10Z,PME,50400,GRANVILLE
50218,52.10A,ETI,50400,GRANVILLE
50218,52.10A,PME,50400,GRANVILLE
50218,52.10B,PME,50400,GRANVILLE
50218,52.21Z,GE,50400,GRANVILLE
50218,52.22Z,PME,50400,GRANVILLE
50218,52.29B,PME,50400,GRANVILLE
50218,53.10Z,GE,50400,GRANVILLE
50218,53.20Z,,50400,GRANVILLE
50218,53.20Z,PME,50400,GRANVILLE
50218,55.10Z,ETI,50400,GRANVILLE
50218,55.10Z,GE,50400,GRANVILLE
50218,55.10Z,PME,50400,GRANVILLE
50218,55.20Z,,50400,GRANVILLE
50218,55.20Z,ETI,50400,GRANVILLE
50218,55.20Z,PME,50400,GRANVILLE
50218,55.30Z,PME,50400,GRANVILLE
50218,55.90Z,ETI,50400,GRANVILLE
50218,56.10A,,50400,GRANVILLE
50218,56.10A,ETI,50400,GRANVILLE
50218,56.10A,GE,50400,GRANVILLE
50218,56.10A,PME,50400,GRANVILLE
50218,56.10C,,50400,GRANVILLE
50218,56.10C,ETI,50400,GRANVILLE
50218,56.10C,PME,50400,GRANVILLE
50218,56.21Z,PME,50400,GRANVILLE
50218,56.29A,,50400,GRANVILLE
50218,56.29B,ETI,50400,GRANVILLE
50218,56.30Z,,50400,GRANVILLE
50218,56.30Z,PME,50400,GRANVILLE
50218,58.11Z,PME,50400,GRANVILLE
50218,58.13Z,,50400,GRANVILLE
50218,58.13Z,ETI,50400,GRANVILLE
50218,58.14Z,PME,50400,GRANVILLE
50218,58.19Z,PME,50400,GRANVILLE
50218,58.29C,PME,50400,GRANVILLE
50218,59.11B,,50400,GRANVILLE
50218,59.11C,PME,50400,GRANVILLE
50218,59.12Z,PME,50400,GRANVILLE
50218,59.14Z,,50400,GRANVILLE
50218,59.14Z,PME,50400,GRANVILLE
50218,60.10Z,,50400,GRANVILLE
50218,61.10Z,GE,50400,GRANVILLE
50218,61.10Z,PME,50400,GRANVILLE
50218,62.01Z,,50400,GRANVILLE
50218,62.01Z,PME,50400,GRANVILLE
50218,62.02A,PME,50400,GRANVILLE
50218,62.02B,PME,50400,GRANVILLE
50218,62.09Z,PME,50400,GRANVILLE
50218,63.11Z,PME,50400,GRANVILLE
50218,63.12Z,,50400,GRANVILLE
50218,63.91Z,PME,50400,GRANVILLE
50218,64.19Z,GE,50400,GRANVILLE
50218,64.20Z,,50400,GRANVILLE
50218,64.20Z,ETI,50400,GRANVILLE
50218,64.20Z,PME,50400,GRANVILLE
50218,64.30Z,PME,50400,GRANVILLE
50218,64.92Z,PME,50400,GRANVILLE
50218,65.12Z,ETI,50400,GRANVILLE
50218,65.12Z,GE,50400,GRANVILLE
50218,65.12Z,PME,50400,GRANVILLE
50218,66.19A,,50400,GRANVILLE
50218,66.19A,PME,50400,GRANVILLE
50218,66.19B,,50400,GRANVILLE
50218,66.19B,PME,50400,GRANVILLE
50218,66.22Z,GE,50400,GRANVILLE
50218,66.22Z,PME,50400,GRANVILLE
50218,66.30Z,,50400,GRANVILLE
50218,66.30Z,PME,50400,GRANVILLE
50218,68.10Z,,50400,GRANVILLE
50218,68.10Z,PME,50400,GRANVILLE
50218,68.20A,,50400,GRANVILLE
50218,68.20A,PME,50400,GRANVILLE
50218,68.20B,,50400,GRANVILLE
50218,68.20B,ETI,50400,GRANVILLE
50218,68.20B,GE,50400,GRANVILLE
50218,68.20B,PME,50400,GRANVILLE
50218,68.31Z,,50400,GRANVILLE
50218,68.31Z,GE,50400,GRANVILLE
50218,68.31Z,PME,50400,GRANVILLE
50218,68.32A,,50400,GRANVILLE
50218,68.32A,PME,50400,GRANVILLE
50218,68.32B,,50400,GRANVILLE
50218,69.10Z,,50400,GRANVILLE
50218,69.10Z,PME,50400,GRANVILLE
50218,69.20Z,,50400,GRANVILLE
50218,69.20Z,ETI,50400,GRANVILLE
50218,69.20Z,PME,50400,GRANVILLE
50218,70.10Z,,50400,GRANVILLE
50218,70.10Z,ETI,50400,GRANVILLE
50218,70.10Z,GE,50400,GRANVILLE
50218,70.10Z,PME,50400,GRANVILLE
50218,70.21Z,,50400,GRANVILLE
50218,70.21Z,PME,50400,GRANVILLE
50218,70.22Z,,50400,GRANVILLE
50218,70.22Z,PME,50400,GRANVILLE
50218,71.11Z,PME,50400,GRANVILLE
50218,71.12A,PME,50400,GRANVILLE
50218,71.12B,,50400,GRANVILLE
50218,71.12B,ETI,50400,GRANVILLE
50218,71.12B,PME,50400,GRANVILLE
50218,71.20A,PME,50400,GRANVILLE
50218,71.20B,,50400,GRANVILLE
50218,71.20B,PME,50400,GRANVILLE
50218,73.11Z,,50400,GRANVILLE
50218,73.11Z,PME,50400,GRANVILLE
50218,74.10Z,,50400,GRANVILLE
50218,74.10Z,PME,50400,GRANVILLE
50218,74.20Z,PME,50400,GRANVILLE
50218,74.30Z,,50400,GRANVILLE
50218,74.30Z,PME,50400,GRANVILLE
50218,74.90A,PME,50400,GRANVILLE
50218,74.90B,,50400,GRANVILLE
50218,74.90B,PME,50400,GRANVILLE
50218,75.00Z,PME,50400,GRANVILLE
50218,77.11A,ETI,50400,GRANVILLE
50218,77.11A,PME,50400,GRANVILLE
50218,77.21Z,,50400,GRANVILLE
50218,77.21Z,PME,50400,GRANVILLE
50218,77.29Z,PME,50400,GRANVILLE
50218,77.32Z,ETI,50400,GRANVILLE
50218,77.33Z,PME,50400,GRANVILLE
50218,77.34Z,PME,50400,GRANVILLE
50218,77.35Z,PME,50400,GRANVILLE
50218,78.20Z,ETI,50400,GRANVILLE
50218,78.20Z,GE,50400,GRANVILLE
50218,78.20Z,PME,50400,GRANVILLE
50218,78.30Z,PME,50400,GRANVILLE
50218,79.11Z,ETI,50400,GRANVILLE
50218,79.11Z,PME,50400,GRANVILLE
50218,79.12Z,,50400,GRANVILLE
50218,79.12Z,PME,50400,GRANVILLE
50218,79.90Z,PME,50400,GRANVILLE
50218,81.10Z,,50400,GRANVILLE
50218,81.10Z,PME,50400,GRANVILLE
50218,81.21Z,,50400,GRANVILLE
50218,81.21Z,ETI,50400,GRANVILLE
50218,81.21Z,PME,50400,GRANVILLE
50218,81.22Z,,50400,GRANVILLE
50218,81.22Z,PME,50400,GRANVILLE
50218,81.30Z,,50400,GRANVILLE
50218,81.30Z,PME,50400,GRANVILLE
50218,82.11Z,,50400,GRANVILLE
50218,82.11Z,PME,50400,GRANVILLE
50218,82.19Z,,50400,GRANVILLE
50218,82.19Z,PME,50400,GRANVILLE
50218,82.20Z,PME,50400,GRANVILLE
50218,82.30Z,,50400,GRANVILLE
50218,82.30Z,PME,50400,GRANVILLE
50218,82.99Z,,50400,GRANVILLE
50218,82.99Z,PME,50400,GRANVILLE
50218,84.11Z,ETI,50400,GRANVILLE
50218,84.11Z,PME,50400,GRANVILLE
50218,84.12Z,ETI,50400,GRANVILLE
50218,84.13Z,ETI,50400,GRANVILLE
50218,84.13Z,GE,50400,GRANVILLE
50218,84.13Z,PME,50400,GRANVILLE
50218,84.24Z,ETI,50400,GRANVILLE
50218,84.25Z,PME,50400,GRANVILLE
50218,84.30A,ETI,50400,GRANVILLE
50218,84.30C,PME,50400,GRANVILLE
50218,85.10Z,ETI,50400,GRANVILLE
50218,85.20Z,ETI,50400,GRANVILLE
50218,85.20Z,PME,50400,GRANVILLE
50218,85.31Z,PME,50400,GRANVILLE
50218,85.32Z,PME,50400,GRANVILLE
50218,85.42Z,ETI,50400,GRANVILLE
50218,85.51Z,,50400,GRANVILLE
50218,85.51Z,PME,50400,GRANVILLE
50218,85.52Z,,50400,GRANVILLE
50218,85.52Z,PME,50400,GRANVILLE
50218,85.53Z,PME,50400,GRANVILLE
50218,85.59A,ETI,50400,GRANVILLE
50218,85.59A,PME,50400,GRANVILLE
50218,85.59B,,50400,GRANVILLE
50218,85.59B,PME,50400,GRANVILLE
50218,85.60Z,,50400,GRANVILLE
50218,85.60Z,PME,50400,GRANVILLE
50218,86.10Z,ETI,50400,GRANVILLE
50218,86.10Z,GE,50400,GRANVILLE
50218,86.21Z,PME,50400,GRANVILLE
50218,86.22A,PME,50400,GRANVILLE
50218,86.22B,PME,50400,GRANVILLE
50218,86.22C,,50400,GRANVILLE
50218,86.22C,PME,50400,GRANVILLE
50218,86.23Z,,50400,GRANVILLE
50218,86.23Z,PME,50400,GRANVILLE
50218,86.90A,PME,50400,GRANVILLE
50218,86.90B,GE,50400,GRANVILLE
50218,86.90D,,50400,GRANVILLE
50218,86.90D,PME,50400,GRANVILLE
50218,86.90E,,50400,GRANVILLE
50218,86.90E,PME,50400,GRANVILLE
50218,86.90F,,50400,GRANVILLE
50218,86.90F,PME,50400,GRANVILLE
50218,87.10A,ETI,50400,GRANVILLE
50218,87.10A,GE,50400,GRANVILLE
50218,87.10A,PME,50400,GRANVILLE
50218,87.10B,PME,50400,GRANVILLE
50218,87.10C,PME,50400,GRANVILLE
50218,87.20A,PME,50400,GRANVILLE
50218,87.30A,PME,50400,GRANVILLE
50218,87.90B,,50400,GRANVILLE
50218,88.10A,ETI,50400,GRANVILLE
50218,88.10A,PME,50400,GRANVILLE
50218,88.10C,PME,50400,GRANVILLE
50218,88.91A,ETI,50400,GRANVILLE
50218,88.99A,PME,50400,GRANVILLE
50218,88.99B,,50400,GRANVILLE
50218,88.99B,ETI,50400,GRANVILLE
50218,88.99B,PME,50400,GRANVILLE
50218,90.01Z,,50400,GRANVILLE
50218,90.01Z,PME,50400,GRANVILLE
50218,90.02Z,,50400,GRANVILLE
50218,90.02Z,PME,50400,GRANVILLE
50218,90.03A,PME,50400,GRANVILLE
50218,90.03B,,50400,GRANVILLE
50218,90.03B,PME,50400,GRANVILLE
50218,90.04Z,PME,50400,GRANVILLE
50218,91.02Z,,50400,GRANVILLE
50218,91.03Z,,50400,GRANVILLE
50218,91.03Z,PME,50400,GRANVILLE
50218,91.04Z,PME,50400,GRANVILLE
50218,92.00Z,GE,50400,GRANVILLE
50218,93.11Z,,50400,GRANVILLE
50218,93.11Z,ETI,50400,GRANVILLE
50218,93.11Z,PME,50400,GRANVILLE
50218,93.12Z,,50400,GRANVILLE
50218,93.12Z,PME,50400,GRANVILLE
50218,93.13Z,PME,50400,GRANVILLE
50218,93.19Z,,50400,GRANVILLE
50218,93.19Z,PME,50400,GRANVILLE
50218,93.21Z,PME,50400,GRANVILLE
50218,93.29Z,,50400,GRANVILLE
50218,93.29Z,PME,50400,GRANVILLE
50218,94.11Z,,50400,GRANVILLE
50218,94.11Z,ETI,50400,GRANVILLE
50218,94.11Z,PME,50400,GRANVILLE
50218,94.12Z,,50400,GRANVILLE
50218,94.12Z,PME,50400,GRANVILLE
50218,94.20Z,PME,50400,GRANVILLE
50218,94.91Z,,50400,GRANVILLE
50218,94.91Z,PME,50400,GRANVILLE
50218,94.99Z,,50400,GRANVILLE
50218,94.99Z,PME,50400,GRANVILLE
50218,95.11Z,PME,50400,GRANVILLE
50218,95.21Z,,50400,GRANVILLE
50218,95.21Z,PME,50400,GRANVILLE
50218,95.23Z,PME,50400,GRANVILLE
50218,95.24Z,,50400,GRANVILLE
50218,95.25Z,PME,50400,GRANVILLE
50218,95.29Z,,50400,GRANVILLE
50218,95.29Z,PME,50400,GRANVILLE
50218,96.01B,,50400,GRANVILLE
50218,96.01B,PME,50400,GRANVILLE
50218,96.02A,,50400,GRANVILLE
50218,96.02A,PME,50400,GRANVILLE
50218,96.02B,,50400,GRANVILLE
50218,96.02B,PME,50400,GRANVILLE
50218,96.03Z,GE,50400,GRANVILLE
50218,96.03Z,PME,50400,GRANVILLE
50218,96.04Z,,50400,GRANVILLE
50218,96.04Z,PME,50400,GRANVILLE
50218,96.09Z,,50400,GRANVILLE
50218,96.09Z,PME,50400,GRANVILLE
50219,01.11Z,,50200,GRATOT
50219,01.41Z,,50200,GRATOT
50219,01.42Z,,50200,GRATOT
50219,01.43Z,,50200,GRATOT
50219,01.43Z,PME,50200,GRATOT
50219,01.47Z,PME,50200,GRATOT
50219,01.49Z,,50200,GRATOT
50219,01.50Z,,50200,GRATOT
50219,01.61Z,,50200,GRATOT
50219,01.62Z,,50200,GRATOT
50219,03.11Z,PME,50200,GRATOT
50219,03.21Z,,50200,GRATOT
50219,03.21Z,PME,50200,GRATOT
50219,10.71C,PME,50200,GRATOT
50219,14.13Z,PME,50200,GRATOT
50219,16.10A,PME,50200,GRATOT
50219,25.62B,PME,50200,GRATOT
50219,27.40Z,PME,50200,GRATOT
50219,33.20A,,50200,GRATOT
50219,33.20A,PME,50200,GRATOT
50219,35.11Z,ETI,50200,GRATOT
50219,35.21Z,PME,50200,GRATOT
50219,43.22A,PME,50200,GRATOT
50219,43.31Z,PME,50200,GRATOT
50219,43.32A,PME,50200,GRATOT
50219,43.91B,PME,50200,GRATOT
50219,43.99C,PME,50200,GRATOT
50219,45.20A,PME,50200,GRATOT
50219,45.40Z,PME,50200,GRATOT
50219,46.31Z,,50200,GRATOT
50219,46.52Z,PME,50200,GRATOT
50219,47.81Z,PME,50200,GRATOT
50219,47.91B,,50200,GRATOT
50219,47.91B,PME,50200,GRATOT
50219,55.20Z,PME,50200,GRATOT
50219,56.10A,PME,50200,GRATOT
50219,56.10C,PME,50200,GRATOT
50219,62.02A,PME,50200,GRATOT
50219,62.09Z,PME,50200,GRATOT
50219,64.20Z,PME,50200,GRATOT
50219,66.30Z,PME,50200,GRATOT
50219,68.20A,,50200,GRATOT
50219,68.20B,,50200,GRATOT
50219,68.20B,PME,50200,GRATOT
50219,68.32B,,50200,GRATOT
50219,68.32B,PME,50200,GRATOT
50219,70.10Z,,50200,GRATOT
50219,70.10Z,PME,50200,GRATOT
50219,71.20B,PME,50200,GRATOT
50219,78.30Z,PME,50200,GRATOT
50219,81.30Z,,50200,GRATOT
50219,81.30Z,PME,50200,GRATOT
50219,84.11Z,PME,50200,GRATOT
50219,84.12Z,PME,50200,GRATOT
50219,85.20Z,PME,50200,GRATOT
50219,85.59A,PME,50200,GRATOT
50219,86.90D,PME,50200,GRATOT
50219,86.90E,,50200,GRATOT
50219,86.90E,PME,50200,GRATOT
50219,90.03A,,50200,GRATOT
50219,93.19Z,,50200,GRATOT
50219,93.19Z,PME,50200,GRATOT
50219,94.99Z,,50200,GRATOT
50219,94.99Z,PME,50200,GRATOT
50219,96.02A,PME,50200,GRATOT
50221,01.29Z,,50450,GRIMESNIL
50221,01.41Z,,50450,GRIMESNIL
50221,01.42Z,,50450,GRIMESNIL
50221,01.49Z,,50450,GRIMESNIL
50221,11.04Z,PME,50450,GRIMESNIL
50221,33.12Z,PME,50450,GRIMESNIL
50221,46.90Z,PME,50450,GRIMESNIL
50221,47.89Z,PME,50450,GRIMESNIL
50221,68.20B,,50450,GRIMESNIL
50221,68.20B,PME,50450,GRIMESNIL
50221,84.11Z,PME,50450,GRIMESNIL
50221,85.59B,PME,50450,GRIMESNIL
50221,90.03A,PME,50450,GRIMESNIL
50222,01.11Z,,50340,GROSVILLE
50222,01.24Z,,50340,GROSVILLE
50222,01.41Z,,50340,GROSVILLE
50222,01.42Z,,50340,GROSVILLE
50222,01.43Z,,50340,GROSVILLE
50222,01.45Z,,50340,GROSVILLE
50222,01.46Z,,50340,GROSVILLE
50222,01.49Z,,50340,GROSVILLE
50222,01.49Z,PME,50340,GROSVILLE
50222,01.50Z,,50340,GROSVILLE
50222,03.11Z,,50340,GROSVILLE
50222,32.20Z,,50340,GROSVILLE
50222,41.20B,,50340,GROSVILLE
50222,43.12A,PME,50340,GROSVILLE
50222,43.12B,PME,50340,GROSVILLE
50222,43.32A,,50340,GROSVILLE
50222,43.32A,PME,50340,GROSVILLE
50222,43.99C,,50340,GROSVILLE
50222,46.19B,PME,50340,GROSVILLE
50222,47.11B,PME,50340,GROSVILLE
50222,47.22Z,PME,50340,GROSVILLE
50222,47.81Z,PME,50340,GROSVILLE
50222,47.99A,PME,50340,GROSVILLE
50222,49.41B,PME,50340,GROSVILLE
50222,55.20Z,PME,50340,GROSVILLE
50222,56.21Z,PME,50340,GROSVILLE
50222,64.20Z,PME,50340,GROSVILLE
50222,66.19A,PME,50340,GROSVILLE
50222,68.20A,,50340,GROSVILLE
50222,68.20A,PME,50340,GROSVILLE
50222,68.20B,,50340,GROSVILLE
50222,68.20B,PME,50340,GROSVILLE
50222,68.32A,,50340,GROSVILLE
50222,70.10Z,PME,50340,GROSVILLE
50222,70.22Z,PME,50340,GROSVILLE
50222,73.11Z,,50340,GROSVILLE
50222,78.30Z,PME,50340,GROSVILLE
50222,82.19Z,PME,50340,GROSVILLE
50222,84.11Z,PME,50340,GROSVILLE
50222,85.20Z,PME,50340,GROSVILLE
50222,86.90F,PME,50340,GROSVILLE
50222,88.91A,,50340,GROSVILLE
50222,88.99B,,50340,GROSVILLE
50222,94.99Z,,50340,GROSVILLE
50222,95.29Z,PME,50340,GROSVILLE
50222,96.02A,PME,50340,GROSVILLE
50222,96.04Z,,50340,GROSVILLE
50222,96.09Z,,50340,GROSVILLE
50222,96.09Z,PME,50340,GROSVILLE
50225,01.19Z,,50410,LE GUISLAIN
50225,01.41Z,,50410,LE GUISLAIN
50225,01.42Z,,50410,LE GUISLAIN
50225,01.43Z,,50410,LE GUISLAIN
50225,01.45Z,,50410,LE GUISLAIN
50225,01.49Z,,50410,LE GUISLAIN
50225,01.61Z,PME,50410,LE GUISLAIN
50225,38.31Z,PME,50410,LE GUISLAIN
50225,47.99A,PME,50410,LE GUISLAIN
50225,49.32Z,PME,50410,LE GUISLAIN
50225,55.20Z,PME,50410,LE GUISLAIN
50225,58.29C,PME,50410,LE GUISLAIN
50225,68.20B,,50410,LE GUISLAIN
50225,68.20B,PME,50410,LE GUISLAIN
50225,70.10Z,,50410,LE GUISLAIN
50225,70.10Z,PME,50410,LE GUISLAIN
50225,84.11Z,PME,50410,LE GUISLAIN
50225,90.01Z,PME,50410,LE GUISLAIN
50225,90.03A,PME,50410,LE GUISLAIN
50225,94.99Z,,50410,LE GUISLAIN
50227,01.41Z,,50310,LE HAM
50227,01.42Z,,50310,LE HAM
50227,01.42Z,PME,50310,LE HAM
50227,01.43Z,,50310,LE HAM
50227,10.61A,PME,50310,LE HAM
50227,22.22Z,PME,50310,LE HAM
50227,22.29A,PME,50310,LE HAM
50227,38.21Z,GE,50310,LE HAM
50227,38.21Z,PME,50310,LE HAM
50227,38.32Z,PME,50310,LE HAM
50227,43.32A,PME,50310,LE HAM
50227,43.99C,,50310,LE HAM
50227,43.99C,PME,50310,LE HAM
50227,47.54Z,,50310,LE HAM
50227,47.81Z,PME,50310,LE HAM
50227,47.91B,,50310,LE HAM
50227,47.99A,PME,50310,LE HAM
50227,55.20Z,PME,50310,LE HAM
50227,68.20B,,50310,LE HAM
50227,84.11Z,PME,50310,LE HAM
50227,85.20Z,PME,50310,LE HAM
50227,93.29Z,,50310,LE HAM
50227,96.02A,PME,50310,LE HAM
50228,01.11Z,,50450,HAMBYE
50228,01.13Z,,50450,HAMBYE
50228,01.28Z,PME,50450,HAMBYE
50228,01.30Z,,50450,HAMBYE
50228,01.41Z,,50450,HAMBYE
50228,01.42Z,,50450,HAMBYE
50228,01.43Z,,50450,HAMBYE
50228,01.46Z,,50450,HAMBYE
50228,01.47Z,,50450,HAMBYE
50228,01.49Z,,50450,HAMBYE
50228,01.61Z,,50450,HAMBYE
50228,10.71C,,50450,HAMBYE
50228,10.71C,PME,50450,HAMBYE
50228,10.72Z,,50450,HAMBYE
50228,11.03Z,PME,50450,HAMBYE
50228,14.13Z,,50450,HAMBYE
50228,23.31Z,PME,50450,HAMBYE
50228,31.09B,PME,50450,HAMBYE
50228,32.13Z,PME,50450,HAMBYE
50228,35.11Z,PME,50450,HAMBYE
50228,37.00Z,PME,50450,HAMBYE
50228,38.32Z,PME,50450,HAMBYE
50228,41.10D,,50450,HAMBYE
50228,43.11Z,PME,50450,HAMBYE
50228,43.12A,,50450,HAMBYE
50228,43.21A,PME,50450,HAMBYE
50228,43.22A,,50450,HAMBYE
50228,43.22A,PME,50450,HAMBYE
50228,43.32A,,50450,HAMBYE
50228,43.32A,PME,50450,HAMBYE
50228,43.32B,PME,50450,HAMBYE
50228,43.33Z,PME,50450,HAMBYE
50228,43.34Z,PME,50450,HAMBYE
50228,43.99C,PME,50450,HAMBYE
50228,43.99D,PME,50450,HAMBYE
50228,45.11Z,PME,50450,HAMBYE
50228,45.20A,PME,50450,HAMBYE
50228,46.21Z,ETI,50450,HAMBYE
50228,46.22Z,PME,50450,HAMBYE
50228,46.61Z,ETI,50450,HAMBYE
50228,46.73A,PME,50450,HAMBYE
50228,47.11B,PME,50450,HAMBYE
50228,47.22Z,PME,50450,HAMBYE
50228,47.51Z,PME,50450,HAMBYE
50228,47.52A,PME,50450,HAMBYE
50228,47.73Z,PME,50450,HAMBYE
50228,47.76Z,,50450,HAMBYE
50228,47.81Z,PME,50450,HAMBYE
50228,47.82Z,,50450,HAMBYE
50228,47.82Z,PME,50450,HAMBYE
50228,47.89Z,PME,50450,HAMBYE
50228,47.91A,,50450,HAMBYE
50228,47.99A,,50450,HAMBYE
50228,47.99A,PME,50450,HAMBYE
50228,53.10Z,GE,50450,HAMBYE
50228,55.10Z,PME,50450,HAMBYE
50228,55.20Z,,50450,HAMBYE
50228,56.10A,PME,50450,HAMBYE
50228,56.30Z,PME,50450,HAMBYE
50228,62.01Z,PME,50450,HAMBYE
50228,64.20Z,PME,50450,HAMBYE
50228,66.19A,PME,50450,HAMBYE
50228,66.19B,PME,50450,HAMBYE
50228,66.30Z,,50450,HAMBYE
50228,68.20A,,50450,HAMBYE
50228,68.20A,PME,50450,HAMBYE
50228,68.20B,,50450,HAMBYE
50228,68.20B,PME,50450,HAMBYE
50228,68.31Z,PME,50450,HAMBYE
50228,69.10Z,PME,50450,HAMBYE
50228,70.10Z,PME,50450,HAMBYE
50228,70.22Z,PME,50450,HAMBYE
50228,73.20Z,,50450,HAMBYE
50228,74.10Z,,50450,HAMBYE
50228,74.20Z,,50450,HAMBYE
50228,74.20Z,PME,50450,HAMBYE
50228,81.21Z,PME,50450,HAMBYE
50228,81.30Z,PME,50450,HAMBYE
50228,82.11Z,,50450,HAMBYE
50228,84.11Z,PME,50450,HAMBYE
50228,85.20Z,PME,50450,HAMBYE
50228,85.52Z,PME,50450,HAMBYE
50228,85.59B,,50450,HAMBYE
50228,86.21Z,PME,50450,HAMBYE
50228,86.90D,PME,50450,HAMBYE
50228,86.90E,PME,50450,HAMBYE
50228,87.30A,PME,50450,HAMBYE
50228,88.10A,,50450,HAMBYE
50228,88.99B,PME,50450,HAMBYE
50228,90.02Z,,50450,HAMBYE
50228,90.03A,PME,50450,HAMBYE
50228,91.03Z,,50450,HAMBYE
50228,93.12Z,,50450,HAMBYE
50228,93.12Z,PME,50450,HAMBYE
50228,93.29Z,PME,50450,HAMBYE
50228,94.91Z,,50450,HAMBYE
50228,94.91Z,PME,50450,HAMBYE
50228,94.99Z,,50450,HAMBYE
50228,94.99Z,PME,50450,HAMBYE
50228,95.21Z,,50450,HAMBYE
50228,95.29Z,,50450,HAMBYE
50228,95.29Z,PME,50450,HAMBYE
50228,96.02A,PME,50450,HAMBYE
50228,96.03Z,PME,50450,HAMBYE
50228,96.09Z,,50450,HAMBYE
50228,96.09Z,PME,50450,HAMBYE
50229,01.11Z,,50730,HAMELIN
50229,01.41Z,,50730,HAMELIN
50229,01.42Z,,50730,HAMELIN
50229,01.50Z,,50730,HAMELIN
50229,01.61Z,,50730,HAMELIN
50229,10.61A,PME,50730,HAMELIN
50229,35.11Z,,50730,HAMELIN
50229,43.34Z,PME,50730,HAMELIN
50229,47.22Z,PME,50730,HAMELIN
50229,47.81Z,PME,50730,HAMELIN
50229,68.20B,PME,50730,HAMELIN
50229,70.10Z,PME,50730,HAMELIN
50229,81.30Z,PME,50730,HAMELIN
50229,84.11Z,PME,50730,HAMELIN
50229,94.99Z,,50730,HAMELIN
50233,01.11Z,,50390,HAUTTEVILLE-BOCAGE
50233,01.19Z,,50390,HAUTTEVILLE-BOCAGE
50233,01.41Z,,50390,HAUTTEVILLE-BOCAGE
50233,01.42Z,,50390,HAUTTEVILLE-BOCAGE
50233,01.50Z,,50390,HAUTTEVILLE-BOCAGE
50233,03.11Z,,50390,HAUTTEVILLE-BOCAGE
50233,03.21Z,,50390,HAUTTEVILLE-BOCAGE
50233,25.11Z,PME,50390,HAUTTEVILLE-BOCAGE
50233,43.21A,,50390,HAUTTEVILLE-BOCAGE
50233,46.19B,PME,50390,HAUTTEVILLE-BOCAGE
50233,47.99A,PME,50390,HAUTTEVILLE-BOCAGE
50233,68.20B,,50390,HAUTTEVILLE-BOCAGE
50233,68.20B,PME,50390,HAUTTEVILLE-BOCAGE
50233,84.11Z,PME,50390,HAUTTEVILLE-BOCAGE
50233,90.03A,PME,50390,HAUTTEVILLE-BOCAGE
50234,01.29Z,,50410,LA HAYE-BELLEFOND
50234,01.41Z,,50410,LA HAYE-BELLEFOND
50234,01.42Z,,50410,LA HAYE-BELLEFOND
50234,01.49Z,,50410,LA HAYE-BELLEFOND
50234,38.21Z,PME,50410,LA HAYE-BELLEFOND
50234,46.33Z,PME,50410,LA HAYE-BELLEFOND
50234,55.20Z,PME,50410,LA HAYE-BELLEFOND
50234,84.11Z,PME,50410,LA HAYE-BELLEFOND
50235,01.41Z,,50270,LA HAYE D'ECTOT
50235,01.42Z,,50270,LA HAYE D'ECTOT
50235,01.43Z,,50270,LA HAYE D'ECTOT
50235,01.45Z,,50270,LA HAYE D'ECTOT
50235,01.49Z,,50270,LA HAYE D'ECTOT
50235,01.61Z,,50270,LA HAYE D'ECTOT
50235,02.10Z,,50270,LA HAYE D'ECTOT
50235,02.40Z,,50270,LA HAYE D'ECTOT
50235,10.39B,,50270,LA HAYE D'ECTOT
50235,33.12Z,PME,50270,LA HAYE D'ECTOT
50235,43.21A,,50270,LA HAYE D'ECTOT
50235,43.21A,PME,50270,LA HAYE D'ECTOT
50235,43.39Z,PME,50270,LA HAYE D'ECTOT
50235,45.20A,PME,50270,LA HAYE D'ECTOT
50235,47.99A,PME,50270,LA HAYE D'ECTOT
50235,68.20A,,50270,LA HAYE D'ECTOT
50235,68.20A,PME,50270,LA HAYE D'ECTOT
50235,68.20B,,50270,LA HAYE D'ECTOT
50235,68.20B,PME,50270,LA HAYE D'ECTOT
50235,68.31Z,PME,50270,LA HAYE D'ECTOT
50235,70.22Z,PME,50270,LA HAYE D'ECTOT
50235,74.20Z,PME,50270,LA HAYE D'ECTOT
50235,77.31Z,PME,50270,LA HAYE D'ECTOT
50235,81.30Z,PME,50270,LA HAYE D'ECTOT
50235,84.11Z,PME,50270,LA HAYE D'ECTOT
50235,85.51Z,PME,50270,LA HAYE D'ECTOT
50235,85.59B,PME,50270,LA HAYE D'ECTOT
50235,86.90F,,50270,LA HAYE D'ECTOT
50235,90.01Z,PME,50270,LA HAYE D'ECTOT
50235,90.03B,PME,50270,LA HAYE D'ECTOT
50235,94.99Z,,50270,LA HAYE D'ECTOT
50236,01.11Z,,50250,LA HAYE
50236,01.13Z,,50250,LA HAYE
50236,01.19Z,,50250,LA HAYE
50236,01.24Z,,50250,LA HAYE
50236,01.29Z,,50250,LA HAYE
50236,01.41Z,,50250,LA HAYE
50236,01.42Z,,50250,LA HAYE
50236,01.42Z,PME,50250,LA HAYE
50236,01.43Z,,50250,LA HAYE
50236,01.45Z,,50250,LA HAYE
50236,01.46Z,,50250,LA HAYE
50236,01.49Z,,50250,LA HAYE
50236,01.50Z,,50250,LA HAYE
50236,01.61Z,,50250,LA HAYE
50236,01.62Z,,50250,LA HAYE
50236,10.11Z,,50250,LA HAYE
50236,10.13B,PME,50250,LA HAYE
50236,10.61B,PME,50250,LA HAYE
50236,10.71B,PME,50250,LA HAYE
50236,10.71C,,50250,LA HAYE
50236,10.71C,PME,50250,LA HAYE
50236,10.71D,PME,50250,LA HAYE
50236,13.92Z,PME,50250,LA HAYE
50236,14.13Z,,50250,LA HAYE
50236,14.13Z,PME,50250,LA HAYE
50236,16.23Z,PME,50250,LA HAYE
50236,18.12Z,ETI,50250,LA HAYE
50236,20.42Z,PME,50250,LA HAYE
50236,22.22Z,PME,50250,LA HAYE
50236,23.41Z,PME,50250,LA HAYE
50236,26.40Z,,50250,LA HAYE
50236,31.09B,PME,50250,LA HAYE
50236,32.13Z,PME,50250,LA HAYE
50236,32.50A,PME,50250,LA HAYE
50236,32.99Z,,50250,LA HAYE
50236,35.11Z,ETI,50250,LA HAYE
50236,35.11Z,PME,50250,LA HAYE
50236,36.00Z,PME,50250,LA HAYE
50236,37.00Z,PME,50250,LA HAYE
50236,38.21Z,,50250,LA HAYE
50236,38.32Z,PME,50250,LA HAYE
50236,41.10A,,50250,LA HAYE
50236,41.10D,,50250,LA HAYE
50236,42.22Z,GE,50250,LA HAYE
50236,43.12A,PME,50250,LA HAYE
50236,43.21A,PME,50250,LA HAYE
50236,43.22A,PME,50250,LA HAYE
50236,43.22B,PME,50250,LA HAYE
50236,43.31Z,PME,50250,LA HAYE
50236,43.32A,,50250,LA HAYE
50236,43.32A,PME,50250,LA HAYE
50236,43.33Z,PME,50250,LA HAYE
50236,43.34Z,PME,50250,LA HAYE
50236,43.39Z,PME,50250,LA HAYE
50236,43.91B,PME,50250,LA HAYE
50236,43.99B,PME,50250,LA HAYE
50236,43.99C,,50250,LA HAYE
50236,43.99C,PME,50250,LA HAYE
50236,45.11Z,PME,50250,LA HAYE
50236,45.20A,PME,50250,LA HAYE
50236,45.20B,PME,50250,LA HAYE
50236,45.31Z,PME,50250,LA HAYE
50236,45.32Z,PME,50250,LA HAYE
50236,46.19B,PME,50250,LA HAYE
50236,46.21Z,ETI,50250,LA HAYE
50236,46.21Z,GE,50250,LA HAYE
50236,46.21Z,PME,50250,LA HAYE
50236,46.32B,PME,50250,LA HAYE
50236,46.38A,PME,50250,LA HAYE
50236,46.39B,ETI,50250,LA HAYE
50236,46.51Z,PME,50250,LA HAYE
50236,46.61Z,PME,50250,LA HAYE
50236,46.69B,PME,50250,LA HAYE
50236,46.73A,PME,50250,LA HAYE
50236,46.77Z,PME,50250,LA HAYE
50236,46.90Z,PME,50250,LA HAYE
50236,47.11A,ETI,50250,LA HAYE
50236,47.11B,,50250,LA HAYE
50236,47.11B,PME,50250,LA HAYE
50236,47.11D,GE,50250,LA HAYE
50236,47.11D,PME,50250,LA HAYE
50236,47.21Z,,50250,LA HAYE
50236,47.22Z,PME,50250,LA HAYE
50236,47.25Z,PME,50250,LA HAYE
50236,47.26Z,,50250,LA HAYE
50236,47.41Z,PME,50250,LA HAYE
50236,47.52A,GE,50250,LA HAYE
50236,47.52A,PME,50250,LA HAYE
50236,47.52B,GE,50250,LA HAYE
50236,47.52B,PME,50250,LA HAYE
50236,47.54Z,PME,50250,LA HAYE
50236,47.59A,PME,50250,LA HAYE
50236,47.59B,PME,50250,LA HAYE
50236,47.61Z,,50250,LA HAYE
50236,47.64Z,PME,50250,LA HAYE
50236,47.71Z,ETI,50250,LA HAYE
50236,47.71Z,PME,50250,LA HAYE
50236,47.72A,PME,50250,LA HAYE
50236,47.72B,PME,50250,LA HAYE
50236,47.73Z,PME,50250,LA HAYE
50236,47.74Z,PME,50250,LA HAYE
50236,47.76Z,,50250,LA HAYE
50236,47.76Z,PME,50250,LA HAYE
50236,47.77Z,PME,50250,LA HAYE
50236,47.78A,PME,50250,LA HAYE
50236,47.78C,PME,50250,LA HAYE
50236,47.79Z,PME,50250,LA HAYE
50236,47.81Z,,50250,LA HAYE
50236,47.81Z,PME,50250,LA HAYE
50236,47.82Z,PME,50250,LA HAYE
50236,47.89Z,PME,50250,LA HAYE
50236,47.91A,,50250,LA HAYE
50236,47.91B,,50250,LA HAYE
50236,47.91B,PME,50250,LA HAYE
50236,47.99A,,50250,LA HAYE
50236,47.99A,PME,50250,LA HAYE
50236,49.32Z,PME,50250,LA HAYE
50236,49.39A,PME,50250,LA HAYE
50236,49.41A,PME,50250,LA HAYE
50236,53.10Z,GE,50250,LA HAYE
50236,55.20Z,,50250,LA HAYE
50236,55.20Z,PME,50250,LA HAYE
50236,55.30Z,PME,50250,LA HAYE
50236,56.10A,,50250,LA HAYE
50236,56.10A,PME,50250,LA HAYE
50236,56.10C,,50250,LA HAYE
50236,56.10C,PME,50250,LA HAYE
50236,56.30Z,,50250,LA HAYE
50236,56.30Z,PME,50250,LA HAYE
50236,58.11Z,PME,50250,LA HAYE
50236,58.29C,PME,50250,LA HAYE
50236,59.14Z,PME,50250,LA HAYE
50236,61.90Z,PME,50250,LA HAYE
50236,62.01Z,,50250,LA HAYE
50236,62.02B,PME,50250,LA HAYE
50236,62.03Z,PME,50250,LA HAYE
50236,63.12Z,,50250,LA HAYE
50236,63.91Z,PME,50250,LA HAYE
50236,64.19Z,GE,50250,LA HAYE
50236,64.19Z,PME,50250,LA HAYE
50236,64.20Z,,50250,LA HAYE
50236,64.20Z,PME,50250,LA HAYE
50236,64.30Z,,50250,LA HAYE
50236,65.12Z,GE,50250,LA HAYE
50236,66.19A,,50250,LA HAYE
50236,66.19B,PME,50250,LA HAYE
50236,66.22Z,PME,50250,LA HAYE
50236,66.30Z,,50250,LA HAYE
50236,66.30Z,PME,50250,LA HAYE
50236,68.10Z,,50250,LA HAYE
50236,68.10Z,PME,50250,LA HAYE
50236,68.20A,,50250,LA HAYE
50236,68.20A,PME,50250,LA HAYE
50236,68.20B,,50250,LA HAYE
50236,68.20B,GE,50250,LA HAYE
50236,68.20B,PME,50250,LA HAYE
50236,68.31Z,PME,50250,LA HAYE
50236,68.32A,,50250,LA HAYE
50236,68.32A,PME,50250,LA HAYE
50236,69.10Z,,50250,LA HAYE
50236,69.10Z,PME,50250,LA HAYE
50236,69.20Z,PME,50250,LA HAYE
50236,70.10Z,,50250,LA HAYE
50236,70.10Z,PME,50250,LA HAYE
50236,70.22Z,,50250,LA HAYE
50236,70.22Z,PME,50250,LA HAYE
50236,71.11Z,PME,50250,LA HAYE
50236,71.20A,PME,50250,LA HAYE
50236,74.10Z,,50250,LA HAYE
50236,74.10Z,PME,50250,LA HAYE
50236,74.20Z,PME,50250,LA HAYE
50236,74.90B,,50250,LA HAYE
50236,75.00Z,PME,50250,LA HAYE
50236,77.31Z,PME,50250,LA HAYE
50236,78.20Z,ETI,50250,LA HAYE
50236,78.30Z,PME,50250,LA HAYE
50236,79.11Z,,50250,LA HAYE
50236,81.21Z,,50250,LA HAYE
50236,81.21Z,PME,50250,LA HAYE
50236,81.29A,PME,50250,LA HAYE
50236,81.30Z,PME,50250,LA HAYE
50236,82.11Z,,50250,LA HAYE
50236,82.19Z,PME,50250,LA HAYE
50236,82.30Z,PME,50250,LA HAYE
50236,82.99Z,,50250,LA HAYE
50236,82.99Z,PME,50250,LA HAYE
50236,84.11Z,PME,50250,LA HAYE
50236,84.12Z,PME,50250,LA HAYE
50236,85.10Z,PME,50250,LA HAYE
50236,85.20Z,PME,50250,LA HAYE
50236,85.31Z,PME,50250,LA HAYE
50236,85.51Z,PME,50250,LA HAYE
50236,85.52Z,PME,50250,LA HAYE
50236,85.53Z,,50250,LA HAYE
50236,85.53Z,PME,50250,LA HAYE
50236,85.59A,PME,50250,LA HAYE
50236,85.59B,PME,50250,LA HAYE
50236,85.60Z,,50250,LA HAYE
50236,86.21Z,PME,50250,LA HAYE
50236,86.22B,PME,50250,LA HAYE
50236,86.22C,PME,50250,LA HAYE
50236,86.23Z,PME,50250,LA HAYE
50236,86.90A,PME,50250,LA HAYE
50236,86.90D,,50250,LA HAYE
50236,86.90D,PME,50250,LA HAYE
50236,86.90E,PME,50250,LA HAYE
50236,86.90F,,50250,LA HAYE
50236,86.90F,PME,50250,LA HAYE
50236,87.10A,PME,50250,LA HAYE
50236,87.30A,,50250,LA HAYE
50236,87.30A,PME,50250,LA HAYE
50236,88.10A,ETI,50250,LA HAYE
50236,88.10A,PME,50250,LA HAYE
50236,88.91A,,50250,LA HAYE
50236,88.99B,,50250,LA HAYE
50236,88.99B,ETI,50250,LA HAYE
50236,88.99B,GE,50250,LA HAYE
50236,88.99B,PME,50250,LA HAYE
50236,90.01Z,,50250,LA HAYE
50236,90.01Z,PME,50250,LA HAYE
50236,90.02Z,PME,50250,LA HAYE
50236,90.03A,PME,50250,LA HAYE
50236,93.12Z,,50250,LA HAYE
50236,93.12Z,PME,50250,LA HAYE
50236,93.19Z,,50250,LA HAYE
50236,93.19Z,PME,50250,LA HAYE
50236,93.21Z,PME,50250,LA HAYE
50236,93.29Z,,50250,LA HAYE
50236,93.29Z,PME,50250,LA HAYE
50236,94.91Z,PME,50250,LA HAYE
50236,94.99Z,,50250,LA HAYE
50236,94.99Z,PME,50250,LA HAYE
50236,95.22Z,,50250,LA HAYE
50236,95.22Z,PME,50250,LA HAYE
50236,95.29Z,PME,50250,LA HAYE
50236,96.01B,PME,50250,LA HAYE
50236,96.02A,,50250,LA HAYE
50236,96.02A,PME,50250,LA HAYE
50236,96.02B,PME,50250,LA HAYE
50236,96.03Z,PME,50250,LA HAYE
50236,96.04Z,PME,50250,LA HAYE
50236,96.09Z,,50250,LA HAYE
50236,96.09Z,PME,50250,LA HAYE
50237,01.11Z,,50320,LA HAYE-PESNEL
50237,01.13Z,,50320,LA HAYE-PESNEL
50237,01.19Z,GE,50320,LA HAYE-PESNEL
50237,01.41Z,,50320,LA HAYE-PESNEL
50237,01.42Z,,50320,LA HAYE-PESNEL
50237,01.46Z,,50320,LA HAYE-PESNEL
50237,01.49Z,,50320,LA HAYE-PESNEL
50237,01.50Z,,50320,LA HAYE-PESNEL
50237,01.61Z,,50320,LA HAYE-PESNEL
50237,01.62Z,,50320,LA HAYE-PESNEL
50237,10.13B,,50320,LA HAYE-PESNEL
50237,10.71C,PME,50320,LA HAYE-PESNEL
50237,10.71D,PME,50320,LA HAYE-PESNEL
50237,13.99Z,,50320,LA HAYE-PESNEL
50237,25.62B,PME,50320,LA HAYE-PESNEL
50237,32.30Z,PME,50320,LA HAYE-PESNEL
50237,33.12Z,PME,50320,LA HAYE-PESNEL
50237,35.11Z,GE,50320,LA HAYE-PESNEL
50237,35.11Z,PME,50320,LA HAYE-PESNEL
50237,36.00Z,PME,50320,LA HAYE-PESNEL
50237,37.00Z,PME,50320,LA HAYE-PESNEL
50237,38.12Z,PME,50320,LA HAYE-PESNEL
50237,38.21Z,PME,50320,LA HAYE-PESNEL
50237,41.10D,PME,50320,LA HAYE-PESNEL
50237,41.20A,,50320,LA HAYE-PESNEL
50237,43.12A,PME,50320,LA HAYE-PESNEL
50237,43.21A,PME,50320,LA HAYE-PESNEL
50237,43.22A,PME,50320,LA HAYE-PESNEL
50237,43.22B,,50320,LA HAYE-PESNEL
50237,43.22B,PME,50320,LA HAYE-PESNEL
50237,43.32A,,50320,LA HAYE-PESNEL
50237,43.32A,PME,50320,LA HAYE-PESNEL
50237,43.33Z,PME,50320,LA HAYE-PESNEL
50237,43.34Z,PME,50320,LA HAYE-PESNEL
50237,43.91A,PME,50320,LA HAYE-PESNEL
50237,43.91B,PME,50320,LA HAYE-PESNEL
50237,43.99C,,50320,LA HAYE-PESNEL
50237,43.99C,PME,50320,LA HAYE-PESNEL
50237,45.11Z,PME,50320,LA HAYE-PESNEL
50237,45.20A,,50320,LA HAYE-PESNEL
50237,45.20A,PME,50320,LA HAYE-PESNEL
50237,45.20B,PME,50320,LA HAYE-PESNEL
50237,46.19B,PME,50320,LA HAYE-PESNEL
50237,46.21Z,GE,50320,LA HAYE-PESNEL
50237,46.69C,ETI,50320,LA HAYE-PESNEL
50237,47.11B,,50320,LA HAYE-PESNEL
50237,47.11D,PME,50320,LA HAYE-PESNEL
50237,47.52A,GE,50320,LA HAYE-PESNEL
50237,47.54Z,PME,50320,LA HAYE-PESNEL
50237,47.71Z,PME,50320,LA HAYE-PESNEL
50237,47.73Z,PME,50320,LA HAYE-PESNEL
50237,47.76Z,PME,50320,LA HAYE-PESNEL
50237,47.78A,PME,50320,LA HAYE-PESNEL
50237,47.79Z,PME,50320,LA HAYE-PESNEL
50237,47.81Z,PME,50320,LA HAYE-PESNEL
50237,47.89Z,PME,50320,LA HAYE-PESNEL
50237,47.91A,PME,50320,LA HAYE-PESNEL
50237,47.91B,PME,50320,LA HAYE-PESNEL
50237,47.99A,PME,50320,LA HAYE-PESNEL
50237,49.39A,PME,50320,LA HAYE-PESNEL
50237,49.39B,PME,50320,LA HAYE-PESNEL
50237,49.41A,PME,50320,LA HAYE-PESNEL
50237,53.10Z,GE,50320,LA HAYE-PESNEL
50237,55.30Z,PME,50320,LA HAYE-PESNEL
50237,56.10A,,50320,LA HAYE-PESNEL
50237,56.10A,PME,50320,LA HAYE-PESNEL
50237,56.10C,,50320,LA HAYE-PESNEL
50237,56.10C,PME,50320,LA HAYE-PESNEL
50237,56.30Z,PME,50320,LA HAYE-PESNEL
50237,59.11B,,50320,LA HAYE-PESNEL
50237,64.19Z,GE,50320,LA HAYE-PESNEL
50237,64.20Z,PME,50320,LA HAYE-PESNEL
50237,65.12Z,GE,50320,LA HAYE-PESNEL
50237,66.19A,PME,50320,LA HAYE-PESNEL
50237,66.22Z,PME,50320,LA HAYE-PESNEL
50237,66.30Z,PME,50320,LA HAYE-PESNEL
50237,68.20A,,50320,LA HAYE-PESNEL
50237,68.20A,PME,50320,LA HAYE-PESNEL
50237,68.20B,,50320,LA HAYE-PESNEL
50237,68.20B,PME,50320,LA HAYE-PESNEL
50237,68.31Z,PME,50320,LA HAYE-PESNEL
50237,68.32A,,50320,LA HAYE-PESNEL
50237,69.10Z,PME,50320,LA HAYE-PESNEL
50237,70.10Z,PME,50320,LA HAYE-PESNEL
50237,70.21Z,,50320,LA HAYE-PESNEL
50237,71.12B,PME,50320,LA HAYE-PESNEL
50237,71.20A,PME,50320,LA HAYE-PESNEL
50237,74.90A,PME,50320,LA HAYE-PESNEL
50237,75.00Z,PME,50320,LA HAYE-PESNEL
50237,80.10Z,PME,50320,LA HAYE-PESNEL
50237,81.21Z,PME,50320,LA HAYE-PESNEL
50237,81.30Z,,50320,LA HAYE-PESNEL
50237,82.11Z,,50320,LA HAYE-PESNEL
50237,82.19Z,PME,50320,LA HAYE-PESNEL
50237,84.11Z,PME,50320,LA HAYE-PESNEL
50237,84.12Z,PME,50320,LA HAYE-PESNEL
50237,85.10Z,PME,50320,LA HAYE-PESNEL
50237,85.20Z,PME,50320,LA HAYE-PESNEL
50237,85.31Z,PME,50320,LA HAYE-PESNEL
50237,85.42Z,PME,50320,LA HAYE-PESNEL
50237,85.51Z,PME,50320,LA HAYE-PESNEL
50237,85.52Z,PME,50320,LA HAYE-PESNEL
50237,85.53Z,PME,50320,LA HAYE-PESNEL
50237,86.21Z,PME,50320,LA HAYE-PESNEL
50237,86.23Z,PME,50320,LA HAYE-PESNEL
50237,86.90A,PME,50320,LA HAYE-PESNEL
50237,86.90D,,50320,LA HAYE-PESNEL
50237,86.90D,PME,50320,LA HAYE-PESNEL
50237,86.90E,PME,50320,LA HAYE-PESNEL
50237,86.90F,,50320,LA HAYE-PESNEL
50237,86.90F,PME,50320,LA HAYE-PESNEL
50237,87.10A,PME,50320,LA HAYE-PESNEL
50237,88.99B,,50320,LA HAYE-PESNEL
50237,90.01Z,PME,50320,LA HAYE-PESNEL
50237,90.02Z,,50320,LA HAYE-PESNEL
50237,90.03B,PME,50320,LA HAYE-PESNEL
50237,93.12Z,,50320,LA HAYE-PESNEL
50237,93.12Z,PME,50320,LA HAYE-PESNEL
50237,93.19Z,,50320,LA HAYE-PESNEL
50237,93.29Z,,50320,LA HAYE-PESNEL
50237,93.29Z,PME,50320,LA HAYE-PESNEL
50237,94.11Z,,50320,LA HAYE-PESNEL
50237,94.91Z,PME,50320,LA HAYE-PESNEL
50237,94.99Z,,50320,LA HAYE-PESNEL
50237,94.99Z,PME,50320,LA HAYE-PESNEL
50237,95.21Z,PME,50320,LA HAYE-PESNEL
50237,96.01B,PME,50320,LA HAYE-PESNEL
50237,96.02A,PME,50320,LA HAYE-PESNEL
50237,96.02B,,50320,LA HAYE-PESNEL
50237,96.04Z,PME,50320,LA HAYE-PESNEL
50238,01.11Z,,50340,HEAUVILLE
50238,01.41Z,,50340,HEAUVILLE
50238,01.42Z,,50340,HEAUVILLE
50238,01.45Z,,50340,HEAUVILLE
50238,01.49Z,,50340,HEAUVILLE
50238,01.50Z,,50340,HEAUVILLE
50238,03.11Z,,50340,HEAUVILLE
50238,35.11Z,,50340,HEAUVILLE
50238,46.71Z,,50340,HEAUVILLE
50238,47.89Z,PME,50340,HEAUVILLE
50238,47.99A,PME,50340,HEAUVILLE
50238,52.10B,PME,50340,HEAUVILLE
50238,59.12Z,PME,50340,HEAUVILLE
50238,64.20Z,PME,50340,HEAUVILLE
50238,68.20A,,50340,HEAUVILLE
50238,68.20A,PME,50340,HEAUVILLE
50238,68.20B,,50340,HEAUVILLE
50238,68.20B,PME,50340,HEAUVILLE
50238,70.10Z,,50340,HEAUVILLE
50238,70.10Z,PME,50340,HEAUVILLE
50238,74.90B,PME,50340,HEAUVILLE
50238,80.20Z,,50340,HEAUVILLE
50238,84.11Z,PME,50340,HEAUVILLE
50238,85.20Z,PME,50340,HEAUVILLE
50238,85.52Z,PME,50340,HEAUVILLE
50238,85.59B,PME,50340,HEAUVILLE
50238,88.99B,,50340,HEAUVILLE
50238,90.02Z,PME,50340,HEAUVILLE
50238,93.12Z,PME,50340,HEAUVILLE
50238,94.99Z,,50340,HEAUVILLE
50238,96.09Z,,50340,HEAUVILLE
50239,01.11Z,,50180,THEREVAL
50239,01.41Z,,50180,THEREVAL
50239,01.42Z,,50180,THEREVAL
50239,01.43Z,,50180,THEREVAL
50239,01.47Z,,50180,THEREVAL
50239,01.49Z,,50180,THEREVAL
50239,01.50Z,,50180,THEREVAL
50239,08.12Z,PME,50180,THEREVAL
50239,10.71C,PME,50180,THEREVAL
50239,29.20Z,PME,50180,THEREVAL
50239,31.09B,PME,50180,THEREVAL
50239,32.99Z,PME,50180,THEREVAL
50239,33.12Z,,50180,THEREVAL
50239,33.12Z,PME,50180,THEREVAL
50239,33.20C,PME,50180,THEREVAL
50239,43.12A,PME,50180,THEREVAL
50239,43.12B,PME,50180,THEREVAL
50239,43.21A,PME,50180,THEREVAL
50239,43.22B,PME,50180,THEREVAL
50239,43.31Z,PME,50180,THEREVAL
50239,43.32B,PME,50180,THEREVAL
50239,43.34Z,PME,50180,THEREVAL
50239,43.91B,PME,50180,THEREVAL
50239,43.99C,PME,50180,THEREVAL
50239,43.99D,PME,50180,THEREVAL
50239,45.11Z,,50180,THEREVAL
50239,45.20A,,50180,THEREVAL
50239,45.20A,PME,50180,THEREVAL
50239,45.32Z,PME,50180,THEREVAL
50239,46.19B,PME,50180,THEREVAL
50239,47.11B,PME,50180,THEREVAL
50239,47.22Z,,50180,THEREVAL
50239,47.71Z,PME,50180,THEREVAL
50239,47.73Z,PME,50180,THEREVAL
50239,47.82Z,PME,50180,THEREVAL
50239,47.99A,PME,50180,THEREVAL
50239,49.41B,PME,50180,THEREVAL
50239,55.20Z,PME,50180,THEREVAL
50239,56.30Z,PME,50180,THEREVAL
50239,62.01Z,PME,50180,THEREVAL
50239,63.91Z,PME,50180,THEREVAL
50239,64.20Z,,50180,THEREVAL
50239,64.20Z,PME,50180,THEREVAL
50239,64.30Z,PME,50180,THEREVAL
50239,66.30Z,PME,50180,THEREVAL
50239,68.20A,,50180,THEREVAL
50239,68.20A,PME,50180,THEREVAL
50239,68.20B,,50180,THEREVAL
50239,68.20B,PME,50180,THEREVAL
50239,68.31Z,PME,50180,THEREVAL
50239,70.10Z,,50180,THEREVAL
50239,70.10Z,PME,50180,THEREVAL
50239,70.22Z,PME,50180,THEREVAL
50239,71.12B,PME,50180,THEREVAL
50239,74.10Z,PME,50180,THEREVAL
50239,74.20Z,,50180,THEREVAL
50239,77.11A,PME,50180,THEREVAL
50239,77.39Z,PME,50180,THEREVAL
50239,79.90Z,PME,50180,THEREVAL
50239,81.30Z,PME,50180,THEREVAL
50239,82.11Z,,50180,THEREVAL
50239,82.19Z,PME,50180,THEREVAL
50239,84.11Z,PME,50180,THEREVAL
50239,85.20Z,PME,50180,THEREVAL
50239,86.10Z,ETI,50180,THEREVAL
50239,86.21Z,PME,50180,THEREVAL
50239,86.22C,PME,50180,THEREVAL
50239,86.23Z,PME,50180,THEREVAL
50239,86.90D,,50180,THEREVAL
50239,86.90D,PME,50180,THEREVAL
50239,86.90E,PME,50180,THEREVAL
50239,86.90F,,50180,THEREVAL
50239,86.90F,PME,50180,THEREVAL
50239,88.99B,,50180,THEREVAL
50239,90.01Z,,50180,THEREVAL
50239,90.01Z,PME,50180,THEREVAL
50239,90.02Z,,50180,THEREVAL
50239,93.12Z,,50180,THEREVAL
50239,93.12Z,PME,50180,THEREVAL
50239,93.19Z,,50180,THEREVAL
50239,93.29Z,,50180,THEREVAL
50239,94.99Z,,50180,THEREVAL
50239,94.99Z,PME,50180,THEREVAL
50239,96.02A,PME,50180,THEREVAL
50239,96.02B,PME,50180,THEREVAL
50239,96.09Z,PME,50180,THEREVAL
50240,01.11Z,,50340,HELLEVILLE
50240,01.41Z,,50340,HELLEVILLE
50240,01.42Z,,50340,HELLEVILLE
50240,01.43Z,,50340,HELLEVILLE
50240,01.45Z,,50340,HELLEVILLE
50240,01.49Z,,50340,HELLEVILLE
50240,01.61Z,,50340,HELLEVILLE
50240,35.11Z,PME,50340,HELLEVILLE
50240,43.21A,PME,50340,HELLEVILLE
50240,45.20A,PME,50340,HELLEVILLE
50240,46.19B,,50340,HELLEVILLE
50240,47.81Z,PME,50340,HELLEVILLE
50240,55.20Z,,50340,HELLEVILLE
50240,56.29B,,50340,HELLEVILLE
50240,64.20Z,,50340,HELLEVILLE
50240,68.20A,,50340,HELLEVILLE
50240,68.20B,,50340,HELLEVILLE
50240,68.20B,PME,50340,HELLEVILLE
50240,81.21Z,,50340,HELLEVILLE
50240,81.29A,PME,50340,HELLEVILLE
50240,81.30Z,,50340,HELLEVILLE
50240,81.30Z,PME,50340,HELLEVILLE
50240,84.11Z,PME,50340,HELLEVILLE
50240,85.20Z,PME,50340,HELLEVILLE
50240,85.53Z,PME,50340,HELLEVILLE
50240,86.90D,,50340,HELLEVILLE
50240,86.90F,PME,50340,HELLEVILLE
50240,88.10A,,50340,HELLEVILLE
50240,88.99B,,50340,HELLEVILLE
50240,94.99Z,,50340,HELLEVILLE
50240,96.02A,,50340,HELLEVILLE
50243,01.11Z,,50200,HEUGUEVILLE-SUR-SIENNE
50243,01.41Z,,50200,HEUGUEVILLE-SUR-SIENNE
50243,01.42Z,,50200,HEUGUEVILLE-SUR-SIENNE
50243,01.43Z,,50200,HEUGUEVILLE-SUR-SIENNE
50243,01.45Z,,50200,HEUGUEVILLE-SUR-SIENNE
50243,01.50Z,,50200,HEUGUEVILLE-SUR-SIENNE
50243,01.61Z,,50200,HEUGUEVILLE-SUR-SIENNE
50243,03.11Z,,50200,HEUGUEVILLE-SUR-SIENNE
50243,03.21Z,,50200,HEUGUEVILLE-SUR-SIENNE
50243,10.71C,PME,50200,HEUGUEVILLE-SUR-SIENNE
50243,14.13Z,PME,50200,HEUGUEVILLE-SUR-SIENNE
50243,23.41Z,,50200,HEUGUEVILLE-SUR-SIENNE
50243,37.00Z,PME,50200,HEUGUEVILLE-SUR-SIENNE
50243,43.21A,,50200,HEUGUEVILLE-SUR-SIENNE
50243,43.22A,,50200,HEUGUEVILLE-SUR-SIENNE
50243,43.32A,PME,50200,HEUGUEVILLE-SUR-SIENNE
50243,43.99C,PME,50200,HEUGUEVILLE-SUR-SIENNE
50243,46.19B,PME,50200,HEUGUEVILLE-SUR-SIENNE
50243,47.22Z,PME,50200,HEUGUEVILLE-SUR-SIENNE
50243,47.81Z,,50200,HEUGUEVILLE-SUR-SIENNE
50243,47.81Z,PME,50200,HEUGUEVILLE-SUR-SIENNE
50243,47.91A,PME,50200,HEUGUEVILLE-SUR-SIENNE
50243,47.99A,PME,50200,HEUGUEVILLE-SUR-SIENNE
50243,55.20Z,PME,50200,HEUGUEVILLE-SUR-SIENNE
50243,56.10A,,50200,HEUGUEVILLE-SUR-SIENNE
50243,56.10A,PME,50200,HEUGUEVILLE-SUR-SIENNE
50243,64.30Z,,50200,HEUGUEVILLE-SUR-SIENNE
50243,68.20A,,50200,HEUGUEVILLE-SUR-SIENNE
50243,68.20A,PME,50200,HEUGUEVILLE-SUR-SIENNE
50243,68.20B,,50200,HEUGUEVILLE-SUR-SIENNE
50243,68.20B,PME,50200,HEUGUEVILLE-SUR-SIENNE
50243,68.32A,PME,50200,HEUGUEVILLE-SUR-SIENNE
50243,69.10Z,PME,50200,HEUGUEVILLE-SUR-SIENNE
50243,70.10Z,,50200,HEUGUEVILLE-SUR-SIENNE
50243,70.22Z,,50200,HEUGUEVILLE-SUR-SIENNE
50243,70.22Z,PME,50200,HEUGUEVILLE-SUR-SIENNE
50243,74.20Z,PME,50200,HEUGUEVILLE-SUR-SIENNE
50243,74.90B,,50200,HEUGUEVILLE-SUR-SIENNE
50243,74.90B,PME,50200,HEUGUEVILLE-SUR-SIENNE
50243,81.21Z,,50200,HEUGUEVILLE-SUR-SIENNE
50243,84.11Z,PME,50200,HEUGUEVILLE-SUR-SIENNE
50243,86.90D,PME,50200,HEUGUEVILLE-SUR-SIENNE
50243,94.91Z,,50200,HEUGUEVILLE-SUR-SIENNE
50243,94.99Z,,50200,HEUGUEVILLE-SUR-SIENNE
50243,95.29Z,PME,50200,HEUGUEVILLE-SUR-SIENNE
50243,96.09Z,,50200,HEUGUEVILLE-SUR-SIENNE
50246,01.13Z,,50480,HIESVILLE
50246,01.41Z,,50480,HIESVILLE
50246,01.43Z,,50480,HIESVILLE
50246,01.43Z,PME,50480,HIESVILLE
50246,01.50Z,,50480,HIESVILLE
50246,03.11Z,,50480,HIESVILLE
50246,31.09B,PME,50480,HIESVILLE
50246,49.32Z,PME,50480,HIESVILLE
50246,68.10Z,,50480,HIESVILLE
50246,68.20B,,50480,HIESVILLE
50246,68.20B,PME,50480,HIESVILLE
50246,77.31Z,,50480,HIESVILLE
50246,84.11Z,PME,50480,HIESVILLE
50246,85.53Z,PME,50480,HIESVILLE
50246,86.21Z,PME,50480,HIESVILLE
50246,88.99B,,50480,HIESVILLE
50246,94.99Z,,50480,HIESVILLE
50247,01.30Z,,50320,HOCQUIGNY
50247,01.42Z,,50320,HOCQUIGNY
50247,01.43Z,,50320,HOCQUIGNY
50247,01.49Z,,50320,HOCQUIGNY
50247,01.50Z,,50320,HOCQUIGNY
50247,43.12A,PME,50320,HOCQUIGNY
50247,43.34Z,PME,50320,HOCQUIGNY
50247,47.89Z,,50320,HOCQUIGNY
50247,47.91B,,50320,HOCQUIGNY
50247,62.01Z,,50320,HOCQUIGNY
50247,68.20B,,50320,HOCQUIGNY
50247,68.32A,PME,50320,HOCQUIGNY
50247,84.11Z,PME,50320,HOCQUIGNY
50247,90.01Z,PME,50320,HOCQUIGNY
50247,94.99Z,,50320,HOCQUIGNY
50253,01.11Z,,50170,HUISNES-SUR-MER
50253,01.13Z,,50170,HUISNES-SUR-MER
50253,01.41Z,,50170,HUISNES-SUR-MER
50253,01.43Z,,50170,HUISNES-SUR-MER
50253,01.45Z,,50170,HUISNES-SUR-MER
50253,01.50Z,,50170,HUISNES-SUR-MER
50253,31.09B,PME,50170,HUISNES-SUR-MER
50253,41.10D,PME,50170,HUISNES-SUR-MER
50253,43.22B,PME,50170,HUISNES-SUR-MER
50253,43.32A,PME,50170,HUISNES-SUR-MER
50253,43.99B,PME,50170,HUISNES-SUR-MER
50253,47.61Z,PME,50170,HUISNES-SUR-MER
50253,47.89Z,PME,50170,HUISNES-SUR-MER
50253,55.20Z,,50170,HUISNES-SUR-MER
50253,55.20Z,PME,50170,HUISNES-SUR-MER
50253,56.10A,PME,50170,HUISNES-SUR-MER
50253,64.20Z,PME,50170,HUISNES-SUR-MER
50253,68.20A,,50170,HUISNES-SUR-MER
50253,68.20A,PME,50170,HUISNES-SUR-MER
50253,68.20B,,50170,HUISNES-SUR-MER
50253,68.20B,PME,50170,HUISNES-SUR-MER
50253,70.10Z,,50170,HUISNES-SUR-MER
50253,71.12B,PME,50170,HUISNES-SUR-MER
50253,84.11Z,PME,50170,HUISNES-SUR-MER
50253,86.90F,PME,50170,HUISNES-SUR-MER
50253,96.09Z,,50170,HUISNES-SUR-MER
50253,99.00Z,PME,50170,HUISNES-SUR-MER
50258,01.11Z,,50310,JOGANVILLE
50258,01.41Z,,50310,JOGANVILLE
50258,01.42Z,,50310,JOGANVILLE
50258,01.49Z,,50310,JOGANVILLE
50258,01.50Z,,50310,JOGANVILLE
50258,03.11Z,,50310,JOGANVILLE
50258,18.13Z,PME,50310,JOGANVILLE
50258,23.41Z,PME,50310,JOGANVILLE
50258,43.32A,PME,50310,JOGANVILLE
50258,43.91B,,50310,JOGANVILLE
50258,55.20Z,PME,50310,JOGANVILLE
50258,68.20A,,50310,JOGANVILLE
50258,68.20A,PME,50310,JOGANVILLE
50258,68.20B,PME,50310,JOGANVILLE
50258,84.11Z,PME,50310,JOGANVILLE
50258,96.02B,PME,50310,JOGANVILLE
50259,01.11Z,,50220,JUILLEY
50259,01.19Z,,50220,JUILLEY
50259,01.29Z,,50220,JUILLEY
50259,01.41Z,,50220,JUILLEY
50259,01.42Z,,50220,JUILLEY
50259,01.43Z,,50220,JUILLEY
50259,01.46Z,,50220,JUILLEY
50259,01.49Z,,50220,JUILLEY
50259,01.61Z,,50220,JUILLEY
50259,01.62Z,,50220,JUILLEY
50259,10.71C,PME,50220,JUILLEY
50259,15.12Z,GE,50220,JUILLEY
50259,15.12Z,PME,50220,JUILLEY
50259,24.10Z,,50220,JUILLEY
50259,25.99B,PME,50220,JUILLEY
50259,29.20Z,PME,50220,JUILLEY
50259,31.09B,PME,50220,JUILLEY
50259,32.50A,PME,50220,JUILLEY
50259,33.20B,PME,50220,JUILLEY
50259,37.00Z,PME,50220,JUILLEY
50259,41.10D,PME,50220,JUILLEY
50259,43.12A,PME,50220,JUILLEY
50259,43.22A,,50220,JUILLEY
50259,43.31Z,PME,50220,JUILLEY
50259,43.32A,PME,50220,JUILLEY
50259,43.32B,,50220,JUILLEY
50259,43.32B,PME,50220,JUILLEY
50259,43.91B,,50220,JUILLEY
50259,43.99C,PME,50220,JUILLEY
50259,43.99E,PME,50220,JUILLEY
50259,46.21Z,ETI,50220,JUILLEY
50259,46.21Z,PME,50220,JUILLEY
50259,46.23Z,PME,50220,JUILLEY
50259,47.41Z,PME,50220,JUILLEY
50259,47.78C,PME,50220,JUILLEY
50259,47.81Z,PME,50220,JUILLEY
50259,47.89Z,PME,50220,JUILLEY
50259,47.91A,,50220,JUILLEY
50259,47.91A,PME,50220,JUILLEY
50259,47.91B,PME,50220,JUILLEY
50259,47.99A,,50220,JUILLEY
50259,47.99A,PME,50220,JUILLEY
50259,49.41A,PME,50220,JUILLEY
50259,55.20Z,PME,50220,JUILLEY
50259,56.29A,GE,50220,JUILLEY
50259,58.19Z,PME,50220,JUILLEY
50259,62.01Z,,50220,JUILLEY
50259,62.01Z,PME,50220,JUILLEY
50259,64.20Z,ETI,50220,JUILLEY
50259,68.20A,,50220,JUILLEY
50259,68.20B,,50220,JUILLEY
50259,68.20B,PME,50220,JUILLEY
50259,70.10Z,,50220,JUILLEY
50259,70.10Z,PME,50220,JUILLEY
50259,70.22Z,,50220,JUILLEY
50259,81.21Z,,50220,JUILLEY
50259,81.21Z,PME,50220,JUILLEY
50259,84.11Z,PME,50220,JUILLEY
50259,85.20Z,PME,50220,JUILLEY
50259,85.52Z,,50220,JUILLEY
50259,85.59A,,50220,JUILLEY
50259,86.90D,,50220,JUILLEY
50259,90.01Z,,50220,JUILLEY
50259,93.12Z,,50220,JUILLEY
50259,93.19Z,PME,50220,JUILLEY
50259,94.99Z,,50220,JUILLEY
50259,94.99Z,PME,50220,JUILLEY
50259,96.09Z,PME,50220,JUILLEY
50261,01.11Z,,50160,LAMBERVILLE
50261,01.24Z,,50160,LAMBERVILLE
50261,01.41Z,,50160,LAMBERVILLE
50261,01.42Z,,50160,LAMBERVILLE
50261,01.46Z,,50160,LAMBERVILLE
50261,01.49Z,,50160,LAMBERVILLE
50261,01.50Z,,50160,LAMBERVILLE
50261,01.61Z,,50160,LAMBERVILLE
50261,35.11Z,PME,50160,LAMBERVILLE
50261,39.00Z,PME,50160,LAMBERVILLE
50261,43.33Z,PME,50160,LAMBERVILLE
50261,47.89Z,PME,50160,LAMBERVILLE
50261,47.99A,PME,50160,LAMBERVILLE
50261,68.10Z,PME,50160,LAMBERVILLE
50261,68.20A,,50160,LAMBERVILLE
50261,68.20B,,50160,LAMBERVILLE
50261,68.20B,PME,50160,LAMBERVILLE
50261,70.22Z,PME,50160,LAMBERVILLE
50261,81.30Z,,50160,LAMBERVILLE
50261,84.11Z,PME,50160,LAMBERVILLE
50261,88.99B,,50160,LAMBERVILLE
50261,93.29Z,PME,50160,LAMBERVILLE
50261,94.99Z,,50160,LAMBERVILLE
50265,01.11Z,,50430,LAULNE
50265,01.30Z,,50430,LAULNE
50265,01.41Z,,50430,LAULNE
50265,01.42Z,,50430,LAULNE
50265,01.45Z,,50430,LAULNE
50265,01.49Z,,50430,LAULNE
50265,01.61Z,,50430,LAULNE
50265,02.10Z,,50430,LAULNE
50265,35.11Z,,50430,LAULNE
50265,35.11Z,PME,50430,LAULNE
50265,35.21Z,PME,50430,LAULNE
50265,43.12A,PME,50430,LAULNE
50265,43.32A,PME,50430,LAULNE
50265,47.76Z,PME,50430,LAULNE
50265,55.20Z,PME,50430,LAULNE
50265,55.30Z,PME,50430,LAULNE
50265,68.20A,,50430,LAULNE
50265,68.20B,,50430,LAULNE
50265,68.20B,PME,50430,LAULNE
50265,84.11Z,PME,50430,LAULNE
50265,93.12Z,,50430,LAULNE
50266,01.11Z,,50450,LENGRONNE
50266,01.19Z,,50450,LENGRONNE
50266,01.41Z,,50450,LENGRONNE
50266,01.42Z,,50450,LENGRONNE
50266,01.43Z,,50450,LENGRONNE
50266,01.45Z,,50450,LENGRONNE
50266,01.46Z,,50450,LENGRONNE
50266,01.47Z,,50450,LENGRONNE
50266,01.49Z,,50450,LENGRONNE
50266,01.50Z,,50450,LENGRONNE
50266,01.61Z,,50450,LENGRONNE
50266,31.09B,PME,50450,LENGRONNE
50266,33.19Z,PME,50450,LENGRONNE
50266,35.11Z,,50450,LENGRONNE
50266,35.11Z,PME,50450,LENGRONNE
50266,37.00Z,PME,50450,LENGRONNE
50266,43.22A,PME,50450,LENGRONNE
50266,43.31Z,PME,50450,LENGRONNE
50266,43.32A,PME,50450,LENGRONNE
50266,43.34Z,PME,50450,LENGRONNE
50266,43.91B,PME,50450,LENGRONNE
50266,45.11Z,,50450,LENGRONNE
50266,46.23Z,PME,50450,LENGRONNE
50266,47.81Z,PME,50450,LENGRONNE
50266,47.89Z,PME,50450,LENGRONNE
50266,47.99A,,50450,LENGRONNE
50266,47.99A,PME,50450,LENGRONNE
50266,49.41B,,50450,LENGRONNE
50266,55.20Z,PME,50450,LENGRONNE
50266,56.10A,PME,50450,LENGRONNE
50266,56.29B,,50450,LENGRONNE
50266,66.30Z,PME,50450,LENGRONNE
50266,68.20A,,50450,LENGRONNE
50266,68.20B,,50450,LENGRONNE
50266,68.20B,PME,50450,LENGRONNE
50266,70.10Z,PME,50450,LENGRONNE
50266,84.11Z,PME,50450,LENGRONNE
50266,85.20Z,PME,50450,LENGRONNE
50266,85.52Z,PME,50450,LENGRONNE
50266,88.99B,,50450,LENGRONNE
50266,90.01Z,,50450,LENGRONNE
50266,90.01Z,PME,50450,LENGRONNE
50266,93.12Z,,50450,LENGRONNE
50266,94.99Z,,50450,LENGRONNE
50266,95.29Z,PME,50450,LENGRONNE
50267,01.11Z,,50430,LESSAY
50267,01.13Z,,50430,LESSAY
50267,01.19Z,,50430,LESSAY
50267,01.28Z,,50430,LESSAY
50267,01.41Z,,50430,LESSAY
50267,01.42Z,,50430,LESSAY
50267,01.43Z,,50430,LESSAY
50267,01.45Z,,50430,LESSAY
50267,01.46Z,,50430,LESSAY
50267,01.47Z,,50430,LESSAY
50267,01.49Z,,50430,LESSAY
50267,01.49Z,PME,50430,LESSAY
50267,01.50Z,,50430,LESSAY
50267,01.61Z,,50430,LESSAY
50267,01.62Z,,50430,LESSAY
50267,10.11Z,PME,50430,LESSAY
50267,10.39A,GE,50430,LESSAY
50267,10.51C,ETI,50430,LESSAY
50267,10.71C,,50430,LESSAY
50267,10.71C,PME,50430,LESSAY
50267,16.23Z,,50430,LESSAY
50267,16.23Z,GE,50430,LESSAY
50267,17.29Z,PME,50430,LESSAY
50267,22.22Z,PME,50430,LESSAY
50267,33.14Z,PME,50430,LESSAY
50267,35.11Z,,50430,LESSAY
50267,35.11Z,PME,50430,LESSAY
50267,36.00Z,PME,50430,LESSAY
50267,38.32Z,,50430,LESSAY
50267,39.00Z,PME,50430,LESSAY
50267,41.10D,PME,50430,LESSAY
50267,41.20B,ETI,50430,LESSAY
50267,41.20B,PME,50430,LESSAY
50267,42.99Z,PME,50430,LESSAY
50267,43.13Z,PME,50430,LESSAY
50267,43.21A,PME,50430,LESSAY
50267,43.22A,PME,50430,LESSAY
50267,43.22B,PME,50430,LESSAY
50267,43.32A,,50430,LESSAY
50267,43.32A,PME,50430,LESSAY
50267,43.32B,,50430,LESSAY
50267,43.34Z,,50430,LESSAY
50267,43.34Z,PME,50430,LESSAY
50267,43.91B,,50430,LESSAY
50267,43.91B,PME,50430,LESSAY
50267,43.99C,PME,50430,LESSAY
50267,45.11Z,,50430,LESSAY
50267,45.11Z,PME,50430,LESSAY
50267,45.20A,PME,50430,LESSAY
50267,45.20B,PME,50430,LESSAY
50267,45.40Z,PME,50430,LESSAY
50267,46.21Z,ETI,50430,LESSAY
50267,46.21Z,GE,50430,LESSAY
50267,46.23Z,PME,50430,LESSAY
50267,46.31Z,GE,50430,LESSAY
50267,46.42Z,,50430,LESSAY
50267,46.61Z,PME,50430,LESSAY
50267,46.73A,ETI,50430,LESSAY
50267,46.73A,GE,50430,LESSAY
50267,47.11B,,50430,LESSAY
50267,47.11B,PME,50430,LESSAY
50267,47.11D,GE,50430,LESSAY
50267,47.11D,PME,50430,LESSAY
50267,47.22Z,PME,50430,LESSAY
50267,47.25Z,PME,50430,LESSAY
50267,47.41Z,PME,50430,LESSAY
50267,47.52B,,50430,LESSAY
50267,47.59B,PME,50430,LESSAY
50267,47.71Z,PME,50430,LESSAY
50267,47.72B,PME,50430,LESSAY
50267,47.73Z,PME,50430,LESSAY
50267,47.76Z,PME,50430,LESSAY
50267,47.78A,PME,50430,LESSAY
50267,47.78C,PME,50430,LESSAY
50267,47.82Z,PME,50430,LESSAY
50267,47.89Z,PME,50430,LESSAY
50267,47.91B,PME,50430,LESSAY
50267,47.99A,PME,50430,LESSAY
50267,49.32Z,PME,50430,LESSAY
50267,49.41A,PME,50430,LESSAY
50267,49.41B,,50430,LESSAY
50267,49.41B,PME,50430,LESSAY
50267,52.22Z,,50430,LESSAY
50267,53.10Z,GE,50430,LESSAY
50267,55.10Z,PME,50430,LESSAY
50267,55.20Z,PME,50430,LESSAY
50267,56.10A,PME,50430,LESSAY
50267,56.10C,PME,50430,LESSAY
50267,56.29A,GE,50430,LESSAY
50267,56.29B,GE,50430,LESSAY
50267,56.30Z,PME,50430,LESSAY
50267,63.11Z,PME,50430,LESSAY
50267,64.19Z,GE,50430,LESSAY
50267,64.20Z,PME,50430,LESSAY
50267,64.30Z,PME,50430,LESSAY
50267,66.19A,,50430,LESSAY
50267,66.19A,PME,50430,LESSAY
50267,66.22Z,PME,50430,LESSAY
50267,68.20A,,50430,LESSAY
50267,68.20A,PME,50430,LESSAY
50267,68.20B,,50430,LESSAY
50267,68.20B,PME,50430,LESSAY
50267,68.31Z,,50430,LESSAY
50267,68.31Z,PME,50430,LESSAY
50267,68.32A,,50430,LESSAY
50267,69.10Z,PME,50430,LESSAY
50267,70.10Z,,50430,LESSAY
50267,70.10Z,GE,50430,LESSAY
50267,70.10Z,PME,50430,LESSAY
50267,70.21Z,PME,50430,LESSAY
50267,70.22Z,GE,50430,LESSAY
50267,70.22Z,PME,50430,LESSAY
50267,71.12B,PME,50430,LESSAY
50267,71.20B,PME,50430,LESSAY
50267,75.00Z,PME,50430,LESSAY
50267,77.11A,,50430,LESSAY
50267,77.21Z,PME,50430,LESSAY
50267,78.20Z,PME,50430,LESSAY
50267,78.30Z,PME,50430,LESSAY
50267,80.10Z,PME,50430,LESSAY
50267,81.10Z,,50430,LESSAY
50267,81.21Z,,50430,LESSAY
50267,81.30Z,,50430,LESSAY
50267,81.30Z,PME,50430,LESSAY
50267,82.11Z,PME,50430,LESSAY
50267,82.19Z,PME,50430,LESSAY
50267,84.11Z,PME,50430,LESSAY
50267,85.20Z,PME,50430,LESSAY
50267,85.31Z,PME,50430,LESSAY
50267,85.51Z,,50430,LESSAY
50267,85.53Z,PME,50430,LESSAY
50267,86.21Z,,50430,LESSAY
50267,86.21Z,PME,50430,LESSAY
50267,86.23Z,,50430,LESSAY
50267,86.23Z,PME,50430,LESSAY
50267,86.90D,,50430,LESSAY
50267,86.90D,PME,50430,LESSAY
50267,86.90E,PME,50430,LESSAY
50267,86.90F,,50430,LESSAY
50267,86.90F,PME,50430,LESSAY
50267,88.10C,ETI,50430,LESSAY
50267,88.91A,PME,50430,LESSAY
50267,88.99B,,50430,LESSAY
50267,88.99B,ETI,50430,LESSAY
50267,90.01Z,,50430,LESSAY
50267,90.01Z,PME,50430,LESSAY
50267,90.03B,,50430,LESSAY
50267,90.03B,PME,50430,LESSAY
50267,93.11Z,PME,50430,LESSAY
50267,93.12Z,,50430,LESSAY
50267,93.12Z,PME,50430,LESSAY
50267,93.13Z,PME,50430,LESSAY
50267,93.19Z,,50430,LESSAY
50267,93.19Z,PME,50430,LESSAY
50267,93.29Z,,50430,LESSAY
50267,94.11Z,,50430,LESSAY
50267,94.11Z,PME,50430,LESSAY
50267,94.12Z,,50430,LESSAY
50267,94.91Z,,50430,LESSAY
50267,94.91Z,PME,50430,LESSAY
50267,94.99Z,,50430,LESSAY
50267,94.99Z,PME,50430,LESSAY
50267,95.12Z,PME,50430,LESSAY
50267,96.02A,PME,50430,LESSAY
50267,96.02B,PME,50430,LESSAY
50267,96.03Z,PME,50430,LESSAY
50267,96.09Z,,50430,LESSAY
50267,96.09Z,PME,50430,LESSAY
50268,01.41Z,,50310,LESTRE
50268,01.42Z,,50310,LESTRE
50268,01.47Z,,50310,LESTRE
50268,01.50Z,,50310,LESTRE
50268,01.61Z,,50310,LESTRE
50268,03.11Z,,50310,LESTRE
50268,03.21Z,,50310,LESTRE
50268,10.20Z,,50310,LESTRE
50268,46.19B,PME,50310,LESTRE
50268,46.39A,PME,50310,LESTRE
50268,47.99A,PME,50310,LESTRE
50268,68.20A,,50310,LESTRE
50268,68.20B,PME,50310,LESTRE
50268,70.10Z,,50310,LESTRE
50268,81.21Z,PME,50310,LESTRE
50268,82.92Z,PME,50310,LESTRE
50268,82.99Z,PME,50310,LESTRE
50268,84.11Z,PME,50310,LESTRE
50268,88.99A,PME,50310,LESTRE
50268,93.29Z,PME,50310,LESTRE
50268,94.99Z,,50310,LESTRE
50268,96.09Z,,50310,LESTRE
50269,01.41Z,,50480,LIESVILLE-SUR-DOUVE
50269,01.42Z,,50480,LIESVILLE-SUR-DOUVE
50269,01.45Z,,50480,LIESVILLE-SUR-DOUVE
50269,01.45Z,PME,50480,LIESVILLE-SUR-DOUVE
50269,01.49Z,,50480,LIESVILLE-SUR-DOUVE
50269,43.12A,,50480,LIESVILLE-SUR-DOUVE
50269,47.71Z,PME,50480,LIESVILLE-SUR-DOUVE
50269,47.99A,,50480,LIESVILLE-SUR-DOUVE
50269,56.10C,PME,50480,LIESVILLE-SUR-DOUVE
50269,56.30Z,,50480,LIESVILLE-SUR-DOUVE
50269,68.20A,,50480,LIESVILLE-SUR-DOUVE
50269,68.20B,,50480,LIESVILLE-SUR-DOUVE
50269,70.22Z,PME,50480,LIESVILLE-SUR-DOUVE
50269,74.20Z,PME,50480,LIESVILLE-SUR-DOUVE
50269,84.11Z,PME,50480,LIESVILLE-SUR-DOUVE
50269,85.51Z,PME,50480,LIESVILLE-SUR-DOUVE
50269,85.53Z,,50480,LIESVILLE-SUR-DOUVE
50273,01.11Z,,50250,MONTSENELLE
50273,01.24Z,,50250,MONTSENELLE
50273,01.41Z,,50250,MONTSENELLE
50273,01.42Z,,50250,MONTSENELLE
50273,01.43Z,,50250,MONTSENELLE
50273,01.45Z,,50250,MONTSENELLE
50273,01.49Z,,50250,MONTSENELLE
50273,01.49Z,PME,50250,MONTSENELLE
50273,01.50Z,,50250,MONTSENELLE
50273,01.61Z,,50250,MONTSENELLE
50273,01.70Z,,50250,MONTSENELLE
50273,02.10Z,,50250,MONTSENELLE
50273,02.40Z,,50250,MONTSENELLE
50273,10.71C,,50250,MONTSENELLE
50273,13.30Z,PME,50250,MONTSENELLE
50273,15.12Z,PME,50250,MONTSENELLE
50273,16.10A,PME,50250,MONTSENELLE
50273,23.41Z,PME,50250,MONTSENELLE
50273,28.29B,PME,50250,MONTSENELLE
50273,32.13Z,PME,50250,MONTSENELLE
50273,35.11Z,,50250,MONTSENELLE
50273,35.11Z,PME,50250,MONTSENELLE
50273,36.00Z,PME,50250,MONTSENELLE
50273,37.00Z,PME,50250,MONTSENELLE
50273,43.12A,PME,50250,MONTSENELLE
50273,43.21A,PME,50250,MONTSENELLE
50273,43.32A,,50250,MONTSENELLE
50273,43.32A,PME,50250,MONTSENELLE
50273,43.33Z,,50250,MONTSENELLE
50273,43.33Z,PME,50250,MONTSENELLE
50273,43.91B,PME,50250,MONTSENELLE
50273,43.99C,PME,50250,MONTSENELLE
50273,45.11Z,,50250,MONTSENELLE
50273,45.11Z,PME,50250,MONTSENELLE
50273,45.20A,PME,50250,MONTSENELLE
50273,45.40Z,,50250,MONTSENELLE
50273,46.16Z,PME,50250,MONTSENELLE
50273,46.19B,PME,50250,MONTSENELLE
50273,46.90Z,PME,50250,MONTSENELLE
50273,47.81Z,PME,50250,MONTSENELLE
50273,47.89Z,PME,50250,MONTSENELLE
50273,47.91A,PME,50250,MONTSENELLE
50273,47.99A,PME,50250,MONTSENELLE
50273,49.41A,PME,50250,MONTSENELLE
50273,55.20Z,,50250,MONTSENELLE
50273,55.20Z,PME,50250,MONTSENELLE
50273,56.10C,,50250,MONTSENELLE
50273,56.10C,PME,50250,MONTSENELLE
50273,56.30Z,PME,50250,MONTSENELLE
50273,62.01Z,PME,50250,MONTSENELLE
50273,62.03Z,PME,50250,MONTSENELLE
50273,66.19B,PME,50250,MONTSENELLE
50273,68.10Z,,50250,MONTSENELLE
50273,68.20A,,50250,MONTSENELLE
50273,68.20B,,50250,MONTSENELLE
50273,68.20B,PME,50250,MONTSENELLE
50273,68.32A,,50250,MONTSENELLE
50273,70.22Z,,50250,MONTSENELLE
50273,74.20Z,PME,50250,MONTSENELLE
50273,74.90B,PME,50250,MONTSENELLE
50273,81.30Z,PME,50250,MONTSENELLE
50273,84.11Z,PME,50250,MONTSENELLE
50273,85.20Z,PME,50250,MONTSENELLE
50273,85.51Z,PME,50250,MONTSENELLE
50273,85.59A,PME,50250,MONTSENELLE
50273,85.59B,,50250,MONTSENELLE
50273,86.90D,,50250,MONTSENELLE
50273,86.90D,PME,50250,MONTSENELLE
50273,86.90F,PME,50250,MONTSENELLE
50273,87.10A,PME,50250,MONTSENELLE
50273,87.30A,,50250,MONTSENELLE
50273,88.91A,,50250,MONTSENELLE
50273,88.99B,,50250,MONTSENELLE
50273,90.01Z,PME,50250,MONTSENELLE
50273,90.03B,PME,50250,MONTSENELLE
50273,93.12Z,,50250,MONTSENELLE
50273,94.99Z,,50250,MONTSENELLE
50273,94.99Z,PME,50250,MONTSENELLE
50273,96.02A,,50250,MONTSENELLE
50273,96.02A,PME,50250,MONTSENELLE
50273,96.09Z,PME,50250,MONTSENELLE
50275,01.11Z,,50370,LES LOGES-SUR-BRECEY
50275,01.19Z,,50370,LES LOGES-SUR-BRECEY
50275,01.29Z,,50370,LES LOGES-SUR-BRECEY
50275,01.41Z,,50370,LES LOGES-SUR-BRECEY
50275,01.42Z,,50370,LES LOGES-SUR-BRECEY
50275,01.43Z,,50370,LES LOGES-SUR-BRECEY
50275,01.45Z,,50370,LES LOGES-SUR-BRECEY
50275,01.49Z,,50370,LES LOGES-SUR-BRECEY
50275,01.50Z,,50370,LES LOGES-SUR-BRECEY
50275,43.12A,PME,50370,LES LOGES-SUR-BRECEY
50275,43.91A,PME,50370,LES LOGES-SUR-BRECEY
50275,43.99C,PME,50370,LES LOGES-SUR-BRECEY
50275,47.89Z,PME,50370,LES LOGES-SUR-BRECEY
50275,47.99A,PME,50370,LES LOGES-SUR-BRECEY
50275,49.32Z,PME,50370,LES LOGES-SUR-BRECEY
50275,68.20A,PME,50370,LES LOGES-SUR-BRECEY
50275,68.20B,,50370,LES LOGES-SUR-BRECEY
50275,68.20B,PME,50370,LES LOGES-SUR-BRECEY
50275,81.21Z,PME,50370,LES LOGES-SUR-BRECEY
50275,84.11Z,PME,50370,LES LOGES-SUR-BRECEY
50275,95.29Z,PME,50370,LES LOGES-SUR-BRECEY
50277,01.11Z,,50290,LONGUEVILLE
50277,01.41Z,,50290,LONGUEVILLE
50277,01.42Z,,50290,LONGUEVILLE
50277,01.43Z,,50290,LONGUEVILLE
50277,01.45Z,,50290,LONGUEVILLE
50277,01.46Z,,50290,LONGUEVILLE
50277,01.49Z,,50290,LONGUEVILLE
50277,03.11Z,,50290,LONGUEVILLE
50277,23.61Z,PME,50290,LONGUEVILLE
50277,28.11Z,PME,50290,LONGUEVILLE
50277,28.99B,PME,50290,LONGUEVILLE
50277,30.11Z,PME,50290,LONGUEVILLE
50277,33.15Z,PME,50290,LONGUEVILLE
50277,33.20C,PME,50290,LONGUEVILLE
50277,35.11Z,PME,50290,LONGUEVILLE
50277,37.00Z,ETI,50290,LONGUEVILLE
50277,41.10D,PME,50290,LONGUEVILLE
50277,43.22A,PME,50290,LONGUEVILLE
50277,43.22B,PME,50290,LONGUEVILLE
50277,43.32A,PME,50290,LONGUEVILLE
50277,43.33Z,,50290,LONGUEVILLE
50277,43.34Z,,50290,LONGUEVILLE
50277,43.34Z,PME,50290,LONGUEVILLE
50277,43.39Z,PME,50290,LONGUEVILLE
50277,43.99C,PME,50290,LONGUEVILLE
50277,45.11Z,PME,50290,LONGUEVILLE
50277,46.19B,PME,50290,LONGUEVILLE
50277,46.38A,PME,50290,LONGUEVILLE
50277,46.72Z,PME,50290,LONGUEVILLE
50277,46.73A,,50290,LONGUEVILLE
50277,47.11B,PME,50290,LONGUEVILLE
50277,47.81Z,PME,50290,LONGUEVILLE
50277,47.89Z,PME,50290,LONGUEVILLE
50277,47.99A,PME,50290,LONGUEVILLE
50277,55.30Z,PME,50290,LONGUEVILLE
50277,56.21Z,PME,50290,LONGUEVILLE
50277,56.30Z,PME,50290,LONGUEVILLE
50277,59.12Z,,50290,LONGUEVILLE
50277,64.20Z,,50290,LONGUEVILLE
50277,64.20Z,PME,50290,LONGUEVILLE
50277,64.30Z,PME,50290,LONGUEVILLE
50277,66.22Z,PME,50290,LONGUEVILLE
50277,66.30Z,,50290,LONGUEVILLE
50277,68.20B,,50290,LONGUEVILLE
50277,68.20B,ETI,50290,LONGUEVILLE
50277,68.20B,PME,50290,LONGUEVILLE
50277,68.32A,,50290,LONGUEVILLE
50277,69.10Z,PME,50290,LONGUEVILLE
50277,70.22Z,,50290,LONGUEVILLE
50277,70.22Z,PME,50290,LONGUEVILLE
50277,71.12B,PME,50290,LONGUEVILLE
50277,84.11Z,PME,50290,LONGUEVILLE
50277,85.20Z,PME,50290,LONGUEVILLE
50277,85.59A,,50290,LONGUEVILLE
50277,86.21Z,PME,50290,LONGUEVILLE
50277,86.90D,PME,50290,LONGUEVILLE
50277,86.90E,PME,50290,LONGUEVILLE
50277,88.10A,PME,50290,LONGUEVILLE
50277,90.02Z,,50290,LONGUEVILLE
50277,93.29Z,PME,50290,LONGUEVILLE
50277,94.99Z,,50290,LONGUEVILLE
50277,96.02A,PME,50290,LONGUEVILLE
50277,96.09Z,PME,50290,LONGUEVILLE
50281,01.11Z,,50320,LA LUCERNE D'OUTREMER
50281,01.19Z,,50320,LA LUCERNE D'OUTREMER
50281,01.30Z,,50320,LA LUCERNE D'OUTREMER
50281,01.41Z,,50320,LA LUCERNE D'OUTREMER
50281,01.42Z,,50320,LA LUCERNE D'OUTREMER
50281,01.43Z,,50320,LA LUCERNE D'OUTREMER
50281,01.46Z,,50320,LA LUCERNE D'OUTREMER
50281,01.47Z,,50320,LA LUCERNE D'OUTREMER
50281,01.49Z,,50320,LA LUCERNE D'OUTREMER
50281,01.61Z,,50320,LA LUCERNE D'OUTREMER
50281,01.62Z,,50320,LA LUCERNE D'OUTREMER
50281,02.10Z,,50320,LA LUCERNE D'OUTREMER
50281,02.10Z,PME,50320,LA LUCERNE D'OUTREMER
50281,02.20Z,PME,50320,LA LUCERNE D'OUTREMER
50281,13.92Z,,50320,LA LUCERNE D'OUTREMER
50281,16.29Z,PME,50320,LA LUCERNE D'OUTREMER
50281,25.12Z,PME,50320,LA LUCERNE D'OUTREMER
50281,25.61Z,PME,50320,LA LUCERNE D'OUTREMER
50281,33.15Z,PME,50320,LA LUCERNE D'OUTREMER
50281,35.11Z,,50320,LA LUCERNE D'OUTREMER
50281,35.11Z,PME,50320,LA LUCERNE D'OUTREMER
50281,37.00Z,PME,50320,LA LUCERNE D'OUTREMER
50281,43.21A,PME,50320,LA LUCERNE D'OUTREMER
50281,43.22A,PME,50320,LA LUCERNE D'OUTREMER
50281,43.32A,PME,50320,LA LUCERNE D'OUTREMER
50281,43.32B,,50320,LA LUCERNE D'OUTREMER
50281,43.34Z,,50320,LA LUCERNE D'OUTREMER
50281,43.99C,,50320,LA LUCERNE D'OUTREMER
50281,45.20A,,50320,LA LUCERNE D'OUTREMER
50281,45.20A,PME,50320,LA LUCERNE D'OUTREMER
50281,46.11Z,PME,50320,LA LUCERNE D'OUTREMER
50281,46.23Z,PME,50320,LA LUCERNE D'OUTREMER
50281,46.61Z,PME,50320,LA LUCERNE D'OUTREMER
50281,46.73A,PME,50320,LA LUCERNE D'OUTREMER
50281,47.81Z,PME,50320,LA LUCERNE D'OUTREMER
50281,47.99A,,50320,LA LUCERNE D'OUTREMER
50281,47.99A,PME,50320,LA LUCERNE D'OUTREMER
50281,55.20Z,PME,50320,LA LUCERNE D'OUTREMER
50281,56.10A,PME,50320,LA LUCERNE D'OUTREMER
50281,56.29B,,50320,LA LUCERNE D'OUTREMER
50281,56.30Z,PME,50320,LA LUCERNE D'OUTREMER
50281,59.11C,PME,50320,LA LUCERNE D'OUTREMER
50281,59.12Z,,50320,LA LUCERNE D'OUTREMER
50281,64.19Z,GE,50320,LA LUCERNE D'OUTREMER
50281,64.20Z,PME,50320,LA LUCERNE D'OUTREMER
50281,68.20A,,50320,LA LUCERNE D'OUTREMER
50281,68.20A,PME,50320,LA LUCERNE D'OUTREMER
50281,68.20B,,50320,LA LUCERNE D'OUTREMER
50281,68.20B,PME,50320,LA LUCERNE D'OUTREMER
50281,68.32A,,50320,LA LUCERNE D'OUTREMER
50281,70.10Z,,50320,LA LUCERNE D'OUTREMER
50281,70.10Z,PME,50320,LA LUCERNE D'OUTREMER
50281,70.21Z,PME,50320,LA LUCERNE D'OUTREMER
50281,70.22Z,PME,50320,LA LUCERNE D'OUTREMER
50281,73.11Z,,50320,LA LUCERNE D'OUTREMER
50281,74.20Z,PME,50320,LA LUCERNE D'OUTREMER
50281,77.31Z,,50320,LA LUCERNE D'OUTREMER
50281,84.11Z,PME,50320,LA LUCERNE D'OUTREMER
50281,85.10Z,PME,50320,LA LUCERNE D'OUTREMER
50281,85.51Z,,50320,LA LUCERNE D'OUTREMER
50281,85.51Z,PME,50320,LA LUCERNE D'OUTREMER
50281,86.90D,PME,50320,LA LUCERNE D'OUTREMER
50281,86.90F,PME,50320,LA LUCERNE D'OUTREMER
50281,88.99B,,50320,LA LUCERNE D'OUTREMER
50281,90.02Z,,50320,LA LUCERNE D'OUTREMER
50281,91.03Z,PME,50320,LA LUCERNE D'OUTREMER
50281,93.12Z,,50320,LA LUCERNE D'OUTREMER
50281,93.12Z,PME,50320,LA LUCERNE D'OUTREMER
50281,93.19Z,PME,50320,LA LUCERNE D'OUTREMER
50281,93.29Z,PME,50320,LA LUCERNE D'OUTREMER
50281,94.99Z,,50320,LA LUCERNE D'OUTREMER
50281,94.99Z,PME,50320,LA LUCERNE D'OUTREMER
50281,95.29Z,PME,50320,LA LUCERNE D'OUTREMER
50281,96.02A,PME,50320,LA LUCERNE D'OUTREMER
50281,96.02B,,50320,LA LUCERNE D'OUTREMER
50281,96.03Z,PME,50320,LA LUCERNE D'OUTREMER
50285,01.11Z,,50260,MAGNEVILLE
50285,01.41Z,,50260,MAGNEVILLE
50285,01.42Z,,50260,MAGNEVILLE
50285,01.43Z,,50260,MAGNEVILLE
50285,01.45Z,,50260,MAGNEVILLE
50285,01.49Z,,50260,MAGNEVILLE
50285,01.50Z,,50260,MAGNEVILLE
50285,01.61Z,,50260,MAGNEVILLE
50285,43.22A,PME,50260,MAGNEVILLE
50285,43.91B,PME,50260,MAGNEVILLE
50285,49.41B,PME,50260,MAGNEVILLE
50285,52.10B,ETI,50260,MAGNEVILLE
50285,52.10B,PME,50260,MAGNEVILLE
50285,55.20Z,PME,50260,MAGNEVILLE
50285,68.20B,,50260,MAGNEVILLE
50285,68.20B,PME,50260,MAGNEVILLE
50285,68.32A,,50260,MAGNEVILLE
50285,81.21Z,,50260,MAGNEVILLE
50285,81.30Z,PME,50260,MAGNEVILLE
50285,84.11Z,PME,50260,MAGNEVILLE
50285,85.20Z,PME,50260,MAGNEVILLE
50285,85.59A,PME,50260,MAGNEVILLE
50285,87.10A,PME,50260,MAGNEVILLE
50285,90.03A,PME,50260,MAGNEVILLE
50285,90.03B,PME,50260,MAGNEVILLE
50285,94.99Z,,50260,MAGNEVILLE
50285,96.02A,PME,50260,MAGNEVILLE
50285,96.04Z,PME,50260,MAGNEVILLE
50288,01.11Z,,50300,MARCEY-LES-GREVES
50288,01.41Z,,50300,MARCEY-LES-GREVES
50288,01.42Z,,50300,MARCEY-LES-GREVES
50288,01.43Z,,50300,MARCEY-LES-GREVES
50288,01.45Z,,50300,MARCEY-LES-GREVES
50288,01.49Z,,50300,MARCEY-LES-GREVES
50288,01.50Z,,50300,MARCEY-LES-GREVES
50288,03.11Z,,50300,MARCEY-LES-GREVES
50288,10.51D,PME,50300,MARCEY-LES-GREVES
50288,10.71C,PME,50300,MARCEY-LES-GREVES
50288,33.12Z,PME,50300,MARCEY-LES-GREVES
50288,35.11Z,PME,50300,MARCEY-LES-GREVES
50288,41.10D,PME,50300,MARCEY-LES-GREVES
50288,42.22Z,ETI,50300,MARCEY-LES-GREVES
50288,42.99Z,,50300,MARCEY-LES-GREVES
50288,43.12A,,50300,MARCEY-LES-GREVES
50288,43.21A,PME,50300,MARCEY-LES-GREVES
50288,43.22B,PME,50300,MARCEY-LES-GREVES
50288,43.29B,PME,50300,MARCEY-LES-GREVES
50288,43.31Z,PME,50300,MARCEY-LES-GREVES
50288,43.32B,PME,50300,MARCEY-LES-GREVES
50288,43.33Z,PME,50300,MARCEY-LES-GREVES
50288,43.34Z,PME,50300,MARCEY-LES-GREVES
50288,43.91A,PME,50300,MARCEY-LES-GREVES
50288,43.91B,PME,50300,MARCEY-LES-GREVES
50288,43.99C,PME,50300,MARCEY-LES-GREVES
50288,45.11Z,,50300,MARCEY-LES-GREVES
50288,45.11Z,ETI,50300,MARCEY-LES-GREVES
50288,45.11Z,PME,50300,MARCEY-LES-GREVES
50288,45.20A,PME,50300,MARCEY-LES-GREVES
50288,45.32Z,PME,50300,MARCEY-LES-GREVES
50288,46.19B,PME,50300,MARCEY-LES-GREVES
50288,46.21Z,GE,50300,MARCEY-LES-GREVES
50288,46.61Z,ETI,50300,MARCEY-LES-GREVES
50288,46.69B,PME,50300,MARCEY-LES-GREVES
50288,46.73A,PME,50300,MARCEY-LES-GREVES
50288,47.22Z,PME,50300,MARCEY-LES-GREVES
50288,47.41Z,PME,50300,MARCEY-LES-GREVES
50288,47.52A,GE,50300,MARCEY-LES-GREVES
50288,47.59A,PME,50300,MARCEY-LES-GREVES
50288,47.73Z,PME,50300,MARCEY-LES-GREVES
50288,47.76Z,PME,50300,MARCEY-LES-GREVES
50288,47.78C,PME,50300,MARCEY-LES-GREVES
50288,47.79Z,,50300,MARCEY-LES-GREVES
50288,47.79Z,PME,50300,MARCEY-LES-GREVES
50288,47.91B,,50300,MARCEY-LES-GREVES
50288,47.99A,PME,50300,MARCEY-LES-GREVES
50288,49.41A,,50300,MARCEY-LES-GREVES
50288,53.20Z,PME,50300,MARCEY-LES-GREVES
50288,55.10Z,PME,50300,MARCEY-LES-GREVES
50288,55.20Z,PME,50300,MARCEY-LES-GREVES
50288,56.10A,PME,50300,MARCEY-LES-GREVES
50288,56.10C,PME,50300,MARCEY-LES-GREVES
50288,56.30Z,PME,50300,MARCEY-LES-GREVES
50288,58.14Z,,50300,MARCEY-LES-GREVES
50288,64.20Z,PME,50300,MARCEY-LES-GREVES
50288,66.19A,,50300,MARCEY-LES-GREVES
50288,66.19A,PME,50300,MARCEY-LES-GREVES
50288,66.22Z,PME,50300,MARCEY-LES-GREVES
50288,66.30Z,,50300,MARCEY-LES-GREVES
50288,68.20A,,50300,MARCEY-LES-GREVES
50288,68.20A,PME,50300,MARCEY-LES-GREVES
50288,68.20B,,50300,MARCEY-LES-GREVES
50288,68.20B,PME,50300,MARCEY-LES-GREVES
50288,68.31Z,PME,50300,MARCEY-LES-GREVES
50288,68.32A,,50300,MARCEY-LES-GREVES
50288,69.10Z,PME,50300,MARCEY-LES-GREVES
50288,70.10Z,PME,50300,MARCEY-LES-GREVES
50288,70.22Z,PME,50300,MARCEY-LES-GREVES
50288,71.12B,,50300,MARCEY-LES-GREVES
50288,71.12B,PME,50300,MARCEY-LES-GREVES
50288,73.11Z,,50300,MARCEY-LES-GREVES
50288,74.90B,PME,50300,MARCEY-LES-GREVES
50288,77.29Z,PME,50300,MARCEY-LES-GREVES
50288,79.90Z,,50300,MARCEY-LES-GREVES
50288,79.90Z,PME,50300,MARCEY-LES-GREVES
50288,81.22Z,PME,50300,MARCEY-LES-GREVES
50288,81.30Z,PME,50300,MARCEY-LES-GREVES
50288,82.11Z,,50300,MARCEY-LES-GREVES
50288,84.11Z,PME,50300,MARCEY-LES-GREVES
50288,85.20Z,PME,50300,MARCEY-LES-GREVES
50288,85.51Z,PME,50300,MARCEY-LES-GREVES
50288,86.21Z,PME,50300,MARCEY-LES-GREVES
50288,86.22A,PME,50300,MARCEY-LES-GREVES
50288,86.22C,PME,50300,MARCEY-LES-GREVES
50288,86.23Z,,50300,MARCEY-LES-GREVES
50288,86.23Z,PME,50300,MARCEY-LES-GREVES
50288,86.90A,PME,50300,MARCEY-LES-GREVES
50288,86.90D,PME,50300,MARCEY-LES-GREVES
50288,86.90E,PME,50300,MARCEY-LES-GREVES
50288,86.90F,,50300,MARCEY-LES-GREVES
50288,86.90F,PME,50300,MARCEY-LES-GREVES
50288,88.91A,ETI,50300,MARCEY-LES-GREVES
50288,93.12Z,,50300,MARCEY-LES-GREVES
50288,93.12Z,PME,50300,MARCEY-LES-GREVES
50288,93.13Z,PME,50300,MARCEY-LES-GREVES
50288,93.19Z,PME,50300,MARCEY-LES-GREVES
50288,94.91Z,,50300,MARCEY-LES-GREVES
50288,94.99Z,,50300,MARCEY-LES-GREVES
50288,95.29Z,PME,50300,MARCEY-LES-GREVES
50288,96.02A,PME,50300,MARCEY-LES-GREVES
50288,96.03Z,PME,50300,MARCEY-LES-GREVES
50288,96.09Z,PME,50300,MARCEY-LES-GREVES
50289,01.11Z,,50190,MARCHESIEUX
50289,01.13Z,,50190,MARCHESIEUX
50289,01.24Z,,50190,MARCHESIEUX
50289,01.29Z,,50190,MARCHESIEUX
50289,01.41Z,,50190,MARCHESIEUX
50289,01.42Z,,50190,MARCHESIEUX
50289,01.43Z,,50190,MARCHESIEUX
50289,01.45Z,,50190,MARCHESIEUX
50289,01.49Z,,50190,MARCHESIEUX
50289,01.50Z,,50190,MARCHESIEUX
50289,01.61Z,,50190,MARCHESIEUX
50289,03.11Z,,50190,MARCHESIEUX
50289,10.20Z,PME,50190,MARCHESIEUX
50289,10.71C,PME,50190,MARCHESIEUX
50289,16.29Z,,50190,MARCHESIEUX
50289,23.63Z,,50190,MARCHESIEUX
50289,33.20D,PME,50190,MARCHESIEUX
50289,35.11Z,,50190,MARCHESIEUX
50289,37.00Z,PME,50190,MARCHESIEUX
50289,42.99Z,PME,50190,MARCHESIEUX
50289,43.34Z,,50190,MARCHESIEUX
50289,43.91A,PME,50190,MARCHESIEUX
50289,45.32Z,PME,50190,MARCHESIEUX
50289,47.52B,PME,50190,MARCHESIEUX
50289,47.89Z,PME,50190,MARCHESIEUX
50289,47.99A,,50190,MARCHESIEUX
50289,47.99A,PME,50190,MARCHESIEUX
50289,49.10Z,PME,50190,MARCHESIEUX
50289,49.41C,,50190,MARCHESIEUX
50289,55.10Z,PME,50190,MARCHESIEUX
50289,56.10C,PME,50190,MARCHESIEUX
50289,56.29B,PME,50190,MARCHESIEUX
50289,64.20Z,,50190,MARCHESIEUX
50289,68.20A,,50190,MARCHESIEUX
50289,68.20B,,50190,MARCHESIEUX
50289,68.20B,PME,50190,MARCHESIEUX
50289,68.31Z,,50190,MARCHESIEUX
50289,68.31Z,PME,50190,MARCHESIEUX
50289,70.10Z,,50190,MARCHESIEUX
50289,70.10Z,PME,50190,MARCHESIEUX
50289,74.90B,PME,50190,MARCHESIEUX
50289,77.21Z,PME,50190,MARCHESIEUX
50289,81.30Z,PME,50190,MARCHESIEUX
50289,82.99Z,PME,50190,MARCHESIEUX
50289,84.11Z,PME,50190,MARCHESIEUX
50289,85.20Z,PME,50190,MARCHESIEUX
50289,85.51Z,,50190,MARCHESIEUX
50289,85.52Z,PME,50190,MARCHESIEUX
50289,88.91A,PME,50190,MARCHESIEUX
50289,88.99B,,50190,MARCHESIEUX
50289,90.01Z,PME,50190,MARCHESIEUX
50289,93.11Z,PME,50190,MARCHESIEUX
50289,93.12Z,PME,50190,MARCHESIEUX
50289,93.19Z,,50190,MARCHESIEUX
50289,93.29Z,PME,50190,MARCHESIEUX
50289,94.91Z,PME,50190,MARCHESIEUX
50289,94.99Z,,50190,MARCHESIEUX
50289,96.02B,,50190,MARCHESIEUX
50289,96.09Z,,50190,MARCHESIEUX
50289,96.09Z,PME,50190,MARCHESIEUX
50290,01.11Z,,50220,MARCILLY
50290,01.13Z,,50220,MARCILLY
50290,01.19Z,,50220,MARCILLY
50290,01.41Z,,50220,MARCILLY
50290,01.42Z,,50220,MARCILLY
50290,01.42Z,PME,50220,MARCILLY
50290,01.43Z,,50220,MARCILLY
50290,01.43Z,PME,50220,MARCILLY
50290,01.45Z,,50220,MARCILLY
50290,01.50Z,,50220,MARCILLY
50290,37.00Z,PME,50220,MARCILLY
50290,43.12A,PME,50220,MARCILLY
50290,46.19B,PME,50220,MARCILLY
50290,46.38B,PME,50220,MARCILLY
50290,47.99A,,50220,MARCILLY
50290,55.20Z,PME,50220,MARCILLY
50290,56.29B,,50220,MARCILLY
50290,68.20B,,50220,MARCILLY
50290,70.22Z,PME,50220,MARCILLY
50290,74.20Z,PME,50220,MARCILLY
50290,84.11Z,PME,50220,MARCILLY
50290,86.90F,PME,50220,MARCILLY
50290,93.19Z,,50220,MARCILLY
50290,93.29Z,,50220,MARCILLY
50290,93.29Z,PME,50220,MARCILLY
50290,94.99Z,,50220,MARCILLY
50290,95.22Z,,50220,MARCILLY
50291,01.11Z,,50410,MARGUERAY
50291,01.41Z,,50410,MARGUERAY
50291,01.42Z,,50410,MARGUERAY
50291,01.49Z,,50410,MARGUERAY
50291,01.50Z,,50410,MARGUERAY
50291,01.61Z,,50410,MARGUERAY
50291,25.99B,PME,50410,MARGUERAY
50291,35.11Z,PME,50410,MARGUERAY
50291,43.32A,PME,50410,MARGUERAY
50291,47.89Z,PME,50410,MARGUERAY
50291,47.99A,PME,50410,MARGUERAY
50291,84.11Z,PME,50410,MARGUERAY
50291,86.90F,PME,50410,MARGUERAY
50291,94.99Z,,50410,MARGUERAY
50295,01.11Z,,50410,MAUPERTUIS
50295,01.24Z,,50410,MAUPERTUIS
50295,01.41Z,,50410,MAUPERTUIS
50295,01.42Z,,50410,MAUPERTUIS
50295,01.43Z,,50410,MAUPERTUIS
50295,01.47Z,,50410,MAUPERTUIS
50295,01.50Z,,50410,MAUPERTUIS
50295,01.61Z,,50410,MAUPERTUIS
50295,11.03Z,,50410,MAUPERTUIS
50295,35.21Z,PME,50410,MAUPERTUIS
50295,41.10D,PME,50410,MAUPERTUIS
50295,43.32A,PME,50410,MAUPERTUIS
50295,47.99A,PME,50410,MAUPERTUIS
50295,55.20Z,PME,50410,MAUPERTUIS
50295,68.20A,,50410,MAUPERTUIS
50295,68.20B,,50410,MAUPERTUIS
50295,68.20B,PME,50410,MAUPERTUIS
50295,70.10Z,,50410,MAUPERTUIS
50295,81.30Z,PME,50410,MAUPERTUIS
50295,84.11Z,PME,50410,MAUPERTUIS
50295,90.03A,PME,50410,MAUPERTUIS
50295,94.99Z,,50410,MAUPERTUIS
50295,96.02A,PME,50410,MAUPERTUIS
50296,01.41Z,,50330,MAUPERTUS-SUR-MER
50296,01.49Z,,50330,MAUPERTUS-SUR-MER
50296,25.11Z,PME,50330,MAUPERTUS-SUR-MER
50296,43.12A,PME,50330,MAUPERTUS-SUR-MER
50296,47.62Z,PME,50330,MAUPERTUS-SUR-MER
50296,47.77Z,PME,50330,MAUPERTUS-SUR-MER
50296,55.30Z,PME,50330,MAUPERTUS-SUR-MER
50296,56.10A,PME,50330,MAUPERTUS-SUR-MER
50296,56.30Z,PME,50330,MAUPERTUS-SUR-MER
50296,64.20Z,PME,50330,MAUPERTUS-SUR-MER
50296,64.30Z,,50330,MAUPERTUS-SUR-MER
50296,68.20A,,50330,MAUPERTUS-SUR-MER
50296,68.20A,PME,50330,MAUPERTUS-SUR-MER
50296,68.20B,,50330,MAUPERTUS-SUR-MER
50296,68.32A,,50330,MAUPERTUS-SUR-MER
50296,70.22Z,PME,50330,MAUPERTUS-SUR-MER
50296,71.12B,PME,50330,MAUPERTUS-SUR-MER
50296,84.11Z,PME,50330,MAUPERTUS-SUR-MER
50296,85.59A,PME,50330,MAUPERTUS-SUR-MER
50296,86.90D,PME,50330,MAUPERTUS-SUR-MER
50296,86.90E,,50330,MAUPERTUS-SUR-MER
50296,90.01Z,PME,50330,MAUPERTUS-SUR-MER
50296,94.99Z,,50330,MAUPERTUS-SUR-MER
50298,01.11Z,,50500,MEAUTIS
50298,01.19Z,,50500,MEAUTIS
50298,01.41Z,,50500,MEAUTIS
50298,01.42Z,,50500,MEAUTIS
50298,01.43Z,,50500,MEAUTIS
50298,03.11Z,,50500,MEAUTIS
50298,03.12Z,,50500,MEAUTIS
50298,10.11Z,,50500,MEAUTIS
50298,14.13Z,PME,50500,MEAUTIS
50298,33.20A,,50500,MEAUTIS
50298,35.11Z,PME,50500,MEAUTIS
50298,37.00Z,PME,50500,MEAUTIS
50298,43.12A,PME,50500,MEAUTIS
50298,43.21A,PME,50500,MEAUTIS
50298,43.22A,PME,50500,MEAUTIS
50298,43.32A,,50500,MEAUTIS
50298,43.32A,PME,50500,MEAUTIS
50298,43.33Z,PME,50500,MEAUTIS
50298,43.34Z,PME,50500,MEAUTIS
50298,43.39Z,PME,50500,MEAUTIS
50298,45.20A,PME,50500,MEAUTIS
50298,46.19B,PME,50500,MEAUTIS
50298,47.82Z,PME,50500,MEAUTIS
50298,47.99A,PME,50500,MEAUTIS
50298,49.41A,,50500,MEAUTIS
50298,52.21Z,,50500,MEAUTIS
50298,64.20Z,,50500,MEAUTIS
50298,64.30Z,PME,50500,MEAUTIS
50298,68.20A,PME,50500,MEAUTIS
50298,68.20B,,50500,MEAUTIS
50298,68.20B,PME,50500,MEAUTIS
50298,68.31Z,PME,50500,MEAUTIS
50298,70.10Z,PME,50500,MEAUTIS
50298,70.22Z,PME,50500,MEAUTIS
50298,74.30Z,PME,50500,MEAUTIS
50298,77.21Z,PME,50500,MEAUTIS
50298,77.31Z,,50500,MEAUTIS
50298,79.90Z,PME,50500,MEAUTIS
50298,81.10Z,,50500,MEAUTIS
50298,81.21Z,PME,50500,MEAUTIS
50298,81.30Z,,50500,MEAUTIS
50298,84.11Z,PME,50500,MEAUTIS
50298,85.20Z,PME,50500,MEAUTIS
50298,90.03B,PME,50500,MEAUTIS
50298,93.29Z,,50500,MEAUTIS
50298,96.09Z,,50500,MEAUTIS
50298,96.09Z,PME,50500,MEAUTIS
50305,01.11Z,,50110,LE MESNIL-AU-VAL
50305,01.19Z,,50110,LE MESNIL-AU-VAL
50305,01.41Z,,50110,LE MESNIL-AU-VAL
50305,01.42Z,,50110,LE MESNIL-AU-VAL
50305,01.43Z,,50110,LE MESNIL-AU-VAL
50305,01.43Z,PME,50110,LE MESNIL-AU-VAL
50305,01.49Z,,50110,LE MESNIL-AU-VAL
50305,28.93Z,PME,50110,LE MESNIL-AU-VAL
50305,30.12Z,PME,50110,LE MESNIL-AU-VAL
50305,33.14Z,PME,50110,LE MESNIL-AU-VAL
50305,35.11Z,,50110,LE MESNIL-AU-VAL
50305,35.11Z,ETI,50110,LE MESNIL-AU-VAL
50305,35.11Z,PME,50110,LE MESNIL-AU-VAL
50305,38.21Z,PME,50110,LE MESNIL-AU-VAL
50305,43.32A,PME,50110,LE MESNIL-AU-VAL
50305,43.34Z,PME,50110,LE MESNIL-AU-VAL
50305,43.91B,PME,50110,LE MESNIL-AU-VAL
50305,43.99B,PME,50110,LE MESNIL-AU-VAL
50305,43.99C,PME,50110,LE MESNIL-AU-VAL
50305,45.20A,PME,50110,LE MESNIL-AU-VAL
50305,47.89Z,,50110,LE MESNIL-AU-VAL
50305,47.99A,PME,50110,LE MESNIL-AU-VAL
50305,53.20Z,,50110,LE MESNIL-AU-VAL
50305,64.20Z,,50110,LE MESNIL-AU-VAL
50305,64.20Z,PME,50110,LE MESNIL-AU-VAL
50305,68.10Z,,50110,LE MESNIL-AU-VAL
50305,68.20A,,50110,LE MESNIL-AU-VAL
50305,68.20B,,50110,LE MESNIL-AU-VAL
50305,68.20B,PME,50110,LE MESNIL-AU-VAL
50305,68.32A,PME,50110,LE MESNIL-AU-VAL
50305,70.10Z,,50110,LE MESNIL-AU-VAL
50305,75.00Z,,50110,LE MESNIL-AU-VAL
50305,84.11Z,PME,50110,LE MESNIL-AU-VAL
50305,85.20Z,PME,50110,LE MESNIL-AU-VAL
50305,86.90D,PME,50110,LE MESNIL-AU-VAL
50305,90.01Z,,50110,LE MESNIL-AU-VAL
50305,90.03A,,50110,LE MESNIL-AU-VAL
50305,93.12Z,,50110,LE MESNIL-AU-VAL
50305,93.29Z,,50110,LE MESNIL-AU-VAL
50305,93.29Z,PME,50110,LE MESNIL-AU-VAL
50305,94.99Z,,50110,LE MESNIL-AU-VAL
50305,94.99Z,PME,50110,LE MESNIL-AU-VAL
50305,96.02B,,50110,LE MESNIL-AU-VAL
50305,96.09Z,,50110,LE MESNIL-AU-VAL
50305,96.09Z,PME,50110,LE MESNIL-AU-VAL
50311,01.13Z,,50450,LE MESNIL-GARNIER
50311,01.41Z,,50450,LE MESNIL-GARNIER
50311,01.42Z,,50450,LE MESNIL-GARNIER
50311,01.43Z,,50450,LE MESNIL-GARNIER
50311,01.45Z,,50450,LE MESNIL-GARNIER
50311,01.49Z,,50450,LE MESNIL-GARNIER
50311,01.49Z,PME,50450,LE MESNIL-GARNIER
50311,01.61Z,,50450,LE MESNIL-GARNIER
50311,43.12A,PME,50450,LE MESNIL-GARNIER
50311,43.99C,,50450,LE MESNIL-GARNIER
50311,47.11B,PME,50450,LE MESNIL-GARNIER
50311,47.81Z,PME,50450,LE MESNIL-GARNIER
50311,47.99A,PME,50450,LE MESNIL-GARNIER
50311,49.32Z,PME,50450,LE MESNIL-GARNIER
50311,55.20Z,PME,50450,LE MESNIL-GARNIER
50311,56.10C,,50450,LE MESNIL-GARNIER
50311,56.29B,,50450,LE MESNIL-GARNIER
50311,58.14Z,PME,50450,LE MESNIL-GARNIER
50311,64.19Z,GE,50450,LE MESNIL-GARNIER
50311,68.20A,,50450,LE MESNIL-GARNIER
50311,68.20B,,50450,LE MESNIL-GARNIER
50311,68.20B,PME,50450,LE MESNIL-GARNIER
50311,70.10Z,,50450,LE MESNIL-GARNIER
50311,74.90B,PME,50450,LE MESNIL-GARNIER
50311,77.11A,,50450,LE MESNIL-GARNIER
50311,81.21Z,PME,50450,LE MESNIL-GARNIER
50311,81.30Z,PME,50450,LE MESNIL-GARNIER
50311,84.11Z,PME,50450,LE MESNIL-GARNIER
50311,93.19Z,,50450,LE MESNIL-GARNIER
50311,93.29Z,PME,50450,LE MESNIL-GARNIER
50311,94.99Z,,50450,LE MESNIL-GARNIER
50311,95.29Z,PME,50450,LE MESNIL-GARNIER
50317,01.11Z,,50220,LE MESNIL-OZENNE
50317,01.13Z,,50220,LE MESNIL-OZENNE
50317,01.41Z,,50220,LE MESNIL-OZENNE
50317,01.42Z,,50220,LE MESNIL-OZENNE
50317,01.43Z,,50220,LE MESNIL-OZENNE
50317,01.45Z,,50220,LE MESNIL-OZENNE
50317,01.47Z,,50220,LE MESNIL-OZENNE
50317,01.49Z,,50220,LE MESNIL-OZENNE
50317,01.50Z,,50220,LE MESNIL-OZENNE
50317,42.99Z,PME,50220,LE MESNIL-OZENNE
50317,43.21A,PME,50220,LE MESNIL-OZENNE
50317,43.31Z,PME,50220,LE MESNIL-OZENNE
50317,43.33Z,PME,50220,LE MESNIL-OZENNE
50317,43.39Z,PME,50220,LE MESNIL-OZENNE
50317,43.99C,,50220,LE MESNIL-OZENNE
50317,68.20A,,50220,LE MESNIL-OZENNE
50317,68.20A,PME,50220,LE MESNIL-OZENNE
50317,68.20B,,50220,LE MESNIL-OZENNE
50317,77.11A,,50220,LE MESNIL-OZENNE
50317,82.30Z,PME,50220,LE MESNIL-OZENNE
50317,84.11Z,PME,50220,LE MESNIL-OZENNE
50317,86.90D,PME,50220,LE MESNIL-OZENNE
50317,90.01Z,PME,50220,LE MESNIL-OZENNE
50317,93.29Z,,50220,LE MESNIL-OZENNE
50317,94.99Z,,50220,LE MESNIL-OZENNE
50321,01.11Z,,50000,LE MESNIL-ROUXELIN
50321,01.13Z,,50000,LE MESNIL-ROUXELIN
50321,01.19Z,,50000,LE MESNIL-ROUXELIN
50321,01.41Z,,50000,LE MESNIL-ROUXELIN
50321,01.42Z,,50000,LE MESNIL-ROUXELIN
50321,01.43Z,,50000,LE MESNIL-ROUXELIN
50321,01.46Z,,50000,LE MESNIL-ROUXELIN
50321,01.46Z,PME,50000,LE MESNIL-ROUXELIN
50321,01.49Z,,50000,LE MESNIL-ROUXELIN
50321,01.50Z,,50000,LE MESNIL-ROUXELIN
50321,01.62Z,,50000,LE MESNIL-ROUXELIN
50321,10.71C,PME,50000,LE MESNIL-ROUXELIN
50321,31.09A,PME,50000,LE MESNIL-ROUXELIN
50321,32.13Z,,50000,LE MESNIL-ROUXELIN
50321,35.11Z,,50000,LE MESNIL-ROUXELIN
50321,35.11Z,PME,50000,LE MESNIL-ROUXELIN
50321,38.21Z,,50000,LE MESNIL-ROUXELIN
50321,42.99Z,PME,50000,LE MESNIL-ROUXELIN
50321,43.32B,PME,50000,LE MESNIL-ROUXELIN
50321,43.99A,ETI,50000,LE MESNIL-ROUXELIN
50321,47.99A,PME,50000,LE MESNIL-ROUXELIN
50321,49.32Z,PME,50000,LE MESNIL-ROUXELIN
50321,55.10Z,PME,50000,LE MESNIL-ROUXELIN
50321,55.20Z,PME,50000,LE MESNIL-ROUXELIN
50321,64.20Z,PME,50000,LE MESNIL-ROUXELIN
50321,68.20A,,50000,LE MESNIL-ROUXELIN
50321,68.20B,,50000,LE MESNIL-ROUXELIN
50321,68.20B,PME,50000,LE MESNIL-ROUXELIN
50321,68.32B,PME,50000,LE MESNIL-ROUXELIN
50321,70.10Z,,50000,LE MESNIL-ROUXELIN
50321,70.10Z,PME,50000,LE MESNIL-ROUXELIN
50321,71.12B,PME,50000,LE MESNIL-ROUXELIN
50321,74.10Z,,50000,LE MESNIL-ROUXELIN
50321,74.10Z,PME,50000,LE MESNIL-ROUXELIN
50321,77.29Z,,50000,LE MESNIL-ROUXELIN
50321,78.30Z,PME,50000,LE MESNIL-ROUXELIN
50321,84.11Z,PME,50000,LE MESNIL-ROUXELIN
50321,85.20Z,PME,50000,LE MESNIL-ROUXELIN
50321,86.90F,PME,50000,LE MESNIL-ROUXELIN
50321,90.03B,PME,50000,LE MESNIL-ROUXELIN
50321,93.19Z,PME,50000,LE MESNIL-ROUXELIN
50321,94.99Z,,50000,LE MESNIL-ROUXELIN
50321,96.02B,PME,50000,LE MESNIL-ROUXELIN
50326,01.11Z,,50450,LE MESNIL-VILLEMAN
50326,01.19Z,,50450,LE MESNIL-VILLEMAN
50326,01.41Z,,50450,LE MESNIL-VILLEMAN
50326,01.42Z,,50450,LE MESNIL-VILLEMAN
50326,01.43Z,,50450,LE MESNIL-VILLEMAN
50326,01.45Z,,50450,LE MESNIL-VILLEMAN
50326,01.49Z,,50450,LE MESNIL-VILLEMAN
50326,01.50Z,,50450,LE MESNIL-VILLEMAN
50326,01.61Z,,50450,LE MESNIL-VILLEMAN
50326,08.12Z,PME,50450,LE MESNIL-VILLEMAN
50326,35.11Z,PME,50450,LE MESNIL-VILLEMAN
50326,43.32B,PME,50450,LE MESNIL-VILLEMAN
50326,43.34Z,PME,50450,LE MESNIL-VILLEMAN
50326,46.21Z,PME,50450,LE MESNIL-VILLEMAN
50326,55.20Z,PME,50450,LE MESNIL-VILLEMAN
50326,63.11Z,PME,50450,LE MESNIL-VILLEMAN
50326,68.20A,,50450,LE MESNIL-VILLEMAN
50326,68.20B,,50450,LE MESNIL-VILLEMAN
50326,68.20B,PME,50450,LE MESNIL-VILLEMAN
50326,68.32B,PME,50450,LE MESNIL-VILLEMAN
50326,70.10Z,PME,50450,LE MESNIL-VILLEMAN
50326,82.99Z,PME,50450,LE MESNIL-VILLEMAN
50326,84.11Z,PME,50450,LE MESNIL-VILLEMAN
50326,91.03Z,,50450,LE MESNIL-VILLEMAN
50326,93.19Z,PME,50450,LE MESNIL-VILLEMAN
50326,93.29Z,,50450,LE MESNIL-VILLEMAN
50326,94.99Z,,50450,LE MESNIL-VILLEMAN
50326,96.02A,PME,50450,LE MESNIL-VILLEMAN
50326,96.04Z,PME,50450,LE MESNIL-VILLEMAN
50328,01.11Z,,50190,MILLIERES
50328,01.23Z,,50190,MILLIERES
50328,01.41Z,,50190,MILLIERES
50328,01.42Z,,50190,MILLIERES
50328,01.43Z,,50190,MILLIERES
50328,01.49Z,,50190,MILLIERES
50328,01.50Z,,50190,MILLIERES
50328,01.62Z,,50190,MILLIERES
50328,02.10Z,,50190,MILLIERES
50328,03.21Z,,50190,MILLIERES
50328,10.13B,PME,50190,MILLIERES
50328,41.20B,PME,50190,MILLIERES
50328,43.21A,PME,50190,MILLIERES
50328,43.22A,PME,50190,MILLIERES
50328,43.29A,PME,50190,MILLIERES
50328,43.32A,PME,50190,MILLIERES
50328,43.34Z,PME,50190,MILLIERES
50328,43.91B,PME,50190,MILLIERES
50328,43.99C,PME,50190,MILLIERES
50328,45.11Z,PME,50190,MILLIERES
50328,45.20A,PME,50190,MILLIERES
50328,46.19B,,50190,MILLIERES
50328,46.19B,PME,50190,MILLIERES
50328,46.23Z,PME,50190,MILLIERES
50328,47.81Z,PME,50190,MILLIERES
50328,47.91A,PME,50190,MILLIERES
50328,47.91B,,50190,MILLIERES
50328,47.99A,,50190,MILLIERES
50328,47.99A,PME,50190,MILLIERES
50328,55.20Z,PME,50190,MILLIERES
50328,56.10C,PME,50190,MILLIERES
50328,56.30Z,PME,50190,MILLIERES
50328,63.91Z,PME,50190,MILLIERES
50328,68.20B,,50190,MILLIERES
50328,68.20B,PME,50190,MILLIERES
50328,68.32A,,50190,MILLIERES
50328,70.22Z,PME,50190,MILLIERES
50328,73.11Z,PME,50190,MILLIERES
50328,74.20Z,PME,50190,MILLIERES
50328,81.21Z,,50190,MILLIERES
50328,81.30Z,,50190,MILLIERES
50328,82.11Z,,50190,MILLIERES
50328,82.19Z,PME,50190,MILLIERES
50328,84.11Z,PME,50190,MILLIERES
50328,85.51Z,PME,50190,MILLIERES
50328,88.91A,,50190,MILLIERES
50328,90.01Z,PME,50190,MILLIERES
50328,90.03B,PME,50190,MILLIERES
50328,93.12Z,,50190,MILLIERES
50328,94.99Z,,50190,MILLIERES
50328,96.02B,PME,50190,MILLIERES
50332,01.19Z,,50270,LES MOITIERS D'ALLONNE
50332,01.24Z,,50270,LES MOITIERS D'ALLONNE
50332,01.41Z,,50270,LES MOITIERS D'ALLONNE
50332,01.42Z,,50270,LES MOITIERS D'ALLONNE
50332,01.45Z,,50270,LES MOITIERS D'ALLONNE
50332,01.49Z,,50270,LES MOITIERS D'ALLONNE
50332,01.50Z,,50270,LES MOITIERS D'ALLONNE
50332,01.61Z,,50270,LES MOITIERS D'ALLONNE
50332,03.11Z,,50270,LES MOITIERS D'ALLONNE
50332,08.11Z,PME,50270,LES MOITIERS D'ALLONNE
50332,08.12Z,PME,50270,LES MOITIERS D'ALLONNE
50332,23.70Z,PME,50270,LES MOITIERS D'ALLONNE
50332,32.13Z,PME,50270,LES MOITIERS D'ALLONNE
50332,32.99Z,PME,50270,LES MOITIERS D'ALLONNE
50332,33.20A,PME,50270,LES MOITIERS D'ALLONNE
50332,43.12A,PME,50270,LES MOITIERS D'ALLONNE
50332,43.32A,PME,50270,LES MOITIERS D'ALLONNE
50332,43.33Z,PME,50270,LES MOITIERS D'ALLONNE
50332,43.99C,,50270,LES MOITIERS D'ALLONNE
50332,43.99C,PME,50270,LES MOITIERS D'ALLONNE
50332,45.20A,PME,50270,LES MOITIERS D'ALLONNE
50332,46.19B,PME,50270,LES MOITIERS D'ALLONNE
50332,47.81Z,PME,50270,LES MOITIERS D'ALLONNE
50332,47.89Z,PME,50270,LES MOITIERS D'ALLONNE
50332,47.99A,,50270,LES MOITIERS D'ALLONNE
50332,47.99A,PME,50270,LES MOITIERS D'ALLONNE
50332,55.20Z,,50270,LES MOITIERS D'ALLONNE
50332,55.20Z,PME,50270,LES MOITIERS D'ALLONNE
50332,55.30Z,PME,50270,LES MOITIERS D'ALLONNE
50332,56.10A,PME,50270,LES MOITIERS D'ALLONNE
50332,56.10C,PME,50270,LES MOITIERS D'ALLONNE
50332,56.29B,PME,50270,LES MOITIERS D'ALLONNE
50332,58.13Z,,50270,LES MOITIERS D'ALLONNE
50332,64.20Z,,50270,LES MOITIERS D'ALLONNE
50332,64.20Z,PME,50270,LES MOITIERS D'ALLONNE
50332,68.20A,,50270,LES MOITIERS D'ALLONNE
50332,68.20A,PME,50270,LES MOITIERS D'ALLONNE
50332,68.20B,,50270,LES MOITIERS D'ALLONNE
50332,68.20B,PME,50270,LES MOITIERS D'ALLONNE
50332,70.10Z,,50270,LES MOITIERS D'ALLONNE
50332,70.10Z,PME,50270,LES MOITIERS D'ALLONNE
50332,70.22Z,,50270,LES MOITIERS D'ALLONNE
50332,70.22Z,PME,50270,LES MOITIERS D'ALLONNE
50332,71.11Z,PME,50270,LES MOITIERS D'ALLONNE
50332,72.20Z,PME,50270,LES MOITIERS D'ALLONNE
50332,74.10Z,PME,50270,LES MOITIERS D'ALLONNE
50332,74.90B,,50270,LES MOITIERS D'ALLONNE
50332,81.21Z,,50270,LES MOITIERS D'ALLONNE
50332,81.29B,,50270,LES MOITIERS D'ALLONNE
50332,81.30Z,,50270,LES MOITIERS D'ALLONNE
50332,84.11Z,PME,50270,LES MOITIERS D'ALLONNE
50332,85.20Z,PME,50270,LES MOITIERS D'ALLONNE
50332,85.51Z,PME,50270,LES MOITIERS D'ALLONNE
50332,88.99B,,50270,LES MOITIERS D'ALLONNE
50332,93.21Z,PME,50270,LES MOITIERS D'ALLONNE
50332,94.99Z,,50270,LES MOITIERS D'ALLONNE
50332,95.29Z,,50270,LES MOITIERS D'ALLONNE
50332,96.02B,PME,50270,LES MOITIERS D'ALLONNE
50334,01.11Z,,50410,MONTABOT
50334,01.19Z,,50410,MONTABOT
50334,01.41Z,,50410,MONTABOT
50334,01.41Z,PME,50410,MONTABOT
50334,01.42Z,,50410,MONTABOT
50334,01.50Z,,50410,MONTABOT
50334,01.61Z,,50410,MONTABOT
50334,11.01Z,PME,50410,MONTABOT
50334,18.13Z,PME,50410,MONTABOT
50334,33.15Z,,50410,MONTABOT
50334,35.11Z,PME,50410,MONTABOT
50334,43.12A,PME,50410,MONTABOT
50334,43.32A,PME,50410,MONTABOT
50334,46.69B,,50410,MONTABOT
50334,47.29Z,PME,50410,MONTABOT
50334,47.99A,PME,50410,MONTABOT
50334,58.11Z,PME,50410,MONTABOT
50334,68.20A,,50410,MONTABOT
50334,68.20B,,50410,MONTABOT
50334,68.20B,PME,50410,MONTABOT
50334,74.10Z,,50410,MONTABOT
50334,78.30Z,PME,50410,MONTABOT
50334,81.21Z,PME,50410,MONTABOT
50334,81.30Z,PME,50410,MONTABOT
50334,84.11Z,PME,50410,MONTABOT
50334,85.59A,PME,50410,MONTABOT
50334,90.02Z,,50410,MONTABOT
50334,94.99Z,,50410,MONTABOT
50334,96.02B,,50410,MONTABOT
50334,96.02B,PME,50410,MONTABOT
50334,96.04Z,PME,50410,MONTABOT
50336,01.11Z,,50450,MONTAIGU-LES-BOIS
50336,01.13Z,,50450,MONTAIGU-LES-BOIS
50336,01.41Z,,50450,MONTAIGU-LES-BOIS
50336,01.42Z,,50450,MONTAIGU-LES-BOIS
50336,25.99A,PME,50450,MONTAIGU-LES-BOIS
50336,31.09B,PME,50450,MONTAIGU-LES-BOIS
50336,35.11Z,PME,50450,MONTAIGU-LES-BOIS
50336,43.22A,PME,50450,MONTAIGU-LES-BOIS
50336,43.31Z,PME,50450,MONTAIGU-LES-BOIS
50336,43.32A,,50450,MONTAIGU-LES-BOIS
50336,43.32A,PME,50450,MONTAIGU-LES-BOIS
50336,43.91B,PME,50450,MONTAIGU-LES-BOIS
50336,43.99C,PME,50450,MONTAIGU-LES-BOIS
50336,47.89Z,PME,50450,MONTAIGU-LES-BOIS
50336,55.20Z,PME,50450,MONTAIGU-LES-BOIS
50336,56.10C,PME,50450,MONTAIGU-LES-BOIS
50336,68.20A,,50450,MONTAIGU-LES-BOIS
50336,68.20A,PME,50450,MONTAIGU-LES-BOIS
50336,68.20B,PME,50450,MONTAIGU-LES-BOIS
50336,81.21Z,,50450,MONTAIGU-LES-BOIS
50336,84.11Z,PME,50450,MONTAIGU-LES-BOIS
50336,93.12Z,,50450,MONTAIGU-LES-BOIS
50336,94.91Z,,50450,MONTAIGU-LES-BOIS
50336,94.99Z,,50450,MONTAIGU-LES-BOIS
50336,94.99Z,PME,50450,MONTAIGU-LES-BOIS
50336,95.29Z,PME,50450,MONTAIGU-LES-BOIS
50338,01.11Z,,50410,MONTBRAY
50338,01.19Z,,50410,MONTBRAY
50338,01.24Z,,50410,MONTBRAY
50338,01.41Z,,50410,MONTBRAY
50338,01.42Z,,50410,MONTBRAY
50338,01.43Z,,50410,MONTBRAY
50338,01.45Z,,50410,MONTBRAY
50338,01.46Z,,50410,MONTBRAY
50338,01.47Z,,50410,MONTBRAY
50338,01.50Z,,50410,MONTBRAY
50338,01.61Z,,50410,MONTBRAY
50338,01.62Z,,50410,MONTBRAY
50338,31.09B,PME,50410,MONTBRAY
50338,33.12Z,PME,50410,MONTBRAY
50338,35.11Z,ETI,50410,MONTBRAY
50338,35.11Z,PME,50410,MONTBRAY
50338,41.20B,,50410,MONTBRAY
50338,43.32A,,50410,MONTBRAY
50338,43.99C,PME,50410,MONTBRAY
50338,45.11Z,PME,50410,MONTBRAY
50338,46.19B,PME,50410,MONTBRAY
50338,47.30Z,PME,50410,MONTBRAY
50338,47.79Z,PME,50410,MONTBRAY
50338,47.81Z,PME,50410,MONTBRAY
50338,47.99A,PME,50410,MONTBRAY
50338,55.20Z,PME,50410,MONTBRAY
50338,56.30Z,PME,50410,MONTBRAY
50338,58.11Z,PME,50410,MONTBRAY
50338,61.20Z,GE,50410,MONTBRAY
50338,64.19Z,PME,50410,MONTBRAY
50338,68.20A,,50410,MONTBRAY
50338,68.20B,,50410,MONTBRAY
50338,68.20B,PME,50410,MONTBRAY
50338,68.31Z,PME,50410,MONTBRAY
50338,70.10Z,,50410,MONTBRAY
50338,77.31Z,,50410,MONTBRAY
50338,81.21Z,,50410,MONTBRAY
50338,81.30Z,PME,50410,MONTBRAY
50338,84.11Z,PME,50410,MONTBRAY
50338,84.12Z,PME,50410,MONTBRAY
50338,85.10Z,PME,50410,MONTBRAY
50338,85.59A,PME,50410,MONTBRAY
50338,85.59B,PME,50410,MONTBRAY
50338,86.90D,PME,50410,MONTBRAY
50338,86.90E,PME,50410,MONTBRAY
50338,93.12Z,,50410,MONTBRAY
50338,94.99Z,,50410,MONTBRAY
50338,96.03Z,PME,50410,MONTBRAY
50338,96.09Z,PME,50410,MONTBRAY
50340,01.11Z,,50490,MONTCUIT
50340,01.41Z,,50490,MONTCUIT
50340,01.42Z,,50490,MONTCUIT
50340,01.45Z,,50490,MONTCUIT
50340,23.41Z,PME,50490,MONTCUIT
50340,43.33Z,PME,50490,MONTCUIT
50340,45.20A,PME,50490,MONTCUIT
50340,47.89Z,,50490,MONTCUIT
50340,47.99A,PME,50490,MONTCUIT
50340,66.30Z,PME,50490,MONTCUIT
50340,68.20B,PME,50490,MONTCUIT
50340,71.12A,PME,50490,MONTCUIT
50340,79.90Z,PME,50490,MONTCUIT
50340,82.19Z,,50490,MONTCUIT
50340,84.11Z,PME,50490,MONTCUIT
50340,85.59B,PME,50490,MONTCUIT
50340,86.90A,PME,50490,MONTCUIT
50340,94.99Z,,50490,MONTCUIT
50340,95.29Z,PME,50490,MONTCUIT
50340,96.09Z,PME,50490,MONTCUIT
50341,01.11Z,,50310,MONTEBOURG
50341,01.41Z,,50310,MONTEBOURG
50341,01.42Z,,50310,MONTEBOURG
50341,01.43Z,,50310,MONTEBOURG
50341,01.47Z,,50310,MONTEBOURG
50341,01.49Z,,50310,MONTEBOURG
50341,01.49Z,PME,50310,MONTEBOURG
50341,01.50Z,PME,50310,MONTEBOURG
50341,01.62Z,,50310,MONTEBOURG
50341,08.12Z,GE,50310,MONTEBOURG
50341,10.13B,PME,50310,MONTEBOURG
50341,10.71C,PME,50310,MONTEBOURG
50341,13.92Z,PME,50310,MONTEBOURG
50341,14.13Z,PME,50310,MONTEBOURG
50341,22.22Z,PME,50310,MONTEBOURG
50341,28.13Z,PME,50310,MONTEBOURG
50341,29.20Z,PME,50310,MONTEBOURG
50341,32.13Z,PME,50310,MONTEBOURG
50341,33.20A,PME,50310,MONTEBOURG
50341,35.11Z,PME,50310,MONTEBOURG
50341,38.11Z,ETI,50310,MONTEBOURG
50341,43.12A,,50310,MONTEBOURG
50341,43.21A,,50310,MONTEBOURG
50341,43.21A,PME,50310,MONTEBOURG
50341,43.22A,PME,50310,MONTEBOURG
50341,43.22B,PME,50310,MONTEBOURG
50341,43.29A,PME,50310,MONTEBOURG
50341,43.32A,PME,50310,MONTEBOURG
50341,43.33Z,PME,50310,MONTEBOURG
50341,43.34Z,PME,50310,MONTEBOURG
50341,43.39Z,PME,50310,MONTEBOURG
50341,43.91A,PME,50310,MONTEBOURG
50341,43.91B,PME,50310,MONTEBOURG
50341,43.99C,PME,50310,MONTEBOURG
50341,45.11Z,PME,50310,MONTEBOURG
50341,45.20A,PME,50310,MONTEBOURG
50341,47.11B,PME,50310,MONTEBOURG
50341,47.11D,PME,50310,MONTEBOURG
50341,47.22Z,PME,50310,MONTEBOURG
50341,47.23Z,PME,50310,MONTEBOURG
50341,47.25Z,PME,50310,MONTEBOURG
50341,47.54Z,PME,50310,MONTEBOURG
50341,47.59B,PME,50310,MONTEBOURG
50341,47.62Z,PME,50310,MONTEBOURG
50341,47.64Z,PME,50310,MONTEBOURG
50341,47.71Z,,50310,MONTEBOURG
50341,47.71Z,PME,50310,MONTEBOURG
50341,47.72A,,50310,MONTEBOURG
50341,47.73Z,PME,50310,MONTEBOURG
50341,47.75Z,PME,50310,MONTEBOURG
50341,47.76Z,PME,50310,MONTEBOURG
50341,47.78A,PME,50310,MONTEBOURG
50341,47.81Z,PME,50310,MONTEBOURG
50341,47.99A,PME,50310,MONTEBOURG
50341,49.41A,PME,50310,MONTEBOURG
50341,53.10Z,GE,50310,MONTEBOURG
50341,56.10A,PME,50310,MONTEBOURG
50341,56.10C,PME,50310,MONTEBOURG
50341,56.21Z,PME,50310,MONTEBOURG
50341,56.29B,ETI,50310,MONTEBOURG
50341,56.30Z,PME,50310,MONTEBOURG
50341,58.11Z,,50310,MONTEBOURG
50341,62.01Z,PME,50310,MONTEBOURG
50341,64.19Z,GE,50310,MONTEBOURG
50341,64.20Z,,50310,MONTEBOURG
50341,64.20Z,PME,50310,MONTEBOURG
50341,64.30Z,PME,50310,MONTEBOURG
50341,66.19A,,50310,MONTEBOURG
50341,66.19A,PME,50310,MONTEBOURG
50341,66.22Z,PME,50310,MONTEBOURG
50341,68.10Z,PME,50310,MONTEBOURG
50341,68.20A,,50310,MONTEBOURG
50341,68.20B,,50310,MONTEBOURG
50341,68.20B,PME,50310,MONTEBOURG
50341,68.31Z,,50310,MONTEBOURG
50341,68.31Z,PME,50310,MONTEBOURG
50341,68.32A,PME,50310,MONTEBOURG
50341,69.10Z,PME,50310,MONTEBOURG
50341,69.20Z,PME,50310,MONTEBOURG
50341,70.10Z,,50310,MONTEBOURG
50341,70.10Z,PME,50310,MONTEBOURG
50341,70.22Z,,50310,MONTEBOURG
50341,70.22Z,PME,50310,MONTEBOURG
50341,71.12B,,50310,MONTEBOURG
50341,71.12B,PME,50310,MONTEBOURG
50341,71.20B,PME,50310,MONTEBOURG
50341,74.10Z,,50310,MONTEBOURG
50341,74.10Z,PME,50310,MONTEBOURG
50341,74.20Z,PME,50310,MONTEBOURG
50341,75.00Z,PME,50310,MONTEBOURG
50341,78.30Z,PME,50310,MONTEBOURG
50341,79.90Z,PME,50310,MONTEBOURG
50341,84.11Z,PME,50310,MONTEBOURG
50341,85.10Z,PME,50310,MONTEBOURG
50341,85.20Z,PME,50310,MONTEBOURG
50341,85.31Z,PME,50310,MONTEBOURG
50341,85.53Z,PME,50310,MONTEBOURG
50341,85.59A,,50310,MONTEBOURG
50341,85.59A,PME,50310,MONTEBOURG
50341,85.60Z,,50310,MONTEBOURG
50341,86.21Z,PME,50310,MONTEBOURG
50341,86.23Z,PME,50310,MONTEBOURG
50341,86.90A,PME,50310,MONTEBOURG
50341,86.90D,,50310,MONTEBOURG
50341,86.90D,PME,50310,MONTEBOURG
50341,86.90E,PME,50310,MONTEBOURG
50341,86.90F,PME,50310,MONTEBOURG
50341,87.10A,PME,50310,MONTEBOURG
50341,87.30A,PME,50310,MONTEBOURG
50341,88.10A,ETI,50310,MONTEBOURG
50341,88.10C,PME,50310,MONTEBOURG
50341,88.99B,PME,50310,MONTEBOURG
50341,90.01Z,,50310,MONTEBOURG
50341,90.03B,,50310,MONTEBOURG
50341,90.03B,PME,50310,MONTEBOURG
50341,93.12Z,,50310,MONTEBOURG
50341,93.12Z,PME,50310,MONTEBOURG
50341,93.19Z,,50310,MONTEBOURG
50341,93.29Z,,50310,MONTEBOURG
50341,94.91Z,PME,50310,MONTEBOURG
50341,94.99Z,,50310,MONTEBOURG
50341,94.99Z,PME,50310,MONTEBOURG
50341,95.11Z,PME,50310,MONTEBOURG
50341,95.29Z,PME,50310,MONTEBOURG
50341,96.02A,PME,50310,MONTEBOURG
50341,96.02B,,50310,MONTEBOURG
50341,96.02B,PME,50310,MONTEBOURG
50341,96.03Z,PME,50310,MONTEBOURG
50341,96.09Z,,50310,MONTEBOURG
50341,96.09Z,PME,50310,MONTEBOURG
50345,01.11Z,,50200,MONTHUCHON
50345,01.41Z,,50200,MONTHUCHON
50345,01.42Z,,50200,MONTHUCHON
50345,01.43Z,,50200,MONTHUCHON
50345,01.43Z,PME,50200,MONTHUCHON
50345,01.45Z,,50200,MONTHUCHON
50345,01.49Z,,50200,MONTHUCHON
50345,01.61Z,,50200,MONTHUCHON
50345,10.85Z,PME,50200,MONTHUCHON
50345,14.13Z,PME,50200,MONTHUCHON
50345,33.14Z,PME,50200,MONTHUCHON
50345,37.00Z,PME,50200,MONTHUCHON
50345,42.99Z,PME,50200,MONTHUCHON
50345,43.21A,PME,50200,MONTHUCHON
50345,43.32A,PME,50200,MONTHUCHON
50345,43.99C,,50200,MONTHUCHON
50345,45.20A,PME,50200,MONTHUCHON
50345,47.61Z,PME,50200,MONTHUCHON
50345,47.79Z,PME,50200,MONTHUCHON
50345,47.99A,PME,50200,MONTHUCHON
50345,49.32Z,PME,50200,MONTHUCHON
50345,56.10A,PME,50200,MONTHUCHON
50345,63.12Z,PME,50200,MONTHUCHON
50345,64.20Z,PME,50200,MONTHUCHON
50345,68.20A,,50200,MONTHUCHON
50345,68.20B,,50200,MONTHUCHON
50345,68.20B,PME,50200,MONTHUCHON
50345,68.32A,,50200,MONTHUCHON
50345,74.20Z,PME,50200,MONTHUCHON
50345,82.11Z,PME,50200,MONTHUCHON
50345,82.30Z,,50200,MONTHUCHON
50345,82.30Z,PME,50200,MONTHUCHON
50345,84.11Z,PME,50200,MONTHUCHON
50345,85.20Z,PME,50200,MONTHUCHON
50345,85.51Z,,50200,MONTHUCHON
50345,85.59A,PME,50200,MONTHUCHON
50345,86.90D,PME,50200,MONTHUCHON
50345,86.90E,PME,50200,MONTHUCHON
50345,93.12Z,,50200,MONTHUCHON
50345,94.99Z,,50200,MONTHUCHON
50345,94.99Z,PME,50200,MONTHUCHON
50345,95.24Z,PME,50200,MONTHUCHON
50345,96.02B,PME,50200,MONTHUCHON
50345,96.09Z,PME,50200,MONTHUCHON
50347,01.11Z,,50240,MONTJOIE-SAINT-MARTIN
50347,01.41Z,,50240,MONTJOIE-SAINT-MARTIN
50347,01.42Z,,50240,MONTJOIE-SAINT-MARTIN
50347,01.49Z,,50240,MONTJOIE-SAINT-MARTIN
50347,16.29Z,,50240,MONTJOIE-SAINT-MARTIN
50347,35.11Z,,50240,MONTJOIE-SAINT-MARTIN
50347,43.34Z,PME,50240,MONTJOIE-SAINT-MARTIN
50347,43.91B,PME,50240,MONTJOIE-SAINT-MARTIN
50347,46.39A,PME,50240,MONTJOIE-SAINT-MARTIN
50347,47.81Z,PME,50240,MONTJOIE-SAINT-MARTIN
50347,47.99A,PME,50240,MONTJOIE-SAINT-MARTIN
50347,55.20Z,PME,50240,MONTJOIE-SAINT-MARTIN
50347,56.10C,,50240,MONTJOIE-SAINT-MARTIN
50347,56.30Z,PME,50240,MONTJOIE-SAINT-MARTIN
50347,60.10Z,,50240,MONTJOIE-SAINT-MARTIN
50347,68.20B,,50240,MONTJOIE-SAINT-MARTIN
50347,68.20B,PME,50240,MONTJOIE-SAINT-MARTIN
50347,70.10Z,PME,50240,MONTJOIE-SAINT-MARTIN
50347,81.30Z,PME,50240,MONTJOIE-SAINT-MARTIN
50347,84.11Z,PME,50240,MONTJOIE-SAINT-MARTIN
50347,86.90F,PME,50240,MONTJOIE-SAINT-MARTIN
50347,90.03A,PME,50240,MONTJOIE-SAINT-MARTIN
50347,90.03B,PME,50240,MONTJOIE-SAINT-MARTIN
50347,94.99Z,,50240,MONTJOIE-SAINT-MARTIN
50347,96.09Z,PME,50240,MONTJOIE-SAINT-MARTIN
50350,01.11Z,,50210,MONTPINCHON
50350,01.13Z,,50210,MONTPINCHON
50350,01.19Z,,50210,MONTPINCHON
50350,01.41Z,,50210,MONTPINCHON
50350,01.42Z,,50210,MONTPINCHON
50350,01.43Z,,50210,MONTPINCHON
50350,01.49Z,,50210,MONTPINCHON
50350,01.50Z,,50210,MONTPINCHON
50350,01.61Z,,50210,MONTPINCHON
50350,01.62Z,,50210,MONTPINCHON
50350,25.73B,,50210,MONTPINCHON
50350,32.99Z,PME,50210,MONTPINCHON
50350,35.11Z,PME,50210,MONTPINCHON
50350,43.31Z,PME,50210,MONTPINCHON
50350,43.33Z,,50210,MONTPINCHON
50350,43.34Z,,50210,MONTPINCHON
50350,43.39Z,PME,50210,MONTPINCHON
50350,45.20A,,50210,MONTPINCHON
50350,46.21Z,PME,50210,MONTPINCHON
50350,47.76Z,PME,50210,MONTPINCHON
50350,47.79Z,PME,50210,MONTPINCHON
50350,47.81Z,PME,50210,MONTPINCHON
50350,47.91A,,50210,MONTPINCHON
50350,47.99A,PME,50210,MONTPINCHON
50350,55.20Z,PME,50210,MONTPINCHON
50350,56.10C,PME,50210,MONTPINCHON
50350,56.30Z,PME,50210,MONTPINCHON
50350,62.01Z,,50210,MONTPINCHON
50350,64.20Z,,50210,MONTPINCHON
50350,68.20A,,50210,MONTPINCHON
50350,68.20B,,50210,MONTPINCHON
50350,68.20B,PME,50210,MONTPINCHON
50350,74.10Z,PME,50210,MONTPINCHON
50350,74.30Z,PME,50210,MONTPINCHON
50350,81.21Z,,50210,MONTPINCHON
50350,81.21Z,PME,50210,MONTPINCHON
50350,81.30Z,,50210,MONTPINCHON
50350,82.11Z,,50210,MONTPINCHON
50350,84.11Z,PME,50210,MONTPINCHON
50350,85.20Z,PME,50210,MONTPINCHON
50350,86.90F,,50210,MONTPINCHON
50350,90.01Z,,50210,MONTPINCHON
50350,90.02Z,,50210,MONTPINCHON
50350,90.03A,PME,50210,MONTPINCHON
50350,93.12Z,,50210,MONTPINCHON
50350,93.19Z,PME,50210,MONTPINCHON
50350,93.29Z,PME,50210,MONTPINCHON
50350,94.99Z,,50210,MONTPINCHON
50350,95.29Z,PME,50210,MONTPINCHON
50350,96.09Z,PME,50210,MONTPINCHON
50353,01.11Z,,50170,LE MONT-SAINT-MICHEL
50353,01.13Z,,50170,LE MONT-SAINT-MICHEL
50353,01.41Z,,50170,LE MONT-SAINT-MICHEL
50353,10.71C,PME,50170,LE MONT-SAINT-MICHEL
50353,47.11B,PME,50170,LE MONT-SAINT-MICHEL
50353,47.61Z,PME,50170,LE MONT-SAINT-MICHEL
50353,47.62Z,PME,50170,LE MONT-SAINT-MICHEL
50353,47.78C,PME,50170,LE MONT-SAINT-MICHEL
50353,47.81Z,PME,50170,LE MONT-SAINT-MICHEL
50353,50.40Z,PME,50170,LE MONT-SAINT-MICHEL
50353,53.10Z,GE,50170,LE MONT-SAINT-MICHEL
50353,55.10Z,PME,50170,LE MONT-SAINT-MICHEL
50353,55.20Z,PME,50170,LE MONT-SAINT-MICHEL
50353,55.30Z,PME,50170,LE MONT-SAINT-MICHEL
50353,56.10A,PME,50170,LE MONT-SAINT-MICHEL
50353,56.10C,PME,50170,LE MONT-SAINT-MICHEL
50353,56.30Z,PME,50170,LE MONT-SAINT-MICHEL
50353,68.20A,,50170,LE MONT-SAINT-MICHEL
50353,68.20A,PME,50170,LE MONT-SAINT-MICHEL
50353,68.20B,,50170,LE MONT-SAINT-MICHEL
50353,68.20B,PME,50170,LE MONT-SAINT-MICHEL
50353,68.32A,,50170,LE MONT-SAINT-MICHEL
50353,70.10Z,PME,50170,LE MONT-SAINT-MICHEL
50353,77.29Z,PME,50170,LE MONT-SAINT-MICHEL
50353,82.30Z,PME,50170,LE MONT-SAINT-MICHEL
50353,84.11Z,PME,50170,LE MONT-SAINT-MICHEL
50353,90.01Z,PME,50170,LE MONT-SAINT-MICHEL
50353,91.02Z,PME,50170,LE MONT-SAINT-MICHEL
50353,91.03Z,ETI,50170,LE MONT-SAINT-MICHEL
50353,91.03Z,PME,50170,LE MONT-SAINT-MICHEL
50353,94.91Z,,50170,LE MONT-SAINT-MICHEL
50353,94.91Z,PME,50170,LE MONT-SAINT-MICHEL
50353,94.99Z,,50170,LE MONT-SAINT-MICHEL
50353,94.99Z,PME,50170,LE MONT-SAINT-MICHEL
50357,01.11Z,,50410,MORIGNY
50357,01.41Z,,50410,MORIGNY
50357,01.42Z,,50410,MORIGNY
50357,01.50Z,,50410,MORIGNY
50357,33.11Z,,50410,MORIGNY
50357,43.22A,PME,50410,MORIGNY
50357,43.22B,PME,50410,MORIGNY
50357,43.91B,PME,50410,MORIGNY
50357,55.20Z,PME,50410,MORIGNY
50357,68.10Z,PME,50410,MORIGNY
50357,68.20A,,50410,MORIGNY
50357,68.32A,,50410,MORIGNY
50357,84.11Z,PME,50410,MORIGNY
50357,93.19Z,PME,50410,MORIGNY
50359,01.11Z,,50140,MORTAIN-BOCAGE
50359,01.13Z,,50140,MORTAIN-BOCAGE
50359,01.13Z,PME,50140,MORTAIN-BOCAGE
50359,01.19Z,,50140,MORTAIN-BOCAGE
50359,01.24Z,,50140,MORTAIN-BOCAGE
50359,01.29Z,,50140,MORTAIN-BOCAGE
50359,01.30Z,,50140,MORTAIN-BOCAGE
50359,01.41Z,,50140,MORTAIN-BOCAGE
50359,01.42Z,,50140,MORTAIN-BOCAGE
50359,01.43Z,,50140,MORTAIN-BOCAGE
50359,01.45Z,,50140,MORTAIN-BOCAGE
50359,01.46Z,,50140,MORTAIN-BOCAGE
50359,01.47Z,,50140,MORTAIN-BOCAGE
50359,01.49Z,,50140,MORTAIN-BOCAGE
50359,01.49Z,PME,50140,MORTAIN-BOCAGE
50359,01.50Z,,50140,MORTAIN-BOCAGE
50359,01.50Z,PME,50140,MORTAIN-BOCAGE
50359,01.61Z,,50140,MORTAIN-BOCAGE
50359,01.70Z,,50140,MORTAIN-BOCAGE
50359,02.10Z,,50140,MORTAIN-BOCAGE
50359,10.13B,PME,50140,MORTAIN-BOCAGE
50359,10.71C,PME,50140,MORTAIN-BOCAGE
50359,11.01Z,PME,50140,MORTAIN-BOCAGE
50359,14.19Z,PME,50140,MORTAIN-BOCAGE
50359,16.29Z,PME,50140,MORTAIN-BOCAGE
50359,17.24Z,PME,50140,MORTAIN-BOCAGE
50359,18.13Z,PME,50140,MORTAIN-BOCAGE
50359,20.42Z,PME,50140,MORTAIN-BOCAGE
50359,23.70Z,PME,50140,MORTAIN-BOCAGE
50359,27.32Z,ETI,50140,MORTAIN-BOCAGE
50359,31.09B,,50140,MORTAIN-BOCAGE
50359,32.40Z,,50140,MORTAIN-BOCAGE
50359,33.12Z,PME,50140,MORTAIN-BOCAGE
50359,33.19Z,,50140,MORTAIN-BOCAGE
50359,35.11Z,PME,50140,MORTAIN-BOCAGE
50359,36.00Z,PME,50140,MORTAIN-BOCAGE
50359,41.10D,PME,50140,MORTAIN-BOCAGE
50359,41.20A,PME,50140,MORTAIN-BOCAGE
50359,43.12A,PME,50140,MORTAIN-BOCAGE
50359,43.12B,PME,50140,MORTAIN-BOCAGE
50359,43.21A,PME,50140,MORTAIN-BOCAGE
50359,43.22A,PME,50140,MORTAIN-BOCAGE
50359,43.22B,PME,50140,MORTAIN-BOCAGE
50359,43.31Z,PME,50140,MORTAIN-BOCAGE
50359,43.32A,PME,50140,MORTAIN-BOCAGE
50359,43.34Z,PME,50140,MORTAIN-BOCAGE
50359,43.39Z,PME,50140,MORTAIN-BOCAGE
50359,43.91A,PME,50140,MORTAIN-BOCAGE
50359,43.91B,PME,50140,MORTAIN-BOCAGE
50359,43.99C,,50140,MORTAIN-BOCAGE
50359,43.99C,PME,50140,MORTAIN-BOCAGE
50359,45.11Z,ETI,50140,MORTAIN-BOCAGE
50359,45.20A,,50140,MORTAIN-BOCAGE
50359,45.20A,PME,50140,MORTAIN-BOCAGE
50359,46.17B,,50140,MORTAIN-BOCAGE
50359,46.19B,PME,50140,MORTAIN-BOCAGE
50359,46.21Z,,50140,MORTAIN-BOCAGE
50359,46.34Z,PME,50140,MORTAIN-BOCAGE
50359,46.49Z,PME,50140,MORTAIN-BOCAGE
50359,46.69B,PME,50140,MORTAIN-BOCAGE
50359,46.71Z,PME,50140,MORTAIN-BOCAGE
50359,46.73A,PME,50140,MORTAIN-BOCAGE
50359,47.11B,PME,50140,MORTAIN-BOCAGE
50359,47.11D,GE,50140,MORTAIN-BOCAGE
50359,47.21Z,,50140,MORTAIN-BOCAGE
50359,47.23Z,PME,50140,MORTAIN-BOCAGE
50359,47.25Z,,50140,MORTAIN-BOCAGE
50359,47.30Z,PME,50140,MORTAIN-BOCAGE
50359,47.52A,PME,50140,MORTAIN-BOCAGE
50359,47.61Z,PME,50140,MORTAIN-BOCAGE
50359,47.71Z,PME,50140,MORTAIN-BOCAGE
50359,47.72A,PME,50140,MORTAIN-BOCAGE
50359,47.73Z,PME,50140,MORTAIN-BOCAGE
50359,47.76Z,PME,50140,MORTAIN-BOCAGE
50359,47.77Z,PME,50140,MORTAIN-BOCAGE
50359,47.78A,PME,50140,MORTAIN-BOCAGE
50359,47.78B,GE,50140,MORTAIN-BOCAGE
50359,47.79Z,,50140,MORTAIN-BOCAGE
50359,47.79Z,PME,50140,MORTAIN-BOCAGE
50359,47.81Z,PME,50140,MORTAIN-BOCAGE
50359,47.82Z,PME,50140,MORTAIN-BOCAGE
50359,47.89Z,,50140,MORTAIN-BOCAGE
50359,47.89Z,PME,50140,MORTAIN-BOCAGE
50359,47.91A,,50140,MORTAIN-BOCAGE
50359,47.91A,PME,50140,MORTAIN-BOCAGE
50359,47.91B,,50140,MORTAIN-BOCAGE
50359,47.91B,PME,50140,MORTAIN-BOCAGE
50359,47.99A,,50140,MORTAIN-BOCAGE
50359,47.99A,PME,50140,MORTAIN-BOCAGE
50359,49.41A,PME,50140,MORTAIN-BOCAGE
50359,53.10Z,GE,50140,MORTAIN-BOCAGE
50359,55.10Z,,50140,MORTAIN-BOCAGE
50359,55.10Z,PME,50140,MORTAIN-BOCAGE
50359,55.20Z,,50140,MORTAIN-BOCAGE
50359,55.20Z,PME,50140,MORTAIN-BOCAGE
50359,55.30Z,PME,50140,MORTAIN-BOCAGE
50359,56.10A,,50140,MORTAIN-BOCAGE
50359,56.10A,PME,50140,MORTAIN-BOCAGE
50359,56.10C,,50140,MORTAIN-BOCAGE
50359,56.10C,PME,50140,MORTAIN-BOCAGE
50359,56.30Z,PME,50140,MORTAIN-BOCAGE
50359,58.21Z,PME,50140,MORTAIN-BOCAGE
50359,59.11B,PME,50140,MORTAIN-BOCAGE
50359,60.20B,,50140,MORTAIN-BOCAGE
50359,61.10Z,GE,50140,MORTAIN-BOCAGE
50359,62.01Z,PME,50140,MORTAIN-BOCAGE
50359,64.19Z,GE,50140,MORTAIN-BOCAGE
50359,64.20Z,PME,50140,MORTAIN-BOCAGE
50359,64.30Z,,50140,MORTAIN-BOCAGE
50359,65.12Z,GE,50140,MORTAIN-BOCAGE
50359,66.19A,,50140,MORTAIN-BOCAGE
50359,66.19A,PME,50140,MORTAIN-BOCAGE
50359,66.22Z,PME,50140,MORTAIN-BOCAGE
50359,68.10Z,,50140,MORTAIN-BOCAGE
50359,68.10Z,PME,50140,MORTAIN-BOCAGE
50359,68.20A,,50140,MORTAIN-BOCAGE
50359,68.20A,PME,50140,MORTAIN-BOCAGE
50359,68.20B,,50140,MORTAIN-BOCAGE
50359,68.20B,PME,50140,MORTAIN-BOCAGE
50359,68.31Z,PME,50140,MORTAIN-BOCAGE
50359,68.32A,,50140,MORTAIN-BOCAGE
50359,69.10Z,PME,50140,MORTAIN-BOCAGE
50359,69.20Z,ETI,50140,MORTAIN-BOCAGE
50359,70.10Z,,50140,MORTAIN-BOCAGE
50359,70.10Z,PME,50140,MORTAIN-BOCAGE
50359,70.21Z,,50140,MORTAIN-BOCAGE
50359,70.21Z,PME,50140,MORTAIN-BOCAGE
50359,70.22Z,PME,50140,MORTAIN-BOCAGE
50359,71.12B,,50140,MORTAIN-BOCAGE
50359,71.12B,PME,50140,MORTAIN-BOCAGE
50359,73.11Z,PME,50140,MORTAIN-BOCAGE
50359,74.10Z,,50140,MORTAIN-BOCAGE
50359,74.10Z,PME,50140,MORTAIN-BOCAGE
50359,74.20Z,PME,50140,MORTAIN-BOCAGE
50359,74.90B,PME,50140,MORTAIN-BOCAGE
50359,75.00Z,PME,50140,MORTAIN-BOCAGE
50359,77.22Z,PME,50140,MORTAIN-BOCAGE
50359,77.31Z,,50140,MORTAIN-BOCAGE
50359,78.30Z,,50140,MORTAIN-BOCAGE
50359,78.30Z,PME,50140,MORTAIN-BOCAGE
50359,79.90Z,PME,50140,MORTAIN-BOCAGE
50359,81.10Z,,50140,MORTAIN-BOCAGE
50359,81.10Z,PME,50140,MORTAIN-BOCAGE
50359,81.21Z,,50140,MORTAIN-BOCAGE
50359,81.21Z,PME,50140,MORTAIN-BOCAGE
50359,81.30Z,PME,50140,MORTAIN-BOCAGE
50359,82.11Z,,50140,MORTAIN-BOCAGE
50359,82.11Z,PME,50140,MORTAIN-BOCAGE
50359,82.19Z,PME,50140,MORTAIN-BOCAGE
50359,82.30Z,PME,50140,MORTAIN-BOCAGE
50359,82.99Z,PME,50140,MORTAIN-BOCAGE
50359,84.11Z,ETI,50140,MORTAIN-BOCAGE
50359,84.11Z,PME,50140,MORTAIN-BOCAGE
50359,84.12Z,ETI,50140,MORTAIN-BOCAGE
50359,84.13Z,PME,50140,MORTAIN-BOCAGE
50359,84.23Z,ETI,50140,MORTAIN-BOCAGE
50359,85.10Z,PME,50140,MORTAIN-BOCAGE
50359,85.20Z,PME,50140,MORTAIN-BOCAGE
50359,85.31Z,PME,50140,MORTAIN-BOCAGE
50359,85.32Z,PME,50140,MORTAIN-BOCAGE
50359,85.51Z,,50140,MORTAIN-BOCAGE
50359,85.52Z,PME,50140,MORTAIN-BOCAGE
50359,85.53Z,PME,50140,MORTAIN-BOCAGE
50359,85.59A,,50140,MORTAIN-BOCAGE
50359,85.59A,PME,50140,MORTAIN-BOCAGE
50359,85.59B,,50140,MORTAIN-BOCAGE
50359,85.59B,PME,50140,MORTAIN-BOCAGE
50359,85.60Z,PME,50140,MORTAIN-BOCAGE
50359,86.10Z,ETI,50140,MORTAIN-BOCAGE
50359,86.10Z,PME,50140,MORTAIN-BOCAGE
50359,86.21Z,PME,50140,MORTAIN-BOCAGE
50359,86.23Z,PME,50140,MORTAIN-BOCAGE
50359,86.90D,,50140,MORTAIN-BOCAGE
50359,86.90D,PME,50140,MORTAIN-BOCAGE
50359,86.90E,PME,50140,MORTAIN-BOCAGE
50359,86.90F,PME,50140,MORTAIN-BOCAGE
50359,87.10A,PME,50140,MORTAIN-BOCAGE
50359,87.10B,ETI,50140,MORTAIN-BOCAGE
50359,87.90A,,50140,MORTAIN-BOCAGE
50359,88.10A,ETI,50140,MORTAIN-BOCAGE
50359,88.99B,,50140,MORTAIN-BOCAGE
50359,88.99B,GE,50140,MORTAIN-BOCAGE
50359,88.99B,PME,50140,MORTAIN-BOCAGE
50359,90.01Z,,50140,MORTAIN-BOCAGE
50359,90.01Z,PME,50140,MORTAIN-BOCAGE
50359,90.02Z,PME,50140,MORTAIN-BOCAGE
50359,90.03A,PME,50140,MORTAIN-BOCAGE
50359,90.03B,PME,50140,MORTAIN-BOCAGE
50359,91.03Z,,50140,MORTAIN-BOCAGE
50359,91.03Z,PME,50140,MORTAIN-BOCAGE
50359,93.11Z,,50140,MORTAIN-BOCAGE
50359,93.11Z,ETI,50140,MORTAIN-BOCAGE
50359,93.12Z,,50140,MORTAIN-BOCAGE
50359,93.12Z,PME,50140,MORTAIN-BOCAGE
50359,93.19Z,,50140,MORTAIN-BOCAGE
50359,93.29Z,,50140,MORTAIN-BOCAGE
50359,93.29Z,PME,50140,MORTAIN-BOCAGE
50359,94.11Z,PME,50140,MORTAIN-BOCAGE
50359,94.20Z,,50140,MORTAIN-BOCAGE
50359,94.91Z,,50140,MORTAIN-BOCAGE
50359,94.91Z,PME,50140,MORTAIN-BOCAGE
50359,94.99Z,,50140,MORTAIN-BOCAGE
50359,94.99Z,PME,50140,MORTAIN-BOCAGE
50359,95.11Z,PME,50140,MORTAIN-BOCAGE
50359,95.29Z,,50140,MORTAIN-BOCAGE
50359,95.29Z,PME,50140,MORTAIN-BOCAGE
50359,96.01B,,50140,MORTAIN-BOCAGE
50359,96.02A,PME,50140,MORTAIN-BOCAGE
50359,96.02B,PME,50140,MORTAIN-BOCAGE
50359,96.09Z,,50140,MORTAIN-BOCAGE
50359,96.09Z,PME,50140,MORTAIN-BOCAGE
50361,01.11Z,,50320,LA MOUCHE
50361,01.41Z,,50320,LA MOUCHE
50361,01.42Z,,50320,LA MOUCHE
50361,01.42Z,PME,50320,LA MOUCHE
50361,01.43Z,,50320,LA MOUCHE
50361,01.43Z,PME,50320,LA MOUCHE
50361,01.46Z,,50320,LA MOUCHE
50361,01.49Z,,50320,LA MOUCHE
50361,01.50Z,,50320,LA MOUCHE
50361,01.61Z,,50320,LA MOUCHE
50361,01.62Z,,50320,LA MOUCHE
50361,35.11Z,,50320,LA MOUCHE
50361,35.11Z,ETI,50320,LA MOUCHE
50361,35.11Z,PME,50320,LA MOUCHE
50361,43.32A,PME,50320,LA MOUCHE
50361,43.34Z,PME,50320,LA MOUCHE
50361,43.91B,PME,50320,LA MOUCHE
50361,43.99C,PME,50320,LA MOUCHE
50361,45.20A,,50320,LA MOUCHE
50361,46.21Z,,50320,LA MOUCHE
50361,47.82Z,PME,50320,LA MOUCHE
50361,47.89Z,PME,50320,LA MOUCHE
50361,49.41A,PME,50320,LA MOUCHE
50361,56.30Z,PME,50320,LA MOUCHE
50361,62.02B,PME,50320,LA MOUCHE
50361,68.20A,PME,50320,LA MOUCHE
50361,68.20B,,50320,LA MOUCHE
50361,68.20B,PME,50320,LA MOUCHE
50361,70.10Z,PME,50320,LA MOUCHE
50361,71.12B,PME,50320,LA MOUCHE
50361,82.11Z,,50320,LA MOUCHE
50361,84.11Z,PME,50320,LA MOUCHE
50361,90.03A,PME,50320,LA MOUCHE
50361,91.03Z,,50320,LA MOUCHE
50361,94.99Z,,50320,LA MOUCHE
50363,01.41Z,,50410,MOYON VILLAGES
50363,01.41Z,,50420,MOYON VILLAGES
50363,01.42Z,,50410,MOYON VILLAGES
50363,01.42Z,,50420,MOYON VILLAGES
50363,01.45Z,,50410,MOYON VILLAGES
50363,01.46Z,,50420,MOYON VILLAGES
50363,01.49Z,,50410,MOYON VILLAGES
50363,01.50Z,,50410,MOYON VILLAGES
50363,01.61Z,,50420,MOYON VILLAGES
50363,01.62Z,,50410,MOYON VILLAGES
50363,42.99Z,,50410,MOYON VILLAGES
50363,45.11Z,PME,50410,MOYON VILLAGES
50363,47.99A,PME,50410,MOYON VILLAGES
50363,47.99A,PME,50420,MOYON VILLAGES
50363,68.20B,,50420,MOYON VILLAGES
50363,68.20B,PME,50420,MOYON VILLAGES
50363,81.30Z,PME,50420,MOYON VILLAGES
50363,82.19Z,,50420,MOYON VILLAGES
50363,84.11Z,PME,50410,MOYON VILLAGES
50363,84.11Z,PME,50420,MOYON VILLAGES
50363,85.20Z,PME,50420,MOYON VILLAGES
50363,87.10A,PME,50420,MOYON VILLAGES
50363,88.99B,PME,50420,MOYON VILLAGES
50363,93.12Z,,50420,MOYON VILLAGES
50363,94.99Z,,50410,MOYON VILLAGES
50363,94.99Z,,50420,MOYON VILLAGES
50363,94.99Z,PME,50420,MOYON VILLAGES
50363,96.02A,PME,50420,MOYON VILLAGES
50364,01.11Z,,50490,MUNEVILLE-LE-BINGARD
50364,01.13Z,,50490,MUNEVILLE-LE-BINGARD
50364,01.30Z,PME,50490,MUNEVILLE-LE-BINGARD
50364,01.41Z,,50490,MUNEVILLE-LE-BINGARD
50364,01.42Z,,50490,MUNEVILLE-LE-BINGARD
50364,01.43Z,,50490,MUNEVILLE-LE-BINGARD
50364,01.49Z,,50490,MUNEVILLE-LE-BINGARD
50364,01.49Z,PME,50490,MUNEVILLE-LE-BINGARD
50364,01.50Z,,50490,MUNEVILLE-LE-BINGARD
50364,01.61Z,,50490,MUNEVILLE-LE-BINGARD
50364,08.12Z,GE,50490,MUNEVILLE-LE-BINGARD
50364,23.99Z,GE,50490,MUNEVILLE-LE-BINGARD
50364,32.13Z,PME,50490,MUNEVILLE-LE-BINGARD
50364,33.20A,PME,50490,MUNEVILLE-LE-BINGARD
50364,37.00Z,PME,50490,MUNEVILLE-LE-BINGARD
50364,43.12A,PME,50490,MUNEVILLE-LE-BINGARD
50364,43.21A,PME,50490,MUNEVILLE-LE-BINGARD
50364,43.32A,,50490,MUNEVILLE-LE-BINGARD
50364,43.32A,PME,50490,MUNEVILLE-LE-BINGARD
50364,43.91B,PME,50490,MUNEVILLE-LE-BINGARD
50364,43.99D,,50490,MUNEVILLE-LE-BINGARD
50364,45.20A,,50490,MUNEVILLE-LE-BINGARD
50364,45.20A,PME,50490,MUNEVILLE-LE-BINGARD
50364,45.40Z,PME,50490,MUNEVILLE-LE-BINGARD
50364,46.19B,,50490,MUNEVILLE-LE-BINGARD
50364,46.31Z,PME,50490,MUNEVILLE-LE-BINGARD
50364,46.76Z,,50490,MUNEVILLE-LE-BINGARD
50364,47.78C,PME,50490,MUNEVILLE-LE-BINGARD
50364,47.99A,PME,50490,MUNEVILLE-LE-BINGARD
50364,49.41A,PME,50490,MUNEVILLE-LE-BINGARD
50364,55.20Z,,50490,MUNEVILLE-LE-BINGARD
50364,56.10C,PME,50490,MUNEVILLE-LE-BINGARD
50364,62.02A,PME,50490,MUNEVILLE-LE-BINGARD
50364,66.30Z,,50490,MUNEVILLE-LE-BINGARD
50364,68.20A,,50490,MUNEVILLE-LE-BINGARD
50364,68.20A,PME,50490,MUNEVILLE-LE-BINGARD
50364,68.20B,,50490,MUNEVILLE-LE-BINGARD
50364,68.20B,PME,50490,MUNEVILLE-LE-BINGARD
50364,68.31Z,PME,50490,MUNEVILLE-LE-BINGARD
50364,81.21Z,PME,50490,MUNEVILLE-LE-BINGARD
50364,81.22Z,,50490,MUNEVILLE-LE-BINGARD
50364,84.11Z,PME,50490,MUNEVILLE-LE-BINGARD
50364,85.20Z,PME,50490,MUNEVILLE-LE-BINGARD
50364,85.51Z,PME,50490,MUNEVILLE-LE-BINGARD
50364,86.90D,,50490,MUNEVILLE-LE-BINGARD
50364,86.90F,PME,50490,MUNEVILLE-LE-BINGARD
50364,88.91A,,50490,MUNEVILLE-LE-BINGARD
50364,90.01Z,PME,50490,MUNEVILLE-LE-BINGARD
50364,93.12Z,,50490,MUNEVILLE-LE-BINGARD
50364,93.19Z,,50490,MUNEVILLE-LE-BINGARD
50364,93.29Z,,50490,MUNEVILLE-LE-BINGARD
50364,94.99Z,,50490,MUNEVILLE-LE-BINGARD
50364,96.02A,,50490,MUNEVILLE-LE-BINGARD
50364,96.02A,PME,50490,MUNEVILLE-LE-BINGARD
50364,96.02B,PME,50490,MUNEVILLE-LE-BINGARD
50364,96.09Z,PME,50490,MUNEVILLE-LE-BINGARD
50365,01.11Z,,50290,MUNEVILLE-SUR-MER
50365,01.24Z,,50290,MUNEVILLE-SUR-MER
50365,01.41Z,,50290,MUNEVILLE-SUR-MER
50365,01.42Z,,50290,MUNEVILLE-SUR-MER
50365,01.49Z,,50290,MUNEVILLE-SUR-MER
50365,01.50Z,,50290,MUNEVILLE-SUR-MER
50365,01.61Z,,50290,MUNEVILLE-SUR-MER
50365,03.11Z,,50290,MUNEVILLE-SUR-MER
50365,14.13Z,PME,50290,MUNEVILLE-SUR-MER
50365,16.29Z,,50290,MUNEVILLE-SUR-MER
50365,32.13Z,PME,50290,MUNEVILLE-SUR-MER
50365,35.11Z,,50290,MUNEVILLE-SUR-MER
50365,43.12B,PME,50290,MUNEVILLE-SUR-MER
50365,43.32A,PME,50290,MUNEVILLE-SUR-MER
50365,45.11Z,PME,50290,MUNEVILLE-SUR-MER
50365,47.11B,,50290,MUNEVILLE-SUR-MER
50365,47.89Z,PME,50290,MUNEVILLE-SUR-MER
50365,47.99A,PME,50290,MUNEVILLE-SUR-MER
50365,55.20Z,PME,50290,MUNEVILLE-SUR-MER
50365,56.10C,,50290,MUNEVILLE-SUR-MER
50365,62.02A,PME,50290,MUNEVILLE-SUR-MER
50365,64.20Z,,50290,MUNEVILLE-SUR-MER
50365,64.30Z,PME,50290,MUNEVILLE-SUR-MER
50365,68.20A,,50290,MUNEVILLE-SUR-MER
50365,68.20B,,50290,MUNEVILLE-SUR-MER
50365,68.20B,PME,50290,MUNEVILLE-SUR-MER
50365,70.10Z,,50290,MUNEVILLE-SUR-MER
50365,77.31Z,,50290,MUNEVILLE-SUR-MER
50365,81.30Z,PME,50290,MUNEVILLE-SUR-MER
50365,82.99Z,PME,50290,MUNEVILLE-SUR-MER
50365,84.11Z,PME,50290,MUNEVILLE-SUR-MER
50365,86.90D,,50290,MUNEVILLE-SUR-MER
50365,93.12Z,,50290,MUNEVILLE-SUR-MER
50365,94.99Z,,50290,MUNEVILLE-SUR-MER
50365,96.02B,PME,50290,MUNEVILLE-SUR-MER
50365,96.09Z,,50290,MUNEVILLE-SUR-MER
50368,01.11Z,,50190,NAY
50368,01.41Z,,50190,NAY
50368,01.42Z,,50190,NAY
50368,23.41Z,,50190,NAY
50368,43.22A,,50190,NAY
50368,43.32A,PME,50190,NAY
50368,47.64Z,PME,50190,NAY
50368,84.11Z,PME,50190,NAY
50368,93.29Z,PME,50190,NAY
50369,01.11Z,,50260,NEGREVILLE
50369,01.13Z,,50260,NEGREVILLE
50369,01.24Z,,50260,NEGREVILLE
50369,01.25Z,,50260,NEGREVILLE
50369,01.25Z,PME,50260,NEGREVILLE
50369,01.30Z,,50260,NEGREVILLE
50369,01.41Z,,50260,NEGREVILLE
50369,01.42Z,,50260,NEGREVILLE
50369,01.43Z,,50260,NEGREVILLE
50369,01.49Z,,50260,NEGREVILLE
50369,01.50Z,,50260,NEGREVILLE
50369,01.61Z,,50260,NEGREVILLE
50369,01.62Z,,50260,NEGREVILLE
50369,02.10Z,,50260,NEGREVILLE
50369,10.71C,PME,50260,NEGREVILLE
50369,11.03Z,PME,50260,NEGREVILLE
50369,13.92Z,PME,50260,NEGREVILLE
50369,31.09B,,50260,NEGREVILLE
50369,31.09B,PME,50260,NEGREVILLE
50369,43.12A,PME,50260,NEGREVILLE
50369,43.31Z,PME,50260,NEGREVILLE
50369,43.32A,PME,50260,NEGREVILLE
50369,43.33Z,PME,50260,NEGREVILLE
50369,43.91B,PME,50260,NEGREVILLE
50369,43.99C,PME,50260,NEGREVILLE
50369,45.20A,PME,50260,NEGREVILLE
50369,46.11Z,PME,50260,NEGREVILLE
50369,47.82Z,PME,50260,NEGREVILLE
50369,47.99A,,50260,NEGREVILLE
50369,47.99A,PME,50260,NEGREVILLE
50369,55.20Z,,50260,NEGREVILLE
50369,62.01Z,,50260,NEGREVILLE
50369,68.20A,,50260,NEGREVILLE
50369,68.20A,PME,50260,NEGREVILLE
50369,68.20B,,50260,NEGREVILLE
50369,68.20B,PME,50260,NEGREVILLE
50369,70.10Z,,50260,NEGREVILLE
50369,70.22Z,PME,50260,NEGREVILLE
50369,71.12B,PME,50260,NEGREVILLE
50369,81.21Z,,50260,NEGREVILLE
50369,84.11Z,PME,50260,NEGREVILLE
50369,85.20Z,PME,50260,NEGREVILLE
50369,85.59A,,50260,NEGREVILLE
50369,86.90D,PME,50260,NEGREVILLE
50369,86.90F,PME,50260,NEGREVILLE
50369,90.01Z,,50260,NEGREVILLE
50369,93.12Z,,50260,NEGREVILLE
50369,94.99Z,,50260,NEGREVILLE
50369,94.99Z,PME,50260,NEGREVILLE
50369,96.02A,PME,50260,NEGREVILLE
50369,96.02B,PME,50260,NEGREVILLE
50369,96.09Z,,50260,NEGREVILLE
50370,01.11Z,,50390,NEHOU
50370,01.13Z,,50390,NEHOU
50370,01.41Z,,50390,NEHOU
50370,01.42Z,,50390,NEHOU
50370,01.43Z,,50390,NEHOU
50370,01.45Z,,50390,NEHOU
50370,01.49Z,,50390,NEHOU
50370,01.61Z,,50390,NEHOU
50370,01.62Z,,50390,NEHOU
50370,02.10Z,,50390,NEHOU
50370,15.12Z,PME,50390,NEHOU
50370,23.70Z,PME,50390,NEHOU
50370,35.11Z,PME,50390,NEHOU
50370,38.12Z,ETI,50390,NEHOU
50370,38.32Z,ETI,50390,NEHOU
50370,43.12A,PME,50390,NEHOU
50370,43.21A,,50390,NEHOU
50370,43.31Z,PME,50390,NEHOU
50370,43.32A,PME,50390,NEHOU
50370,43.33Z,PME,50390,NEHOU
50370,43.34Z,,50390,NEHOU
50370,43.91B,,50390,NEHOU
50370,45.20B,PME,50390,NEHOU
50370,45.32Z,,50390,NEHOU
50370,46.19B,PME,50390,NEHOU
50370,46.42Z,,50390,NEHOU
50370,46.73A,PME,50390,NEHOU
50370,47.29Z,PME,50390,NEHOU
50370,47.91B,PME,50390,NEHOU
50370,47.99A,PME,50390,NEHOU
50370,53.20Z,PME,50390,NEHOU
50370,55.20Z,PME,50390,NEHOU
50370,62.01Z,,50390,NEHOU
50370,64.20Z,PME,50390,NEHOU
50370,68.20A,,50390,NEHOU
50370,68.20A,PME,50390,NEHOU
50370,68.20B,,50390,NEHOU
50370,68.20B,PME,50390,NEHOU
50370,68.31Z,,50390,NEHOU
50370,81.21Z,PME,50390,NEHOU
50370,82.19Z,PME,50390,NEHOU
50370,84.11Z,PME,50390,NEHOU
50370,85.20Z,PME,50390,NEHOU
50370,90.03A,PME,50390,NEHOU
50370,94.99Z,,50390,NEHOU
50370,94.99Z,PME,50390,NEHOU
50370,96.09Z,PME,50390,NEHOU
50371,01.11Z,,50140,LE NEUFBOURG
50371,01.41Z,,50140,LE NEUFBOURG
50371,01.42Z,,50140,LE NEUFBOURG
50371,32.50A,PME,50140,LE NEUFBOURG
50371,35.11Z,,50140,LE NEUFBOURG
50371,35.11Z,PME,50140,LE NEUFBOURG
50371,43.12B,PME,50140,LE NEUFBOURG
50371,43.21A,,50140,LE NEUFBOURG
50371,43.31Z,PME,50140,LE NEUFBOURG
50371,43.32A,PME,50140,LE NEUFBOURG
50371,43.33Z,PME,50140,LE NEUFBOURG
50371,45.11Z,PME,50140,LE NEUFBOURG
50371,45.20A,,50140,LE NEUFBOURG
50371,45.20A,PME,50140,LE NEUFBOURG
50371,46.61Z,PME,50140,LE NEUFBOURG
50371,47.82Z,PME,50140,LE NEUFBOURG
50371,47.91A,PME,50140,LE NEUFBOURG
50371,47.99A,,50140,LE NEUFBOURG
50371,47.99A,PME,50140,LE NEUFBOURG
50371,49.39A,PME,50140,LE NEUFBOURG
50371,52.21Z,PME,50140,LE NEUFBOURG
50371,55.20Z,,50140,LE NEUFBOURG
50371,56.10A,PME,50140,LE NEUFBOURG
50371,56.10C,,50140,LE NEUFBOURG
50371,56.10C,PME,50140,LE NEUFBOURG
50371,56.30Z,PME,50140,LE NEUFBOURG
50371,68.20A,,50140,LE NEUFBOURG
50371,68.20B,,50140,LE NEUFBOURG
50371,68.20B,PME,50140,LE NEUFBOURG
50371,70.10Z,PME,50140,LE NEUFBOURG
50371,71.12B,PME,50140,LE NEUFBOURG
50371,74.30Z,PME,50140,LE NEUFBOURG
50371,81.22Z,PME,50140,LE NEUFBOURG
50371,81.30Z,PME,50140,LE NEUFBOURG
50371,82.11Z,PME,50140,LE NEUFBOURG
50371,84.11Z,PME,50140,LE NEUFBOURG
50371,85.10Z,PME,50140,LE NEUFBOURG
50371,85.51Z,PME,50140,LE NEUFBOURG
50371,85.59B,PME,50140,LE NEUFBOURG
50371,88.99B,,50140,LE NEUFBOURG
50371,90.03A,PME,50140,LE NEUFBOURG
50371,90.03B,PME,50140,LE NEUFBOURG
50371,93.29Z,PME,50140,LE NEUFBOURG
50371,94.99Z,,50140,LE NEUFBOURG
50371,95.29Z,PME,50140,LE NEUFBOURG
50371,96.03Z,PME,50140,LE NEUFBOURG
50372,01.41Z,,50250,NEUFMESNIL
50372,01.49Z,,50250,NEUFMESNIL
50372,35.11Z,,50250,NEUFMESNIL
50372,43.31Z,PME,50250,NEUFMESNIL
50372,43.32A,PME,50250,NEUFMESNIL
50372,45.20A,PME,50250,NEUFMESNIL
50372,47.79Z,PME,50250,NEUFMESNIL
50372,47.91B,,50250,NEUFMESNIL
50372,47.99A,,50250,NEUFMESNIL
50372,47.99A,PME,50250,NEUFMESNIL
50372,66.19A,PME,50250,NEUFMESNIL
50372,68.20A,,50250,NEUFMESNIL
50372,68.20B,,50250,NEUFMESNIL
50372,68.20B,PME,50250,NEUFMESNIL
50372,81.30Z,PME,50250,NEUFMESNIL
50372,84.11Z,PME,50250,NEUFMESNIL
50372,87.10A,PME,50250,NEUFMESNIL
50372,88.99B,,50250,NEUFMESNIL
50372,96.02A,PME,50250,NEUFMESNIL
50373,01.13Z,,50480,NEUVILLE-AU-PLAIN
50373,01.41Z,,50480,NEUVILLE-AU-PLAIN
50373,01.42Z,,50480,NEUVILLE-AU-PLAIN
50373,01.43Z,,50480,NEUVILLE-AU-PLAIN
50373,01.49Z,,50480,NEUVILLE-AU-PLAIN
50373,25.61Z,PME,50480,NEUVILLE-AU-PLAIN
50373,45.20A,PME,50480,NEUVILLE-AU-PLAIN
50373,68.20B,,50480,NEUVILLE-AU-PLAIN
50373,68.20B,PME,50480,NEUVILLE-AU-PLAIN
50373,74.10Z,,50480,NEUVILLE-AU-PLAIN
50373,84.11Z,PME,50480,NEUVILLE-AU-PLAIN
50373,88.99B,,50480,NEUVILLE-AU-PLAIN
50374,01.41Z,,50250,NEUVILLE-EN-BEAUMONT
50374,01.42Z,,50250,NEUVILLE-EN-BEAUMONT
50374,01.50Z,,50250,NEUVILLE-EN-BEAUMONT
50374,68.20A,PME,50250,NEUVILLE-EN-BEAUMONT
50374,68.20B,PME,50250,NEUVILLE-EN-BEAUMONT
50374,84.11Z,PME,50250,NEUVILLE-EN-BEAUMONT
50376,01.11Z,,50200,NICORPS
50376,01.41Z,,50200,NICORPS
50376,01.42Z,,50200,NICORPS
50376,01.43Z,,50200,NICORPS
50376,01.46Z,,50200,NICORPS
50376,01.61Z,,50200,NICORPS
50376,02.10Z,,50200,NICORPS
50376,11.03Z,PME,50200,NICORPS
50376,32.13Z,PME,50200,NICORPS
50376,35.11Z,,50200,NICORPS
50376,38.11Z,PME,50200,NICORPS
50376,42.99Z,PME,50200,NICORPS
50376,43.99C,PME,50200,NICORPS
50376,46.61Z,,50200,NICORPS
50376,47.81Z,PME,50200,NICORPS
50376,56.10A,PME,50200,NICORPS
50376,64.20Z,PME,50200,NICORPS
50376,68.20A,,50200,NICORPS
50376,68.20B,,50200,NICORPS
50376,68.20B,PME,50200,NICORPS
50376,81.21Z,,50200,NICORPS
50376,84.11Z,PME,50200,NICORPS
50376,84.12Z,PME,50200,NICORPS
50376,93.11Z,PME,50200,NICORPS
50376,93.12Z,,50200,NICORPS
50376,93.19Z,PME,50200,NICORPS
50376,94.99Z,,50200,NICORPS
50376,94.99Z,PME,50200,NICORPS
50376,95.29Z,PME,50200,NICORPS
50376,96.02A,PME,50200,NICORPS
50378,01.11Z,,50210,NOTRE-DAME-DE-CENILLY
50378,01.41Z,,50210,NOTRE-DAME-DE-CENILLY
50378,01.42Z,,50210,NOTRE-DAME-DE-CENILLY
50378,01.43Z,,50210,NOTRE-DAME-DE-CENILLY
50378,01.45Z,,50210,NOTRE-DAME-DE-CENILLY
50378,01.46Z,,50210,NOTRE-DAME-DE-CENILLY
50378,01.49Z,,50210,NOTRE-DAME-DE-CENILLY
50378,01.50Z,,50210,NOTRE-DAME-DE-CENILLY
50378,01.61Z,,50210,NOTRE-DAME-DE-CENILLY
50378,10.71C,PME,50210,NOTRE-DAME-DE-CENILLY
50378,16.29Z,PME,50210,NOTRE-DAME-DE-CENILLY
50378,32.13Z,PME,50210,NOTRE-DAME-DE-CENILLY
50378,35.11Z,PME,50210,NOTRE-DAME-DE-CENILLY
50378,37.00Z,PME,50210,NOTRE-DAME-DE-CENILLY
50378,42.99Z,,50210,NOTRE-DAME-DE-CENILLY
50378,43.21A,PME,50210,NOTRE-DAME-DE-CENILLY
50378,43.32A,PME,50210,NOTRE-DAME-DE-CENILLY
50378,43.99C,PME,50210,NOTRE-DAME-DE-CENILLY
50378,45.20A,PME,50210,NOTRE-DAME-DE-CENILLY
50378,45.40Z,PME,50210,NOTRE-DAME-DE-CENILLY
50378,46.19B,,50210,NOTRE-DAME-DE-CENILLY
50378,46.19B,PME,50210,NOTRE-DAME-DE-CENILLY
50378,47.11B,PME,50210,NOTRE-DAME-DE-CENILLY
50378,47.91A,PME,50210,NOTRE-DAME-DE-CENILLY
50378,47.91B,,50210,NOTRE-DAME-DE-CENILLY
50378,47.99A,PME,50210,NOTRE-DAME-DE-CENILLY
50378,56.30Z,PME,50210,NOTRE-DAME-DE-CENILLY
50378,64.19Z,GE,50210,NOTRE-DAME-DE-CENILLY
50378,64.20Z,PME,50210,NOTRE-DAME-DE-CENILLY
50378,66.19A,,50210,NOTRE-DAME-DE-CENILLY
50378,68.20A,,50210,NOTRE-DAME-DE-CENILLY
50378,68.20B,,50210,NOTRE-DAME-DE-CENILLY
50378,68.20B,PME,50210,NOTRE-DAME-DE-CENILLY
50378,69.10Z,PME,50210,NOTRE-DAME-DE-CENILLY
50378,70.10Z,,50210,NOTRE-DAME-DE-CENILLY
50378,74.20Z,PME,50210,NOTRE-DAME-DE-CENILLY
50378,75.00Z,PME,50210,NOTRE-DAME-DE-CENILLY
50378,84.11Z,PME,50210,NOTRE-DAME-DE-CENILLY
50378,85.20Z,PME,50210,NOTRE-DAME-DE-CENILLY
50378,86.90D,,50210,NOTRE-DAME-DE-CENILLY
50378,86.90F,PME,50210,NOTRE-DAME-DE-CENILLY
50378,90.01Z,PME,50210,NOTRE-DAME-DE-CENILLY
50378,90.03A,,50210,NOTRE-DAME-DE-CENILLY
50378,90.03A,PME,50210,NOTRE-DAME-DE-CENILLY
50378,93.12Z,,50210,NOTRE-DAME-DE-CENILLY
50378,94.99Z,,50210,NOTRE-DAME-DE-CENILLY
50378,95.11Z,,50210,NOTRE-DAME-DE-CENILLY
50378,95.29Z,PME,50210,NOTRE-DAME-DE-CENILLY
50378,96.02A,PME,50210,NOTRE-DAME-DE-CENILLY
50378,96.09Z,PME,50210,NOTRE-DAME-DE-CENILLY
50379,01.11Z,,50370,NOTRE-DAME-DE-LIVOYE
50379,01.13Z,,50370,NOTRE-DAME-DE-LIVOYE
50379,01.41Z,,50370,NOTRE-DAME-DE-LIVOYE
50379,01.42Z,,50370,NOTRE-DAME-DE-LIVOYE
50379,01.43Z,,50370,NOTRE-DAME-DE-LIVOYE
50379,01.49Z,,50370,NOTRE-DAME-DE-LIVOYE
50379,01.50Z,,50370,NOTRE-DAME-DE-LIVOYE
50379,01.61Z,,50370,NOTRE-DAME-DE-LIVOYE
50379,43.21A,,50370,NOTRE-DAME-DE-LIVOYE
50379,43.34Z,,50370,NOTRE-DAME-DE-LIVOYE
50379,47.89Z,,50370,NOTRE-DAME-DE-LIVOYE
50379,47.91A,PME,50370,NOTRE-DAME-DE-LIVOYE
50379,68.20B,PME,50370,NOTRE-DAME-DE-LIVOYE
50379,84.11Z,PME,50370,NOTRE-DAME-DE-LIVOYE
50379,94.99Z,,50370,NOTRE-DAME-DE-LIVOYE
50379,96.09Z,,50370,NOTRE-DAME-DE-LIVOYE
50387,01.11Z,,50390,ORGLANDES
50387,01.41Z,,50390,ORGLANDES
50387,01.42Z,,50390,ORGLANDES
50387,01.49Z,,50390,ORGLANDES
50387,01.50Z,,50390,ORGLANDES
50387,33.20A,,50390,ORGLANDES
50387,35.11Z,PME,50390,ORGLANDES
50387,43.12A,,50390,ORGLANDES
50387,43.12A,PME,50390,ORGLANDES
50387,43.22A,PME,50390,ORGLANDES
50387,43.32A,PME,50390,ORGLANDES
50387,43.39Z,,50390,ORGLANDES
50387,43.39Z,PME,50390,ORGLANDES
50387,43.99C,,50390,ORGLANDES
50387,47.11B,,50390,ORGLANDES
50387,47.78C,,50390,ORGLANDES
50387,47.81Z,PME,50390,ORGLANDES
50387,47.99A,PME,50390,ORGLANDES
50387,53.20Z,PME,50390,ORGLANDES
50387,64.20Z,PME,50390,ORGLANDES
50387,68.20A,,50390,ORGLANDES
50387,68.20B,,50390,ORGLANDES
50387,68.20B,PME,50390,ORGLANDES
50387,70.10Z,,50390,ORGLANDES
50387,81.30Z,,50390,ORGLANDES
50387,84.11Z,PME,50390,ORGLANDES
50387,85.20Z,PME,50390,ORGLANDES
50387,86.90D,,50390,ORGLANDES
50387,90.03B,PME,50390,ORGLANDES
50387,93.12Z,,50390,ORGLANDES
50387,93.19Z,PME,50390,ORGLANDES
50387,94.99Z,,50390,ORGLANDES
50387,99.00Z,PME,50390,ORGLANDES
50389,01.11Z,,50210,OUVILLE
50389,01.41Z,,50210,OUVILLE
50389,01.42Z,,50210,OUVILLE
50389,01.43Z,,50210,OUVILLE
50389,01.61Z,,50210,OUVILLE
50389,01.62Z,,50210,OUVILLE
50389,02.20Z,PME,50210,OUVILLE
50389,10.71C,PME,50210,OUVILLE
50389,10.91Z,ETI,50210,OUVILLE
50389,31.09B,PME,50210,OUVILLE
50389,33.12Z,PME,50210,OUVILLE
50389,35.11Z,PME,50210,OUVILLE
50389,42.99Z,PME,50210,OUVILLE
50389,43.22A,PME,50210,OUVILLE
50389,43.32A,PME,50210,OUVILLE
50389,43.33Z,,50210,OUVILLE
50389,43.34Z,PME,50210,OUVILLE
50389,43.91B,PME,50210,OUVILLE
50389,43.99C,PME,50210,OUVILLE
50389,46.21Z,PME,50210,OUVILLE
50389,46.23Z,PME,50210,OUVILLE
50389,46.61Z,PME,50210,OUVILLE
50389,46.73A,PME,50210,OUVILLE
50389,47.11B,,50210,OUVILLE
50389,47.79Z,PME,50210,OUVILLE
50389,47.91A,,50210,OUVILLE
50389,47.91B,,50210,OUVILLE
50389,47.99A,,50210,OUVILLE
50389,47.99A,PME,50210,OUVILLE
50389,55.20Z,PME,50210,OUVILLE
50389,56.10C,PME,50210,OUVILLE
50389,68.20A,,50210,OUVILLE
50389,68.20B,,50210,OUVILLE
50389,68.20B,PME,50210,OUVILLE
50389,70.10Z,,50210,OUVILLE
50389,70.10Z,PME,50210,OUVILLE
50389,70.21Z,PME,50210,OUVILLE
50389,74.90B,PME,50210,OUVILLE
50389,81.30Z,PME,50210,OUVILLE
50389,84.11Z,PME,50210,OUVILLE
50389,85.10Z,PME,50210,OUVILLE
50389,85.59A,PME,50210,OUVILLE
50389,85.59B,PME,50210,OUVILLE
50389,93.12Z,,50210,OUVILLE
50389,93.19Z,,50210,OUVILLE
50389,94.91Z,,50210,OUVILLE
50389,94.99Z,,50210,OUVILLE
50389,96.02A,,50210,OUVILLE
50390,01.11Z,,50310,OZEVILLE
50390,01.41Z,,50310,OZEVILLE
50390,01.42Z,,50310,OZEVILLE
50390,01.43Z,,50310,OZEVILLE
50390,23.61Z,PME,50310,OZEVILLE
50390,43.32A,PME,50310,OZEVILLE
50390,64.20Z,PME,50310,OZEVILLE
50390,68.20A,,50310,OZEVILLE
50390,68.20A,PME,50310,OZEVILLE
50390,68.20B,,50310,OZEVILLE
50390,68.31Z,PME,50310,OZEVILLE
50390,70.10Z,,50310,OZEVILLE
50390,70.10Z,PME,50310,OZEVILLE
50390,84.11Z,PME,50310,OZEVILLE
50390,90.01Z,PME,50310,OZEVILLE
50390,93.19Z,,50310,OZEVILLE
50390,94.99Z,,50310,OZEVILLE
50393,01.11Z,,50410,PERCY-EN-NORMANDIE
50393,01.11Z,PME,50410,PERCY-EN-NORMANDIE
50393,01.19Z,,50410,PERCY-EN-NORMANDIE
50393,01.24Z,,50410,PERCY-EN-NORMANDIE
50393,01.30Z,,50410,PERCY-EN-NORMANDIE
50393,01.41Z,,50410,PERCY-EN-NORMANDIE
50393,01.41Z,PME,50410,PERCY-EN-NORMANDIE
50393,01.42Z,,50410,PERCY-EN-NORMANDIE
50393,01.42Z,PME,50410,PERCY-EN-NORMANDIE
50393,01.43Z,,50410,PERCY-EN-NORMANDIE
50393,01.43Z,PME,50410,PERCY-EN-NORMANDIE
50393,01.45Z,,50410,PERCY-EN-NORMANDIE
50393,01.46Z,,50410,PERCY-EN-NORMANDIE
50393,01.47Z,,50410,PERCY-EN-NORMANDIE
50393,01.49Z,,50410,PERCY-EN-NORMANDIE
50393,01.50Z,,50410,PERCY-EN-NORMANDIE
50393,01.61Z,,50410,PERCY-EN-NORMANDIE
50393,01.62Z,,50410,PERCY-EN-NORMANDIE
50393,02.40Z,,50410,PERCY-EN-NORMANDIE
50393,08.12Z,GE,50410,PERCY-EN-NORMANDIE
50393,10.13B,PME,50410,PERCY-EN-NORMANDIE
50393,10.39B,,50410,PERCY-EN-NORMANDIE
50393,10.71C,,50410,PERCY-EN-NORMANDIE
50393,10.71C,PME,50410,PERCY-EN-NORMANDIE
50393,13.30Z,PME,50410,PERCY-EN-NORMANDIE
50393,13.92Z,PME,50410,PERCY-EN-NORMANDIE
50393,16.23Z,PME,50410,PERCY-EN-NORMANDIE
50393,25.62B,PME,50410,PERCY-EN-NORMANDIE
50393,25.99B,PME,50410,PERCY-EN-NORMANDIE
50393,28.30Z,PME,50410,PERCY-EN-NORMANDIE
50393,29.20Z,PME,50410,PERCY-EN-NORMANDIE
50393,31.09B,PME,50410,PERCY-EN-NORMANDIE
50393,32.13Z,PME,50410,PERCY-EN-NORMANDIE
50393,33.20A,PME,50410,PERCY-EN-NORMANDIE
50393,35.11Z,,50410,PERCY-EN-NORMANDIE
50393,35.11Z,PME,50410,PERCY-EN-NORMANDIE
50393,41.10D,PME,50410,PERCY-EN-NORMANDIE
50393,41.20A,,50410,PERCY-EN-NORMANDIE
50393,41.20A,PME,50410,PERCY-EN-NORMANDIE
50393,43.21A,PME,50410,PERCY-EN-NORMANDIE
50393,43.22A,,50410,PERCY-EN-NORMANDIE
50393,43.22A,PME,50410,PERCY-EN-NORMANDIE
50393,43.29A,PME,50410,PERCY-EN-NORMANDIE
50393,43.31Z,,50410,PERCY-EN-NORMANDIE
50393,43.32A,PME,50410,PERCY-EN-NORMANDIE
50393,43.33Z,PME,50410,PERCY-EN-NORMANDIE
50393,43.34Z,PME,50410,PERCY-EN-NORMANDIE
50393,43.39Z,PME,50410,PERCY-EN-NORMANDIE
50393,43.91A,PME,50410,PERCY-EN-NORMANDIE
50393,43.91B,,50410,PERCY-EN-NORMANDIE
50393,43.91B,PME,50410,PERCY-EN-NORMANDIE
50393,43.99C,PME,50410,PERCY-EN-NORMANDIE
50393,43.99D,PME,50410,PERCY-EN-NORMANDIE
50393,45.11Z,PME,50410,PERCY-EN-NORMANDIE
50393,45.20A,,50410,PERCY-EN-NORMANDIE
50393,45.20A,PME,50410,PERCY-EN-NORMANDIE
50393,45.40Z,PME,50410,PERCY-EN-NORMANDIE
50393,46.11Z,PME,50410,PERCY-EN-NORMANDIE
50393,46.19B,PME,50410,PERCY-EN-NORMANDIE
50393,46.23Z,PME,50410,PERCY-EN-NORMANDIE
50393,46.42Z,PME,50410,PERCY-EN-NORMANDIE
50393,46.61Z,PME,50410,PERCY-EN-NORMANDIE
50393,47.11B,PME,50410,PERCY-EN-NORMANDIE
50393,47.11D,PME,50410,PERCY-EN-NORMANDIE
50393,47.22Z,,50410,PERCY-EN-NORMANDIE
50393,47.30Z,PME,50410,PERCY-EN-NORMANDIE
50393,47.41Z,,50410,PERCY-EN-NORMANDIE
50393,47.51Z,,50410,PERCY-EN-NORMANDIE
50393,47.52A,PME,50410,PERCY-EN-NORMANDIE
50393,47.71Z,PME,50410,PERCY-EN-NORMANDIE
50393,47.73Z,PME,50410,PERCY-EN-NORMANDIE
50393,47.76Z,PME,50410,PERCY-EN-NORMANDIE
50393,47.79Z,PME,50410,PERCY-EN-NORMANDIE
50393,47.81Z,PME,50410,PERCY-EN-NORMANDIE
50393,47.89Z,PME,50410,PERCY-EN-NORMANDIE
50393,47.91A,PME,50410,PERCY-EN-NORMANDIE
50393,47.99A,,50410,PERCY-EN-NORMANDIE
50393,47.99A,PME,50410,PERCY-EN-NORMANDIE
50393,49.32Z,PME,50410,PERCY-EN-NORMANDIE
50393,55.20Z,PME,50410,PERCY-EN-NORMANDIE
50393,56.10A,PME,50410,PERCY-EN-NORMANDIE
50393,56.10C,,50410,PERCY-EN-NORMANDIE
50393,56.10C,PME,50410,PERCY-EN-NORMANDIE
50393,56.30Z,PME,50410,PERCY-EN-NORMANDIE
50393,59.20Z,PME,50410,PERCY-EN-NORMANDIE
50393,62.01Z,PME,50410,PERCY-EN-NORMANDIE
50393,62.02A,PME,50410,PERCY-EN-NORMANDIE
50393,63.91Z,PME,50410,PERCY-EN-NORMANDIE
50393,64.19Z,GE,50410,PERCY-EN-NORMANDIE
50393,64.19Z,PME,50410,PERCY-EN-NORMANDIE
50393,64.20Z,PME,50410,PERCY-EN-NORMANDIE
50393,65.12Z,GE,50410,PERCY-EN-NORMANDIE
50393,66.19A,PME,50410,PERCY-EN-NORMANDIE
50393,66.19B,,50410,PERCY-EN-NORMANDIE
50393,66.30Z,PME,50410,PERCY-EN-NORMANDIE
50393,68.10Z,,50410,PERCY-EN-NORMANDIE
50393,68.20A,,50410,PERCY-EN-NORMANDIE
50393,68.20A,PME,50410,PERCY-EN-NORMANDIE
50393,68.20B,,50410,PERCY-EN-NORMANDIE
50393,68.20B,PME,50410,PERCY-EN-NORMANDIE
50393,68.31Z,,50410,PERCY-EN-NORMANDIE
50393,68.31Z,PME,50410,PERCY-EN-NORMANDIE
50393,68.32A,,50410,PERCY-EN-NORMANDIE
50393,69.10Z,PME,50410,PERCY-EN-NORMANDIE
50393,70.10Z,,50410,PERCY-EN-NORMANDIE
50393,70.10Z,PME,50410,PERCY-EN-NORMANDIE
50393,70.22Z,,50410,PERCY-EN-NORMANDIE
50393,70.22Z,PME,50410,PERCY-EN-NORMANDIE
50393,71.12B,PME,50410,PERCY-EN-NORMANDIE
50393,71.20B,PME,50410,PERCY-EN-NORMANDIE
50393,74.10Z,,50410,PERCY-EN-NORMANDIE
50393,74.10Z,PME,50410,PERCY-EN-NORMANDIE
50393,74.20Z,PME,50410,PERCY-EN-NORMANDIE
50393,74.30Z,PME,50410,PERCY-EN-NORMANDIE
50393,75.00Z,PME,50410,PERCY-EN-NORMANDIE
50393,78.30Z,PME,50410,PERCY-EN-NORMANDIE
50393,79.11Z,,50410,PERCY-EN-NORMANDIE
50393,80.10Z,PME,50410,PERCY-EN-NORMANDIE
50393,81.21Z,PME,50410,PERCY-EN-NORMANDIE
50393,81.29A,,50410,PERCY-EN-NORMANDIE
50393,81.30Z,PME,50410,PERCY-EN-NORMANDIE
50393,82.19Z,,50410,PERCY-EN-NORMANDIE
50393,82.19Z,PME,50410,PERCY-EN-NORMANDIE
50393,84.11Z,PME,50410,PERCY-EN-NORMANDIE
50393,85.10Z,PME,50410,PERCY-EN-NORMANDIE
50393,85.20Z,PME,50410,PERCY-EN-NORMANDIE
50393,85.31Z,,50410,PERCY-EN-NORMANDIE
50393,85.31Z,PME,50410,PERCY-EN-NORMANDIE
50393,85.51Z,,50410,PERCY-EN-NORMANDIE
50393,85.52Z,PME,50410,PERCY-EN-NORMANDIE
50393,85.53Z,PME,50410,PERCY-EN-NORMANDIE
50393,85.59A,,50410,PERCY-EN-NORMANDIE
50393,85.59A,PME,50410,PERCY-EN-NORMANDIE
50393,85.59B,,50410,PERCY-EN-NORMANDIE
50393,85.59B,PME,50410,PERCY-EN-NORMANDIE
50393,86.21Z,,50410,PERCY-EN-NORMANDIE
50393,86.21Z,PME,50410,PERCY-EN-NORMANDIE
50393,86.23Z,PME,50410,PERCY-EN-NORMANDIE
50393,86.90A,PME,50410,PERCY-EN-NORMANDIE
50393,86.90D,PME,50410,PERCY-EN-NORMANDIE
50393,86.90E,,50410,PERCY-EN-NORMANDIE
50393,86.90E,PME,50410,PERCY-EN-NORMANDIE
50393,86.90F,PME,50410,PERCY-EN-NORMANDIE
50393,87.10A,PME,50410,PERCY-EN-NORMANDIE
50393,87.30A,,50410,PERCY-EN-NORMANDIE
50393,88.91A,,50410,PERCY-EN-NORMANDIE
50393,88.99B,,50410,PERCY-EN-NORMANDIE
50393,90.01Z,PME,50410,PERCY-EN-NORMANDIE
50393,90.02Z,,50410,PERCY-EN-NORMANDIE
50393,90.03B,PME,50410,PERCY-EN-NORMANDIE
50393,93.12Z,,50410,PERCY-EN-NORMANDIE
50393,93.12Z,PME,50410,PERCY-EN-NORMANDIE
50393,93.19Z,,50410,PERCY-EN-NORMANDIE
50393,93.19Z,PME,50410,PERCY-EN-NORMANDIE
50393,93.21Z,PME,50410,PERCY-EN-NORMANDIE
50393,93.29Z,PME,50410,PERCY-EN-NORMANDIE
50393,94.91Z,PME,50410,PERCY-EN-NORMANDIE
50393,94.99Z,,50410,PERCY-EN-NORMANDIE
50393,94.99Z,PME,50410,PERCY-EN-NORMANDIE
50393,95.22Z,PME,50410,PERCY-EN-NORMANDIE
50393,95.29Z,,50410,PERCY-EN-NORMANDIE
50393,95.29Z,PME,50410,PERCY-EN-NORMANDIE
50393,96.01B,PME,50410,PERCY-EN-NORMANDIE
50393,96.02A,PME,50410,PERCY-EN-NORMANDIE
50393,96.02B,PME,50410,PERCY-EN-NORMANDIE
50393,96.03Z,PME,50410,PERCY-EN-NORMANDIE
50393,96.09Z,PME,50410,PERCY-EN-NORMANDIE
50394,01.11Z,,50190,PERIERS
50394,01.41Z,,50190,PERIERS
50394,01.42Z,,50190,PERIERS
50394,01.42Z,PME,50190,PERIERS
50394,01.43Z,,50190,PERIERS
50394,01.45Z,,50190,PERIERS
50394,01.46Z,,50190,PERIERS
50394,01.49Z,,50190,PERIERS
50394,01.50Z,,50190,PERIERS
50394,01.61Z,,50190,PERIERS
50394,03.11Z,,50190,PERIERS
50394,10.13B,PME,50190,PERIERS
50394,10.71C,,50190,PERIERS
50394,10.71C,PME,50190,PERIERS
50394,10.71D,PME,50190,PERIERS
50394,10.89Z,,50190,PERIERS
50394,10.91Z,ETI,50190,PERIERS
50394,17.29Z,PME,50190,PERIERS
50394,18.12Z,PME,50190,PERIERS
50394,23.99Z,GE,50190,PERIERS
50394,24.53Z,PME,50190,PERIERS
50394,25.50A,PME,50190,PERIERS
50394,28.30Z,PME,50190,PERIERS
50394,32.99Z,PME,50190,PERIERS
50394,33.12Z,PME,50190,PERIERS
50394,35.11Z,PME,50190,PERIERS
50394,35.14Z,,50190,PERIERS
50394,36.00Z,PME,50190,PERIERS
50394,37.00Z,PME,50190,PERIERS
50394,38.11Z,GE,50190,PERIERS
50394,38.32Z,GE,50190,PERIERS
50394,38.32Z,PME,50190,PERIERS
50394,41.10D,PME,50190,PERIERS
50394,41.20A,,50190,PERIERS
50394,42.11Z,GE,50190,PERIERS
50394,43.13Z,PME,50190,PERIERS
50394,43.21A,PME,50190,PERIERS
50394,43.22A,PME,50190,PERIERS
50394,43.32A,PME,50190,PERIERS
50394,43.34Z,PME,50190,PERIERS
50394,43.91B,PME,50190,PERIERS
50394,43.99C,PME,50190,PERIERS
50394,45.11Z,PME,50190,PERIERS
50394,45.20A,,50190,PERIERS
50394,45.20A,PME,50190,PERIERS
50394,46.19B,,50190,PERIERS
50394,46.19B,PME,50190,PERIERS
50394,46.21Z,GE,50190,PERIERS
50394,46.33Z,PME,50190,PERIERS
50394,46.61Z,ETI,50190,PERIERS
50394,46.61Z,GE,50190,PERIERS
50394,46.71Z,PME,50190,PERIERS
50394,46.73A,GE,50190,PERIERS
50394,46.73A,PME,50190,PERIERS
50394,47.11D,GE,50190,PERIERS
50394,47.11D,PME,50190,PERIERS
50394,47.19B,PME,50190,PERIERS
50394,47.22Z,PME,50190,PERIERS
50394,47.23Z,PME,50190,PERIERS
50394,47.26Z,PME,50190,PERIERS
50394,47.29Z,PME,50190,PERIERS
50394,47.30Z,PME,50190,PERIERS
50394,47.52A,GE,50190,PERIERS
50394,47.52A,PME,50190,PERIERS
50394,47.71Z,PME,50190,PERIERS
50394,47.72A,PME,50190,PERIERS
50394,47.73Z,PME,50190,PERIERS
50394,47.76Z,,50190,PERIERS
50394,47.76Z,PME,50190,PERIERS
50394,47.77Z,PME,50190,PERIERS
50394,47.78A,PME,50190,PERIERS
50394,47.78C,PME,50190,PERIERS
50394,47.79Z,PME,50190,PERIERS
50394,47.81Z,,50190,PERIERS
50394,47.81Z,PME,50190,PERIERS
50394,47.82Z,PME,50190,PERIERS
50394,47.89Z,,50190,PERIERS
50394,47.89Z,PME,50190,PERIERS
50394,47.91B,,50190,PERIERS
50394,47.99A,,50190,PERIERS
50394,47.99A,PME,50190,PERIERS
50394,47.99B,PME,50190,PERIERS
50394,49.39A,PME,50190,PERIERS
50394,49.41A,PME,50190,PERIERS
50394,53.10Z,GE,50190,PERIERS
50394,53.20Z,,50190,PERIERS
50394,55.10Z,PME,50190,PERIERS
50394,56.10A,PME,50190,PERIERS
50394,56.10C,PME,50190,PERIERS
50394,56.30Z,,50190,PERIERS
50394,56.30Z,PME,50190,PERIERS
50394,59.11C,PME,50190,PERIERS
50394,62.01Z,,50190,PERIERS
50394,64.19Z,GE,50190,PERIERS
50394,64.20Z,PME,50190,PERIERS
50394,64.30Z,PME,50190,PERIERS
50394,65.12Z,GE,50190,PERIERS
50394,66.22Z,PME,50190,PERIERS
50394,66.30Z,PME,50190,PERIERS
50394,68.20A,,50190,PERIERS
50394,68.20B,,50190,PERIERS
50394,68.20B,ETI,50190,PERIERS
50394,68.20B,GE,50190,PERIERS
50394,68.20B,PME,50190,PERIERS
50394,68.31Z,,50190,PERIERS
50394,68.31Z,PME,50190,PERIERS
50394,69.10Z,PME,50190,PERIERS
50394,69.20Z,,50190,PERIERS
50394,70.10Z,GE,50190,PERIERS
50394,70.10Z,PME,50190,PERIERS
50394,70.22Z,PME,50190,PERIERS
50394,71.20A,PME,50190,PERIERS
50394,74.90B,PME,50190,PERIERS
50394,75.00Z,PME,50190,PERIERS
50394,78.20Z,PME,50190,PERIERS
50394,78.30Z,PME,50190,PERIERS
50394,81.21Z,,50190,PERIERS
50394,81.21Z,PME,50190,PERIERS
50394,81.22Z,PME,50190,PERIERS
50394,82.19Z,,50190,PERIERS
50394,82.19Z,PME,50190,PERIERS
50394,84.11Z,PME,50190,PERIERS
50394,85.10Z,PME,50190,PERIERS
50394,85.20Z,PME,50190,PERIERS
50394,85.31Z,PME,50190,PERIERS
50394,85.51Z,PME,50190,PERIERS
50394,85.52Z,PME,50190,PERIERS
50394,85.53Z,,50190,PERIERS
50394,85.53Z,PME,50190,PERIERS
50394,85.59B,,50190,PERIERS
50394,86.21Z,,50190,PERIERS
50394,86.21Z,PME,50190,PERIERS
50394,86.23Z,,50190,PERIERS
50394,86.23Z,PME,50190,PERIERS
50394,86.90A,PME,50190,PERIERS
50394,86.90D,,50190,PERIERS
50394,86.90D,PME,50190,PERIERS
50394,86.90E,PME,50190,PERIERS
50394,86.90F,,50190,PERIERS
50394,86.90F,PME,50190,PERIERS
50394,87.10A,PME,50190,PERIERS
50394,88.10C,PME,50190,PERIERS
50394,88.99B,,50190,PERIERS
50394,88.99B,GE,50190,PERIERS
50394,88.99B,PME,50190,PERIERS
50394,90.03A,PME,50190,PERIERS
50394,90.03B,PME,50190,PERIERS
50394,93.11Z,,50190,PERIERS
50394,93.12Z,,50190,PERIERS
50394,93.12Z,PME,50190,PERIERS
50394,93.19Z,,50190,PERIERS
50394,93.19Z,PME,50190,PERIERS
50394,93.21Z,,50190,PERIERS
50394,93.21Z,PME,50190,PERIERS
50394,93.29Z,,50190,PERIERS
50394,93.29Z,PME,50190,PERIERS
50394,94.20Z,,50190,PERIERS
50394,94.91Z,PME,50190,PERIERS
50394,94.99Z,,50190,PERIERS
50394,94.99Z,PME,50190,PERIERS
50394,96.02A,,50190,PERIERS
50394,96.02A,PME,50190,PERIERS
50394,96.02B,PME,50190,PERIERS
50394,96.03Z,GE,50190,PERIERS
50394,96.03Z,PME,50190,PERIERS
50394,96.09Z,PME,50190,PERIERS
50397,01.11Z,,50150,PERRIERS-EN-BEAUFICEL
50397,01.41Z,,50150,PERRIERS-EN-BEAUFICEL
50397,01.42Z,,50150,PERRIERS-EN-BEAUFICEL
50397,01.45Z,,50150,PERRIERS-EN-BEAUFICEL
50397,01.47Z,,50150,PERRIERS-EN-BEAUFICEL
50397,01.50Z,,50150,PERRIERS-EN-BEAUFICEL
50397,14.13Z,PME,50150,PERRIERS-EN-BEAUFICEL
50397,43.12A,PME,50150,PERRIERS-EN-BEAUFICEL
50397,53.20Z,,50150,PERRIERS-EN-BEAUFICEL
50397,55.20Z,PME,50150,PERRIERS-EN-BEAUFICEL
50397,62.01Z,,50150,PERRIERS-EN-BEAUFICEL
50397,63.12Z,,50150,PERRIERS-EN-BEAUFICEL
50397,68.20B,,50150,PERRIERS-EN-BEAUFICEL
50397,68.20B,PME,50150,PERRIERS-EN-BEAUFICEL
50397,70.22Z,PME,50150,PERRIERS-EN-BEAUFICEL
50397,71.11Z,PME,50150,PERRIERS-EN-BEAUFICEL
50397,81.21Z,,50150,PERRIERS-EN-BEAUFICEL
50397,81.21Z,PME,50150,PERRIERS-EN-BEAUFICEL
50397,81.30Z,PME,50150,PERRIERS-EN-BEAUFICEL
50397,82.19Z,PME,50150,PERRIERS-EN-BEAUFICEL
50397,84.11Z,PME,50150,PERRIERS-EN-BEAUFICEL
50397,85.52Z,,50150,PERRIERS-EN-BEAUFICEL
50397,87.90A,PME,50150,PERRIERS-EN-BEAUFICEL
50397,94.99Z,,50150,PERRIERS-EN-BEAUFICEL
50397,96.09Z,,50150,PERRIERS-EN-BEAUFICEL
50398,01.41Z,,50160,LE PERRON
50398,01.42Z,,50160,LE PERRON
50398,01.46Z,,50160,LE PERRON
50398,01.49Z,,50160,LE PERRON
50398,01.50Z,,50160,LE PERRON
50398,38.11Z,PME,50160,LE PERRON
50398,43.22A,PME,50160,LE PERRON
50398,43.32A,PME,50160,LE PERRON
50398,43.32B,PME,50160,LE PERRON
50398,47.81Z,PME,50160,LE PERRON
50398,47.99A,PME,50160,LE PERRON
50398,68.20B,,50160,LE PERRON
50398,68.20B,PME,50160,LE PERRON
50398,82.99Z,PME,50160,LE PERRON
50398,84.11Z,PME,50160,LE PERRON
50398,94.99Z,,50160,LE PERRON
50399,01.11Z,,50370,LE PETIT-CELLAND
50399,01.19Z,,50370,LE PETIT-CELLAND
50399,01.41Z,,50370,LE PETIT-CELLAND
50399,01.42Z,,50370,LE PETIT-CELLAND
50399,01.43Z,,50370,LE PETIT-CELLAND
50399,01.43Z,PME,50370,LE PETIT-CELLAND
50399,01.45Z,,50370,LE PETIT-CELLAND
50399,01.61Z,,50370,LE PETIT-CELLAND
50399,10.51A,PME,50370,LE PETIT-CELLAND
50399,35.11Z,PME,50370,LE PETIT-CELLAND
50399,41.10D,PME,50370,LE PETIT-CELLAND
50399,43.32A,PME,50370,LE PETIT-CELLAND
50399,46.19B,PME,50370,LE PETIT-CELLAND
50399,47.99A,PME,50370,LE PETIT-CELLAND
50399,68.20B,,50370,LE PETIT-CELLAND
50399,68.20B,PME,50370,LE PETIT-CELLAND
50399,84.11Z,PME,50370,LE PETIT-CELLAND
50399,93.12Z,,50370,LE PETIT-CELLAND
50400,01.11Z,,50250,PICAUVILLE
50400,01.11Z,,50360,PICAUVILLE
50400,01.11Z,,50480,PICAUVILLE
50400,01.13Z,,50360,PICAUVILLE
50400,01.24Z,,50250,PICAUVILLE
50400,01.28Z,,50360,PICAUVILLE
50400,01.41Z,,50250,PICAUVILLE
50400,01.41Z,,50360,PICAUVILLE
50400,01.41Z,,50480,PICAUVILLE
50400,01.42Z,,50250,PICAUVILLE
50400,01.42Z,,50360,PICAUVILLE
50400,01.42Z,,50480,PICAUVILLE
50400,01.43Z,,50250,PICAUVILLE
50400,01.43Z,,50360,PICAUVILLE
50400,01.43Z,,50480,PICAUVILLE
50400,01.43Z,PME,50360,PICAUVILLE
50400,01.46Z,,50360,PICAUVILLE
50400,01.47Z,,50480,PICAUVILLE
50400,01.49Z,,50250,PICAUVILLE
50400,01.49Z,,50360,PICAUVILLE
50400,01.49Z,PME,50250,PICAUVILLE
50400,01.49Z,PME,50480,PICAUVILLE
50400,01.50Z,,50250,PICAUVILLE
50400,01.50Z,,50360,PICAUVILLE
50400,01.50Z,,50480,PICAUVILLE
50400,01.50Z,ETI,50360,PICAUVILLE
50400,01.61Z,,50250,PICAUVILLE
50400,01.61Z,,50480,PICAUVILLE
50400,01.62Z,,50250,PICAUVILLE
50400,02.40Z,,50480,PICAUVILLE
50400,10.71C,PME,50360,PICAUVILLE
50400,14.13Z,PME,50360,PICAUVILLE
50400,23.41Z,PME,50250,PICAUVILLE
50400,23.70Z,PME,50360,PICAUVILLE
50400,25.62B,PME,50360,PICAUVILLE
50400,31.09B,PME,50480,PICAUVILLE
50400,32.13Z,PME,50360,PICAUVILLE
50400,32.99Z,,50360,PICAUVILLE
50400,32.99Z,PME,50360,PICAUVILLE
50400,33.12Z,PME,50250,PICAUVILLE
50400,33.20A,PME,50360,PICAUVILLE
50400,35.11Z,ETI,50480,PICAUVILLE
50400,35.30Z,PME,50360,PICAUVILLE
50400,37.00Z,PME,50250,PICAUVILLE
50400,38.11Z,PME,50250,PICAUVILLE
50400,38.32Z,,50360,PICAUVILLE
50400,38.32Z,,50480,PICAUVILLE
50400,41.10D,PME,50250,PICAUVILLE
50400,41.10D,PME,50360,PICAUVILLE
50400,43.21A,,50480,PICAUVILLE
50400,43.22A,PME,50360,PICAUVILLE
50400,43.22A,PME,50480,PICAUVILLE
50400,43.32A,PME,50250,PICAUVILLE
50400,43.32A,PME,50360,PICAUVILLE
50400,43.32A,PME,50480,PICAUVILLE
50400,43.32B,PME,50360,PICAUVILLE
50400,43.33Z,PME,50360,PICAUVILLE
50400,43.34Z,,50360,PICAUVILLE
50400,43.34Z,PME,50250,PICAUVILLE
50400,43.34Z,PME,50360,PICAUVILLE
50400,43.34Z,PME,50480,PICAUVILLE
50400,43.39Z,PME,50480,PICAUVILLE
50400,43.91A,PME,50360,PICAUVILLE
50400,43.91B,PME,50360,PICAUVILLE
50400,43.99C,PME,50360,PICAUVILLE
50400,45.11Z,PME,50360,PICAUVILLE
50400,45.20A,,50360,PICAUVILLE
50400,45.20A,PME,50360,PICAUVILLE
50400,45.32Z,PME,50360,PICAUVILLE
50400,46.13Z,PME,50360,PICAUVILLE
50400,46.19B,PME,50360,PICAUVILLE
50400,46.19B,PME,50480,PICAUVILLE
50400,46.23Z,PME,50250,PICAUVILLE
50400,46.61Z,PME,50360,PICAUVILLE
50400,46.73A,PME,50360,PICAUVILLE
50400,47.11C,PME,50360,PICAUVILLE
50400,47.11D,PME,50360,PICAUVILLE
50400,47.22Z,PME,50360,PICAUVILLE
50400,47.43Z,PME,50360,PICAUVILLE
50400,47.71Z,PME,50480,PICAUVILLE
50400,47.73Z,PME,50360,PICAUVILLE
50400,47.76Z,,50360,PICAUVILLE
50400,47.76Z,PME,50360,PICAUVILLE
50400,47.78A,PME,50360,PICAUVILLE
50400,47.78C,PME,50360,PICAUVILLE
50400,47.78C,PME,50480,PICAUVILLE
50400,47.89Z,PME,50250,PICAUVILLE
50400,47.91B,,50360,PICAUVILLE
50400,47.91B,PME,50250,PICAUVILLE
50400,47.99A,,50250,PICAUVILLE
50400,47.99A,,50360,PICAUVILLE
50400,47.99A,PME,50250,PICAUVILLE
50400,47.99A,PME,50360,PICAUVILLE
50400,47.99B,PME,50360,PICAUVILLE
50400,49.41A,PME,50360,PICAUVILLE
50400,53.10Z,GE,50360,PICAUVILLE
50400,55.20Z,PME,50360,PICAUVILLE
50400,55.20Z,PME,50480,PICAUVILLE
50400,55.30Z,PME,50250,PICAUVILLE
50400,56.10A,,50250,PICAUVILLE
50400,56.10A,PME,50250,PICAUVILLE
50400,56.10C,PME,50360,PICAUVILLE
50400,56.29A,GE,50360,PICAUVILLE
50400,56.30Z,,50360,PICAUVILLE
50400,56.30Z,PME,50360,PICAUVILLE
50400,62.01Z,PME,50360,PICAUVILLE
50400,62.02A,PME,50360,PICAUVILLE
50400,62.09Z,PME,50250,PICAUVILLE
50400,64.19Z,GE,50360,PICAUVILLE
50400,64.20Z,,50360,PICAUVILLE
50400,64.20Z,PME,50250,PICAUVILLE
50400,64.20Z,PME,50360,PICAUVILLE
50400,64.30Z,PME,50360,PICAUVILLE
50400,66.19A,,50360,PICAUVILLE
50400,66.30Z,PME,50250,PICAUVILLE
50400,68.20A,,50250,PICAUVILLE
50400,68.20A,,50360,PICAUVILLE
50400,68.20A,,50480,PICAUVILLE
50400,68.20A,PME,50250,PICAUVILLE
50400,68.20B,,50250,PICAUVILLE
50400,68.20B,,50360,PICAUVILLE
50400,68.20B,,50480,PICAUVILLE
50400,68.20B,GE,50360,PICAUVILLE
50400,68.20B,PME,50250,PICAUVILLE
50400,68.20B,PME,50360,PICAUVILLE
50400,68.20B,PME,50480,PICAUVILLE
50400,68.31Z,PME,50250,PICAUVILLE
50400,68.31Z,PME,50480,PICAUVILLE
50400,68.32B,,50480,PICAUVILLE
50400,69.10Z,PME,50360,PICAUVILLE
50400,70.10Z,,50360,PICAUVILLE
50400,70.21Z,,50360,PICAUVILLE
50400,71.12B,,50250,PICAUVILLE
50400,71.12B,PME,50360,PICAUVILLE
50400,72.20Z,PME,50360,PICAUVILLE
50400,74.30Z,PME,50360,PICAUVILLE
50400,74.90B,,50360,PICAUVILLE
50400,75.00Z,,50360,PICAUVILLE
50400,75.00Z,PME,50360,PICAUVILLE
50400,77.22Z,PME,50250,PICAUVILLE
50400,77.31Z,,50250,PICAUVILLE
50400,77.31Z,PME,50360,PICAUVILLE
50400,77.39Z,PME,50250,PICAUVILLE
50400,81.21Z,PME,50360,PICAUVILLE
50400,81.22Z,,50360,PICAUVILLE
50400,81.30Z,,50360,PICAUVILLE
50400,81.30Z,PME,50250,PICAUVILLE
50400,81.30Z,PME,50360,PICAUVILLE
50400,81.30Z,PME,50480,PICAUVILLE
50400,82.11Z,PME,50360,PICAUVILLE
50400,82.19Z,,50250,PICAUVILLE
50400,82.19Z,PME,50360,PICAUVILLE
50400,82.19Z,PME,50480,PICAUVILLE
50400,82.20Z,PME,50360,PICAUVILLE
50400,84.11Z,PME,50360,PICAUVILLE
50400,85.10Z,PME,50250,PICAUVILLE
50400,85.20Z,PME,50250,PICAUVILLE
50400,85.20Z,PME,50360,PICAUVILLE
50400,85.51Z,PME,50360,PICAUVILLE
50400,85.59A,PME,50360,PICAUVILLE
50400,85.59B,PME,50360,PICAUVILLE
50400,86.10Z,ETI,50360,PICAUVILLE
50400,86.21Z,PME,50360,PICAUVILLE
50400,86.23Z,PME,50360,PICAUVILLE
50400,86.90A,PME,50360,PICAUVILLE
50400,86.90D,,50360,PICAUVILLE
50400,86.90D,PME,50360,PICAUVILLE
50400,86.90E,PME,50360,PICAUVILLE
50400,86.90F,PME,50360,PICAUVILLE
50400,87.10A,ETI,50360,PICAUVILLE
50400,87.10C,ETI,50360,PICAUVILLE
50400,88.10A,ETI,50360,PICAUVILLE
50400,88.10C,ETI,50360,PICAUVILLE
50400,88.99B,,50250,PICAUVILLE
50400,88.99B,ETI,50360,PICAUVILLE
50400,90.01Z,,50360,PICAUVILLE
50400,90.01Z,PME,50250,PICAUVILLE
50400,90.03A,,50360,PICAUVILLE
50400,90.03A,PME,50250,PICAUVILLE
50400,90.03A,PME,50360,PICAUVILLE
50400,90.03B,PME,50250,PICAUVILLE
50400,90.04Z,,50250,PICAUVILLE
50400,93.11Z,PME,50360,PICAUVILLE
50400,93.12Z,,50250,PICAUVILLE
50400,93.12Z,,50360,PICAUVILLE
50400,93.12Z,PME,50360,PICAUVILLE
50400,93.19Z,,50250,PICAUVILLE
50400,93.19Z,,50360,PICAUVILLE
50400,93.19Z,PME,50250,PICAUVILLE
50400,93.29Z,,50250,PICAUVILLE
50400,93.29Z,,50360,PICAUVILLE
50400,93.29Z,,50480,PICAUVILLE
50400,93.29Z,PME,50360,PICAUVILLE
50400,94.20Z,PME,50360,PICAUVILLE
50400,94.91Z,PME,50250,PICAUVILLE
50400,94.91Z,PME,50360,PICAUVILLE
50400,94.99Z,,50250,PICAUVILLE
50400,94.99Z,,50360,PICAUVILLE
50400,94.99Z,,50480,PICAUVILLE
50400,94.99Z,PME,50360,PICAUVILLE
50400,95.29Z,PME,50360,PICAUVILLE
50400,96.02A,,50360,PICAUVILLE
50400,96.02A,PME,50360,PICAUVILLE
50400,96.02A,PME,50480,PICAUVILLE
50400,96.02B,,50360,PICAUVILLE
50400,96.03Z,PME,50360,PICAUVILLE
50400,96.09Z,PME,50250,PICAUVILLE
50400,96.09Z,PME,50360,PICAUVILLE
50401,01.11Z,,50340,PIERREVILLE
50401,01.29Z,,50340,PIERREVILLE
50401,01.41Z,,50340,PIERREVILLE
50401,01.42Z,,50340,PIERREVILLE
50401,01.43Z,,50340,PIERREVILLE
50401,01.45Z,,50340,PIERREVILLE
50401,01.49Z,,50340,PIERREVILLE
50401,01.50Z,,50340,PIERREVILLE
50401,01.70Z,,50340,PIERREVILLE
50401,11.01Z,PME,50340,PIERREVILLE
50401,27.40Z,,50340,PIERREVILLE
50401,32.20Z,,50340,PIERREVILLE
50401,35.21Z,PME,50340,PIERREVILLE
50401,43.12A,PME,50340,PIERREVILLE
50401,43.22A,,50340,PIERREVILLE
50401,43.32A,PME,50340,PIERREVILLE
50401,43.34Z,,50340,PIERREVILLE
50401,43.91B,PME,50340,PIERREVILLE
50401,43.99C,PME,50340,PIERREVILLE
50401,43.99E,PME,50340,PIERREVILLE
50401,46.19B,PME,50340,PIERREVILLE
50401,46.34Z,PME,50340,PIERREVILLE
50401,47.26Z,PME,50340,PIERREVILLE
50401,47.59A,PME,50340,PIERREVILLE
50401,47.59B,,50340,PIERREVILLE
50401,47.78B,PME,50340,PIERREVILLE
50401,47.99A,PME,50340,PIERREVILLE
50401,53.20Z,PME,50340,PIERREVILLE
50401,55.20Z,PME,50340,PIERREVILLE
50401,56.10C,PME,50340,PIERREVILLE
50401,56.30Z,,50340,PIERREVILLE
50401,68.20A,,50340,PIERREVILLE
50401,68.20B,,50340,PIERREVILLE
50401,68.20B,PME,50340,PIERREVILLE
50401,74.20Z,PME,50340,PIERREVILLE
50401,77.32Z,ETI,50340,PIERREVILLE
50401,81.30Z,PME,50340,PIERREVILLE
50401,82.30Z,,50340,PIERREVILLE
50401,84.11Z,PME,50340,PIERREVILLE
50401,85.20Z,PME,50340,PIERREVILLE
50401,86.90D,PME,50340,PIERREVILLE
50401,86.90E,,50340,PIERREVILLE
50401,88.99B,,50340,PIERREVILLE
50401,90.01Z,PME,50340,PIERREVILLE
50401,90.03A,PME,50340,PIERREVILLE
50401,93.12Z,,50340,PIERREVILLE
50401,96.02A,PME,50340,PIERREVILLE
50401,96.02B,,50340,PIERREVILLE
50401,96.02B,PME,50340,PIERREVILLE
50401,96.03Z,PME,50340,PIERREVILLE
50401,96.09Z,,50340,PIERREVILLE
50401,96.09Z,PME,50340,PIERREVILLE
50402,01.11Z,,50340,LES PIEUX
50402,01.13Z,,50340,LES PIEUX
50402,01.41Z,,50340,LES PIEUX
50402,01.42Z,,50340,LES PIEUX
50402,01.43Z,,50340,LES PIEUX
50402,01.49Z,,50340,LES PIEUX
50402,01.50Z,,50340,LES PIEUX
50402,01.61Z,,50340,LES PIEUX
50402,03.11Z,,50340,LES PIEUX
50402,10.11Z,,50340,LES PIEUX
50402,10.71C,PME,50340,LES PIEUX
50402,11.05Z,PME,50340,LES PIEUX
50402,14.13Z,PME,50340,LES PIEUX
50402,14.19Z,PME,50340,LES PIEUX
50402,16.29Z,PME,50340,LES PIEUX
50402,25.11Z,,50340,LES PIEUX
50402,25.30Z,ETI,50340,LES PIEUX
50402,31.09B,PME,50340,LES PIEUX
50402,32.30Z,PME,50340,LES PIEUX
50402,33.11Z,PME,50340,LES PIEUX
50402,33.20A,GE,50340,LES PIEUX
50402,35.11Z,,50340,LES PIEUX
50402,35.11Z,GE,50340,LES PIEUX
50402,35.11Z,PME,50340,LES PIEUX
50402,35.13Z,GE,50340,LES PIEUX
50402,42.11Z,PME,50340,LES PIEUX
50402,42.21Z,GE,50340,LES PIEUX
50402,42.99Z,,50340,LES PIEUX
50402,42.99Z,PME,50340,LES PIEUX
50402,43.21A,PME,50340,LES PIEUX
50402,43.32A,,50340,LES PIEUX
50402,43.32A,PME,50340,LES PIEUX
50402,43.34Z,PME,50340,LES PIEUX
50402,43.99C,PME,50340,LES PIEUX
50402,45.11Z,,50340,LES PIEUX
50402,45.20A,,50340,LES PIEUX
50402,45.20A,PME,50340,LES PIEUX
50402,45.20B,PME,50340,LES PIEUX
50402,45.32Z,PME,50340,LES PIEUX
50402,45.40Z,PME,50340,LES PIEUX
50402,46.21Z,GE,50340,LES PIEUX
50402,46.61Z,PME,50340,LES PIEUX
50402,46.73A,ETI,50340,LES PIEUX
50402,46.73A,GE,50340,LES PIEUX
50402,47.11D,GE,50340,LES PIEUX
50402,47.11D,PME,50340,LES PIEUX
50402,47.21Z,PME,50340,LES PIEUX
50402,47.22Z,PME,50340,LES PIEUX
50402,47.23Z,PME,50340,LES PIEUX
50402,47.25Z,PME,50340,LES PIEUX
50402,47.26Z,PME,50340,LES PIEUX
50402,47.41Z,PME,50340,LES PIEUX
50402,47.43Z,PME,50340,LES PIEUX
50402,47.52B,GE,50340,LES PIEUX
50402,47.52B,PME,50340,LES PIEUX
50402,47.62Z,PME,50340,LES PIEUX
50402,47.64Z,PME,50340,LES PIEUX
50402,47.71Z,ETI,50340,LES PIEUX
50402,47.71Z,PME,50340,LES PIEUX
50402,47.72A,PME,50340,LES PIEUX
50402,47.73Z,PME,50340,LES PIEUX
50402,47.76Z,PME,50340,LES PIEUX
50402,47.77Z,PME,50340,LES PIEUX
50402,47.78A,PME,50340,LES PIEUX
50402,47.78C,PME,50340,LES PIEUX
50402,47.81Z,,50340,LES PIEUX
50402,47.81Z,PME,50340,LES PIEUX
50402,47.91A,PME,50340,LES PIEUX
50402,47.99A,PME,50340,LES PIEUX
50402,49.32Z,PME,50340,LES PIEUX
50402,49.41B,PME,50340,LES PIEUX
50402,53.10Z,GE,50340,LES PIEUX
50402,55.10Z,PME,50340,LES PIEUX
50402,55.20Z,,50340,LES PIEUX
50402,55.20Z,PME,50340,LES PIEUX
50402,55.30Z,PME,50340,LES PIEUX
50402,56.10A,,50340,LES PIEUX
50402,56.10A,PME,50340,LES PIEUX
50402,56.10C,PME,50340,LES PIEUX
50402,56.30Z,,50340,LES PIEUX
50402,56.30Z,PME,50340,LES PIEUX
50402,58.13Z,,50340,LES PIEUX
50402,62.02A,,50340,LES PIEUX
50402,62.02A,PME,50340,LES PIEUX
50402,64.19Z,GE,50340,LES PIEUX
50402,64.20Z,,50340,LES PIEUX
50402,64.20Z,PME,50340,LES PIEUX
50402,64.30Z,,50340,LES PIEUX
50402,65.12Z,GE,50340,LES PIEUX
50402,66.19A,PME,50340,LES PIEUX
50402,66.22Z,PME,50340,LES PIEUX
50402,66.30Z,,50340,LES PIEUX
50402,68.10Z,,50340,LES PIEUX
50402,68.20A,,50340,LES PIEUX
50402,68.20A,PME,50340,LES PIEUX
50402,68.20B,,50340,LES PIEUX
50402,68.20B,PME,50340,LES PIEUX
50402,68.31Z,PME,50340,LES PIEUX
50402,68.32A,,50340,LES PIEUX
50402,69.10Z,,50340,LES PIEUX
50402,69.10Z,PME,50340,LES PIEUX
50402,69.20Z,PME,50340,LES PIEUX
50402,70.10Z,,50340,LES PIEUX
50402,70.21Z,PME,50340,LES PIEUX
50402,70.22Z,,50340,LES PIEUX
50402,70.22Z,PME,50340,LES PIEUX
50402,71.12B,,50340,LES PIEUX
50402,71.12B,PME,50340,LES PIEUX
50402,71.20A,PME,50340,LES PIEUX
50402,74.10Z,PME,50340,LES PIEUX
50402,74.20Z,,50340,LES PIEUX
50402,74.20Z,PME,50340,LES PIEUX
50402,74.90B,PME,50340,LES PIEUX
50402,75.00Z,PME,50340,LES PIEUX
50402,77.29Z,PME,50340,LES PIEUX
50402,77.31Z,PME,50340,LES PIEUX
50402,78.20Z,ETI,50340,LES PIEUX
50402,80.10Z,PME,50340,LES PIEUX
50402,81.21Z,PME,50340,LES PIEUX
50402,81.30Z,PME,50340,LES PIEUX
50402,82.19Z,,50340,LES PIEUX
50402,82.19Z,PME,50340,LES PIEUX
50402,82.30Z,PME,50340,LES PIEUX
50402,84.11Z,ETI,50340,LES PIEUX
50402,84.11Z,PME,50340,LES PIEUX
50402,84.12Z,PME,50340,LES PIEUX
50402,85.10Z,PME,50340,LES PIEUX
50402,85.20Z,PME,50340,LES PIEUX
50402,85.31Z,PME,50340,LES PIEUX
50402,85.51Z,,50340,LES PIEUX
50402,85.51Z,PME,50340,LES PIEUX
50402,85.53Z,PME,50340,LES PIEUX
50402,85.59A,PME,50340,LES PIEUX
50402,85.59B,,50340,LES PIEUX
50402,85.59B,PME,50340,LES PIEUX
50402,86.10Z,PME,50340,LES PIEUX
50402,86.21Z,PME,50340,LES PIEUX
50402,86.23Z,PME,50340,LES PIEUX
50402,86.90A,PME,50340,LES PIEUX
50402,86.90D,,50340,LES PIEUX
50402,86.90D,PME,50340,LES PIEUX
50402,86.90E,,50340,LES PIEUX
50402,86.90E,PME,50340,LES PIEUX
50402,86.90F,PME,50340,LES PIEUX
50402,87.10B,ETI,50340,LES PIEUX
50402,87.30A,PME,50340,LES PIEUX
50402,88.10A,,50340,LES PIEUX
50402,88.10A,ETI,50340,LES PIEUX
50402,88.10A,PME,50340,LES PIEUX
50402,88.91A,PME,50340,LES PIEUX
50402,88.99B,,50340,LES PIEUX
50402,88.99B,ETI,50340,LES PIEUX
50402,88.99B,PME,50340,LES PIEUX
50402,90.01Z,,50340,LES PIEUX
50402,90.01Z,PME,50340,LES PIEUX
50402,90.02Z,,50340,LES PIEUX
50402,90.03A,PME,50340,LES PIEUX
50402,90.03B,PME,50340,LES PIEUX
50402,93.11Z,,50340,LES PIEUX
50402,93.12Z,,50340,LES PIEUX
50402,93.12Z,PME,50340,LES PIEUX
50402,93.19Z,,50340,LES PIEUX
50402,94.91Z,,50340,LES PIEUX
50402,94.91Z,PME,50340,LES PIEUX
50402,94.99Z,,50340,LES PIEUX
50402,94.99Z,PME,50340,LES PIEUX
50402,95.11Z,PME,50340,LES PIEUX
50402,95.22Z,PME,50340,LES PIEUX
50402,95.24Z,PME,50340,LES PIEUX
50402,95.29Z,PME,50340,LES PIEUX
50402,96.01B,PME,50340,LES PIEUX
50402,96.02A,PME,50340,LES PIEUX
50402,96.02B,PME,50340,LES PIEUX
50402,96.03Z,GE,50340,LES PIEUX
50402,96.03Z,PME,50340,LES PIEUX
50402,96.09Z,,50340,LES PIEUX
50402,96.09Z,PME,50340,LES PIEUX
50405,01.11Z,,50250,LE PLESSIS-LASTELLE
50405,01.24Z,,50250,LE PLESSIS-LASTELLE
50405,01.41Z,,50250,LE PLESSIS-LASTELLE
50405,01.42Z,,50250,LE PLESSIS-LASTELLE
50405,01.45Z,,50250,LE PLESSIS-LASTELLE
50405,01.49Z,,50250,LE PLESSIS-LASTELLE
50405,01.61Z,,50250,LE PLESSIS-LASTELLE
50405,43.12A,PME,50250,LE PLESSIS-LASTELLE
50405,43.21A,PME,50250,LE PLESSIS-LASTELLE
50405,43.33Z,PME,50250,LE PLESSIS-LASTELLE
50405,45.20A,,50250,LE PLESSIS-LASTELLE
50405,47.79Z,PME,50250,LE PLESSIS-LASTELLE
50405,68.20A,,50250,LE PLESSIS-LASTELLE
50405,68.20B,,50250,LE PLESSIS-LASTELLE
50405,68.20B,PME,50250,LE PLESSIS-LASTELLE
50405,70.10Z,,50250,LE PLESSIS-LASTELLE
50405,70.22Z,PME,50250,LE PLESSIS-LASTELLE
50405,71.20B,PME,50250,LE PLESSIS-LASTELLE
50405,84.11Z,PME,50250,LE PLESSIS-LASTELLE
50405,85.10Z,PME,50250,LE PLESSIS-LASTELLE
50405,96.09Z,PME,50250,LE PLESSIS-LASTELLE
50407,01.11Z,,50220,POILLEY
50407,01.29Z,,50220,POILLEY
50407,01.41Z,,50220,POILLEY
50407,01.42Z,,50220,POILLEY
50407,01.43Z,,50220,POILLEY
50407,01.47Z,,50220,POILLEY
50407,01.49Z,,50220,POILLEY
50407,01.50Z,,50220,POILLEY
50407,01.61Z,,50220,POILLEY
50407,22.29A,PME,50220,POILLEY
50407,25.11Z,PME,50220,POILLEY
50407,28.12Z,PME,50220,POILLEY
50407,33.12Z,PME,50220,POILLEY
50407,35.11Z,,50220,POILLEY
50407,37.00Z,PME,50220,POILLEY
50407,42.22Z,PME,50220,POILLEY
50407,42.99Z,PME,50220,POILLEY
50407,43.21A,PME,50220,POILLEY
50407,43.22A,PME,50220,POILLEY
50407,43.31Z,PME,50220,POILLEY
50407,43.32A,PME,50220,POILLEY
50407,43.91A,PME,50220,POILLEY
50407,43.99C,PME,50220,POILLEY
50407,45.11Z,ETI,50220,POILLEY
50407,46.19B,PME,50220,POILLEY
50407,46.36Z,PME,50220,POILLEY
50407,46.49Z,PME,50220,POILLEY
50407,46.62Z,PME,50220,POILLEY
50407,46.73A,PME,50220,POILLEY
50407,47.59A,PME,50220,POILLEY
50407,47.71Z,PME,50220,POILLEY
50407,47.78C,PME,50220,POILLEY
50407,47.81Z,PME,50220,POILLEY
50407,47.89Z,PME,50220,POILLEY
50407,47.99A,PME,50220,POILLEY
50407,55.20Z,,50220,POILLEY
50407,55.20Z,PME,50220,POILLEY
50407,56.10A,PME,50220,POILLEY
50407,56.30Z,PME,50220,POILLEY
50407,61.20Z,PME,50220,POILLEY
50407,61.90Z,PME,50220,POILLEY
50407,63.91Z,PME,50220,POILLEY
50407,64.20Z,PME,50220,POILLEY
50407,68.20A,,50220,POILLEY
50407,68.20A,PME,50220,POILLEY
50407,68.20B,,50220,POILLEY
50407,68.20B,PME,50220,POILLEY
50407,68.32A,,50220,POILLEY
50407,70.10Z,,50220,POILLEY
50407,70.10Z,PME,50220,POILLEY
50407,70.22Z,,50220,POILLEY
50407,70.22Z,PME,50220,POILLEY
50407,71.12B,PME,50220,POILLEY
50407,71.20A,ETI,50220,POILLEY
50407,81.21Z,PME,50220,POILLEY
50407,82.20Z,PME,50220,POILLEY
50407,82.99Z,,50220,POILLEY
50407,84.11Z,PME,50220,POILLEY
50407,84.13Z,ETI,50220,POILLEY
50407,85.10Z,PME,50220,POILLEY
50407,85.59A,PME,50220,POILLEY
50407,86.90E,PME,50220,POILLEY
50407,86.90F,,50220,POILLEY
50407,88.91A,ETI,50220,POILLEY
50407,90.03A,PME,50220,POILLEY
50407,93.12Z,,50220,POILLEY
50407,94.99Z,,50220,POILLEY
50407,95.12Z,PME,50220,POILLEY
50407,95.21Z,PME,50220,POILLEY
50407,95.22Z,PME,50220,POILLEY
50407,95.29Z,PME,50220,POILLEY
50407,96.02B,,50220,POILLEY
50407,96.09Z,PME,50220,POILLEY
50408,01.11Z,,50220,PONTAUBAULT
50408,01.41Z,,50220,PONTAUBAULT
50408,01.43Z,,50220,PONTAUBAULT
50408,01.49Z,,50220,PONTAUBAULT
50408,10.71C,PME,50220,PONTAUBAULT
50408,10.91Z,PME,50220,PONTAUBAULT
50408,16.23Z,PME,50220,PONTAUBAULT
50408,16.24Z,PME,50220,PONTAUBAULT
50408,29.20Z,PME,50220,PONTAUBAULT
50408,31.09B,,50220,PONTAUBAULT
50408,37.00Z,PME,50220,PONTAUBAULT
50408,41.10C,,50220,PONTAUBAULT
50408,43.21A,PME,50220,PONTAUBAULT
50408,43.32A,PME,50220,PONTAUBAULT
50408,43.34Z,PME,50220,PONTAUBAULT
50408,43.99C,PME,50220,PONTAUBAULT
50408,45.11Z,PME,50220,PONTAUBAULT
50408,46.47Z,PME,50220,PONTAUBAULT
50408,46.49Z,PME,50220,PONTAUBAULT
50408,46.73A,PME,50220,PONTAUBAULT
50408,47.59A,PME,50220,PONTAUBAULT
50408,47.78B,GE,50220,PONTAUBAULT
50408,47.99A,PME,50220,PONTAUBAULT
50408,49.41B,PME,50220,PONTAUBAULT
50408,55.30Z,PME,50220,PONTAUBAULT
50408,56.10A,PME,50220,PONTAUBAULT
50408,56.10C,PME,50220,PONTAUBAULT
50408,56.30Z,,50220,PONTAUBAULT
50408,63.91Z,PME,50220,PONTAUBAULT
50408,64.20Z,PME,50220,PONTAUBAULT
50408,66.30Z,PME,50220,PONTAUBAULT
50408,68.10Z,PME,50220,PONTAUBAULT
50408,68.20A,,50220,PONTAUBAULT
50408,68.20A,PME,50220,PONTAUBAULT
50408,68.20B,,50220,PONTAUBAULT
50408,68.20B,PME,50220,PONTAUBAULT
50408,68.31Z,PME,50220,PONTAUBAULT
50408,70.10Z,PME,50220,PONTAUBAULT
50408,70.22Z,PME,50220,PONTAUBAULT
50408,73.11Z,GE,50220,PONTAUBAULT
50408,81.30Z,PME,50220,PONTAUBAULT
50408,84.11Z,PME,50220,PONTAUBAULT
50408,85.59B,PME,50220,PONTAUBAULT
50408,86.90D,PME,50220,PONTAUBAULT
50408,86.90F,PME,50220,PONTAUBAULT
50408,90.03B,PME,50220,PONTAUBAULT
50408,93.12Z,,50220,PONTAUBAULT
50408,93.12Z,PME,50220,PONTAUBAULT
50408,93.19Z,PME,50220,PONTAUBAULT
50408,93.29Z,,50220,PONTAUBAULT
50408,94.99Z,,50220,PONTAUBAULT
50408,96.02A,PME,50220,PONTAUBAULT
50410,01.11Z,,50170,PONTORSON
50410,01.13Z,,50170,PONTORSON
50410,01.19Z,,50170,PONTORSON
50410,01.24Z,,50170,PONTORSON
50410,01.41Z,,50170,PONTORSON
50410,01.42Z,,50170,PONTORSON
50410,01.43Z,,50170,PONTORSON
50410,01.43Z,PME,50170,PONTORSON
50410,01.45Z,,50170,PONTORSON
50410,01.46Z,,50170,PONTORSON
50410,01.47Z,,50170,PONTORSON
50410,01.49Z,,50170,PONTORSON
50410,01.49Z,PME,50170,PONTORSON
50410,01.50Z,,50170,PONTORSON
50410,01.61Z,,50170,PONTORSON
50410,01.62Z,,50170,PONTORSON
50410,10.13B,PME,50170,PONTORSON
50410,10.71C,,50170,PONTORSON
50410,10.71C,PME,50170,PONTORSON
50410,10.85Z,PME,50170,PONTORSON
50410,11.05Z,ETI,50170,PONTORSON
50410,13.92Z,PME,50170,PONTORSON
50410,16.10A,PME,50170,PONTORSON
50410,18.12Z,PME,50170,PONTORSON
50410,18.13Z,PME,50170,PONTORSON
50410,23.61Z,ETI,50170,PONTORSON
50410,23.70Z,PME,50170,PONTORSON
50410,29.20Z,PME,50170,PONTORSON
50410,32.99Z,PME,50170,PONTORSON
50410,33.12Z,PME,50170,PONTORSON
50410,35.11Z,,50170,PONTORSON
50410,35.11Z,PME,50170,PONTORSON
50410,38.11Z,ETI,50170,PONTORSON
50410,38.21Z,PME,50170,PONTORSON
50410,38.32Z,PME,50170,PONTORSON
50410,41.10D,,50170,PONTORSON
50410,41.10D,PME,50170,PONTORSON
50410,41.20A,PME,50170,PONTORSON
50410,42.99Z,,50170,PONTORSON
50410,42.99Z,PME,50170,PONTORSON
50410,43.12A,PME,50170,PONTORSON
50410,43.21A,,50170,PONTORSON
50410,43.21A,PME,50170,PONTORSON
50410,43.22A,,50170,PONTORSON
50410,43.22A,PME,50170,PONTORSON
50410,43.29A,PME,50170,PONTORSON
50410,43.31Z,PME,50170,PONTORSON
50410,43.32A,PME,50170,PONTORSON
50410,43.32C,PME,50170,PONTORSON
50410,43.33Z,PME,50170,PONTORSON
50410,43.34Z,PME,50170,PONTORSON
50410,43.39Z,PME,50170,PONTORSON
50410,43.91A,PME,50170,PONTORSON
50410,43.91B,PME,50170,PONTORSON
50410,43.99C,,50170,PONTORSON
50410,43.99C,PME,50170,PONTORSON
50410,45.11Z,PME,50170,PONTORSON
50410,45.20A,,50170,PONTORSON
50410,45.20A,PME,50170,PONTORSON
50410,45.32Z,PME,50170,PONTORSON
50410,45.40Z,PME,50170,PONTORSON
50410,46.18Z,PME,50170,PONTORSON
50410,46.19B,PME,50170,PONTORSON
50410,46.21Z,GE,50170,PONTORSON
50410,46.31Z,PME,50170,PONTORSON
50410,46.38B,PME,50170,PONTORSON
50410,46.42Z,PME,50170,PONTORSON
50410,46.61Z,GE,50170,PONTORSON
50410,46.61Z,PME,50170,PONTORSON
50410,46.69B,PME,50170,PONTORSON
50410,46.73A,ETI,50170,PONTORSON
50410,46.73A,PME,50170,PONTORSON
50410,47.11B,,50170,PONTORSON
50410,47.11B,PME,50170,PONTORSON
50410,47.11C,PME,50170,PONTORSON
50410,47.11D,GE,50170,PONTORSON
50410,47.11D,PME,50170,PONTORSON
50410,47.21Z,PME,50170,PONTORSON
50410,47.22Z,PME,50170,PONTORSON
50410,47.23Z,PME,50170,PONTORSON
50410,47.24Z,PME,50170,PONTORSON
50410,47.25Z,PME,50170,PONTORSON
50410,47.29Z,PME,50170,PONTORSON
50410,47.30Z,PME,50170,PONTORSON
50410,47.52B,GE,50170,PONTORSON
50410,47.54Z,PME,50170,PONTORSON
50410,47.59A,PME,50170,PONTORSON
50410,47.62Z,PME,50170,PONTORSON
50410,47.71Z,ETI,50170,PONTORSON
50410,47.71Z,PME,50170,PONTORSON
50410,47.72A,PME,50170,PONTORSON
50410,47.73Z,PME,50170,PONTORSON
50410,47.74Z,ETI,50170,PONTORSON
50410,47.76Z,PME,50170,PONTORSON
50410,47.77Z,PME,50170,PONTORSON
50410,47.78A,,50170,PONTORSON
50410,47.78A,PME,50170,PONTORSON
50410,47.78C,,50170,PONTORSON
50410,47.78C,PME,50170,PONTORSON
50410,47.81Z,PME,50170,PONTORSON
50410,47.82Z,,50170,PONTORSON
50410,47.82Z,PME,50170,PONTORSON
50410,47.89Z,PME,50170,PONTORSON
50410,47.91B,,50170,PONTORSON
50410,47.91B,PME,50170,PONTORSON
50410,47.99A,,50170,PONTORSON
50410,47.99A,PME,50170,PONTORSON
50410,49.10Z,GE,50170,PONTORSON
50410,49.32Z,PME,50170,PONTORSON
50410,49.41B,,50170,PONTORSON
50410,51.10Z,PME,50170,PONTORSON
50410,52.10B,GE,50170,PONTORSON
50410,53.10Z,GE,50170,PONTORSON
50410,53.20Z,PME,50170,PONTORSON
50410,55.10Z,,50170,PONTORSON
50410,55.10Z,PME,50170,PONTORSON
50410,55.20Z,,50170,PONTORSON
50410,55.20Z,PME,50170,PONTORSON
50410,55.30Z,,50170,PONTORSON
50410,55.30Z,PME,50170,PONTORSON
50410,56.10A,,50170,PONTORSON
50410,56.10A,PME,50170,PONTORSON
50410,56.10C,,50170,PONTORSON
50410,56.10C,PME,50170,PONTORSON
50410,56.21Z,PME,50170,PONTORSON
50410,56.30Z,,50170,PONTORSON
50410,56.30Z,PME,50170,PONTORSON
50410,59.20Z,,50170,PONTORSON
50410,62.01Z,PME,50170,PONTORSON
50410,64.19Z,GE,50170,PONTORSON
50410,64.20Z,PME,50170,PONTORSON
50410,64.30Z,PME,50170,PONTORSON
50410,65.12Z,GE,50170,PONTORSON
50410,65.12Z,PME,50170,PONTORSON
50410,66.19A,,50170,PONTORSON
50410,66.19A,ETI,50170,PONTORSON
50410,66.19A,PME,50170,PONTORSON
50410,66.22Z,PME,50170,PONTORSON
50410,66.30Z,PME,50170,PONTORSON
50410,68.10Z,,50170,PONTORSON
50410,68.10Z,PME,50170,PONTORSON
50410,68.20A,,50170,PONTORSON
50410,68.20A,PME,50170,PONTORSON
50410,68.20B,,50170,PONTORSON
50410,68.20B,GE,50170,PONTORSON
50410,68.20B,PME,50170,PONTORSON
50410,68.31Z,,50170,PONTORSON
50410,68.31Z,PME,50170,PONTORSON
50410,68.32A,,50170,PONTORSON
50410,69.10Z,PME,50170,PONTORSON
50410,69.20Z,PME,50170,PONTORSON
50410,70.10Z,,50170,PONTORSON
50410,70.10Z,PME,50170,PONTORSON
50410,70.21Z,,50170,PONTORSON
50410,70.22Z,,50170,PONTORSON
50410,70.22Z,PME,50170,PONTORSON
50410,71.11Z,,50170,PONTORSON
50410,71.11Z,PME,50170,PONTORSON
50410,71.20A,PME,50170,PONTORSON
50410,73.11Z,PME,50170,PONTORSON
50410,74.10Z,,50170,PONTORSON
50410,74.10Z,PME,50170,PONTORSON
50410,74.20Z,,50170,PONTORSON
50410,74.20Z,PME,50170,PONTORSON
50410,74.30Z,PME,50170,PONTORSON
50410,74.90B,PME,50170,PONTORSON
50410,75.00Z,PME,50170,PONTORSON
50410,77.32Z,PME,50170,PONTORSON
50410,78.10Z,,50170,PONTORSON
50410,79.90Z,PME,50170,PONTORSON
50410,81.10Z,,50170,PONTORSON
50410,81.10Z,PME,50170,PONTORSON
50410,81.21Z,,50170,PONTORSON
50410,81.21Z,ETI,50170,PONTORSON
50410,81.21Z,PME,50170,PONTORSON
50410,81.30Z,,50170,PONTORSON
50410,81.30Z,PME,50170,PONTORSON
50410,82.11Z,,50170,PONTORSON
50410,82.11Z,PME,50170,PONTORSON
50410,82.19Z,PME,50170,PONTORSON
50410,82.20Z,PME,50170,PONTORSON
50410,82.30Z,PME,50170,PONTORSON
50410,84.11Z,PME,50170,PONTORSON
50410,85.10Z,PME,50170,PONTORSON
50410,85.20Z,PME,50170,PONTORSON
50410,85.31Z,PME,50170,PONTORSON
50410,85.51Z,,50170,PONTORSON
50410,85.51Z,PME,50170,PONTORSON
50410,85.52Z,,50170,PONTORSON
50410,85.53Z,PME,50170,PONTORSON
50410,85.59A,,50170,PONTORSON
50410,86.10Z,ETI,50170,PONTORSON
50410,86.21Z,,50170,PONTORSON
50410,86.21Z,PME,50170,PONTORSON
50410,86.23Z,PME,50170,PONTORSON
50410,86.90A,PME,50170,PONTORSON
50410,86.90D,ETI,50170,PONTORSON
50410,86.90D,PME,50170,PONTORSON
50410,86.90E,PME,50170,PONTORSON
50410,86.90F,PME,50170,PONTORSON
50410,87.10A,ETI,50170,PONTORSON
50410,87.10C,ETI,50170,PONTORSON
50410,88.10A,,50170,PONTORSON
50410,88.99B,,50170,PONTORSON
50410,90.01Z,PME,50170,PONTORSON
50410,90.02Z,,50170,PONTORSON
50410,90.02Z,PME,50170,PONTORSON
50410,90.03A,PME,50170,PONTORSON
50410,90.03B,PME,50170,PONTORSON
50410,91.01Z,ETI,50170,PONTORSON
50410,91.03Z,PME,50170,PONTORSON
50410,93.11Z,ETI,50170,PONTORSON
50410,93.12Z,,50170,PONTORSON
50410,93.12Z,PME,50170,PONTORSON
50410,93.13Z,PME,50170,PONTORSON
50410,93.19Z,,50170,PONTORSON
50410,93.19Z,PME,50170,PONTORSON
50410,93.29Z,PME,50170,PONTORSON
50410,94.91Z,PME,50170,PONTORSON
50410,94.99Z,,50170,PONTORSON
50410,94.99Z,PME,50170,PONTORSON
50410,95.11Z,PME,50170,PONTORSON
50410,95.23Z,PME,50170,PONTORSON
50410,95.29Z,,50170,PONTORSON
50410,95.29Z,PME,50170,PONTORSON
50410,96.01A,PME,50170,PONTORSON
50410,96.01B,PME,50170,PONTORSON
50410,96.02A,PME,50170,PONTORSON
50410,96.02B,,50170,PONTORSON
50410,96.02B,PME,50170,PONTORSON
50410,96.03Z,GE,50170,PONTORSON
50410,96.03Z,PME,50170,PONTORSON
50410,96.04Z,PME,50170,PONTORSON
50410,96.09Z,PME,50170,PONTORSON
50411,01.11Z,,50300,PONTS
50411,01.24Z,,50300,PONTS
50411,01.41Z,,50300,PONTS
50411,01.42Z,,50300,PONTS
50411,01.43Z,,50300,PONTS
50411,01.45Z,,50300,PONTS
50411,01.49Z,,50300,PONTS
50411,01.61Z,,50300,PONTS
50411,29.10Z,PME,50300,PONTS
50411,31.09B,PME,50300,PONTS
50411,32.50A,PME,50300,PONTS
50411,33.20B,PME,50300,PONTS
50411,43.12A,PME,50300,PONTS
50411,43.12B,GE,50300,PONTS
50411,43.21A,PME,50300,PONTS
50411,43.22A,PME,50300,PONTS
50411,43.22B,GE,50300,PONTS
50411,43.29B,PME,50300,PONTS
50411,43.31Z,PME,50300,PONTS
50411,43.32A,PME,50300,PONTS
50411,43.91A,PME,50300,PONTS
50411,43.91B,PME,50300,PONTS
50411,43.99C,PME,50300,PONTS
50411,45.11Z,PME,50300,PONTS
50411,45.20A,PME,50300,PONTS
50411,45.32Z,PME,50300,PONTS
50411,46.19B,PME,50300,PONTS
50411,46.23Z,,50300,PONTS
50411,46.23Z,PME,50300,PONTS
50411,46.69A,ETI,50300,PONTS
50411,46.72Z,PME,50300,PONTS
50411,46.74A,PME,50300,PONTS
50411,47.11B,PME,50300,PONTS
50411,47.59B,PME,50300,PONTS
50411,47.78B,PME,50300,PONTS
50411,47.91B,PME,50300,PONTS
50411,47.99A,PME,50300,PONTS
50411,49.41A,PME,50300,PONTS
50411,52.10B,PME,50300,PONTS
50411,56.21Z,PME,50300,PONTS
50411,58.11Z,PME,50300,PONTS
50411,63.12Z,,50300,PONTS
50411,64.20Z,PME,50300,PONTS
50411,68.20A,,50300,PONTS
50411,68.20B,,50300,PONTS
50411,68.20B,PME,50300,PONTS
50411,71.20A,PME,50300,PONTS
50411,74.10Z,PME,50300,PONTS
50411,74.20Z,ETI,50300,PONTS
50411,74.90B,PME,50300,PONTS
50411,77.11A,,50300,PONTS
50411,81.21Z,PME,50300,PONTS
50411,82.19Z,PME,50300,PONTS
50411,84.11Z,PME,50300,PONTS
50411,84.12Z,PME,50300,PONTS
50411,85.51Z,PME,50300,PONTS
50411,86.21Z,PME,50300,PONTS
50411,86.90D,,50300,PONTS
50411,93.11Z,PME,50300,PONTS
50411,93.19Z,PME,50300,PONTS
50411,93.29Z,PME,50300,PONTS
50411,94.99Z,,50300,PONTS
50411,95.24Z,PME,50300,PONTS
50411,96.01A,PME,50300,PONTS
50411,96.09Z,,50300,PONTS
50411,96.09Z,PME,50300,PONTS
50413,01.11Z,,50220,PRECEY
50413,01.41Z,,50220,PRECEY
50413,01.42Z,,50220,PRECEY
50413,01.43Z,,50220,PRECEY
50413,01.49Z,,50220,PRECEY
50413,01.50Z,,50220,PRECEY
50413,01.61Z,,50220,PRECEY
50413,31.09B,PME,50220,PRECEY
50413,35.11Z,,50220,PRECEY
50413,35.11Z,PME,50220,PRECEY
50413,37.00Z,PME,50220,PRECEY
50413,42.99Z,,50220,PRECEY
50413,43.21A,,50220,PRECEY
50413,43.22B,PME,50220,PRECEY
50413,43.31Z,PME,50220,PRECEY
50413,43.32A,PME,50220,PRECEY
50413,43.32B,PME,50220,PRECEY
50413,43.91B,PME,50220,PRECEY
50413,43.99C,,50220,PRECEY
50413,43.99C,PME,50220,PRECEY
50413,43.99D,PME,50220,PRECEY
50413,45.11Z,PME,50220,PRECEY
50413,45.20A,,50220,PRECEY
50413,46.13Z,PME,50220,PRECEY
50413,47.78C,PME,50220,PRECEY
50413,47.79Z,PME,50220,PRECEY
50413,47.81Z,PME,50220,PRECEY
50413,47.99A,PME,50220,PRECEY
50413,49.39A,PME,50220,PRECEY
50413,49.41A,PME,50220,PRECEY
50413,55.10Z,,50220,PRECEY
50413,55.20Z,,50220,PRECEY
50413,56.10A,PME,50220,PRECEY
50413,56.10C,PME,50220,PRECEY
50413,64.20Z,PME,50220,PRECEY
50413,68.10Z,PME,50220,PRECEY
50413,68.20A,,50220,PRECEY
50413,68.20B,,50220,PRECEY
50413,68.20B,PME,50220,PRECEY
50413,68.31Z,,50220,PRECEY
50413,70.10Z,,50220,PRECEY
50413,71.11Z,,50220,PRECEY
50413,74.10Z,,50220,PRECEY
50413,81.10Z,PME,50220,PRECEY
50413,81.30Z,PME,50220,PRECEY
50413,84.11Z,PME,50220,PRECEY
50413,85.20Z,PME,50220,PRECEY
50413,85.51Z,PME,50220,PRECEY
50413,86.90D,,50220,PRECEY
50413,86.90D,PME,50220,PRECEY
50413,90.01Z,PME,50220,PRECEY
50413,93.12Z,,50220,PRECEY
50413,93.29Z,,50220,PRECEY
50413,94.91Z,,50220,PRECEY
50413,94.99Z,,50220,PRECEY
50413,95.22Z,,50220,PRECEY
50413,96.09Z,,50220,PRECEY
50419,01.11Z,,50210,QUETTREVILLE-SUR-SIENNE
50419,01.41Z,,50210,QUETTREVILLE-SUR-SIENNE
50419,01.42Z,,50210,QUETTREVILLE-SUR-SIENNE
50419,01.43Z,,50210,QUETTREVILLE-SUR-SIENNE
50419,11.03Z,PME,50210,QUETTREVILLE-SUR-SIENNE
50419,14.19Z,PME,50210,QUETTREVILLE-SUR-SIENNE
50419,16.10A,PME,50210,QUETTREVILLE-SUR-SIENNE
50419,23.41Z,PME,50210,QUETTREVILLE-SUR-SIENNE
50419,25.50A,PME,50210,QUETTREVILLE-SUR-SIENNE
50419,35.11Z,PME,50210,QUETTREVILLE-SUR-SIENNE
50419,43.22A,,50210,QUETTREVILLE-SUR-SIENNE
50419,43.39Z,PME,50210,QUETTREVILLE-SUR-SIENNE
50419,47.89Z,PME,50210,QUETTREVILLE-SUR-SIENNE
50419,55.20Z,,50210,QUETTREVILLE-SUR-SIENNE
50419,55.20Z,PME,50210,QUETTREVILLE-SUR-SIENNE
50419,56.10C,PME,50210,QUETTREVILLE-SUR-SIENNE
50419,56.21Z,,50210,QUETTREVILLE-SUR-SIENNE
50419,68.20A,,50210,QUETTREVILLE-SUR-SIENNE
50419,68.20B,,50210,QUETTREVILLE-SUR-SIENNE
50419,68.20B,PME,50210,QUETTREVILLE-SUR-SIENNE
50419,68.31Z,PME,50210,QUETTREVILLE-SUR-SIENNE
50419,78.30Z,PME,50210,QUETTREVILLE-SUR-SIENNE
50419,81.21Z,,50210,QUETTREVILLE-SUR-SIENNE
50419,84.11Z,PME,50210,QUETTREVILLE-SUR-SIENNE
50419,85.20Z,PME,50210,QUETTREVILLE-SUR-SIENNE
50419,86.90D,PME,50210,QUETTREVILLE-SUR-SIENNE
50419,90.03A,PME,50210,QUETTREVILLE-SUR-SIENNE
50421,01.11Z,,50310,QUINEVILLE
50421,01.41Z,,50310,QUINEVILLE
50421,01.42Z,,50310,QUINEVILLE
50421,01.49Z,,50310,QUINEVILLE
50421,01.61Z,,50310,QUINEVILLE
50421,01.62Z,,50310,QUINEVILLE
50421,03.11Z,,50310,QUINEVILLE
50421,10.71C,PME,50310,QUINEVILLE
50421,10.72Z,PME,50310,QUINEVILLE
50421,37.00Z,PME,50310,QUINEVILLE
50421,41.10D,PME,50310,QUINEVILLE
50421,43.32A,PME,50310,QUINEVILLE
50421,43.32C,,50310,QUINEVILLE
50421,43.32C,PME,50310,QUINEVILLE
50421,43.34Z,PME,50310,QUINEVILLE
50421,47.11B,PME,50310,QUINEVILLE
50421,47.22Z,PME,50310,QUINEVILLE
50421,47.78C,PME,50310,QUINEVILLE
50421,47.79Z,PME,50310,QUINEVILLE
50421,47.89Z,PME,50310,QUINEVILLE
50421,47.99A,PME,50310,QUINEVILLE
50421,49.41A,PME,50310,QUINEVILLE
50421,55.10Z,,50310,QUINEVILLE
50421,55.10Z,PME,50310,QUINEVILLE
50421,55.20Z,,50310,QUINEVILLE
50421,55.20Z,ETI,50310,QUINEVILLE
50421,55.20Z,GE,50310,QUINEVILLE
50421,55.20Z,PME,50310,QUINEVILLE
50421,55.30Z,PME,50310,QUINEVILLE
50421,56.30Z,PME,50310,QUINEVILLE
50421,64.20Z,,50310,QUINEVILLE
50421,66.22Z,PME,50310,QUINEVILLE
50421,68.10Z,PME,50310,QUINEVILLE
50421,68.20A,,50310,QUINEVILLE
50421,68.20A,PME,50310,QUINEVILLE
50421,68.20B,,50310,QUINEVILLE
50421,68.20B,PME,50310,QUINEVILLE
50421,68.31Z,PME,50310,QUINEVILLE
50421,68.32A,,50310,QUINEVILLE
50421,70.22Z,PME,50310,QUINEVILLE
50421,79.11Z,,50310,QUINEVILLE
50421,81.29A,PME,50310,QUINEVILLE
50421,82.11Z,,50310,QUINEVILLE
50421,84.11Z,PME,50310,QUINEVILLE
50421,85.20Z,PME,50310,QUINEVILLE
50421,85.59A,PME,50310,QUINEVILLE
50421,91.02Z,PME,50310,QUINEVILLE
50421,91.03Z,,50310,QUINEVILLE
50421,93.12Z,,50310,QUINEVILLE
50421,93.12Z,PME,50310,QUINEVILLE
50421,93.19Z,PME,50310,QUINEVILLE
50421,94.99Z,,50310,QUINEVILLE
50421,95.29Z,,50310,QUINEVILLE
50421,96.02B,PME,50310,QUINEVILLE
50421,96.09Z,,50310,QUINEVILLE
50422,01.41Z,,50500,RAIDS
50422,01.42Z,,50500,RAIDS
50422,01.43Z,,50500,RAIDS
50422,01.46Z,,50500,RAIDS
50422,01.49Z,,50500,RAIDS
50422,01.61Z,,50500,RAIDS
50422,01.62Z,,50500,RAIDS
50422,14.13Z,,50500,RAIDS
50422,45.11Z,PME,50500,RAIDS
50422,47.81Z,PME,50500,RAIDS
50422,47.99A,PME,50500,RAIDS
50422,55.20Z,PME,50500,RAIDS
50422,68.10Z,,50500,RAIDS
50422,68.20B,,50500,RAIDS
50422,68.20B,PME,50500,RAIDS
50422,68.31Z,,50500,RAIDS
50422,74.20Z,PME,50500,RAIDS
50422,84.11Z,PME,50500,RAIDS
50422,85.51Z,,50500,RAIDS
50422,94.99Z,,50500,RAIDS
50422,96.09Z,PME,50500,RAIDS
50423,01.11Z,,50000,RAMPAN
50423,01.41Z,,50000,RAMPAN
50423,01.42Z,,50000,RAMPAN
50423,35.11Z,PME,50000,RAMPAN
50423,46.21Z,PME,50000,RAMPAN
50423,46.73A,PME,50000,RAMPAN
50423,47.11D,PME,50000,RAMPAN
50423,47.99A,PME,50000,RAMPAN
50423,65.12Z,GE,50000,RAMPAN
50423,68.20A,,50000,RAMPAN
50423,68.20B,,50000,RAMPAN
50423,68.20B,PME,50000,RAMPAN
50423,81.21Z,PME,50000,RAMPAN
50423,84.11Z,PME,50000,RAMPAN
50423,85.59A,PME,50000,RAMPAN
50423,93.19Z,PME,50000,RAMPAN
50423,94.99Z,,50000,RAMPAN
50423,94.99Z,PME,50000,RAMPAN
50425,01.11Z,,50260,RAUVILLE-LA-BIGOT
50425,01.24Z,,50260,RAUVILLE-LA-BIGOT
50425,01.41Z,,50260,RAUVILLE-LA-BIGOT
50425,01.42Z,,50260,RAUVILLE-LA-BIGOT
50425,01.43Z,,50260,RAUVILLE-LA-BIGOT
50425,01.45Z,,50260,RAUVILLE-LA-BIGOT
50425,01.47Z,,50260,RAUVILLE-LA-BIGOT
50425,01.49Z,,50260,RAUVILLE-LA-BIGOT
50425,01.61Z,,50260,RAUVILLE-LA-BIGOT
50425,02.20Z,,50260,RAUVILLE-LA-BIGOT
50425,10.71C,PME,50260,RAUVILLE-LA-BIGOT
50425,11.03Z,PME,50260,RAUVILLE-LA-BIGOT
50425,32.13Z,,50260,RAUVILLE-LA-BIGOT
50425,33.12Z,PME,50260,RAUVILLE-LA-BIGOT
50425,33.15Z,PME,50260,RAUVILLE-LA-BIGOT
50425,35.11Z,,50260,RAUVILLE-LA-BIGOT
50425,43.12B,PME,50260,RAUVILLE-LA-BIGOT
50425,43.32A,PME,50260,RAUVILLE-LA-BIGOT
50425,43.34Z,,50260,RAUVILLE-LA-BIGOT
50425,43.91A,PME,50260,RAUVILLE-LA-BIGOT
50425,43.91B,PME,50260,RAUVILLE-LA-BIGOT
50425,43.99C,PME,50260,RAUVILLE-LA-BIGOT
50425,43.99D,PME,50260,RAUVILLE-LA-BIGOT
50425,45.11Z,PME,50260,RAUVILLE-LA-BIGOT
50425,45.20A,PME,50260,RAUVILLE-LA-BIGOT
50425,47.11B,PME,50260,RAUVILLE-LA-BIGOT
50425,47.22Z,PME,50260,RAUVILLE-LA-BIGOT
50425,47.41Z,PME,50260,RAUVILLE-LA-BIGOT
50425,47.99A,,50260,RAUVILLE-LA-BIGOT
50425,47.99A,PME,50260,RAUVILLE-LA-BIGOT
50425,53.10Z,GE,50260,RAUVILLE-LA-BIGOT
50425,56.10C,PME,50260,RAUVILLE-LA-BIGOT
50425,68.10Z,,50260,RAUVILLE-LA-BIGOT
50425,68.10Z,PME,50260,RAUVILLE-LA-BIGOT
50425,68.20A,,50260,RAUVILLE-LA-BIGOT
50425,68.20A,PME,50260,RAUVILLE-LA-BIGOT
50425,68.20B,,50260,RAUVILLE-LA-BIGOT
50425,68.20B,PME,50260,RAUVILLE-LA-BIGOT
50425,68.31Z,,50260,RAUVILLE-LA-BIGOT
50425,70.10Z,,50260,RAUVILLE-LA-BIGOT
50425,70.22Z,,50260,RAUVILLE-LA-BIGOT
50425,71.12B,PME,50260,RAUVILLE-LA-BIGOT
50425,74.20Z,PME,50260,RAUVILLE-LA-BIGOT
50425,74.90B,PME,50260,RAUVILLE-LA-BIGOT
50425,82.99Z,PME,50260,RAUVILLE-LA-BIGOT
50425,84.11Z,PME,50260,RAUVILLE-LA-BIGOT
50425,85.20Z,PME,50260,RAUVILLE-LA-BIGOT
50425,86.90D,,50260,RAUVILLE-LA-BIGOT
50425,86.90D,PME,50260,RAUVILLE-LA-BIGOT
50425,90.02Z,PME,50260,RAUVILLE-LA-BIGOT
50425,90.03A,PME,50260,RAUVILLE-LA-BIGOT
50425,93.12Z,,50260,RAUVILLE-LA-BIGOT
50425,94.91Z,,50260,RAUVILLE-LA-BIGOT
50425,94.99Z,,50260,RAUVILLE-LA-BIGOT
50425,96.02A,PME,50260,RAUVILLE-LA-BIGOT
50425,96.02B,,50260,RAUVILLE-LA-BIGOT
50425,96.02B,PME,50260,RAUVILLE-LA-BIGOT
50425,96.03Z,PME,50260,RAUVILLE-LA-BIGOT
50425,96.09Z,PME,50260,RAUVILLE-LA-BIGOT
50426,01.19Z,,50390,RAUVILLE-LA-PLACE
50426,01.41Z,,50390,RAUVILLE-LA-PLACE
50426,01.42Z,,50390,RAUVILLE-LA-PLACE
50426,01.61Z,,50390,RAUVILLE-LA-PLACE
50426,10.51A,PME,50390,RAUVILLE-LA-PLACE
50426,25.62B,PME,50390,RAUVILLE-LA-PLACE
50426,35.11Z,PME,50390,RAUVILLE-LA-PLACE
50426,43.12A,PME,50390,RAUVILLE-LA-PLACE
50426,43.12B,PME,50390,RAUVILLE-LA-PLACE
50426,43.32A,PME,50390,RAUVILLE-LA-PLACE
50426,43.33Z,,50390,RAUVILLE-LA-PLACE
50426,43.34Z,PME,50390,RAUVILLE-LA-PLACE
50426,43.99B,PME,50390,RAUVILLE-LA-PLACE
50426,43.99C,PME,50390,RAUVILLE-LA-PLACE
50426,45.20A,PME,50390,RAUVILLE-LA-PLACE
50426,56.10A,PME,50390,RAUVILLE-LA-PLACE
50426,63.91Z,PME,50390,RAUVILLE-LA-PLACE
50426,64.20Z,PME,50390,RAUVILLE-LA-PLACE
50426,68.20B,,50390,RAUVILLE-LA-PLACE
50426,68.20B,PME,50390,RAUVILLE-LA-PLACE
50426,68.31Z,PME,50390,RAUVILLE-LA-PLACE
50426,70.10Z,,50390,RAUVILLE-LA-PLACE
50426,81.29B,PME,50390,RAUVILLE-LA-PLACE
50426,81.30Z,PME,50390,RAUVILLE-LA-PLACE
50426,84.11Z,PME,50390,RAUVILLE-LA-PLACE
50426,94.99Z,,50390,RAUVILLE-LA-PLACE
50426,96.02B,PME,50390,RAUVILLE-LA-PLACE
50426,96.09Z,PME,50390,RAUVILLE-LA-PLACE
50430,01.11Z,,50390,REIGNEVILLE-BOCAGE
50430,01.41Z,,50390,REIGNEVILLE-BOCAGE
50430,68.20B,,50390,REIGNEVILLE-BOCAGE
50430,68.20B,PME,50390,REIGNEVILLE-BOCAGE
50430,84.11Z,PME,50390,REIGNEVILLE-BOCAGE
50435,01.11Z,,50260,ROCHEVILLE
50435,01.24Z,,50260,ROCHEVILLE
50435,01.41Z,,50260,ROCHEVILLE
50435,01.42Z,,50260,ROCHEVILLE
50435,01.43Z,,50260,ROCHEVILLE
50435,01.45Z,,50260,ROCHEVILLE
50435,01.49Z,,50260,ROCHEVILLE
50435,03.11Z,,50260,ROCHEVILLE
50435,43.12A,,50260,ROCHEVILLE
50435,43.12A,PME,50260,ROCHEVILLE
50435,43.32B,PME,50260,ROCHEVILLE
50435,43.99C,PME,50260,ROCHEVILLE
50435,45.11Z,PME,50260,ROCHEVILLE
50435,45.20A,PME,50260,ROCHEVILLE
50435,47.26Z,,50260,ROCHEVILLE
50435,47.91B,,50260,ROCHEVILLE
50435,47.91B,PME,50260,ROCHEVILLE
50435,47.99A,,50260,ROCHEVILLE
50435,47.99A,PME,50260,ROCHEVILLE
50435,49.41B,PME,50260,ROCHEVILLE
50435,56.10C,PME,50260,ROCHEVILLE
50435,64.20Z,PME,50260,ROCHEVILLE
50435,68.20A,,50260,ROCHEVILLE
50435,68.20B,,50260,ROCHEVILLE
50435,68.20B,PME,50260,ROCHEVILLE
50435,68.31Z,,50260,ROCHEVILLE
50435,68.32B,,50260,ROCHEVILLE
50435,84.11Z,PME,50260,ROCHEVILLE
50435,85.20Z,PME,50260,ROCHEVILLE
50435,85.52Z,PME,50260,ROCHEVILLE
50435,86.90F,PME,50260,ROCHEVILLE
50435,88.91A,PME,50260,ROCHEVILLE
50435,88.99B,PME,50260,ROCHEVILLE
50435,90.01Z,PME,50260,ROCHEVILLE
50435,90.03B,PME,50260,ROCHEVILLE
50435,93.19Z,,50260,ROCHEVILLE
50435,93.29Z,PME,50260,ROCHEVILLE
50435,94.99Z,,50260,ROCHEVILLE
50435,94.99Z,PME,50260,ROCHEVILLE
50436,01.11Z,,50140,ROMAGNY FONTENAY
50436,01.13Z,,50140,ROMAGNY FONTENAY
50436,01.19Z,,50140,ROMAGNY FONTENAY
50436,01.24Z,,50140,ROMAGNY FONTENAY
50436,01.41Z,,50140,ROMAGNY FONTENAY
50436,01.42Z,,50140,ROMAGNY FONTENAY
50436,01.43Z,,50140,ROMAGNY FONTENAY
50436,01.45Z,,50140,ROMAGNY FONTENAY
50436,01.46Z,,50140,ROMAGNY FONTENAY
50436,01.47Z,,50140,ROMAGNY FONTENAY
50436,01.49Z,,50140,ROMAGNY FONTENAY
50436,01.50Z,,50140,ROMAGNY FONTENAY
50436,01.61Z,,50140,ROMAGNY FONTENAY
50436,01.62Z,,50140,ROMAGNY FONTENAY
50436,10.71C,,50140,ROMAGNY FONTENAY
50436,10.71C,PME,50140,ROMAGNY FONTENAY
50436,16.23Z,PME,50140,ROMAGNY FONTENAY
50436,16.24Z,PME,50140,ROMAGNY FONTENAY
50436,18.13Z,PME,50140,ROMAGNY FONTENAY
50436,22.29A,PME,50140,ROMAGNY FONTENAY
50436,27.32Z,ETI,50140,ROMAGNY FONTENAY
50436,28.96Z,PME,50140,ROMAGNY FONTENAY
50436,31.09B,,50140,ROMAGNY FONTENAY
50436,32.13Z,,50140,ROMAGNY FONTENAY
50436,33.20A,PME,50140,ROMAGNY FONTENAY
50436,35.11Z,ETI,50140,ROMAGNY FONTENAY
50436,35.11Z,PME,50140,ROMAGNY FONTENAY
50436,43.12A,PME,50140,ROMAGNY FONTENAY
50436,43.21A,PME,50140,ROMAGNY FONTENAY
50436,43.22A,PME,50140,ROMAGNY FONTENAY
50436,43.31Z,PME,50140,ROMAGNY FONTENAY
50436,43.32A,PME,50140,ROMAGNY FONTENAY
50436,43.99C,PME,50140,ROMAGNY FONTENAY
50436,45.20A,PME,50140,ROMAGNY FONTENAY
50436,46.42Z,PME,50140,ROMAGNY FONTENAY
50436,47.82Z,PME,50140,ROMAGNY FONTENAY
50436,47.89Z,,50140,ROMAGNY FONTENAY
50436,47.89Z,PME,50140,ROMAGNY FONTENAY
50436,47.99A,PME,50140,ROMAGNY FONTENAY
50436,55.20Z,PME,50140,ROMAGNY FONTENAY
50436,56.10A,PME,50140,ROMAGNY FONTENAY
50436,56.21Z,PME,50140,ROMAGNY FONTENAY
50436,56.30Z,PME,50140,ROMAGNY FONTENAY
50436,64.20Z,,50140,ROMAGNY FONTENAY
50436,64.20Z,PME,50140,ROMAGNY FONTENAY
50436,66.30Z,PME,50140,ROMAGNY FONTENAY
50436,68.20A,,50140,ROMAGNY FONTENAY
50436,68.20A,PME,50140,ROMAGNY FONTENAY
50436,68.20B,,50140,ROMAGNY FONTENAY
50436,68.20B,PME,50140,ROMAGNY FONTENAY
50436,70.10Z,,50140,ROMAGNY FONTENAY
50436,71.20A,PME,50140,ROMAGNY FONTENAY
50436,74.10Z,,50140,ROMAGNY FONTENAY
50436,74.90A,PME,50140,ROMAGNY FONTENAY
50436,81.21Z,,50140,ROMAGNY FONTENAY
50436,81.21Z,PME,50140,ROMAGNY FONTENAY
50436,81.30Z,PME,50140,ROMAGNY FONTENAY
50436,82.11Z,PME,50140,ROMAGNY FONTENAY
50436,84.11Z,PME,50140,ROMAGNY FONTENAY
50436,85.20Z,PME,50140,ROMAGNY FONTENAY
50436,85.51Z,PME,50140,ROMAGNY FONTENAY
50436,86.90D,PME,50140,ROMAGNY FONTENAY
50436,86.90F,PME,50140,ROMAGNY FONTENAY
50436,88.99B,,50140,ROMAGNY FONTENAY
50436,90.01Z,,50140,ROMAGNY FONTENAY
50436,90.03A,PME,50140,ROMAGNY FONTENAY
50436,93.12Z,,50140,ROMAGNY FONTENAY
50436,93.12Z,PME,50140,ROMAGNY FONTENAY
50436,93.19Z,PME,50140,ROMAGNY FONTENAY
50436,93.29Z,,50140,ROMAGNY FONTENAY
50436,94.91Z,,50140,ROMAGNY FONTENAY
50436,94.99Z,,50140,ROMAGNY FONTENAY
50436,94.99Z,PME,50140,ROMAGNY FONTENAY
50436,96.02A,PME,50140,ROMAGNY FONTENAY
50436,96.09Z,PME,50140,ROMAGNY FONTENAY
50437,01.11Z,,50210,RONCEY
50437,01.19Z,,50210,RONCEY
50437,01.24Z,,50210,RONCEY
50437,01.28Z,,50210,RONCEY
50437,01.41Z,,50210,RONCEY
50437,01.42Z,,50210,RONCEY
50437,01.45Z,,50210,RONCEY
50437,01.49Z,,50210,RONCEY
50437,01.50Z,,50210,RONCEY
50437,01.61Z,,50210,RONCEY
50437,10.11Z,,50210,RONCEY
50437,10.71C,PME,50210,RONCEY
50437,20.14Z,PME,50210,RONCEY
50437,22.23Z,ETI,50210,RONCEY
50437,27.40Z,,50210,RONCEY
50437,36.00Z,PME,50210,RONCEY
50437,43.22A,PME,50210,RONCEY
50437,43.22B,,50210,RONCEY
50437,43.32A,PME,50210,RONCEY
50437,43.33Z,PME,50210,RONCEY
50437,43.34Z,PME,50210,RONCEY
50437,43.91B,,50210,RONCEY
50437,43.91B,PME,50210,RONCEY
50437,43.99C,PME,50210,RONCEY
50437,45.11Z,,50210,RONCEY
50437,45.11Z,PME,50210,RONCEY
50437,45.20A,,50210,RONCEY
50437,45.20A,PME,50210,RONCEY
50437,45.20B,PME,50210,RONCEY
50437,46.23Z,PME,50210,RONCEY
50437,46.61Z,PME,50210,RONCEY
50437,47.11B,PME,50210,RONCEY
50437,47.22Z,PME,50210,RONCEY
50437,47.73Z,PME,50210,RONCEY
50437,47.89Z,PME,50210,RONCEY
50437,47.99A,,50210,RONCEY
50437,47.99A,PME,50210,RONCEY
50437,49.32Z,PME,50210,RONCEY
50437,52.10B,PME,50210,RONCEY
50437,55.10Z,PME,50210,RONCEY
50437,55.20Z,PME,50210,RONCEY
50437,56.30Z,PME,50210,RONCEY
50437,64.19Z,,50210,RONCEY
50437,68.20A,,50210,RONCEY
50437,68.20A,PME,50210,RONCEY
50437,68.20B,,50210,RONCEY
50437,68.20B,PME,50210,RONCEY
50437,68.31Z,,50210,RONCEY
50437,68.32B,PME,50210,RONCEY
50437,69.10Z,PME,50210,RONCEY
50437,70.10Z,,50210,RONCEY
50437,70.10Z,PME,50210,RONCEY
50437,70.22Z,PME,50210,RONCEY
50437,71.12B,PME,50210,RONCEY
50437,81.21Z,PME,50210,RONCEY
50437,81.30Z,PME,50210,RONCEY
50437,82.19Z,PME,50210,RONCEY
50437,84.11Z,PME,50210,RONCEY
50437,85.10Z,PME,50210,RONCEY
50437,85.20Z,PME,50210,RONCEY
50437,86.90D,PME,50210,RONCEY
50437,88.10A,,50210,RONCEY
50437,90.01Z,,50210,RONCEY
50437,90.03B,PME,50210,RONCEY
50437,93.12Z,,50210,RONCEY
50437,93.12Z,PME,50210,RONCEY
50437,93.19Z,,50210,RONCEY
50437,93.29Z,PME,50210,RONCEY
50437,94.91Z,,50210,RONCEY
50437,94.91Z,PME,50210,RONCEY
50437,94.99Z,,50210,RONCEY
50437,94.99Z,PME,50210,RONCEY
50437,95.29Z,PME,50210,RONCEY
50437,96.02A,PME,50210,RONCEY
50437,96.03Z,PME,50210,RONCEY
50437,96.04Z,PME,50210,RONCEY
50437,96.09Z,,50210,RONCEY
50437,96.09Z,PME,50210,RONCEY
50442,01.11Z,,50340,LE ROZEL
50442,01.13Z,,50340,LE ROZEL
50442,01.41Z,,50340,LE ROZEL
50442,01.42Z,,50340,LE ROZEL
50442,01.43Z,,50340,LE ROZEL
50442,01.50Z,,50340,LE ROZEL
50442,03.11Z,,50340,LE ROZEL
50442,42.91Z,PME,50340,LE ROZEL
50442,43.12A,PME,50340,LE ROZEL
50442,43.31Z,PME,50340,LE ROZEL
50442,45.19Z,PME,50340,LE ROZEL
50442,46.19B,PME,50340,LE ROZEL
50442,46.39B,PME,50340,LE ROZEL
50442,47.99A,PME,50340,LE ROZEL
50442,55.20Z,PME,50340,LE ROZEL
50442,55.30Z,PME,50340,LE ROZEL
50442,56.10A,PME,50340,LE ROZEL
50442,62.01Z,PME,50340,LE ROZEL
50442,68.20A,,50340,LE ROZEL
50442,68.20A,PME,50340,LE ROZEL
50442,68.20B,,50340,LE ROZEL
50442,68.20B,PME,50340,LE ROZEL
50442,75.00Z,,50340,LE ROZEL
50442,81.21Z,,50340,LE ROZEL
50442,81.21Z,PME,50340,LE ROZEL
50442,81.29B,,50340,LE ROZEL
50442,81.30Z,PME,50340,LE ROZEL
50442,84.11Z,PME,50340,LE ROZEL
50442,85.20Z,PME,50340,LE ROZEL
50442,85.51Z,,50340,LE ROZEL
50442,86.90E,PME,50340,LE ROZEL
50442,90.01Z,,50340,LE ROZEL
50442,90.03A,PME,50340,LE ROZEL
50442,94.99Z,PME,50340,LE ROZEL
50442,96.09Z,PME,50340,LE ROZEL
50443,01.11Z,,50170,SACEY
50443,01.41Z,,50170,SACEY
50443,01.42Z,,50170,SACEY
50443,01.43Z,,50170,SACEY
50443,01.46Z,,50170,SACEY
50443,01.49Z,PME,50170,SACEY
50443,01.50Z,,50170,SACEY
50443,01.61Z,,50170,SACEY
50443,01.62Z,,50170,SACEY
50443,14.13Z,,50170,SACEY
50443,18.13Z,PME,50170,SACEY
50443,25.99B,PME,50170,SACEY
50443,28.22Z,PME,50170,SACEY
50443,35.11Z,PME,50170,SACEY
50443,43.32A,PME,50170,SACEY
50443,43.33Z,PME,50170,SACEY
50443,43.91A,PME,50170,SACEY
50443,43.99C,PME,50170,SACEY
50443,45.20A,PME,50170,SACEY
50443,47.99A,PME,50170,SACEY
50443,49.41B,PME,50170,SACEY
50443,52.21Z,PME,50170,SACEY
50443,55.20Z,PME,50170,SACEY
50443,56.10C,PME,50170,SACEY
50443,56.30Z,PME,50170,SACEY
50443,68.20B,,50170,SACEY
50443,68.20B,PME,50170,SACEY
50443,68.31Z,,50170,SACEY
50443,70.10Z,PME,50170,SACEY
50443,70.22Z,,50170,SACEY
50443,81.10Z,PME,50170,SACEY
50443,81.21Z,PME,50170,SACEY
50443,82.19Z,PME,50170,SACEY
50443,84.11Z,PME,50170,SACEY
50443,85.20Z,PME,50170,SACEY
50443,86.90F,PME,50170,SACEY
50443,93.12Z,,50170,SACEY
50443,93.29Z,,50170,SACEY
50443,94.99Z,,50170,SACEY
50443,96.02A,PME,50170,SACEY
50443,96.09Z,,50170,SACEY
50444,01.11Z,,50160,SAINT-AMAND-VILLAGES
50444,01.11Z,PME,50160,SAINT-AMAND-VILLAGES
50444,01.19Z,,50160,SAINT-AMAND-VILLAGES
50444,01.24Z,,50160,SAINT-AMAND-VILLAGES
50444,01.25Z,,50160,SAINT-AMAND-VILLAGES
50444,01.41Z,,50160,SAINT-AMAND-VILLAGES
50444,01.42Z,,50160,SAINT-AMAND-VILLAGES
50444,01.46Z,,50160,SAINT-AMAND-VILLAGES
50444,01.47Z,,50160,SAINT-AMAND-VILLAGES
50444,01.49Z,,50160,SAINT-AMAND-VILLAGES
50444,01.50Z,,50160,SAINT-AMAND-VILLAGES
50444,01.61Z,,50160,SAINT-AMAND-VILLAGES
50444,01.61Z,PME,50160,SAINT-AMAND-VILLAGES
50444,01.62Z,,50160,SAINT-AMAND-VILLAGES
50444,02.20Z,PME,50160,SAINT-AMAND-VILLAGES
50444,03.11Z,,50160,SAINT-AMAND-VILLAGES
50444,10.71C,PME,50160,SAINT-AMAND-VILLAGES
50444,10.72Z,PME,50160,SAINT-AMAND-VILLAGES
50444,10.85Z,PME,50160,SAINT-AMAND-VILLAGES
50444,11.01Z,PME,50160,SAINT-AMAND-VILLAGES
50444,11.03Z,PME,50160,SAINT-AMAND-VILLAGES
50444,13.92Z,PME,50160,SAINT-AMAND-VILLAGES
50444,14.13Z,,50160,SAINT-AMAND-VILLAGES
50444,14.19Z,PME,50160,SAINT-AMAND-VILLAGES
50444,15.12Z,,50160,SAINT-AMAND-VILLAGES
50444,16.23Z,,50160,SAINT-AMAND-VILLAGES
50444,16.29Z,PME,50160,SAINT-AMAND-VILLAGES
50444,17.21A,ETI,50160,SAINT-AMAND-VILLAGES
50444,17.22Z,PME,50160,SAINT-AMAND-VILLAGES
50444,20.14Z,PME,50160,SAINT-AMAND-VILLAGES
50444,23.41Z,PME,50160,SAINT-AMAND-VILLAGES
50444,23.70Z,PME,50160,SAINT-AMAND-VILLAGES
50444,25.71Z,PME,50160,SAINT-AMAND-VILLAGES
50444,29.20Z,,50160,SAINT-AMAND-VILLAGES
50444,29.20Z,PME,50160,SAINT-AMAND-VILLAGES
50444,33.12Z,PME,50160,SAINT-AMAND-VILLAGES
50444,33.20A,PME,50160,SAINT-AMAND-VILLAGES
50444,33.20C,GE,50160,SAINT-AMAND-VILLAGES
50444,35.11Z,,50160,SAINT-AMAND-VILLAGES
50444,35.11Z,GE,50160,SAINT-AMAND-VILLAGES
50444,35.11Z,PME,50160,SAINT-AMAND-VILLAGES
50444,41.10D,PME,50160,SAINT-AMAND-VILLAGES
50444,41.20B,PME,50160,SAINT-AMAND-VILLAGES
50444,43.12B,GE,50160,SAINT-AMAND-VILLAGES
50444,43.21A,PME,50160,SAINT-AMAND-VILLAGES
50444,43.32A,,50160,SAINT-AMAND-VILLAGES
50444,43.32A,PME,50160,SAINT-AMAND-VILLAGES
50444,43.32B,,50160,SAINT-AMAND-VILLAGES
50444,43.32B,PME,50160,SAINT-AMAND-VILLAGES
50444,43.39Z,,50160,SAINT-AMAND-VILLAGES
50444,43.91B,PME,50160,SAINT-AMAND-VILLAGES
50444,43.99C,PME,50160,SAINT-AMAND-VILLAGES
50444,45.11Z,PME,50160,SAINT-AMAND-VILLAGES
50444,45.20A,PME,50160,SAINT-AMAND-VILLAGES
50444,46.17B,PME,50160,SAINT-AMAND-VILLAGES
50444,46.19B,PME,50160,SAINT-AMAND-VILLAGES
50444,46.51Z,PME,50160,SAINT-AMAND-VILLAGES
50444,46.73A,GE,50160,SAINT-AMAND-VILLAGES
50444,47.11D,GE,50160,SAINT-AMAND-VILLAGES
50444,47.19B,,50160,SAINT-AMAND-VILLAGES
50444,47.19B,PME,50160,SAINT-AMAND-VILLAGES
50444,47.52A,PME,50160,SAINT-AMAND-VILLAGES
50444,47.52B,GE,50160,SAINT-AMAND-VILLAGES
50444,47.78C,PME,50160,SAINT-AMAND-VILLAGES
50444,47.81Z,PME,50160,SAINT-AMAND-VILLAGES
50444,47.91A,PME,50160,SAINT-AMAND-VILLAGES
50444,47.99A,,50160,SAINT-AMAND-VILLAGES
50444,47.99A,PME,50160,SAINT-AMAND-VILLAGES
50444,47.99B,PME,50160,SAINT-AMAND-VILLAGES
50444,49.41A,ETI,50160,SAINT-AMAND-VILLAGES
50444,49.41A,PME,50160,SAINT-AMAND-VILLAGES
50444,49.41B,PME,50160,SAINT-AMAND-VILLAGES
50444,53.10Z,GE,50160,SAINT-AMAND-VILLAGES
50444,53.20Z,,50160,SAINT-AMAND-VILLAGES
50444,53.20Z,PME,50160,SAINT-AMAND-VILLAGES
50444,55.10Z,PME,50160,SAINT-AMAND-VILLAGES
50444,55.20Z,,50160,SAINT-AMAND-VILLAGES
50444,55.20Z,PME,50160,SAINT-AMAND-VILLAGES
50444,56.10C,,50160,SAINT-AMAND-VILLAGES
50444,56.21Z,PME,50160,SAINT-AMAND-VILLAGES
50444,56.30Z,PME,50160,SAINT-AMAND-VILLAGES
50444,62.01Z,,50160,SAINT-AMAND-VILLAGES
50444,62.01Z,PME,50160,SAINT-AMAND-VILLAGES
50444,64.20Z,PME,50160,SAINT-AMAND-VILLAGES
50444,66.22Z,,50160,SAINT-AMAND-VILLAGES
50444,66.30Z,,50160,SAINT-AMAND-VILLAGES
50444,66.30Z,PME,50160,SAINT-AMAND-VILLAGES
50444,68.20A,,50160,SAINT-AMAND-VILLAGES
50444,68.20A,PME,50160,SAINT-AMAND-VILLAGES
50444,68.20B,,50160,SAINT-AMAND-VILLAGES
50444,68.20B,PME,50160,SAINT-AMAND-VILLAGES
50444,68.31Z,PME,50160,SAINT-AMAND-VILLAGES
50444,70.10Z,,50160,SAINT-AMAND-VILLAGES
50444,70.10Z,PME,50160,SAINT-AMAND-VILLAGES
50444,70.22Z,PME,50160,SAINT-AMAND-VILLAGES
50444,71.11Z,,50160,SAINT-AMAND-VILLAGES
50444,71.20A,PME,50160,SAINT-AMAND-VILLAGES
50444,71.20B,,50160,SAINT-AMAND-VILLAGES
50444,74.20Z,,50160,SAINT-AMAND-VILLAGES
50444,74.20Z,PME,50160,SAINT-AMAND-VILLAGES
50444,77.29Z,PME,50160,SAINT-AMAND-VILLAGES
50444,81.10Z,,50160,SAINT-AMAND-VILLAGES
50444,81.21Z,,50160,SAINT-AMAND-VILLAGES
50444,81.21Z,PME,50160,SAINT-AMAND-VILLAGES
50444,81.29A,PME,50160,SAINT-AMAND-VILLAGES
50444,82.11Z,,50160,SAINT-AMAND-VILLAGES
50444,82.11Z,PME,50160,SAINT-AMAND-VILLAGES
50444,84.11Z,PME,50160,SAINT-AMAND-VILLAGES
50444,85.10Z,PME,50160,SAINT-AMAND-VILLAGES
50444,85.20Z,PME,50160,SAINT-AMAND-VILLAGES
50444,85.51Z,,50160,SAINT-AMAND-VILLAGES
50444,86.90D,,50160,SAINT-AMAND-VILLAGES
50444,86.90D,PME,50160,SAINT-AMAND-VILLAGES
50444,86.90E,,50160,SAINT-AMAND-VILLAGES
50444,86.90E,PME,50160,SAINT-AMAND-VILLAGES
50444,88.99B,,50160,SAINT-AMAND-VILLAGES
50444,90.01Z,,50160,SAINT-AMAND-VILLAGES
50444,90.01Z,PME,50160,SAINT-AMAND-VILLAGES
50444,93.12Z,,50160,SAINT-AMAND-VILLAGES
50444,93.19Z,,50160,SAINT-AMAND-VILLAGES
50444,93.29Z,,50160,SAINT-AMAND-VILLAGES
50444,93.29Z,PME,50160,SAINT-AMAND-VILLAGES
50444,94.91Z,,50160,SAINT-AMAND-VILLAGES
50444,94.99Z,,50160,SAINT-AMAND-VILLAGES
50444,94.99Z,PME,50160,SAINT-AMAND-VILLAGES
50444,95.11Z,PME,50160,SAINT-AMAND-VILLAGES
50444,95.22Z,PME,50160,SAINT-AMAND-VILLAGES
50444,95.29Z,,50160,SAINT-AMAND-VILLAGES
50444,95.29Z,PME,50160,SAINT-AMAND-VILLAGES
50444,96.01B,PME,50160,SAINT-AMAND-VILLAGES
50444,96.02A,PME,50160,SAINT-AMAND-VILLAGES
50444,96.02B,PME,50160,SAINT-AMAND-VILLAGES
50444,96.09Z,,50160,SAINT-AMAND-VILLAGES
50444,96.09Z,PME,50160,SAINT-AMAND-VILLAGES
50445,01.11Z,,50500,SAINT-ANDRE-DE-BOHON
50445,01.41Z,,50500,SAINT-ANDRE-DE-BOHON
50445,01.42Z,,50500,SAINT-ANDRE-DE-BOHON
50445,01.45Z,,50500,SAINT-ANDRE-DE-BOHON
50445,01.49Z,,50500,SAINT-ANDRE-DE-BOHON
50445,01.61Z,,50500,SAINT-ANDRE-DE-BOHON
50445,03.11Z,,50500,SAINT-ANDRE-DE-BOHON
50445,14.13Z,PME,50500,SAINT-ANDRE-DE-BOHON
50445,16.29Z,PME,50500,SAINT-ANDRE-DE-BOHON
50445,23.19Z,PME,50500,SAINT-ANDRE-DE-BOHON
50445,35.11Z,PME,50500,SAINT-ANDRE-DE-BOHON
50445,43.39Z,PME,50500,SAINT-ANDRE-DE-BOHON
50445,45.20A,PME,50500,SAINT-ANDRE-DE-BOHON
50445,47.81Z,,50500,SAINT-ANDRE-DE-BOHON
50445,56.10C,PME,50500,SAINT-ANDRE-DE-BOHON
50445,68.20B,,50500,SAINT-ANDRE-DE-BOHON
50445,68.20B,PME,50500,SAINT-ANDRE-DE-BOHON
50445,70.10Z,,50500,SAINT-ANDRE-DE-BOHON
50445,81.21Z,PME,50500,SAINT-ANDRE-DE-BOHON
50445,82.19Z,PME,50500,SAINT-ANDRE-DE-BOHON
50445,84.11Z,PME,50500,SAINT-ANDRE-DE-BOHON
50445,86.90D,,50500,SAINT-ANDRE-DE-BOHON
50445,94.99Z,,50500,SAINT-ANDRE-DE-BOHON
50445,96.02A,PME,50500,SAINT-ANDRE-DE-BOHON
50445,96.04Z,PME,50500,SAINT-ANDRE-DE-BOHON
50447,01.11Z,,50380,SAINT-AUBIN-DES-PREAUX
50447,01.13Z,,50380,SAINT-AUBIN-DES-PREAUX
50447,01.24Z,,50380,SAINT-AUBIN-DES-PREAUX
50447,01.41Z,,50380,SAINT-AUBIN-DES-PREAUX
50447,01.42Z,,50380,SAINT-AUBIN-DES-PREAUX
50447,01.49Z,PME,50380,SAINT-AUBIN-DES-PREAUX
50447,03.11Z,,50380,SAINT-AUBIN-DES-PREAUX
50447,10.72Z,PME,50380,SAINT-AUBIN-DES-PREAUX
50447,32.13Z,PME,50380,SAINT-AUBIN-DES-PREAUX
50447,35.11Z,,50380,SAINT-AUBIN-DES-PREAUX
50447,35.11Z,PME,50380,SAINT-AUBIN-DES-PREAUX
50447,36.00Z,GE,50380,SAINT-AUBIN-DES-PREAUX
50447,43.31Z,PME,50380,SAINT-AUBIN-DES-PREAUX
50447,43.32A,,50380,SAINT-AUBIN-DES-PREAUX
50447,43.32A,PME,50380,SAINT-AUBIN-DES-PREAUX
50447,43.99C,,50380,SAINT-AUBIN-DES-PREAUX
50447,43.99C,PME,50380,SAINT-AUBIN-DES-PREAUX
50447,45.20A,PME,50380,SAINT-AUBIN-DES-PREAUX
50447,46.90Z,PME,50380,SAINT-AUBIN-DES-PREAUX
50447,47.99A,,50380,SAINT-AUBIN-DES-PREAUX
50447,47.99A,PME,50380,SAINT-AUBIN-DES-PREAUX
50447,49.32Z,PME,50380,SAINT-AUBIN-DES-PREAUX
50447,55.20Z,PME,50380,SAINT-AUBIN-DES-PREAUX
50447,55.30Z,PME,50380,SAINT-AUBIN-DES-PREAUX
50447,66.30Z,PME,50380,SAINT-AUBIN-DES-PREAUX
50447,68.20B,,50380,SAINT-AUBIN-DES-PREAUX
50447,68.20B,PME,50380,SAINT-AUBIN-DES-PREAUX
50447,70.10Z,,50380,SAINT-AUBIN-DES-PREAUX
50447,70.10Z,PME,50380,SAINT-AUBIN-DES-PREAUX
50447,71.12B,PME,50380,SAINT-AUBIN-DES-PREAUX
50447,81.21Z,PME,50380,SAINT-AUBIN-DES-PREAUX
50447,81.30Z,PME,50380,SAINT-AUBIN-DES-PREAUX
50447,84.11Z,PME,50380,SAINT-AUBIN-DES-PREAUX
50447,85.20Z,PME,50380,SAINT-AUBIN-DES-PREAUX
50447,85.59A,PME,50380,SAINT-AUBIN-DES-PREAUX
50447,88.10A,,50380,SAINT-AUBIN-DES-PREAUX
50447,90.01Z,,50380,SAINT-AUBIN-DES-PREAUX
50447,90.03A,PME,50380,SAINT-AUBIN-DES-PREAUX
50447,93.12Z,,50380,SAINT-AUBIN-DES-PREAUX
50447,93.29Z,PME,50380,SAINT-AUBIN-DES-PREAUX
50447,94.99Z,,50380,SAINT-AUBIN-DES-PREAUX
50447,95.11Z,PME,50380,SAINT-AUBIN-DES-PREAUX
50447,95.29Z,PME,50380,SAINT-AUBIN-DES-PREAUX
50448,01.11Z,,50240,SAINT-AUBIN-DE-TERREGATTE
50448,01.19Z,,50240,SAINT-AUBIN-DE-TERREGATTE
50448,01.24Z,,50240,SAINT-AUBIN-DE-TERREGATTE
50448,01.41Z,,50240,SAINT-AUBIN-DE-TERREGATTE
50448,01.41Z,PME,50240,SAINT-AUBIN-DE-TERREGATTE
50448,01.42Z,,50240,SAINT-AUBIN-DE-TERREGATTE
50448,01.43Z,,50240,SAINT-AUBIN-DE-TERREGATTE
50448,01.43Z,PME,50240,SAINT-AUBIN-DE-TERREGATTE
50448,01.45Z,,50240,SAINT-AUBIN-DE-TERREGATTE
50448,01.46Z,,50240,SAINT-AUBIN-DE-TERREGATTE
50448,01.47Z,,50240,SAINT-AUBIN-DE-TERREGATTE
50448,01.49Z,,50240,SAINT-AUBIN-DE-TERREGATTE
50448,01.50Z,,50240,SAINT-AUBIN-DE-TERREGATTE
50448,01.61Z,,50240,SAINT-AUBIN-DE-TERREGATTE
50448,02.40Z,,50240,SAINT-AUBIN-DE-TERREGATTE
50448,13.92Z,,50240,SAINT-AUBIN-DE-TERREGATTE
50448,33.12Z,PME,50240,SAINT-AUBIN-DE-TERREGATTE
50448,35.11Z,,50240,SAINT-AUBIN-DE-TERREGATTE
50448,35.11Z,PME,50240,SAINT-AUBIN-DE-TERREGATTE
50448,35.21Z,,50240,SAINT-AUBIN-DE-TERREGATTE
50448,42.99Z,PME,50240,SAINT-AUBIN-DE-TERREGATTE
50448,43.31Z,PME,50240,SAINT-AUBIN-DE-TERREGATTE
50448,43.32A,,50240,SAINT-AUBIN-DE-TERREGATTE
50448,43.32A,PME,50240,SAINT-AUBIN-DE-TERREGATTE
50448,43.91A,PME,50240,SAINT-AUBIN-DE-TERREGATTE
50448,45.20A,PME,50240,SAINT-AUBIN-DE-TERREGATTE
50448,47.30Z,GE,50240,SAINT-AUBIN-DE-TERREGATTE
50448,47.89Z,PME,50240,SAINT-AUBIN-DE-TERREGATTE
50448,47.99A,,50240,SAINT-AUBIN-DE-TERREGATTE
50448,47.99A,PME,50240,SAINT-AUBIN-DE-TERREGATTE
50448,52.24B,,50240,SAINT-AUBIN-DE-TERREGATTE
50448,55.20Z,,50240,SAINT-AUBIN-DE-TERREGATTE
50448,55.20Z,PME,50240,SAINT-AUBIN-DE-TERREGATTE
50448,56.10A,PME,50240,SAINT-AUBIN-DE-TERREGATTE
50448,56.30Z,PME,50240,SAINT-AUBIN-DE-TERREGATTE
50448,64.19Z,GE,50240,SAINT-AUBIN-DE-TERREGATTE
50448,64.20Z,,50240,SAINT-AUBIN-DE-TERREGATTE
50448,66.30Z,PME,50240,SAINT-AUBIN-DE-TERREGATTE
50448,68.10Z,,50240,SAINT-AUBIN-DE-TERREGATTE
50448,68.20B,,50240,SAINT-AUBIN-DE-TERREGATTE
50448,68.20B,PME,50240,SAINT-AUBIN-DE-TERREGATTE
50448,68.31Z,,50240,SAINT-AUBIN-DE-TERREGATTE
50448,68.31Z,PME,50240,SAINT-AUBIN-DE-TERREGATTE
50448,70.10Z,,50240,SAINT-AUBIN-DE-TERREGATTE
50448,70.10Z,PME,50240,SAINT-AUBIN-DE-TERREGATTE
50448,71.11Z,PME,50240,SAINT-AUBIN-DE-TERREGATTE
50448,71.12B,PME,50240,SAINT-AUBIN-DE-TERREGATTE
50448,73.11Z,PME,50240,SAINT-AUBIN-DE-TERREGATTE
50448,78.30Z,PME,50240,SAINT-AUBIN-DE-TERREGATTE
50448,81.21Z,,50240,SAINT-AUBIN-DE-TERREGATTE
50448,81.22Z,PME,50240,SAINT-AUBIN-DE-TERREGATTE
50448,82.11Z,PME,50240,SAINT-AUBIN-DE-TERREGATTE
50448,82.99Z,PME,50240,SAINT-AUBIN-DE-TERREGATTE
50448,84.11Z,PME,50240,SAINT-AUBIN-DE-TERREGATTE
50448,84.12Z,PME,50240,SAINT-AUBIN-DE-TERREGATTE
50448,85.20Z,PME,50240,SAINT-AUBIN-DE-TERREGATTE
50448,85.53Z,PME,50240,SAINT-AUBIN-DE-TERREGATTE
50448,90.02Z,PME,50240,SAINT-AUBIN-DE-TERREGATTE
50448,91.03Z,,50240,SAINT-AUBIN-DE-TERREGATTE
50448,93.12Z,,50240,SAINT-AUBIN-DE-TERREGATTE
50448,93.12Z,PME,50240,SAINT-AUBIN-DE-TERREGATTE
50448,93.19Z,PME,50240,SAINT-AUBIN-DE-TERREGATTE
50448,93.29Z,,50240,SAINT-AUBIN-DE-TERREGATTE
50448,94.99Z,,50240,SAINT-AUBIN-DE-TERREGATTE
50448,94.99Z,PME,50240,SAINT-AUBIN-DE-TERREGATTE
50448,96.02A,,50240,SAINT-AUBIN-DE-TERREGATTE
50448,96.09Z,PME,50240,SAINT-AUBIN-DE-TERREGATTE
50450,01.11Z,,50140,SAINT-BARTHELEMY
50450,01.19Z,,50140,SAINT-BARTHELEMY
50450,01.30Z,,50140,SAINT-BARTHELEMY
50450,01.41Z,,50140,SAINT-BARTHELEMY
50450,01.42Z,,50140,SAINT-BARTHELEMY
50450,01.43Z,,50140,SAINT-BARTHELEMY
50450,01.46Z,,50140,SAINT-BARTHELEMY
50450,31.09B,PME,50140,SAINT-BARTHELEMY
50450,43.32A,PME,50140,SAINT-BARTHELEMY
50450,45.11Z,PME,50140,SAINT-BARTHELEMY
50450,46.19B,PME,50140,SAINT-BARTHELEMY
50450,47.11B,PME,50140,SAINT-BARTHELEMY
50450,47.81Z,PME,50140,SAINT-BARTHELEMY
50450,47.89Z,PME,50140,SAINT-BARTHELEMY
50450,47.99A,PME,50140,SAINT-BARTHELEMY
50450,47.99B,PME,50140,SAINT-BARTHELEMY
50450,55.20Z,PME,50140,SAINT-BARTHELEMY
50450,68.20B,,50140,SAINT-BARTHELEMY
50450,68.31Z,,50140,SAINT-BARTHELEMY
50450,70.10Z,,50140,SAINT-BARTHELEMY
50450,70.10Z,PME,50140,SAINT-BARTHELEMY
50450,84.11Z,PME,50140,SAINT-BARTHELEMY
50450,85.59B,PME,50140,SAINT-BARTHELEMY
50450,88.10A,,50140,SAINT-BARTHELEMY
50450,93.12Z,,50140,SAINT-BARTHELEMY
50450,93.19Z,,50140,SAINT-BARTHELEMY
50450,94.99Z,,50140,SAINT-BARTHELEMY
50450,96.02B,PME,50140,SAINT-BARTHELEMY
50451,01.19Z,PME,50300,SAINT-BRICE
50451,01.41Z,,50300,SAINT-BRICE
50451,01.42Z,,50300,SAINT-BRICE
50451,01.43Z,,50300,SAINT-BRICE
50451,01.46Z,,50300,SAINT-BRICE
50451,01.49Z,,50300,SAINT-BRICE
50451,10.85Z,,50300,SAINT-BRICE
50451,14.19Z,PME,50300,SAINT-BRICE
50451,32.13Z,PME,50300,SAINT-BRICE
50451,55.20Z,PME,50300,SAINT-BRICE
50451,62.02A,PME,50300,SAINT-BRICE
50451,68.20B,,50300,SAINT-BRICE
50451,68.20B,PME,50300,SAINT-BRICE
50451,69.10Z,PME,50300,SAINT-BRICE
50451,71.12B,PME,50300,SAINT-BRICE
50451,84.11Z,PME,50300,SAINT-BRICE
50451,90.03B,PME,50300,SAINT-BRICE
50452,01.11Z,,50730,SAINT-BRICE-DE-LANDELLES
50452,01.13Z,,50730,SAINT-BRICE-DE-LANDELLES
50452,01.19Z,,50730,SAINT-BRICE-DE-LANDELLES
50452,01.30Z,,50730,SAINT-BRICE-DE-LANDELLES
50452,01.41Z,,50730,SAINT-BRICE-DE-LANDELLES
50452,01.42Z,,50730,SAINT-BRICE-DE-LANDELLES
50452,01.42Z,PME,50730,SAINT-BRICE-DE-LANDELLES
50452,01.45Z,,50730,SAINT-BRICE-DE-LANDELLES
50452,01.46Z,,50730,SAINT-BRICE-DE-LANDELLES
50452,01.47Z,,50730,SAINT-BRICE-DE-LANDELLES
50452,01.49Z,,50730,SAINT-BRICE-DE-LANDELLES
50452,01.50Z,,50730,SAINT-BRICE-DE-LANDELLES
50452,01.61Z,,50730,SAINT-BRICE-DE-LANDELLES
50452,08.12Z,ETI,50730,SAINT-BRICE-DE-LANDELLES
50452,13.99Z,PME,50730,SAINT-BRICE-DE-LANDELLES
50452,23.61Z,ETI,50730,SAINT-BRICE-DE-LANDELLES
50452,23.99Z,ETI,50730,SAINT-BRICE-DE-LANDELLES
50452,28.30Z,PME,50730,SAINT-BRICE-DE-LANDELLES
50452,35.11Z,,50730,SAINT-BRICE-DE-LANDELLES
50452,35.11Z,ETI,50730,SAINT-BRICE-DE-LANDELLES
50452,38.11Z,PME,50730,SAINT-BRICE-DE-LANDELLES
50452,43.22A,PME,50730,SAINT-BRICE-DE-LANDELLES
50452,43.32A,PME,50730,SAINT-BRICE-DE-LANDELLES
50452,43.33Z,PME,50730,SAINT-BRICE-DE-LANDELLES
50452,43.91A,PME,50730,SAINT-BRICE-DE-LANDELLES
50452,46.61Z,PME,50730,SAINT-BRICE-DE-LANDELLES
50452,47.91A,PME,50730,SAINT-BRICE-DE-LANDELLES
50452,47.91B,PME,50730,SAINT-BRICE-DE-LANDELLES
50452,47.99A,PME,50730,SAINT-BRICE-DE-LANDELLES
50452,55.20Z,,50730,SAINT-BRICE-DE-LANDELLES
50452,58.14Z,PME,50730,SAINT-BRICE-DE-LANDELLES
50452,62.01Z,,50730,SAINT-BRICE-DE-LANDELLES
50452,62.01Z,PME,50730,SAINT-BRICE-DE-LANDELLES
50452,62.02A,,50730,SAINT-BRICE-DE-LANDELLES
50452,68.20A,,50730,SAINT-BRICE-DE-LANDELLES
50452,68.20A,PME,50730,SAINT-BRICE-DE-LANDELLES
50452,68.20B,,50730,SAINT-BRICE-DE-LANDELLES
50452,68.20B,PME,50730,SAINT-BRICE-DE-LANDELLES
50452,70.22Z,PME,50730,SAINT-BRICE-DE-LANDELLES
50452,74.90B,PME,50730,SAINT-BRICE-DE-LANDELLES
50452,81.21Z,PME,50730,SAINT-BRICE-DE-LANDELLES
50452,82.99Z,PME,50730,SAINT-BRICE-DE-LANDELLES
50452,84.11Z,PME,50730,SAINT-BRICE-DE-LANDELLES
50452,90.01Z,PME,50730,SAINT-BRICE-DE-LANDELLES
50452,90.03A,PME,50730,SAINT-BRICE-DE-LANDELLES
50452,93.12Z,,50730,SAINT-BRICE-DE-LANDELLES
50452,94.99Z,,50730,SAINT-BRICE-DE-LANDELLES
50452,95.11Z,PME,50730,SAINT-BRICE-DE-LANDELLES
50452,96.04Z,PME,50730,SAINT-BRICE-DE-LANDELLES
50452,96.09Z,,50730,SAINT-BRICE-DE-LANDELLES
50454,01.11Z,,50340,SAINT-CHRISTOPHE-DU-FOC
50454,01.41Z,,50340,SAINT-CHRISTOPHE-DU-FOC
50454,01.49Z,,50340,SAINT-CHRISTOPHE-DU-FOC
50454,47.99A,,50340,SAINT-CHRISTOPHE-DU-FOC
50454,47.99A,PME,50340,SAINT-CHRISTOPHE-DU-FOC
50454,55.20Z,PME,50340,SAINT-CHRISTOPHE-DU-FOC
50454,68.20B,,50340,SAINT-CHRISTOPHE-DU-FOC
50454,68.20B,PME,50340,SAINT-CHRISTOPHE-DU-FOC
50454,70.22Z,PME,50340,SAINT-CHRISTOPHE-DU-FOC
50454,71.20B,,50340,SAINT-CHRISTOPHE-DU-FOC
50454,84.11Z,PME,50340,SAINT-CHRISTOPHE-DU-FOC
50454,85.59A,PME,50340,SAINT-CHRISTOPHE-DU-FOC
50454,88.99B,,50340,SAINT-CHRISTOPHE-DU-FOC
50454,90.01Z,,50340,SAINT-CHRISTOPHE-DU-FOC
50454,90.03A,PME,50340,SAINT-CHRISTOPHE-DU-FOC
50454,90.03B,PME,50340,SAINT-CHRISTOPHE-DU-FOC
50456,01.11Z,,50140,SAINT-CLEMENT-RANCOUDRAY
50456,01.19Z,,50140,SAINT-CLEMENT-RANCOUDRAY
50456,01.41Z,,50140,SAINT-CLEMENT-RANCOUDRAY
50456,01.42Z,,50140,SAINT-CLEMENT-RANCOUDRAY
50456,01.43Z,,50140,SAINT-CLEMENT-RANCOUDRAY
50456,01.45Z,,50140,SAINT-CLEMENT-RANCOUDRAY
50456,01.46Z,,50140,SAINT-CLEMENT-RANCOUDRAY
50456,01.47Z,,50140,SAINT-CLEMENT-RANCOUDRAY
50456,01.50Z,,50140,SAINT-CLEMENT-RANCOUDRAY
50456,01.61Z,,50140,SAINT-CLEMENT-RANCOUDRAY
50456,08.12Z,PME,50140,SAINT-CLEMENT-RANCOUDRAY
50456,14.13Z,PME,50140,SAINT-CLEMENT-RANCOUDRAY
50456,33.12Z,,50140,SAINT-CLEMENT-RANCOUDRAY
50456,35.11Z,,50140,SAINT-CLEMENT-RANCOUDRAY
50456,42.99Z,PME,50140,SAINT-CLEMENT-RANCOUDRAY
50456,43.12A,PME,50140,SAINT-CLEMENT-RANCOUDRAY
50456,43.21A,PME,50140,SAINT-CLEMENT-RANCOUDRAY
50456,43.32A,PME,50140,SAINT-CLEMENT-RANCOUDRAY
50456,43.34Z,PME,50140,SAINT-CLEMENT-RANCOUDRAY
50456,43.91A,PME,50140,SAINT-CLEMENT-RANCOUDRAY
50456,43.99C,,50140,SAINT-CLEMENT-RANCOUDRAY
50456,45.11Z,PME,50140,SAINT-CLEMENT-RANCOUDRAY
50456,45.20A,,50140,SAINT-CLEMENT-RANCOUDRAY
50456,45.20A,PME,50140,SAINT-CLEMENT-RANCOUDRAY
50456,45.20B,PME,50140,SAINT-CLEMENT-RANCOUDRAY
50456,45.40Z,PME,50140,SAINT-CLEMENT-RANCOUDRAY
50456,46.38B,PME,50140,SAINT-CLEMENT-RANCOUDRAY
50456,47.99A,PME,50140,SAINT-CLEMENT-RANCOUDRAY
50456,55.20Z,PME,50140,SAINT-CLEMENT-RANCOUDRAY
50456,68.20A,,50140,SAINT-CLEMENT-RANCOUDRAY
50456,68.20B,,50140,SAINT-CLEMENT-RANCOUDRAY
50456,68.20B,PME,50140,SAINT-CLEMENT-RANCOUDRAY
50456,70.21Z,PME,50140,SAINT-CLEMENT-RANCOUDRAY
50456,81.21Z,PME,50140,SAINT-CLEMENT-RANCOUDRAY
50456,84.11Z,PME,50140,SAINT-CLEMENT-RANCOUDRAY
50456,85.59B,PME,50140,SAINT-CLEMENT-RANCOUDRAY
50456,86.90F,PME,50140,SAINT-CLEMENT-RANCOUDRAY
50456,90.03A,PME,50140,SAINT-CLEMENT-RANCOUDRAY
50456,93.29Z,PME,50140,SAINT-CLEMENT-RANCOUDRAY
50456,94.99Z,,50140,SAINT-CLEMENT-RANCOUDRAY
50456,94.99Z,PME,50140,SAINT-CLEMENT-RANCOUDRAY
50456,95.29Z,PME,50140,SAINT-CLEMENT-RANCOUDRAY
50456,96.09Z,,50140,SAINT-CLEMENT-RANCOUDRAY
50456,96.09Z,PME,50140,SAINT-CLEMENT-RANCOUDRAY
50457,01.29Z,,50390,SAINTE-COLOMBE
50457,01.41Z,,50390,SAINTE-COLOMBE
50457,01.42Z,,50390,SAINTE-COLOMBE
50457,01.43Z,,50390,SAINTE-COLOMBE
50457,01.50Z,,50390,SAINTE-COLOMBE
50457,01.61Z,,50390,SAINTE-COLOMBE
50457,01.62Z,,50390,SAINTE-COLOMBE
50457,35.11Z,PME,50390,SAINTE-COLOMBE
50457,43.11Z,PME,50390,SAINTE-COLOMBE
50457,43.12A,PME,50390,SAINTE-COLOMBE
50457,43.31Z,PME,50390,SAINTE-COLOMBE
50457,43.33Z,PME,50390,SAINTE-COLOMBE
50457,45.20A,,50390,SAINTE-COLOMBE
50457,47.89Z,PME,50390,SAINTE-COLOMBE
50457,47.99A,PME,50390,SAINTE-COLOMBE
50457,55.20Z,PME,50390,SAINTE-COLOMBE
50457,56.10C,PME,50390,SAINTE-COLOMBE
50457,68.20A,,50390,SAINTE-COLOMBE
50457,84.11Z,PME,50390,SAINTE-COLOMBE
50457,85.51Z,PME,50390,SAINTE-COLOMBE
50457,86.90F,,50390,SAINTE-COLOMBE
50457,93.29Z,PME,50390,SAINTE-COLOMBE
50461,01.41Z,,50310,SAINT-CYR
50461,01.42Z,,50310,SAINT-CYR
50461,01.50Z,,50310,SAINT-CYR
50461,43.32A,PME,50310,SAINT-CYR
50461,43.91B,,50310,SAINT-CYR
50461,43.91B,PME,50310,SAINT-CYR
50461,59.11A,PME,50310,SAINT-CYR
50461,64.20Z,PME,50310,SAINT-CYR
50461,66.30Z,PME,50310,SAINT-CYR
50461,68.10Z,PME,50310,SAINT-CYR
50461,68.20A,,50310,SAINT-CYR
50461,68.20B,,50310,SAINT-CYR
50461,68.20B,PME,50310,SAINT-CYR
50461,70.10Z,PME,50310,SAINT-CYR
50461,81.30Z,,50310,SAINT-CYR
50461,81.30Z,PME,50310,SAINT-CYR
50461,84.11Z,PME,50310,SAINT-CYR
50463,01.11Z,,50450,SAINT-DENIS-LE-GAST
50463,01.13Z,,50450,SAINT-DENIS-LE-GAST
50463,01.41Z,,50450,SAINT-DENIS-LE-GAST
50463,01.42Z,,50450,SAINT-DENIS-LE-GAST
50463,01.42Z,PME,50450,SAINT-DENIS-LE-GAST
50463,01.43Z,,50450,SAINT-DENIS-LE-GAST
50463,01.45Z,,50450,SAINT-DENIS-LE-GAST
50463,01.45Z,PME,50450,SAINT-DENIS-LE-GAST
50463,01.46Z,,50450,SAINT-DENIS-LE-GAST
50463,01.47Z,,50450,SAINT-DENIS-LE-GAST
50463,01.49Z,,50450,SAINT-DENIS-LE-GAST
50463,01.50Z,,50450,SAINT-DENIS-LE-GAST
50463,01.61Z,,50450,SAINT-DENIS-LE-GAST
50463,10.72Z,PME,50450,SAINT-DENIS-LE-GAST
50463,32.13Z,PME,50450,SAINT-DENIS-LE-GAST
50463,35.11Z,PME,50450,SAINT-DENIS-LE-GAST
50463,41.10D,PME,50450,SAINT-DENIS-LE-GAST
50463,43.21A,PME,50450,SAINT-DENIS-LE-GAST
50463,43.32A,PME,50450,SAINT-DENIS-LE-GAST
50463,43.91B,PME,50450,SAINT-DENIS-LE-GAST
50463,45.20A,PME,50450,SAINT-DENIS-LE-GAST
50463,46.19B,,50450,SAINT-DENIS-LE-GAST
50463,46.19B,PME,50450,SAINT-DENIS-LE-GAST
50463,47.99A,PME,50450,SAINT-DENIS-LE-GAST
50463,55.20Z,PME,50450,SAINT-DENIS-LE-GAST
50463,56.30Z,PME,50450,SAINT-DENIS-LE-GAST
50463,62.01Z,PME,50450,SAINT-DENIS-LE-GAST
50463,64.20Z,PME,50450,SAINT-DENIS-LE-GAST
50463,64.99Z,PME,50450,SAINT-DENIS-LE-GAST
50463,68.20A,,50450,SAINT-DENIS-LE-GAST
50463,68.20B,,50450,SAINT-DENIS-LE-GAST
50463,68.20B,PME,50450,SAINT-DENIS-LE-GAST
50463,70.10Z,PME,50450,SAINT-DENIS-LE-GAST
50463,70.22Z,PME,50450,SAINT-DENIS-LE-GAST
50463,74.20Z,PME,50450,SAINT-DENIS-LE-GAST
50463,81.30Z,PME,50450,SAINT-DENIS-LE-GAST
50463,82.19Z,PME,50450,SAINT-DENIS-LE-GAST
50463,84.11Z,PME,50450,SAINT-DENIS-LE-GAST
50463,84.12Z,PME,50450,SAINT-DENIS-LE-GAST
50463,85.20Z,PME,50450,SAINT-DENIS-LE-GAST
50463,85.52Z,PME,50450,SAINT-DENIS-LE-GAST
50463,85.59B,,50450,SAINT-DENIS-LE-GAST
50463,86.90F,PME,50450,SAINT-DENIS-LE-GAST
50463,90.01Z,,50450,SAINT-DENIS-LE-GAST
50463,90.03B,PME,50450,SAINT-DENIS-LE-GAST
50463,93.12Z,,50450,SAINT-DENIS-LE-GAST
50463,94.91Z,,50450,SAINT-DENIS-LE-GAST
50463,94.99Z,,50450,SAINT-DENIS-LE-GAST
50463,94.99Z,PME,50450,SAINT-DENIS-LE-GAST
50463,95.11Z,PME,50450,SAINT-DENIS-LE-GAST
50463,96.02A,PME,50450,SAINT-DENIS-LE-GAST
50463,96.09Z,PME,50450,SAINT-DENIS-LE-GAST
50464,01.11Z,,50210,SAINT-DENIS-LE-VETU
50464,01.13Z,,50210,SAINT-DENIS-LE-VETU
50464,01.41Z,,50210,SAINT-DENIS-LE-VETU
50464,01.42Z,,50210,SAINT-DENIS-LE-VETU
50464,01.47Z,,50210,SAINT-DENIS-LE-VETU
50464,01.49Z,,50210,SAINT-DENIS-LE-VETU
50464,01.50Z,,50210,SAINT-DENIS-LE-VETU
50464,01.61Z,,50210,SAINT-DENIS-LE-VETU
50464,02.20Z,PME,50210,SAINT-DENIS-LE-VETU
50464,13.92Z,PME,50210,SAINT-DENIS-LE-VETU
50464,35.11Z,,50210,SAINT-DENIS-LE-VETU
50464,35.11Z,PME,50210,SAINT-DENIS-LE-VETU
50464,43.21A,PME,50210,SAINT-DENIS-LE-VETU
50464,43.32A,PME,50210,SAINT-DENIS-LE-VETU
50464,43.34Z,PME,50210,SAINT-DENIS-LE-VETU
50464,43.91B,PME,50210,SAINT-DENIS-LE-VETU
50464,43.99C,PME,50210,SAINT-DENIS-LE-VETU
50464,45.20A,PME,50210,SAINT-DENIS-LE-VETU
50464,47.81Z,PME,50210,SAINT-DENIS-LE-VETU
50464,47.89Z,PME,50210,SAINT-DENIS-LE-VETU
50464,47.99A,PME,50210,SAINT-DENIS-LE-VETU
50464,56.10A,PME,50210,SAINT-DENIS-LE-VETU
50464,68.20A,,50210,SAINT-DENIS-LE-VETU
50464,68.20B,,50210,SAINT-DENIS-LE-VETU
50464,68.20B,PME,50210,SAINT-DENIS-LE-VETU
50464,68.31Z,PME,50210,SAINT-DENIS-LE-VETU
50464,70.10Z,PME,50210,SAINT-DENIS-LE-VETU
50464,70.22Z,PME,50210,SAINT-DENIS-LE-VETU
50464,78.30Z,,50210,SAINT-DENIS-LE-VETU
50464,81.30Z,,50210,SAINT-DENIS-LE-VETU
50464,81.30Z,PME,50210,SAINT-DENIS-LE-VETU
50464,84.11Z,PME,50210,SAINT-DENIS-LE-VETU
50464,85.20Z,PME,50210,SAINT-DENIS-LE-VETU
50464,85.59A,PME,50210,SAINT-DENIS-LE-VETU
50464,86.90F,,50210,SAINT-DENIS-LE-VETU
50464,86.90F,PME,50210,SAINT-DENIS-LE-VETU
50464,88.99B,,50210,SAINT-DENIS-LE-VETU
50464,90.01Z,,50210,SAINT-DENIS-LE-VETU
50464,90.03A,PME,50210,SAINT-DENIS-LE-VETU
50464,93.12Z,,50210,SAINT-DENIS-LE-VETU
50464,93.19Z,,50210,SAINT-DENIS-LE-VETU
50464,94.99Z,,50210,SAINT-DENIS-LE-VETU
50464,96.02B,,50210,SAINT-DENIS-LE-VETU
50467,01.41Z,,50310,SAINT-FLOXEL
50467,01.42Z,,50310,SAINT-FLOXEL
50467,01.43Z,,50310,SAINT-FLOXEL
50467,01.49Z,,50310,SAINT-FLOXEL
50467,02.10Z,,50310,SAINT-FLOXEL
50467,03.21Z,,50310,SAINT-FLOXEL
50467,10.71D,PME,50310,SAINT-FLOXEL
50467,14.39Z,,50310,SAINT-FLOXEL
50467,29.20Z,PME,50310,SAINT-FLOXEL
50467,35.11Z,PME,50310,SAINT-FLOXEL
50467,43.22A,PME,50310,SAINT-FLOXEL
50467,43.32A,PME,50310,SAINT-FLOXEL
50467,43.32B,PME,50310,SAINT-FLOXEL
50467,43.34Z,PME,50310,SAINT-FLOXEL
50467,43.99C,,50310,SAINT-FLOXEL
50467,45.20A,PME,50310,SAINT-FLOXEL
50467,46.19B,PME,50310,SAINT-FLOXEL
50467,47.25Z,PME,50310,SAINT-FLOXEL
50467,47.89Z,PME,50310,SAINT-FLOXEL
50467,47.99A,PME,50310,SAINT-FLOXEL
50467,49.41B,,50310,SAINT-FLOXEL
50467,53.20Z,PME,50310,SAINT-FLOXEL
50467,55.20Z,PME,50310,SAINT-FLOXEL
50467,56.10A,,50310,SAINT-FLOXEL
50467,68.20B,,50310,SAINT-FLOXEL
50467,68.20B,PME,50310,SAINT-FLOXEL
50467,68.32A,,50310,SAINT-FLOXEL
50467,70.10Z,PME,50310,SAINT-FLOXEL
50467,71.20A,PME,50310,SAINT-FLOXEL
50467,74.20Z,PME,50310,SAINT-FLOXEL
50467,84.11Z,PME,50310,SAINT-FLOXEL
50467,85.51Z,,50310,SAINT-FLOXEL
50467,91.02Z,,50310,SAINT-FLOXEL
50467,95.24Z,PME,50310,SAINT-FLOXEL
50471,01.41Z,,50270,SAINT-GEORGES-DE-LA-RIVIERE
50471,01.49Z,,50270,SAINT-GEORGES-DE-LA-RIVIERE
50471,01.50Z,,50270,SAINT-GEORGES-DE-LA-RIVIERE
50471,01.61Z,,50270,SAINT-GEORGES-DE-LA-RIVIERE
50471,03.11Z,,50270,SAINT-GEORGES-DE-LA-RIVIERE
50471,18.12Z,PME,50270,SAINT-GEORGES-DE-LA-RIVIERE
50471,43.34Z,PME,50270,SAINT-GEORGES-DE-LA-RIVIERE
50471,46.19B,PME,50270,SAINT-GEORGES-DE-LA-RIVIERE
50471,47.76Z,PME,50270,SAINT-GEORGES-DE-LA-RIVIERE
50471,47.82Z,PME,50270,SAINT-GEORGES-DE-LA-RIVIERE
50471,47.89Z,PME,50270,SAINT-GEORGES-DE-LA-RIVIERE
50471,55.20Z,PME,50270,SAINT-GEORGES-DE-LA-RIVIERE
50471,55.30Z,PME,50270,SAINT-GEORGES-DE-LA-RIVIERE
50471,56.30Z,PME,50270,SAINT-GEORGES-DE-LA-RIVIERE
50471,62.01Z,PME,50270,SAINT-GEORGES-DE-LA-RIVIERE
50471,64.20Z,PME,50270,SAINT-GEORGES-DE-LA-RIVIERE
50471,64.30Z,PME,50270,SAINT-GEORGES-DE-LA-RIVIERE
50471,68.20A,,50270,SAINT-GEORGES-DE-LA-RIVIERE
50471,68.20B,,50270,SAINT-GEORGES-DE-LA-RIVIERE
50471,68.20B,PME,50270,SAINT-GEORGES-DE-LA-RIVIERE
50471,70.22Z,,50270,SAINT-GEORGES-DE-LA-RIVIERE
50471,81.21Z,PME,50270,SAINT-GEORGES-DE-LA-RIVIERE
50471,84.11Z,PME,50270,SAINT-GEORGES-DE-LA-RIVIERE
50471,84.13Z,PME,50270,SAINT-GEORGES-DE-LA-RIVIERE
50471,86.90F,PME,50270,SAINT-GEORGES-DE-LA-RIVIERE
50471,90.03A,PME,50270,SAINT-GEORGES-DE-LA-RIVIERE
50471,94.91Z,,50270,SAINT-GEORGES-DE-LA-RIVIERE
50471,94.99Z,,50270,SAINT-GEORGES-DE-LA-RIVIERE
50471,96.09Z,PME,50270,SAINT-GEORGES-DE-LA-RIVIERE
50472,01.11Z,,50370,SAINT-GEORGES-DE-LIVOYE
50472,01.41Z,,50370,SAINT-GEORGES-DE-LIVOYE
50472,01.42Z,,50370,SAINT-GEORGES-DE-LIVOYE
50472,01.47Z,,50370,SAINT-GEORGES-DE-LIVOYE
50472,01.49Z,,50370,SAINT-GEORGES-DE-LIVOYE
50472,15.12Z,,50370,SAINT-GEORGES-DE-LIVOYE
50472,35.11Z,PME,50370,SAINT-GEORGES-DE-LIVOYE
50472,43.91B,PME,50370,SAINT-GEORGES-DE-LIVOYE
50472,45.20A,PME,50370,SAINT-GEORGES-DE-LIVOYE
50472,56.10A,PME,50370,SAINT-GEORGES-DE-LIVOYE
50472,59.20Z,PME,50370,SAINT-GEORGES-DE-LIVOYE
50472,68.20B,,50370,SAINT-GEORGES-DE-LIVOYE
50472,68.20B,PME,50370,SAINT-GEORGES-DE-LIVOYE
50472,70.10Z,,50370,SAINT-GEORGES-DE-LIVOYE
50472,80.10Z,PME,50370,SAINT-GEORGES-DE-LIVOYE
50472,81.21Z,PME,50370,SAINT-GEORGES-DE-LIVOYE
50472,84.11Z,PME,50370,SAINT-GEORGES-DE-LIVOYE
50472,88.10A,PME,50370,SAINT-GEORGES-DE-LIVOYE
50475,01.11Z,,50000,SAINT-GEORGES-MONTCOCQ
50475,01.30Z,,50000,SAINT-GEORGES-MONTCOCQ
50475,01.41Z,,50000,SAINT-GEORGES-MONTCOCQ
50475,01.42Z,,50000,SAINT-GEORGES-MONTCOCQ
50475,01.42Z,PME,50000,SAINT-GEORGES-MONTCOCQ
50475,01.43Z,,50000,SAINT-GEORGES-MONTCOCQ
50475,01.49Z,,50000,SAINT-GEORGES-MONTCOCQ
50475,01.50Z,,50000,SAINT-GEORGES-MONTCOCQ
50475,01.62Z,,50000,SAINT-GEORGES-MONTCOCQ
50475,02.10Z,,50000,SAINT-GEORGES-MONTCOCQ
50475,10.71C,PME,50000,SAINT-GEORGES-MONTCOCQ
50475,18.13Z,PME,50000,SAINT-GEORGES-MONTCOCQ
50475,43.12A,PME,50000,SAINT-GEORGES-MONTCOCQ
50475,43.12B,,50000,SAINT-GEORGES-MONTCOCQ
50475,43.21A,PME,50000,SAINT-GEORGES-MONTCOCQ
50475,43.22A,PME,50000,SAINT-GEORGES-MONTCOCQ
50475,43.32A,PME,50000,SAINT-GEORGES-MONTCOCQ
50475,43.39Z,PME,50000,SAINT-GEORGES-MONTCOCQ
50475,43.99A,PME,50000,SAINT-GEORGES-MONTCOCQ
50475,43.99C,PME,50000,SAINT-GEORGES-MONTCOCQ
50475,43.99D,PME,50000,SAINT-GEORGES-MONTCOCQ
50475,45.11Z,PME,50000,SAINT-GEORGES-MONTCOCQ
50475,45.40Z,PME,50000,SAINT-GEORGES-MONTCOCQ
50475,46.19B,PME,50000,SAINT-GEORGES-MONTCOCQ
50475,46.31Z,PME,50000,SAINT-GEORGES-MONTCOCQ
50475,46.90Z,PME,50000,SAINT-GEORGES-MONTCOCQ
50475,47.11B,PME,50000,SAINT-GEORGES-MONTCOCQ
50475,47.22Z,PME,50000,SAINT-GEORGES-MONTCOCQ
50475,47.52B,PME,50000,SAINT-GEORGES-MONTCOCQ
50475,47.59A,,50000,SAINT-GEORGES-MONTCOCQ
50475,47.81Z,PME,50000,SAINT-GEORGES-MONTCOCQ
50475,47.89Z,PME,50000,SAINT-GEORGES-MONTCOCQ
50475,47.99A,,50000,SAINT-GEORGES-MONTCOCQ
50475,47.99A,PME,50000,SAINT-GEORGES-MONTCOCQ
50475,47.99B,PME,50000,SAINT-GEORGES-MONTCOCQ
50475,49.41B,PME,50000,SAINT-GEORGES-MONTCOCQ
50475,56.29B,,50000,SAINT-GEORGES-MONTCOCQ
50475,56.30Z,PME,50000,SAINT-GEORGES-MONTCOCQ
50475,58.11Z,,50000,SAINT-GEORGES-MONTCOCQ
50475,62.01Z,PME,50000,SAINT-GEORGES-MONTCOCQ
50475,64.20Z,PME,50000,SAINT-GEORGES-MONTCOCQ
50475,64.30Z,,50000,SAINT-GEORGES-MONTCOCQ
50475,66.30Z,,50000,SAINT-GEORGES-MONTCOCQ
50475,68.10Z,PME,50000,SAINT-GEORGES-MONTCOCQ
50475,68.20A,,50000,SAINT-GEORGES-MONTCOCQ
50475,68.20B,,50000,SAINT-GEORGES-MONTCOCQ
50475,68.20B,ETI,50000,SAINT-GEORGES-MONTCOCQ
50475,68.20B,PME,50000,SAINT-GEORGES-MONTCOCQ
50475,68.31Z,,50000,SAINT-GEORGES-MONTCOCQ
50475,70.10Z,,50000,SAINT-GEORGES-MONTCOCQ
50475,70.22Z,PME,50000,SAINT-GEORGES-MONTCOCQ
50475,74.10Z,PME,50000,SAINT-GEORGES-MONTCOCQ
50475,74.20Z,,50000,SAINT-GEORGES-MONTCOCQ
50475,74.90B,,50000,SAINT-GEORGES-MONTCOCQ
50475,74.90B,PME,50000,SAINT-GEORGES-MONTCOCQ
50475,78.30Z,PME,50000,SAINT-GEORGES-MONTCOCQ
50475,81.21Z,,50000,SAINT-GEORGES-MONTCOCQ
50475,81.21Z,PME,50000,SAINT-GEORGES-MONTCOCQ
50475,81.30Z,PME,50000,SAINT-GEORGES-MONTCOCQ
50475,84.11Z,PME,50000,SAINT-GEORGES-MONTCOCQ
50475,85.20Z,PME,50000,SAINT-GEORGES-MONTCOCQ
50475,86.21Z,PME,50000,SAINT-GEORGES-MONTCOCQ
50475,86.90D,PME,50000,SAINT-GEORGES-MONTCOCQ
50475,90.01Z,,50000,SAINT-GEORGES-MONTCOCQ
50475,90.02Z,PME,50000,SAINT-GEORGES-MONTCOCQ
50475,93.12Z,,50000,SAINT-GEORGES-MONTCOCQ
50475,93.12Z,PME,50000,SAINT-GEORGES-MONTCOCQ
50475,94.91Z,,50000,SAINT-GEORGES-MONTCOCQ
50475,94.99Z,,50000,SAINT-GEORGES-MONTCOCQ
50475,94.99Z,PME,50000,SAINT-GEORGES-MONTCOCQ
50475,96.09Z,PME,50000,SAINT-GEORGES-MONTCOCQ
50479,01.11Z,,50480,SAINT-GERMAIN-DE-VARREVILLE
50479,01.41Z,,50480,SAINT-GERMAIN-DE-VARREVILLE
50479,01.42Z,,50480,SAINT-GERMAIN-DE-VARREVILLE
50479,01.43Z,,50480,SAINT-GERMAIN-DE-VARREVILLE
50479,01.49Z,,50480,SAINT-GERMAIN-DE-VARREVILLE
50479,01.61Z,,50480,SAINT-GERMAIN-DE-VARREVILLE
50479,42.99Z,,50480,SAINT-GERMAIN-DE-VARREVILLE
50479,47.99A,,50480,SAINT-GERMAIN-DE-VARREVILLE
50479,47.99A,PME,50480,SAINT-GERMAIN-DE-VARREVILLE
50479,62.01Z,PME,50480,SAINT-GERMAIN-DE-VARREVILLE
50479,68.20B,,50480,SAINT-GERMAIN-DE-VARREVILLE
50479,68.20B,PME,50480,SAINT-GERMAIN-DE-VARREVILLE
50479,74.30Z,PME,50480,SAINT-GERMAIN-DE-VARREVILLE
50479,84.11Z,PME,50480,SAINT-GERMAIN-DE-VARREVILLE
50479,93.29Z,,50480,SAINT-GERMAIN-DE-VARREVILLE
50479,96.02A,PME,50480,SAINT-GERMAIN-DE-VARREVILLE
50479,96.09Z,PME,50480,SAINT-GERMAIN-DE-VARREVILLE
50480,01.11Z,,50340,SAINT-GERMAIN-LE-GAILLARD
50480,01.11Z,PME,50340,SAINT-GERMAIN-LE-GAILLARD
50480,01.41Z,,50340,SAINT-GERMAIN-LE-GAILLARD
50480,01.42Z,,50340,SAINT-GERMAIN-LE-GAILLARD
50480,01.43Z,,50340,SAINT-GERMAIN-LE-GAILLARD
50480,01.45Z,,50340,SAINT-GERMAIN-LE-GAILLARD
50480,01.50Z,,50340,SAINT-GERMAIN-LE-GAILLARD
50480,01.61Z,,50340,SAINT-GERMAIN-LE-GAILLARD
50480,10.71A,PME,50340,SAINT-GERMAIN-LE-GAILLARD
50480,11.01Z,PME,50340,SAINT-GERMAIN-LE-GAILLARD
50480,16.29Z,PME,50340,SAINT-GERMAIN-LE-GAILLARD
50480,43.21A,PME,50340,SAINT-GERMAIN-LE-GAILLARD
50480,43.29A,ETI,50340,SAINT-GERMAIN-LE-GAILLARD
50480,43.32A,PME,50340,SAINT-GERMAIN-LE-GAILLARD
50480,43.32C,,50340,SAINT-GERMAIN-LE-GAILLARD
50480,43.34Z,PME,50340,SAINT-GERMAIN-LE-GAILLARD
50480,43.99C,PME,50340,SAINT-GERMAIN-LE-GAILLARD
50480,46.61Z,PME,50340,SAINT-GERMAIN-LE-GAILLARD
50480,47.81Z,PME,50340,SAINT-GERMAIN-LE-GAILLARD
50480,47.91B,,50340,SAINT-GERMAIN-LE-GAILLARD
50480,47.99A,PME,50340,SAINT-GERMAIN-LE-GAILLARD
50480,55.10Z,PME,50340,SAINT-GERMAIN-LE-GAILLARD
50480,55.20Z,PME,50340,SAINT-GERMAIN-LE-GAILLARD
50480,55.30Z,PME,50340,SAINT-GERMAIN-LE-GAILLARD
50480,56.10A,PME,50340,SAINT-GERMAIN-LE-GAILLARD
50480,56.10C,PME,50340,SAINT-GERMAIN-LE-GAILLARD
50480,56.29B,,50340,SAINT-GERMAIN-LE-GAILLARD
50480,64.20Z,PME,50340,SAINT-GERMAIN-LE-GAILLARD
50480,66.30Z,,50340,SAINT-GERMAIN-LE-GAILLARD
50480,66.30Z,PME,50340,SAINT-GERMAIN-LE-GAILLARD
50480,68.20A,,50340,SAINT-GERMAIN-LE-GAILLARD
50480,68.20A,PME,50340,SAINT-GERMAIN-LE-GAILLARD
50480,68.20B,,50340,SAINT-GERMAIN-LE-GAILLARD
50480,68.20B,PME,50340,SAINT-GERMAIN-LE-GAILLARD
50480,70.10Z,PME,50340,SAINT-GERMAIN-LE-GAILLARD
50480,70.22Z,PME,50340,SAINT-GERMAIN-LE-GAILLARD
50480,75.00Z,PME,50340,SAINT-GERMAIN-LE-GAILLARD
50480,81.21Z,PME,50340,SAINT-GERMAIN-LE-GAILLARD
50480,84.11Z,PME,50340,SAINT-GERMAIN-LE-GAILLARD
50480,85.20Z,PME,50340,SAINT-GERMAIN-LE-GAILLARD
50480,85.51Z,,50340,SAINT-GERMAIN-LE-GAILLARD
50480,88.99B,,50340,SAINT-GERMAIN-LE-GAILLARD
50480,90.01Z,PME,50340,SAINT-GERMAIN-LE-GAILLARD
50480,93.12Z,,50340,SAINT-GERMAIN-LE-GAILLARD
50480,93.29Z,,50340,SAINT-GERMAIN-LE-GAILLARD
50480,94.99Z,,50340,SAINT-GERMAIN-LE-GAILLARD
50480,95.29Z,PME,50340,SAINT-GERMAIN-LE-GAILLARD
50480,96.02B,PME,50340,SAINT-GERMAIN-LE-GAILLARD
50480,96.04Z,PME,50340,SAINT-GERMAIN-LE-GAILLARD
50480,96.09Z,,50340,SAINT-GERMAIN-LE-GAILLARD
50480,96.09Z,PME,50340,SAINT-GERMAIN-LE-GAILLARD
50481,01.11Z,,50430,SAINT-GERMAIN-SUR-AY
50481,01.19Z,,50430,SAINT-GERMAIN-SUR-AY
50481,01.41Z,,50430,SAINT-GERMAIN-SUR-AY
50481,01.42Z,,50430,SAINT-GERMAIN-SUR-AY
50481,01.43Z,,50430,SAINT-GERMAIN-SUR-AY
50481,01.43Z,PME,50430,SAINT-GERMAIN-SUR-AY
50481,01.45Z,,50430,SAINT-GERMAIN-SUR-AY
50481,01.49Z,,50430,SAINT-GERMAIN-SUR-AY
50481,01.61Z,,50430,SAINT-GERMAIN-SUR-AY
50481,03.11Z,,50430,SAINT-GERMAIN-SUR-AY
50481,03.21Z,,50430,SAINT-GERMAIN-SUR-AY
50481,08.12Z,PME,50430,SAINT-GERMAIN-SUR-AY
50481,10.11Z,,50430,SAINT-GERMAIN-SUR-AY
50481,10.71C,PME,50430,SAINT-GERMAIN-SUR-AY
50481,16.29Z,PME,50430,SAINT-GERMAIN-SUR-AY
50481,41.10A,PME,50430,SAINT-GERMAIN-SUR-AY
50481,41.10D,PME,50430,SAINT-GERMAIN-SUR-AY
50481,42.99Z,PME,50430,SAINT-GERMAIN-SUR-AY
50481,43.21A,,50430,SAINT-GERMAIN-SUR-AY
50481,43.21A,PME,50430,SAINT-GERMAIN-SUR-AY
50481,43.32A,PME,50430,SAINT-GERMAIN-SUR-AY
50481,43.33Z,PME,50430,SAINT-GERMAIN-SUR-AY
50481,43.99C,PME,50430,SAINT-GERMAIN-SUR-AY
50481,45.19Z,PME,50430,SAINT-GERMAIN-SUR-AY
50481,46.31Z,PME,50430,SAINT-GERMAIN-SUR-AY
50481,46.73A,PME,50430,SAINT-GERMAIN-SUR-AY
50481,47.11B,PME,50430,SAINT-GERMAIN-SUR-AY
50481,47.81Z,PME,50430,SAINT-GERMAIN-SUR-AY
50481,47.89Z,PME,50430,SAINT-GERMAIN-SUR-AY
50481,47.91A,PME,50430,SAINT-GERMAIN-SUR-AY
50481,47.99A,PME,50430,SAINT-GERMAIN-SUR-AY
50481,53.20Z,,50430,SAINT-GERMAIN-SUR-AY
50481,55.10Z,PME,50430,SAINT-GERMAIN-SUR-AY
50481,55.20Z,,50430,SAINT-GERMAIN-SUR-AY
50481,55.20Z,PME,50430,SAINT-GERMAIN-SUR-AY
50481,55.30Z,PME,50430,SAINT-GERMAIN-SUR-AY
50481,56.10A,PME,50430,SAINT-GERMAIN-SUR-AY
50481,56.10C,PME,50430,SAINT-GERMAIN-SUR-AY
50481,56.21Z,PME,50430,SAINT-GERMAIN-SUR-AY
50481,56.30Z,PME,50430,SAINT-GERMAIN-SUR-AY
50481,63.12Z,PME,50430,SAINT-GERMAIN-SUR-AY
50481,64.20Z,PME,50430,SAINT-GERMAIN-SUR-AY
50481,66.30Z,PME,50430,SAINT-GERMAIN-SUR-AY
50481,68.20A,,50430,SAINT-GERMAIN-SUR-AY
50481,68.20A,PME,50430,SAINT-GERMAIN-SUR-AY
50481,68.20B,,50430,SAINT-GERMAIN-SUR-AY
50481,68.20B,PME,50430,SAINT-GERMAIN-SUR-AY
50481,68.31Z,PME,50430,SAINT-GERMAIN-SUR-AY
50481,70.10Z,,50430,SAINT-GERMAIN-SUR-AY
50481,70.10Z,PME,50430,SAINT-GERMAIN-SUR-AY
50481,74.20Z,PME,50430,SAINT-GERMAIN-SUR-AY
50481,74.30Z,,50430,SAINT-GERMAIN-SUR-AY
50481,77.21Z,,50430,SAINT-GERMAIN-SUR-AY
50481,78.30Z,PME,50430,SAINT-GERMAIN-SUR-AY
50481,79.11Z,PME,50430,SAINT-GERMAIN-SUR-AY
50481,80.20Z,PME,50430,SAINT-GERMAIN-SUR-AY
50481,81.29A,PME,50430,SAINT-GERMAIN-SUR-AY
50481,81.30Z,,50430,SAINT-GERMAIN-SUR-AY
50481,84.11Z,PME,50430,SAINT-GERMAIN-SUR-AY
50481,84.12Z,PME,50430,SAINT-GERMAIN-SUR-AY
50481,85.20Z,PME,50430,SAINT-GERMAIN-SUR-AY
50481,86.90D,PME,50430,SAINT-GERMAIN-SUR-AY
50481,86.90F,PME,50430,SAINT-GERMAIN-SUR-AY
50481,90.01Z,PME,50430,SAINT-GERMAIN-SUR-AY
50481,90.03A,PME,50430,SAINT-GERMAIN-SUR-AY
50481,90.03B,PME,50430,SAINT-GERMAIN-SUR-AY
50481,93.12Z,,50430,SAINT-GERMAIN-SUR-AY
50481,94.99Z,,50430,SAINT-GERMAIN-SUR-AY
50481,95.22Z,PME,50430,SAINT-GERMAIN-SUR-AY
50481,95.29Z,PME,50430,SAINT-GERMAIN-SUR-AY
50481,96.02A,PME,50430,SAINT-GERMAIN-SUR-AY
50482,01.11Z,,50190,SAINT-GERMAIN-SUR-SEVES
50482,01.41Z,,50190,SAINT-GERMAIN-SUR-SEVES
50482,01.42Z,,50190,SAINT-GERMAIN-SUR-SEVES
50482,01.50Z,,50190,SAINT-GERMAIN-SUR-SEVES
50482,01.61Z,,50190,SAINT-GERMAIN-SUR-SEVES
50482,03.22Z,PME,50190,SAINT-GERMAIN-SUR-SEVES
50482,35.11Z,,50190,SAINT-GERMAIN-SUR-SEVES
50482,43.34Z,,50190,SAINT-GERMAIN-SUR-SEVES
50482,46.61Z,PME,50190,SAINT-GERMAIN-SUR-SEVES
50482,47.21Z,PME,50190,SAINT-GERMAIN-SUR-SEVES
50482,49.41A,PME,50190,SAINT-GERMAIN-SUR-SEVES
50482,55.20Z,,50190,SAINT-GERMAIN-SUR-SEVES
50482,68.20B,PME,50190,SAINT-GERMAIN-SUR-SEVES
50482,81.21Z,,50190,SAINT-GERMAIN-SUR-SEVES
50482,84.11Z,PME,50190,SAINT-GERMAIN-SUR-SEVES
50482,93.19Z,,50190,SAINT-GERMAIN-SUR-SEVES
50483,01.11Z,,50180,SAINT-GILLES
50483,01.13Z,,50180,SAINT-GILLES
50483,01.19Z,,50180,SAINT-GILLES
50483,01.24Z,PME,50180,SAINT-GILLES
50483,01.41Z,,50180,SAINT-GILLES
50483,01.42Z,,50180,SAINT-GILLES
50483,01.43Z,,50180,SAINT-GILLES
50483,01.45Z,,50180,SAINT-GILLES
50483,01.49Z,,50180,SAINT-GILLES
50483,01.62Z,,50180,SAINT-GILLES
50483,10.71C,PME,50180,SAINT-GILLES
50483,13.30Z,PME,50180,SAINT-GILLES
50483,14.19Z,PME,50180,SAINT-GILLES
50483,15.12Z,PME,50180,SAINT-GILLES
50483,16.23Z,PME,50180,SAINT-GILLES
50483,16.29Z,PME,50180,SAINT-GILLES
50483,18.13Z,PME,50180,SAINT-GILLES
50483,33.15Z,PME,50180,SAINT-GILLES
50483,37.00Z,PME,50180,SAINT-GILLES
50483,41.10A,PME,50180,SAINT-GILLES
50483,41.10D,PME,50180,SAINT-GILLES
50483,41.20A,PME,50180,SAINT-GILLES
50483,43.31Z,PME,50180,SAINT-GILLES
50483,43.32A,,50180,SAINT-GILLES
50483,43.91A,PME,50180,SAINT-GILLES
50483,43.91B,PME,50180,SAINT-GILLES
50483,43.99C,,50180,SAINT-GILLES
50483,43.99C,PME,50180,SAINT-GILLES
50483,45.11Z,PME,50180,SAINT-GILLES
50483,45.20A,,50180,SAINT-GILLES
50483,46.19B,PME,50180,SAINT-GILLES
50483,46.21Z,GE,50180,SAINT-GILLES
50483,46.39B,,50180,SAINT-GILLES
50483,46.61Z,PME,50180,SAINT-GILLES
50483,46.73A,PME,50180,SAINT-GILLES
50483,47.11B,PME,50180,SAINT-GILLES
50483,47.25Z,PME,50180,SAINT-GILLES
50483,47.52B,GE,50180,SAINT-GILLES
50483,47.52B,PME,50180,SAINT-GILLES
50483,47.54Z,PME,50180,SAINT-GILLES
50483,47.81Z,,50180,SAINT-GILLES
50483,47.89Z,,50180,SAINT-GILLES
50483,47.89Z,PME,50180,SAINT-GILLES
50483,47.91B,,50180,SAINT-GILLES
50483,47.99A,,50180,SAINT-GILLES
50483,47.99A,PME,50180,SAINT-GILLES
50483,47.99B,PME,50180,SAINT-GILLES
50483,56.10C,PME,50180,SAINT-GILLES
50483,56.30Z,PME,50180,SAINT-GILLES
50483,62.01Z,PME,50180,SAINT-GILLES
50483,64.20Z,PME,50180,SAINT-GILLES
50483,66.30Z,PME,50180,SAINT-GILLES
50483,68.20A,,50180,SAINT-GILLES
50483,68.20B,,50180,SAINT-GILLES
50483,68.20B,PME,50180,SAINT-GILLES
50483,68.31Z,PME,50180,SAINT-GILLES
50483,70.10Z,,50180,SAINT-GILLES
50483,70.10Z,PME,50180,SAINT-GILLES
50483,70.22Z,,50180,SAINT-GILLES
50483,70.22Z,PME,50180,SAINT-GILLES
50483,71.20A,PME,50180,SAINT-GILLES
50483,72.20Z,PME,50180,SAINT-GILLES
50483,73.11Z,,50180,SAINT-GILLES
50483,74.20Z,PME,50180,SAINT-GILLES
50483,78.30Z,PME,50180,SAINT-GILLES
50483,81.21Z,PME,50180,SAINT-GILLES
50483,82.11Z,PME,50180,SAINT-GILLES
50483,84.11Z,PME,50180,SAINT-GILLES
50483,84.12Z,PME,50180,SAINT-GILLES
50483,85.20Z,PME,50180,SAINT-GILLES
50483,86.90D,,50180,SAINT-GILLES
50483,86.90D,PME,50180,SAINT-GILLES
50483,86.90E,PME,50180,SAINT-GILLES
50483,88.91A,,50180,SAINT-GILLES
50483,88.99B,,50180,SAINT-GILLES
50483,90.01Z,PME,50180,SAINT-GILLES
50483,90.02Z,,50180,SAINT-GILLES
50483,90.02Z,PME,50180,SAINT-GILLES
50483,90.03B,PME,50180,SAINT-GILLES
50483,93.12Z,,50180,SAINT-GILLES
50483,93.29Z,,50180,SAINT-GILLES
50483,94.12Z,PME,50180,SAINT-GILLES
50483,94.99Z,,50180,SAINT-GILLES
50483,94.99Z,PME,50180,SAINT-GILLES
50483,95.11Z,,50180,SAINT-GILLES
50483,96.02A,PME,50180,SAINT-GILLES
50483,96.09Z,PME,50180,SAINT-GILLES
50484,01.11Z,,50730,SAINT-HILAIRE-DU-HARCOUET
50484,01.13Z,,50730,SAINT-HILAIRE-DU-HARCOUET
50484,01.24Z,,50730,SAINT-HILAIRE-DU-HARCOUET
50484,01.41Z,,50730,SAINT-HILAIRE-DU-HARCOUET
50484,01.42Z,,50730,SAINT-HILAIRE-DU-HARCOUET
50484,01.43Z,,50730,SAINT-HILAIRE-DU-HARCOUET
50484,01.45Z,,50730,SAINT-HILAIRE-DU-HARCOUET
50484,01.46Z,,50730,SAINT-HILAIRE-DU-HARCOUET
50484,01.49Z,,50730,SAINT-HILAIRE-DU-HARCOUET
50484,01.50Z,,50730,SAINT-HILAIRE-DU-HARCOUET
50484,01.61Z,,50730,SAINT-HILAIRE-DU-HARCOUET
50484,08.11Z,PME,50730,SAINT-HILAIRE-DU-HARCOUET
50484,10.71C,PME,50730,SAINT-HILAIRE-DU-HARCOUET
50484,16.29Z,,50730,SAINT-HILAIRE-DU-HARCOUET
50484,35.11Z,,50730,SAINT-HILAIRE-DU-HARCOUET
50484,35.11Z,PME,50730,SAINT-HILAIRE-DU-HARCOUET
50484,39.00Z,PME,50730,SAINT-HILAIRE-DU-HARCOUET
50484,41.10D,PME,50730,SAINT-HILAIRE-DU-HARCOUET
50484,41.20B,PME,50730,SAINT-HILAIRE-DU-HARCOUET
50484,43.12A,PME,50730,SAINT-HILAIRE-DU-HARCOUET
50484,43.21A,PME,50730,SAINT-HILAIRE-DU-HARCOUET
50484,43.31Z,PME,50730,SAINT-HILAIRE-DU-HARCOUET
50484,43.32A,PME,50730,SAINT-HILAIRE-DU-HARCOUET
50484,43.39Z,PME,50730,SAINT-HILAIRE-DU-HARCOUET
50484,43.91B,PME,50730,SAINT-HILAIRE-DU-HARCOUET
50484,43.99C,,50730,SAINT-HILAIRE-DU-HARCOUET
50484,43.99C,PME,50730,SAINT-HILAIRE-DU-HARCOUET
50484,45.11Z,PME,50730,SAINT-HILAIRE-DU-HARCOUET
50484,45.20A,PME,50730,SAINT-HILAIRE-DU-HARCOUET
50484,46.21Z,GE,50730,SAINT-HILAIRE-DU-HARCOUET
50484,46.23Z,PME,50730,SAINT-HILAIRE-DU-HARCOUET
50484,46.33Z,PME,50730,SAINT-HILAIRE-DU-HARCOUET
50484,47.11B,PME,50730,SAINT-HILAIRE-DU-HARCOUET
50484,47.22Z,PME,50730,SAINT-HILAIRE-DU-HARCOUET
50484,47.74Z,PME,50730,SAINT-HILAIRE-DU-HARCOUET
50484,47.79Z,,50730,SAINT-HILAIRE-DU-HARCOUET
50484,47.79Z,PME,50730,SAINT-HILAIRE-DU-HARCOUET
50484,47.81Z,PME,50730,SAINT-HILAIRE-DU-HARCOUET
50484,47.89Z,PME,50730,SAINT-HILAIRE-DU-HARCOUET
50484,47.91A,PME,50730,SAINT-HILAIRE-DU-HARCOUET
50484,47.99A,PME,50730,SAINT-HILAIRE-DU-HARCOUET
50484,55.20Z,PME,50730,SAINT-HILAIRE-DU-HARCOUET
50484,56.10A,PME,50730,SAINT-HILAIRE-DU-HARCOUET
50484,56.30Z,,50730,SAINT-HILAIRE-DU-HARCOUET
50484,66.22Z,PME,50730,SAINT-HILAIRE-DU-HARCOUET
50484,66.30Z,,50730,SAINT-HILAIRE-DU-HARCOUET
50484,68.20A,,50730,SAINT-HILAIRE-DU-HARCOUET
50484,68.20A,PME,50730,SAINT-HILAIRE-DU-HARCOUET
50484,68.20B,,50730,SAINT-HILAIRE-DU-HARCOUET
50484,68.20B,PME,50730,SAINT-HILAIRE-DU-HARCOUET
50484,68.31Z,,50730,SAINT-HILAIRE-DU-HARCOUET
50484,70.10Z,,50730,SAINT-HILAIRE-DU-HARCOUET
50484,71.12B,PME,50730,SAINT-HILAIRE-DU-HARCOUET
50484,71.20A,PME,50730,SAINT-HILAIRE-DU-HARCOUET
50484,74.20Z,,50730,SAINT-HILAIRE-DU-HARCOUET
50484,74.30Z,PME,50730,SAINT-HILAIRE-DU-HARCOUET
50484,74.90B,PME,50730,SAINT-HILAIRE-DU-HARCOUET
50484,77.29Z,PME,50730,SAINT-HILAIRE-DU-HARCOUET
50484,77.31Z,PME,50730,SAINT-HILAIRE-DU-HARCOUET
50484,81.10Z,,50730,SAINT-HILAIRE-DU-HARCOUET
50484,84.11Z,PME,50730,SAINT-HILAIRE-DU-HARCOUET
50484,85.20Z,PME,50730,SAINT-HILAIRE-DU-HARCOUET
50484,85.51Z,,50730,SAINT-HILAIRE-DU-HARCOUET
50484,86.22C,PME,50730,SAINT-HILAIRE-DU-HARCOUET
50484,86.90D,PME,50730,SAINT-HILAIRE-DU-HARCOUET
50484,86.90F,PME,50730,SAINT-HILAIRE-DU-HARCOUET
50484,88.99B,,50730,SAINT-HILAIRE-DU-HARCOUET
50484,90.01Z,,50730,SAINT-HILAIRE-DU-HARCOUET
50484,93.12Z,,50730,SAINT-HILAIRE-DU-HARCOUET
50484,93.19Z,,50730,SAINT-HILAIRE-DU-HARCOUET
50484,93.21Z,PME,50730,SAINT-HILAIRE-DU-HARCOUET
50484,93.29Z,PME,50730,SAINT-HILAIRE-DU-HARCOUET
50484,94.99Z,,50730,SAINT-HILAIRE-DU-HARCOUET
50484,94.99Z,PME,50730,SAINT-HILAIRE-DU-HARCOUET
50484,95.29Z,PME,50730,SAINT-HILAIRE-DU-HARCOUET
50484,96.09Z,PME,50730,SAINT-HILAIRE-DU-HARCOUET
50486,01.11Z,,50390,SAINT-JACQUES-DE-NEHOU
50486,01.13Z,,50390,SAINT-JACQUES-DE-NEHOU
50486,01.28Z,,50390,SAINT-JACQUES-DE-NEHOU
50486,01.41Z,,50390,SAINT-JACQUES-DE-NEHOU
50486,01.41Z,PME,50390,SAINT-JACQUES-DE-NEHOU
50486,01.42Z,,50390,SAINT-JACQUES-DE-NEHOU
50486,01.43Z,,50390,SAINT-JACQUES-DE-NEHOU
50486,01.45Z,,50390,SAINT-JACQUES-DE-NEHOU
50486,01.45Z,PME,50390,SAINT-JACQUES-DE-NEHOU
50486,01.49Z,,50390,SAINT-JACQUES-DE-NEHOU
50486,01.50Z,,50390,SAINT-JACQUES-DE-NEHOU
50486,02.10Z,,50390,SAINT-JACQUES-DE-NEHOU
50486,10.11Z,PME,50390,SAINT-JACQUES-DE-NEHOU
50486,10.71C,PME,50390,SAINT-JACQUES-DE-NEHOU
50486,35.11Z,PME,50390,SAINT-JACQUES-DE-NEHOU
50486,41.10D,PME,50390,SAINT-JACQUES-DE-NEHOU
50486,43.12A,PME,50390,SAINT-JACQUES-DE-NEHOU
50486,43.21A,PME,50390,SAINT-JACQUES-DE-NEHOU
50486,43.32A,PME,50390,SAINT-JACQUES-DE-NEHOU
50486,43.34Z,PME,50390,SAINT-JACQUES-DE-NEHOU
50486,43.39Z,PME,50390,SAINT-JACQUES-DE-NEHOU
50486,43.99C,PME,50390,SAINT-JACQUES-DE-NEHOU
50486,47.81Z,PME,50390,SAINT-JACQUES-DE-NEHOU
50486,47.89Z,PME,50390,SAINT-JACQUES-DE-NEHOU
50486,47.91B,PME,50390,SAINT-JACQUES-DE-NEHOU
50486,47.99A,,50390,SAINT-JACQUES-DE-NEHOU
50486,47.99A,PME,50390,SAINT-JACQUES-DE-NEHOU
50486,55.20Z,PME,50390,SAINT-JACQUES-DE-NEHOU
50486,64.20Z,PME,50390,SAINT-JACQUES-DE-NEHOU
50486,68.10Z,,50390,SAINT-JACQUES-DE-NEHOU
50486,68.20A,,50390,SAINT-JACQUES-DE-NEHOU
50486,68.20A,PME,50390,SAINT-JACQUES-DE-NEHOU
50486,68.20B,,50390,SAINT-JACQUES-DE-NEHOU
50486,68.20B,PME,50390,SAINT-JACQUES-DE-NEHOU
50486,70.10Z,PME,50390,SAINT-JACQUES-DE-NEHOU
50486,71.12B,PME,50390,SAINT-JACQUES-DE-NEHOU
50486,74.20Z,PME,50390,SAINT-JACQUES-DE-NEHOU
50486,75.00Z,PME,50390,SAINT-JACQUES-DE-NEHOU
50486,84.11Z,PME,50390,SAINT-JACQUES-DE-NEHOU
50486,85.10Z,PME,50390,SAINT-JACQUES-DE-NEHOU
50486,85.59B,PME,50390,SAINT-JACQUES-DE-NEHOU
50486,88.91A,,50390,SAINT-JACQUES-DE-NEHOU
50486,93.12Z,,50390,SAINT-JACQUES-DE-NEHOU
50486,93.29Z,,50390,SAINT-JACQUES-DE-NEHOU
50486,94.99Z,,50390,SAINT-JACQUES-DE-NEHOU
50486,94.99Z,PME,50390,SAINT-JACQUES-DE-NEHOU
50487,01.11Z,,50240,SAINT-JAMES
50487,01.11Z,PME,50240,SAINT-JAMES
50487,01.13Z,,50240,SAINT-JAMES
50487,01.19Z,PME,50240,SAINT-JAMES
50487,01.24Z,,50240,SAINT-JAMES
50487,01.41Z,,50240,SAINT-JAMES
50487,01.42Z,,50240,SAINT-JAMES
50487,01.43Z,,50240,SAINT-JAMES
50487,01.45Z,,50240,SAINT-JAMES
50487,01.46Z,,50240,SAINT-JAMES
50487,01.47Z,,50240,SAINT-JAMES
50487,01.49Z,,50240,SAINT-JAMES
50487,01.50Z,,50240,SAINT-JAMES
50487,01.61Z,,50240,SAINT-JAMES
50487,01.62Z,,50240,SAINT-JAMES
50487,02.20Z,PME,50240,SAINT-JAMES
50487,02.40Z,,50240,SAINT-JAMES
50487,08.11Z,PME,50240,SAINT-JAMES
50487,08.12Z,ETI,50240,SAINT-JAMES
50487,10.13B,PME,50240,SAINT-JAMES
50487,10.32Z,PME,50240,SAINT-JAMES
50487,10.71C,,50240,SAINT-JAMES
50487,10.71C,PME,50240,SAINT-JAMES
50487,11.01Z,PME,50240,SAINT-JAMES
50487,13.20Z,,50240,SAINT-JAMES
50487,13.20Z,PME,50240,SAINT-JAMES
50487,14.13Z,,50240,SAINT-JAMES
50487,14.13Z,PME,50240,SAINT-JAMES
50487,14.19Z,PME,50240,SAINT-JAMES
50487,14.39Z,ETI,50240,SAINT-JAMES
50487,16.10A,PME,50240,SAINT-JAMES
50487,16.23Z,PME,50240,SAINT-JAMES
50487,18.13Z,PME,50240,SAINT-JAMES
50487,23.63Z,ETI,50240,SAINT-JAMES
50487,23.70Z,PME,50240,SAINT-JAMES
50487,25.62B,PME,50240,SAINT-JAMES
50487,28.91Z,PME,50240,SAINT-JAMES
50487,31.09B,PME,50240,SAINT-JAMES
50487,32.13Z,PME,50240,SAINT-JAMES
50487,32.99Z,,50240,SAINT-JAMES
50487,32.99Z,PME,50240,SAINT-JAMES
50487,35.11Z,,50240,SAINT-JAMES
50487,35.11Z,ETI,50240,SAINT-JAMES
50487,35.11Z,PME,50240,SAINT-JAMES
50487,38.31Z,PME,50240,SAINT-JAMES
50487,42.99Z,,50240,SAINT-JAMES
50487,43.12A,PME,50240,SAINT-JAMES
50487,43.21A,PME,50240,SAINT-JAMES
50487,43.22A,,50240,SAINT-JAMES
50487,43.22A,PME,50240,SAINT-JAMES
50487,43.22B,PME,50240,SAINT-JAMES
50487,43.29A,PME,50240,SAINT-JAMES
50487,43.32A,,50240,SAINT-JAMES
50487,43.32A,PME,50240,SAINT-JAMES
50487,43.32B,PME,50240,SAINT-JAMES
50487,43.33Z,PME,50240,SAINT-JAMES
50487,43.34Z,,50240,SAINT-JAMES
50487,43.34Z,PME,50240,SAINT-JAMES
50487,43.91A,PME,50240,SAINT-JAMES
50487,43.91B,PME,50240,SAINT-JAMES
50487,43.99C,PME,50240,SAINT-JAMES
50487,43.99D,PME,50240,SAINT-JAMES
50487,45.11Z,PME,50240,SAINT-JAMES
50487,45.20A,,50240,SAINT-JAMES
50487,45.20A,ETI,50240,SAINT-JAMES
50487,45.20A,PME,50240,SAINT-JAMES
50487,45.32Z,,50240,SAINT-JAMES
50487,46.11Z,PME,50240,SAINT-JAMES
50487,46.19B,PME,50240,SAINT-JAMES
50487,46.21Z,ETI,50240,SAINT-JAMES
50487,46.21Z,GE,50240,SAINT-JAMES
50487,46.23Z,,50240,SAINT-JAMES
50487,46.23Z,PME,50240,SAINT-JAMES
50487,46.32C,,50240,SAINT-JAMES
50487,46.42Z,ETI,50240,SAINT-JAMES
50487,46.44Z,PME,50240,SAINT-JAMES
50487,46.61Z,GE,50240,SAINT-JAMES
50487,46.61Z,PME,50240,SAINT-JAMES
50487,46.73A,PME,50240,SAINT-JAMES
50487,46.74B,ETI,50240,SAINT-JAMES
50487,47.11B,PME,50240,SAINT-JAMES
50487,47.11D,PME,50240,SAINT-JAMES
50487,47.22Z,PME,50240,SAINT-JAMES
50487,47.26Z,,50240,SAINT-JAMES
50487,47.29Z,,50240,SAINT-JAMES
50487,47.29Z,PME,50240,SAINT-JAMES
50487,47.30Z,PME,50240,SAINT-JAMES
50487,47.41Z,PME,50240,SAINT-JAMES
50487,47.52A,GE,50240,SAINT-JAMES
50487,47.59A,PME,50240,SAINT-JAMES
50487,47.64Z,,50240,SAINT-JAMES
50487,47.71Z,ETI,50240,SAINT-JAMES
50487,47.71Z,PME,50240,SAINT-JAMES
50487,47.72A,PME,50240,SAINT-JAMES
50487,47.73Z,PME,50240,SAINT-JAMES
50487,47.74Z,PME,50240,SAINT-JAMES
50487,47.76Z,PME,50240,SAINT-JAMES
50487,47.78A,PME,50240,SAINT-JAMES
50487,47.78C,PME,50240,SAINT-JAMES
50487,47.79Z,PME,50240,SAINT-JAMES
50487,47.81Z,,50240,SAINT-JAMES
50487,47.81Z,PME,50240,SAINT-JAMES
50487,47.89Z,PME,50240,SAINT-JAMES
50487,47.91A,PME,50240,SAINT-JAMES
50487,47.91B,,50240,SAINT-JAMES
50487,47.91B,PME,50240,SAINT-JAMES
50487,47.99A,,50240,SAINT-JAMES
50487,47.99A,PME,50240,SAINT-JAMES
50487,49.32Z,PME,50240,SAINT-JAMES
50487,49.41A,PME,50240,SAINT-JAMES
50487,49.41B,PME,50240,SAINT-JAMES
50487,53.10Z,GE,50240,SAINT-JAMES
50487,53.20Z,,50240,SAINT-JAMES
50487,55.10Z,,50240,SAINT-JAMES
50487,55.10Z,PME,50240,SAINT-JAMES
50487,55.20Z,,50240,SAINT-JAMES
50487,55.20Z,PME,50240,SAINT-JAMES
50487,56.10A,PME,50240,SAINT-JAMES
50487,56.10B,PME,50240,SAINT-JAMES
50487,56.10C,,50240,SAINT-JAMES
50487,56.10C,PME,50240,SAINT-JAMES
50487,56.29A,GE,50240,SAINT-JAMES
50487,56.30Z,,50240,SAINT-JAMES
50487,56.30Z,PME,50240,SAINT-JAMES
50487,58.29A,PME,50240,SAINT-JAMES
50487,59.11A,PME,50240,SAINT-JAMES
50487,62.01Z,ETI,50240,SAINT-JAMES
50487,62.02B,PME,50240,SAINT-JAMES
50487,64.19Z,GE,50240,SAINT-JAMES
50487,64.20Z,ETI,50240,SAINT-JAMES
50487,64.20Z,PME,50240,SAINT-JAMES
50487,64.30Z,,50240,SAINT-JAMES
50487,66.19A,PME,50240,SAINT-JAMES
50487,66.22Z,PME,50240,SAINT-JAMES
50487,66.30Z,,50240,SAINT-JAMES
50487,66.30Z,PME,50240,SAINT-JAMES
50487,68.20A,,50240,SAINT-JAMES
50487,68.20A,PME,50240,SAINT-JAMES
50487,68.20B,,50240,SAINT-JAMES
50487,68.20B,PME,50240,SAINT-JAMES
50487,68.31Z,,50240,SAINT-JAMES
50487,68.31Z,PME,50240,SAINT-JAMES
50487,68.32A,,50240,SAINT-JAMES
50487,68.32A,GE,50240,SAINT-JAMES
50487,68.32B,,50240,SAINT-JAMES
50487,69.10Z,PME,50240,SAINT-JAMES
50487,69.20Z,ETI,50240,SAINT-JAMES
50487,70.10Z,ETI,50240,SAINT-JAMES
50487,70.10Z,PME,50240,SAINT-JAMES
50487,70.22Z,PME,50240,SAINT-JAMES
50487,71.11Z,PME,50240,SAINT-JAMES
50487,71.12B,PME,50240,SAINT-JAMES
50487,71.20A,PME,50240,SAINT-JAMES
50487,73.11Z,PME,50240,SAINT-JAMES
50487,74.10Z,,50240,SAINT-JAMES
50487,74.10Z,PME,50240,SAINT-JAMES
50487,74.20Z,PME,50240,SAINT-JAMES
50487,74.30Z,PME,50240,SAINT-JAMES
50487,74.90B,PME,50240,SAINT-JAMES
50487,75.00Z,PME,50240,SAINT-JAMES
50487,78.20Z,ETI,50240,SAINT-JAMES
50487,78.30Z,PME,50240,SAINT-JAMES
50487,79.12Z,PME,50240,SAINT-JAMES
50487,79.90Z,,50240,SAINT-JAMES
50487,79.90Z,PME,50240,SAINT-JAMES
50487,81.10Z,,50240,SAINT-JAMES
50487,81.21Z,,50240,SAINT-JAMES
50487,81.21Z,PME,50240,SAINT-JAMES
50487,81.29A,,50240,SAINT-JAMES
50487,81.30Z,PME,50240,SAINT-JAMES
50487,82.19Z,,50240,SAINT-JAMES
50487,82.19Z,PME,50240,SAINT-JAMES
50487,82.30Z,,50240,SAINT-JAMES
50487,82.99Z,PME,50240,SAINT-JAMES
50487,84.11Z,PME,50240,SAINT-JAMES
50487,84.12Z,ETI,50240,SAINT-JAMES
50487,84.12Z,PME,50240,SAINT-JAMES
50487,85.10Z,PME,50240,SAINT-JAMES
50487,85.20Z,PME,50240,SAINT-JAMES
50487,85.31Z,PME,50240,SAINT-JAMES
50487,85.51Z,,50240,SAINT-JAMES
50487,85.51Z,PME,50240,SAINT-JAMES
50487,85.52Z,,50240,SAINT-JAMES
50487,85.52Z,PME,50240,SAINT-JAMES
50487,85.53Z,PME,50240,SAINT-JAMES
50487,85.59A,,50240,SAINT-JAMES
50487,85.59B,PME,50240,SAINT-JAMES
50487,86.10Z,ETI,50240,SAINT-JAMES
50487,86.10Z,PME,50240,SAINT-JAMES
50487,86.21Z,PME,50240,SAINT-JAMES
50487,86.22C,PME,50240,SAINT-JAMES
50487,86.23Z,PME,50240,SAINT-JAMES
50487,86.90A,PME,50240,SAINT-JAMES
50487,86.90D,,50240,SAINT-JAMES
50487,86.90D,PME,50240,SAINT-JAMES
50487,86.90E,,50240,SAINT-JAMES
50487,86.90E,PME,50240,SAINT-JAMES
50487,86.90F,,50240,SAINT-JAMES
50487,86.90F,PME,50240,SAINT-JAMES
50487,87.10A,PME,50240,SAINT-JAMES
50487,87.20A,PME,50240,SAINT-JAMES
50487,88.10A,ETI,50240,SAINT-JAMES
50487,88.10A,PME,50240,SAINT-JAMES
50487,88.10B,,50240,SAINT-JAMES
50487,88.10C,PME,50240,SAINT-JAMES
50487,88.91A,,50240,SAINT-JAMES
50487,88.99B,,50240,SAINT-JAMES
50487,88.99B,PME,50240,SAINT-JAMES
50487,90.01Z,,50240,SAINT-JAMES
50487,90.01Z,PME,50240,SAINT-JAMES
50487,90.02Z,,50240,SAINT-JAMES
50487,90.03A,,50240,SAINT-JAMES
50487,90.03A,PME,50240,SAINT-JAMES
50487,90.03B,PME,50240,SAINT-JAMES
50487,91.03Z,,50240,SAINT-JAMES
50487,91.03Z,PME,50240,SAINT-JAMES
50487,93.11Z,ETI,50240,SAINT-JAMES
50487,93.11Z,PME,50240,SAINT-JAMES
50487,93.12Z,,50240,SAINT-JAMES
50487,93.12Z,PME,50240,SAINT-JAMES
50487,93.19Z,,50240,SAINT-JAMES
50487,93.19Z,PME,50240,SAINT-JAMES
50487,93.29Z,,50240,SAINT-JAMES
50487,93.29Z,PME,50240,SAINT-JAMES
50487,94.12Z,,50240,SAINT-JAMES
50487,94.91Z,,50240,SAINT-JAMES
50487,94.91Z,PME,50240,SAINT-JAMES
50487,94.99Z,,50240,SAINT-JAMES
50487,94.99Z,PME,50240,SAINT-JAMES
50487,95.11Z,PME,50240,SAINT-JAMES
50487,95.29Z,PME,50240,SAINT-JAMES
50487,96.02A,PME,50240,SAINT-JAMES
50487,96.02B,PME,50240,SAINT-JAMES
50487,96.03Z,PME,50240,SAINT-JAMES
50487,96.04Z,,50240,SAINT-JAMES
50487,96.04Z,PME,50240,SAINT-JAMES
50487,96.09Z,,50240,SAINT-JAMES
50487,96.09Z,PME,50240,SAINT-JAMES
50489,01.11Z,,50300,SAINT-JEAN-DE-LA-HAIZE
50489,01.29Z,,50300,SAINT-JEAN-DE-LA-HAIZE
50489,01.41Z,,50300,SAINT-JEAN-DE-LA-HAIZE
50489,01.42Z,,50300,SAINT-JEAN-DE-LA-HAIZE
50489,01.43Z,,50300,SAINT-JEAN-DE-LA-HAIZE
50489,01.45Z,,50300,SAINT-JEAN-DE-LA-HAIZE
50489,01.46Z,,50300,SAINT-JEAN-DE-LA-HAIZE
50489,01.49Z,,50300,SAINT-JEAN-DE-LA-HAIZE
50489,01.61Z,,50300,SAINT-JEAN-DE-LA-HAIZE
50489,10.82Z,PME,50300,SAINT-JEAN-DE-LA-HAIZE
50489,35.11Z,PME,50300,SAINT-JEAN-DE-LA-HAIZE
50489,43.22A,,50300,SAINT-JEAN-DE-LA-HAIZE
50489,43.31Z,PME,50300,SAINT-JEAN-DE-LA-HAIZE
50489,43.99C,PME,50300,SAINT-JEAN-DE-LA-HAIZE
50489,45.11Z,PME,50300,SAINT-JEAN-DE-LA-HAIZE
50489,45.20A,PME,50300,SAINT-JEAN-DE-LA-HAIZE
50489,47.89Z,PME,50300,SAINT-JEAN-DE-LA-HAIZE
50489,47.91B,PME,50300,SAINT-JEAN-DE-LA-HAIZE
50489,56.29B,PME,50300,SAINT-JEAN-DE-LA-HAIZE
50489,59.12Z,,50300,SAINT-JEAN-DE-LA-HAIZE
50489,64.20Z,PME,50300,SAINT-JEAN-DE-LA-HAIZE
50489,66.30Z,PME,50300,SAINT-JEAN-DE-LA-HAIZE
50489,68.10Z,PME,50300,SAINT-JEAN-DE-LA-HAIZE
50489,68.20A,,50300,SAINT-JEAN-DE-LA-HAIZE
50489,68.20A,PME,50300,SAINT-JEAN-DE-LA-HAIZE
50489,68.20B,,50300,SAINT-JEAN-DE-LA-HAIZE
50489,68.20B,PME,50300,SAINT-JEAN-DE-LA-HAIZE
50489,68.31Z,PME,50300,SAINT-JEAN-DE-LA-HAIZE
50489,70.10Z,PME,50300,SAINT-JEAN-DE-LA-HAIZE
50489,71.12B,,50300,SAINT-JEAN-DE-LA-HAIZE
50489,74.10Z,,50300,SAINT-JEAN-DE-LA-HAIZE
50489,81.21Z,PME,50300,SAINT-JEAN-DE-LA-HAIZE
50489,81.30Z,PME,50300,SAINT-JEAN-DE-LA-HAIZE
50489,82.30Z,,50300,SAINT-JEAN-DE-LA-HAIZE
50489,84.11Z,PME,50300,SAINT-JEAN-DE-LA-HAIZE
50489,85.51Z,PME,50300,SAINT-JEAN-DE-LA-HAIZE
50489,86.90D,,50300,SAINT-JEAN-DE-LA-HAIZE
50489,86.90D,PME,50300,SAINT-JEAN-DE-LA-HAIZE
50489,94.99Z,,50300,SAINT-JEAN-DE-LA-HAIZE
50489,96.09Z,,50300,SAINT-JEAN-DE-LA-HAIZE
50490,01.30Z,,50270,SAINT-JEAN-DE-LA-RIVIERE
50490,01.42Z,,50270,SAINT-JEAN-DE-LA-RIVIERE
50490,01.45Z,,50270,SAINT-JEAN-DE-LA-RIVIERE
50490,03.11Z,,50270,SAINT-JEAN-DE-LA-RIVIERE
50490,23.41Z,PME,50270,SAINT-JEAN-DE-LA-RIVIERE
50490,43.21A,PME,50270,SAINT-JEAN-DE-LA-RIVIERE
50490,43.32A,PME,50270,SAINT-JEAN-DE-LA-RIVIERE
50490,46.22Z,PME,50270,SAINT-JEAN-DE-LA-RIVIERE
50490,46.76Z,PME,50270,SAINT-JEAN-DE-LA-RIVIERE
50490,47.89Z,,50270,SAINT-JEAN-DE-LA-RIVIERE
50490,47.91A,PME,50270,SAINT-JEAN-DE-LA-RIVIERE
50490,55.20Z,ETI,50270,SAINT-JEAN-DE-LA-RIVIERE
50490,55.20Z,PME,50270,SAINT-JEAN-DE-LA-RIVIERE
50490,55.30Z,ETI,50270,SAINT-JEAN-DE-LA-RIVIERE
50490,55.30Z,PME,50270,SAINT-JEAN-DE-LA-RIVIERE
50490,56.10A,,50270,SAINT-JEAN-DE-LA-RIVIERE
50490,56.10A,PME,50270,SAINT-JEAN-DE-LA-RIVIERE
50490,56.10C,PME,50270,SAINT-JEAN-DE-LA-RIVIERE
50490,56.30Z,,50270,SAINT-JEAN-DE-LA-RIVIERE
50490,56.30Z,PME,50270,SAINT-JEAN-DE-LA-RIVIERE
50490,62.02A,PME,50270,SAINT-JEAN-DE-LA-RIVIERE
50490,64.30Z,PME,50270,SAINT-JEAN-DE-LA-RIVIERE
50490,68.20A,,50270,SAINT-JEAN-DE-LA-RIVIERE
50490,68.20A,PME,50270,SAINT-JEAN-DE-LA-RIVIERE
50490,68.20B,,50270,SAINT-JEAN-DE-LA-RIVIERE
50490,68.20B,PME,50270,SAINT-JEAN-DE-LA-RIVIERE
50490,69.20Z,PME,50270,SAINT-JEAN-DE-LA-RIVIERE
50490,70.10Z,PME,50270,SAINT-JEAN-DE-LA-RIVIERE
50490,79.90Z,PME,50270,SAINT-JEAN-DE-LA-RIVIERE
50490,81.10Z,,50270,SAINT-JEAN-DE-LA-RIVIERE
50490,84.11Z,PME,50270,SAINT-JEAN-DE-LA-RIVIERE
50490,85.51Z,PME,50270,SAINT-JEAN-DE-LA-RIVIERE
50490,86.90F,PME,50270,SAINT-JEAN-DE-LA-RIVIERE
50490,93.12Z,,50270,SAINT-JEAN-DE-LA-RIVIERE
50490,93.12Z,PME,50270,SAINT-JEAN-DE-LA-RIVIERE
50490,93.29Z,PME,50270,SAINT-JEAN-DE-LA-RIVIERE
50490,94.99Z,,50270,SAINT-JEAN-DE-LA-RIVIERE
50490,96.09Z,PME,50270,SAINT-JEAN-DE-LA-RIVIERE
50493,01.11Z,,50320,SAINT-JEAN-DES-CHAMPS
50493,01.13Z,,50320,SAINT-JEAN-DES-CHAMPS
50493,01.24Z,,50320,SAINT-JEAN-DES-CHAMPS
50493,01.41Z,,50320,SAINT-JEAN-DES-CHAMPS
50493,01.42Z,,50320,SAINT-JEAN-DES-CHAMPS
50493,01.43Z,,50320,SAINT-JEAN-DES-CHAMPS
50493,01.49Z,,50320,SAINT-JEAN-DES-CHAMPS
50493,01.50Z,,50320,SAINT-JEAN-DES-CHAMPS
50493,01.61Z,,50320,SAINT-JEAN-DES-CHAMPS
50493,01.62Z,,50320,SAINT-JEAN-DES-CHAMPS
50493,03.11Z,,50320,SAINT-JEAN-DES-CHAMPS
50493,10.71C,,50320,SAINT-JEAN-DES-CHAMPS
50493,16.10A,PME,50320,SAINT-JEAN-DES-CHAMPS
50493,27.90Z,PME,50320,SAINT-JEAN-DES-CHAMPS
50493,33.20A,,50320,SAINT-JEAN-DES-CHAMPS
50493,35.11Z,,50320,SAINT-JEAN-DES-CHAMPS
50493,35.11Z,PME,50320,SAINT-JEAN-DES-CHAMPS
50493,36.00Z,PME,50320,SAINT-JEAN-DES-CHAMPS
50493,41.10A,,50320,SAINT-JEAN-DES-CHAMPS
50493,41.10A,PME,50320,SAINT-JEAN-DES-CHAMPS
50493,41.10D,PME,50320,SAINT-JEAN-DES-CHAMPS
50493,43.12A,,50320,SAINT-JEAN-DES-CHAMPS
50493,43.12A,PME,50320,SAINT-JEAN-DES-CHAMPS
50493,43.21A,,50320,SAINT-JEAN-DES-CHAMPS
50493,43.21A,PME,50320,SAINT-JEAN-DES-CHAMPS
50493,43.22A,PME,50320,SAINT-JEAN-DES-CHAMPS
50493,43.32A,,50320,SAINT-JEAN-DES-CHAMPS
50493,43.32A,PME,50320,SAINT-JEAN-DES-CHAMPS
50493,43.32B,PME,50320,SAINT-JEAN-DES-CHAMPS
50493,43.34Z,,50320,SAINT-JEAN-DES-CHAMPS
50493,43.34Z,PME,50320,SAINT-JEAN-DES-CHAMPS
50493,43.99C,,50320,SAINT-JEAN-DES-CHAMPS
50493,43.99C,PME,50320,SAINT-JEAN-DES-CHAMPS
50493,45.11Z,PME,50320,SAINT-JEAN-DES-CHAMPS
50493,45.20A,PME,50320,SAINT-JEAN-DES-CHAMPS
50493,46.19B,PME,50320,SAINT-JEAN-DES-CHAMPS
50493,46.90Z,,50320,SAINT-JEAN-DES-CHAMPS
50493,47.11C,PME,50320,SAINT-JEAN-DES-CHAMPS
50493,47.23Z,,50320,SAINT-JEAN-DES-CHAMPS
50493,47.73Z,PME,50320,SAINT-JEAN-DES-CHAMPS
50493,47.78C,PME,50320,SAINT-JEAN-DES-CHAMPS
50493,47.81Z,PME,50320,SAINT-JEAN-DES-CHAMPS
50493,47.91B,,50320,SAINT-JEAN-DES-CHAMPS
50493,47.99A,,50320,SAINT-JEAN-DES-CHAMPS
50493,47.99A,PME,50320,SAINT-JEAN-DES-CHAMPS
50493,49.32Z,PME,50320,SAINT-JEAN-DES-CHAMPS
50493,49.41B,PME,50320,SAINT-JEAN-DES-CHAMPS
50493,55.20Z,PME,50320,SAINT-JEAN-DES-CHAMPS
50493,56.10C,,50320,SAINT-JEAN-DES-CHAMPS
50493,56.10C,PME,50320,SAINT-JEAN-DES-CHAMPS
50493,56.30Z,,50320,SAINT-JEAN-DES-CHAMPS
50493,58.14Z,PME,50320,SAINT-JEAN-DES-CHAMPS
50493,62.01Z,PME,50320,SAINT-JEAN-DES-CHAMPS
50493,64.19Z,GE,50320,SAINT-JEAN-DES-CHAMPS
50493,64.20Z,,50320,SAINT-JEAN-DES-CHAMPS
50493,64.30Z,,50320,SAINT-JEAN-DES-CHAMPS
50493,68.20A,,50320,SAINT-JEAN-DES-CHAMPS
50493,68.20A,PME,50320,SAINT-JEAN-DES-CHAMPS
50493,68.20B,,50320,SAINT-JEAN-DES-CHAMPS
50493,68.20B,PME,50320,SAINT-JEAN-DES-CHAMPS
50493,68.31Z,,50320,SAINT-JEAN-DES-CHAMPS
50493,68.32A,,50320,SAINT-JEAN-DES-CHAMPS
50493,69.20Z,PME,50320,SAINT-JEAN-DES-CHAMPS
50493,70.10Z,,50320,SAINT-JEAN-DES-CHAMPS
50493,70.10Z,PME,50320,SAINT-JEAN-DES-CHAMPS
50493,71.11Z,PME,50320,SAINT-JEAN-DES-CHAMPS
50493,74.10Z,PME,50320,SAINT-JEAN-DES-CHAMPS
50493,81.21Z,,50320,SAINT-JEAN-DES-CHAMPS
50493,81.21Z,PME,50320,SAINT-JEAN-DES-CHAMPS
50493,81.30Z,PME,50320,SAINT-JEAN-DES-CHAMPS
50493,82.19Z,PME,50320,SAINT-JEAN-DES-CHAMPS
50493,82.30Z,PME,50320,SAINT-JEAN-DES-CHAMPS
50493,82.99Z,PME,50320,SAINT-JEAN-DES-CHAMPS
50493,84.11Z,,50320,SAINT-JEAN-DES-CHAMPS
50493,84.11Z,PME,50320,SAINT-JEAN-DES-CHAMPS
50493,85.20Z,PME,50320,SAINT-JEAN-DES-CHAMPS
50493,85.42Z,,50320,SAINT-JEAN-DES-CHAMPS
50493,85.51Z,PME,50320,SAINT-JEAN-DES-CHAMPS
50493,85.52Z,PME,50320,SAINT-JEAN-DES-CHAMPS
50493,86.21Z,,50320,SAINT-JEAN-DES-CHAMPS
50493,86.21Z,PME,50320,SAINT-JEAN-DES-CHAMPS
50493,86.22C,PME,50320,SAINT-JEAN-DES-CHAMPS
50493,86.90D,PME,50320,SAINT-JEAN-DES-CHAMPS
50493,86.90E,PME,50320,SAINT-JEAN-DES-CHAMPS
50493,86.90F,PME,50320,SAINT-JEAN-DES-CHAMPS
50493,88.91A,,50320,SAINT-JEAN-DES-CHAMPS
50493,90.01Z,,50320,SAINT-JEAN-DES-CHAMPS
50493,90.03A,PME,50320,SAINT-JEAN-DES-CHAMPS
50493,90.03B,PME,50320,SAINT-JEAN-DES-CHAMPS
50493,93.12Z,,50320,SAINT-JEAN-DES-CHAMPS
50493,93.12Z,PME,50320,SAINT-JEAN-DES-CHAMPS
50493,93.29Z,PME,50320,SAINT-JEAN-DES-CHAMPS
50493,94.99Z,,50320,SAINT-JEAN-DES-CHAMPS
50493,94.99Z,PME,50320,SAINT-JEAN-DES-CHAMPS
50493,96.02A,PME,50320,SAINT-JEAN-DES-CHAMPS
50493,96.02B,,50320,SAINT-JEAN-DES-CHAMPS
50493,96.09Z,PME,50320,SAINT-JEAN-DES-CHAMPS
50495,01.11Z,,50370,SAINT-JEAN-DU-CORAIL-DES-BOIS
50495,01.41Z,,50370,SAINT-JEAN-DU-CORAIL-DES-BOIS
50495,01.42Z,,50370,SAINT-JEAN-DU-CORAIL-DES-BOIS
50495,01.49Z,,50370,SAINT-JEAN-DU-CORAIL-DES-BOIS
50495,01.50Z,,50370,SAINT-JEAN-DU-CORAIL-DES-BOIS
50495,01.61Z,,50370,SAINT-JEAN-DU-CORAIL-DES-BOIS
50495,01.62Z,,50370,SAINT-JEAN-DU-CORAIL-DES-BOIS
50495,43.12A,PME,50370,SAINT-JEAN-DU-CORAIL-DES-BOIS
50495,47.99A,PME,50370,SAINT-JEAN-DU-CORAIL-DES-BOIS
50495,68.20A,,50370,SAINT-JEAN-DU-CORAIL-DES-BOIS
50495,68.20B,,50370,SAINT-JEAN-DU-CORAIL-DES-BOIS
50495,81.30Z,PME,50370,SAINT-JEAN-DU-CORAIL-DES-BOIS
50495,84.11Z,PME,50370,SAINT-JEAN-DU-CORAIL-DES-BOIS
50500,01.11Z,,50240,SAINT-LAURENT-DE-TERREGATTE
50500,01.24Z,,50240,SAINT-LAURENT-DE-TERREGATTE
50500,01.41Z,,50240,SAINT-LAURENT-DE-TERREGATTE
50500,01.42Z,,50240,SAINT-LAURENT-DE-TERREGATTE
50500,01.43Z,,50240,SAINT-LAURENT-DE-TERREGATTE
50500,01.45Z,,50240,SAINT-LAURENT-DE-TERREGATTE
50500,01.46Z,,50240,SAINT-LAURENT-DE-TERREGATTE
50500,01.47Z,,50240,SAINT-LAURENT-DE-TERREGATTE
50500,01.49Z,,50240,SAINT-LAURENT-DE-TERREGATTE
50500,01.50Z,,50240,SAINT-LAURENT-DE-TERREGATTE
50500,01.61Z,,50240,SAINT-LAURENT-DE-TERREGATTE
50500,22.29B,,50240,SAINT-LAURENT-DE-TERREGATTE
50500,32.13Z,PME,50240,SAINT-LAURENT-DE-TERREGATTE
50500,41.10D,PME,50240,SAINT-LAURENT-DE-TERREGATTE
50500,43.12A,,50240,SAINT-LAURENT-DE-TERREGATTE
50500,45.40Z,PME,50240,SAINT-LAURENT-DE-TERREGATTE
50500,46.21Z,GE,50240,SAINT-LAURENT-DE-TERREGATTE
50500,46.23Z,PME,50240,SAINT-LAURENT-DE-TERREGATTE
50500,47.11B,PME,50240,SAINT-LAURENT-DE-TERREGATTE
50500,47.81Z,PME,50240,SAINT-LAURENT-DE-TERREGATTE
50500,47.82Z,PME,50240,SAINT-LAURENT-DE-TERREGATTE
50500,47.99A,PME,50240,SAINT-LAURENT-DE-TERREGATTE
50500,49.41A,,50240,SAINT-LAURENT-DE-TERREGATTE
50500,55.20Z,PME,50240,SAINT-LAURENT-DE-TERREGATTE
50500,55.30Z,PME,50240,SAINT-LAURENT-DE-TERREGATTE
50500,56.10A,PME,50240,SAINT-LAURENT-DE-TERREGATTE
50500,56.30Z,PME,50240,SAINT-LAURENT-DE-TERREGATTE
50500,66.30Z,PME,50240,SAINT-LAURENT-DE-TERREGATTE
50500,68.20A,,50240,SAINT-LAURENT-DE-TERREGATTE
50500,68.20B,,50240,SAINT-LAURENT-DE-TERREGATTE
50500,68.20B,PME,50240,SAINT-LAURENT-DE-TERREGATTE
50500,70.22Z,PME,50240,SAINT-LAURENT-DE-TERREGATTE
50500,71.20B,PME,50240,SAINT-LAURENT-DE-TERREGATTE
50500,74.20Z,PME,50240,SAINT-LAURENT-DE-TERREGATTE
50500,81.30Z,PME,50240,SAINT-LAURENT-DE-TERREGATTE
50500,84.11Z,PME,50240,SAINT-LAURENT-DE-TERREGATTE
50500,85.20Z,PME,50240,SAINT-LAURENT-DE-TERREGATTE
50500,86.90D,PME,50240,SAINT-LAURENT-DE-TERREGATTE
50500,88.99B,,50240,SAINT-LAURENT-DE-TERREGATTE
50500,90.03A,,50240,SAINT-LAURENT-DE-TERREGATTE
50500,90.03B,PME,50240,SAINT-LAURENT-DE-TERREGATTE
50500,93.12Z,,50240,SAINT-LAURENT-DE-TERREGATTE
50500,94.99Z,,50240,SAINT-LAURENT-DE-TERREGATTE
50500,94.99Z,PME,50240,SAINT-LAURENT-DE-TERREGATTE
50500,95.29Z,PME,50240,SAINT-LAURENT-DE-TERREGATTE
50500,96.02B,PME,50240,SAINT-LAURENT-DE-TERREGATTE
50500,96.09Z,PME,50240,SAINT-LAURENT-DE-TERREGATTE
50502,01.11Z,,50000,SAINT-LO
50502,01.13Z,,50000,SAINT-LO
50502,01.41Z,,50000,SAINT-LO
50502,01.42Z,,50000,SAINT-LO
50502,01.43Z,,50000,SAINT-LO
50502,01.43Z,PME,50000,SAINT-LO
50502,01.45Z,,50000,SAINT-LO
50502,01.49Z,,50000,SAINT-LO
50502,01.50Z,,50000,SAINT-LO
50502,01.61Z,,50000,SAINT-LO
50502,01.62Z,,50000,SAINT-LO
50502,02.40Z,,50000,SAINT-LO
50502,03.11Z,,50000,SAINT-LO
50502,03.21Z,,50000,SAINT-LO
50502,10.11Z,PME,50000,SAINT-LO
50502,10.13B,PME,50000,SAINT-LO
50502,10.51D,PME,50000,SAINT-LO
50502,10.71B,PME,50000,SAINT-LO
50502,10.71C,,50000,SAINT-LO
50502,10.71C,ETI,50000,SAINT-LO
50502,10.71C,PME,50000,SAINT-LO
50502,10.82Z,PME,50000,SAINT-LO
50502,10.83Z,PME,50000,SAINT-LO
50502,10.84Z,PME,50000,SAINT-LO
50502,10.85Z,PME,50000,SAINT-LO
50502,10.89Z,PME,50000,SAINT-LO
50502,13.91Z,PME,50000,SAINT-LO
50502,13.92Z,,50000,SAINT-LO
50502,13.92Z,PME,50000,SAINT-LO
50502,14.13Z,,50000,SAINT-LO
50502,14.13Z,PME,50000,SAINT-LO
50502,14.19Z,PME,50000,SAINT-LO
50502,14.39Z,,50000,SAINT-LO
50502,15.12Z,,50000,SAINT-LO
50502,15.12Z,PME,50000,SAINT-LO
50502,16.23Z,PME,50000,SAINT-LO
50502,16.29Z,,50000,SAINT-LO
50502,16.29Z,PME,50000,SAINT-LO
50502,17.29Z,PME,50000,SAINT-LO
50502,18.11Z,PME,50000,SAINT-LO
50502,18.12Z,PME,50000,SAINT-LO
50502,18.13Z,PME,50000,SAINT-LO
50502,18.14Z,PME,50000,SAINT-LO
50502,20.42Z,PME,50000,SAINT-LO
50502,22.29B,,50000,SAINT-LO
50502,23.41Z,,50000,SAINT-LO
50502,23.63Z,ETI,50000,SAINT-LO
50502,23.63Z,GE,50000,SAINT-LO
50502,23.70Z,PME,50000,SAINT-LO
50502,23.99Z,GE,50000,SAINT-LO
50502,25.11Z,PME,50000,SAINT-LO
50502,25.61Z,PME,50000,SAINT-LO
50502,25.62B,PME,50000,SAINT-LO
50502,26.11Z,ETI,50000,SAINT-LO
50502,26.20Z,PME,50000,SAINT-LO
50502,27.40Z,PME,50000,SAINT-LO
50502,27.51Z,GE,50000,SAINT-LO
50502,28.25Z,ETI,50000,SAINT-LO
50502,30.92Z,PME,50000,SAINT-LO
50502,31.01Z,PME,50000,SAINT-LO
50502,31.09A,PME,50000,SAINT-LO
50502,31.09B,PME,50000,SAINT-LO
50502,32.12Z,PME,50000,SAINT-LO
50502,32.40Z,,50000,SAINT-LO
50502,32.50A,,50000,SAINT-LO
50502,32.50A,PME,50000,SAINT-LO
50502,32.99Z,PME,50000,SAINT-LO
50502,33.11Z,PME,50000,SAINT-LO
50502,33.20A,PME,50000,SAINT-LO
50502,33.20B,ETI,50000,SAINT-LO
50502,33.20B,PME,50000,SAINT-LO
50502,33.20C,PME,50000,SAINT-LO
50502,35.11Z,,50000,SAINT-LO
50502,35.11Z,GE,50000,SAINT-LO
50502,35.11Z,PME,50000,SAINT-LO
50502,35.13Z,GE,50000,SAINT-LO
50502,35.22Z,GE,50000,SAINT-LO
50502,35.23Z,GE,50000,SAINT-LO
50502,35.30Z,GE,50000,SAINT-LO
50502,35.30Z,PME,50000,SAINT-LO
50502,36.00Z,ETI,50000,SAINT-LO
50502,36.00Z,GE,50000,SAINT-LO
50502,36.00Z,PME,50000,SAINT-LO
50502,37.00Z,ETI,50000,SAINT-LO
50502,37.00Z,GE,50000,SAINT-LO
50502,38.32Z,,50000,SAINT-LO
50502,38.32Z,GE,50000,SAINT-LO
50502,38.32Z,PME,50000,SAINT-LO
50502,41.10A,ETI,50000,SAINT-LO
50502,41.10A,PME,50000,SAINT-LO
50502,41.10D,PME,50000,SAINT-LO
50502,41.20A,,50000,SAINT-LO
50502,41.20A,PME,50000,SAINT-LO
50502,41.20B,PME,50000,SAINT-LO
50502,42.11Z,GE,50000,SAINT-LO
50502,42.22Z,,50000,SAINT-LO
50502,42.22Z,GE,50000,SAINT-LO
50502,42.22Z,PME,50000,SAINT-LO
50502,42.99Z,PME,50000,SAINT-LO
50502,43.12A,,50000,SAINT-LO
50502,43.21A,,50000,SAINT-LO
50502,43.21A,ETI,50000,SAINT-LO
50502,43.21A,GE,50000,SAINT-LO
50502,43.21A,PME,50000,SAINT-LO
50502,43.22A,,50000,SAINT-LO
50502,43.22A,GE,50000,SAINT-LO
50502,43.22A,PME,50000,SAINT-LO
50502,43.22B,,50000,SAINT-LO
50502,43.22B,GE,50000,SAINT-LO
50502,43.22B,PME,50000,SAINT-LO
50502,43.29A,PME,50000,SAINT-LO
50502,43.29B,,50000,SAINT-LO
50502,43.31Z,,50000,SAINT-LO
50502,43.31Z,PME,50000,SAINT-LO
50502,43.32A,,50000,SAINT-LO
50502,43.32A,PME,50000,SAINT-LO
50502,43.32B,PME,50000,SAINT-LO
50502,43.33Z,,50000,SAINT-LO
50502,43.33Z,PME,50000,SAINT-LO
50502,43.34Z,,50000,SAINT-LO
50502,43.34Z,PME,50000,SAINT-LO
50502,43.39Z,PME,50000,SAINT-LO
50502,43.91B,,50000,SAINT-LO
50502,43.91B,PME,50000,SAINT-LO
50502,43.99A,ETI,50000,SAINT-LO
50502,43.99B,,50000,SAINT-LO
50502,43.99C,,50000,SAINT-LO
50502,43.99C,PME,50000,SAINT-LO
50502,43.99D,,50000,SAINT-LO
50502,43.99D,PME,50000,SAINT-LO
50502,45.11Z,,50000,SAINT-LO
50502,45.11Z,ETI,50000,SAINT-LO
50502,45.11Z,PME,50000,SAINT-LO
50502,45.19Z,PME,50000,SAINT-LO
50502,45.20A,,50000,SAINT-LO
50502,45.20A,PME,50000,SAINT-LO
50502,45.20B,,50000,SAINT-LO
50502,45.20B,PME,50000,SAINT-LO
50502,45.31Z,ETI,50000,SAINT-LO
50502,45.31Z,GE,50000,SAINT-LO
50502,45.32Z,PME,50000,SAINT-LO
50502,45.40Z,,50000,SAINT-LO
50502,45.40Z,PME,50000,SAINT-LO
50502,46.11Z,PME,50000,SAINT-LO
50502,46.13Z,,50000,SAINT-LO
50502,46.17A,PME,50000,SAINT-LO
50502,46.18Z,PME,50000,SAINT-LO
50502,46.19B,,50000,SAINT-LO
50502,46.19B,PME,50000,SAINT-LO
50502,46.21Z,ETI,50000,SAINT-LO
50502,46.21Z,GE,50000,SAINT-LO
50502,46.21Z,PME,50000,SAINT-LO
50502,46.23Z,PME,50000,SAINT-LO
50502,46.33Z,GE,50000,SAINT-LO
50502,46.34Z,,50000,SAINT-LO
50502,46.34Z,PME,50000,SAINT-LO
50502,46.36Z,ETI,50000,SAINT-LO
50502,46.36Z,PME,50000,SAINT-LO
50502,46.38B,GE,50000,SAINT-LO
50502,46.38B,PME,50000,SAINT-LO
50502,46.39A,PME,50000,SAINT-LO
50502,46.39B,PME,50000,SAINT-LO
50502,46.41Z,PME,50000,SAINT-LO
50502,46.42Z,,50000,SAINT-LO
50502,46.43Z,PME,50000,SAINT-LO
50502,46.46Z,ETI,50000,SAINT-LO
50502,46.46Z,PME,50000,SAINT-LO
50502,46.49Z,,50000,SAINT-LO
50502,46.49Z,ETI,50000,SAINT-LO
50502,46.51Z,ETI,50000,SAINT-LO
50502,46.51Z,PME,50000,SAINT-LO
50502,46.52Z,GE,50000,SAINT-LO
50502,46.61Z,PME,50000,SAINT-LO
50502,46.69A,ETI,50000,SAINT-LO
50502,46.69A,GE,50000,SAINT-LO
50502,46.69B,ETI,50000,SAINT-LO
50502,46.69B,GE,50000,SAINT-LO
50502,46.69B,PME,50000,SAINT-LO
50502,46.69C,PME,50000,SAINT-LO
50502,46.71Z,GE,50000,SAINT-LO
50502,46.71Z,PME,50000,SAINT-LO
50502,46.73A,ETI,50000,SAINT-LO
50502,46.73A,GE,50000,SAINT-LO
50502,46.73A,PME,50000,SAINT-LO
50502,46.73B,ETI,50000,SAINT-LO
50502,46.73B,GE,50000,SAINT-LO
50502,46.73B,PME,50000,SAINT-LO
50502,46.74A,ETI,50000,SAINT-LO
50502,46.74B,ETI,50000,SAINT-LO
50502,46.74B,GE,50000,SAINT-LO
50502,46.74B,PME,50000,SAINT-LO
50502,46.75Z,PME,50000,SAINT-LO
50502,46.76Z,PME,50000,SAINT-LO
50502,46.90Z,,50000,SAINT-LO
50502,46.90Z,PME,50000,SAINT-LO
50502,47.11A,GE,50000,SAINT-LO
50502,47.11B,,50000,SAINT-LO
50502,47.11B,PME,50000,SAINT-LO
50502,47.11C,GE,50000,SAINT-LO
50502,47.11D,ETI,50000,SAINT-LO
50502,47.11D,GE,50000,SAINT-LO
50502,47.11D,PME,50000,SAINT-LO
50502,47.11F,PME,50000,SAINT-LO
50502,47.19B,ETI,50000,SAINT-LO
50502,47.19B,GE,50000,SAINT-LO
50502,47.19B,PME,50000,SAINT-LO
50502,47.21Z,PME,50000,SAINT-LO
50502,47.22Z,,50000,SAINT-LO
50502,47.22Z,GE,50000,SAINT-LO
50502,47.22Z,PME,50000,SAINT-LO
50502,47.24Z,PME,50000,SAINT-LO
50502,47.25Z,PME,50000,SAINT-LO
50502,47.26Z,PME,50000,SAINT-LO
50502,47.29Z,PME,50000,SAINT-LO
50502,47.30Z,ETI,50000,SAINT-LO
50502,47.30Z,PME,50000,SAINT-LO
50502,47.41Z,,50000,SAINT-LO
50502,47.41Z,PME,50000,SAINT-LO
50502,47.42Z,GE,50000,SAINT-LO
50502,47.42Z,PME,50000,SAINT-LO
50502,47.51Z,,50000,SAINT-LO
50502,47.51Z,PME,50000,SAINT-LO
50502,47.52A,PME,50000,SAINT-LO
50502,47.52B,GE,50000,SAINT-LO
50502,47.52B,PME,50000,SAINT-LO
50502,47.53Z,PME,50000,SAINT-LO
50502,47.59A,,50000,SAINT-LO
50502,47.59A,ETI,50000,SAINT-LO
50502,47.59A,GE,50000,SAINT-LO
50502,47.59A,PME,50000,SAINT-LO
50502,47.59B,PME,50000,SAINT-LO
50502,47.61Z,PME,50000,SAINT-LO
50502,47.62Z,,50000,SAINT-LO
50502,47.62Z,PME,50000,SAINT-LO
50502,47.63Z,PME,50000,SAINT-LO
50502,47.64Z,GE,50000,SAINT-LO
50502,47.64Z,PME,50000,SAINT-LO
50502,47.65Z,PME,50000,SAINT-LO
50502,47.71Z,,50000,SAINT-LO
50502,47.71Z,ETI,50000,SAINT-LO
50502,47.71Z,PME,50000,SAINT-LO
50502,47.72A,,50000,SAINT-LO
50502,47.72A,PME,50000,SAINT-LO
50502,47.72B,PME,50000,SAINT-LO
50502,47.73Z,,50000,SAINT-LO
50502,47.73Z,PME,50000,SAINT-LO
50502,47.74Z,,50000,SAINT-LO
50502,47.74Z,ETI,50000,SAINT-LO
50502,47.74Z,PME,50000,SAINT-LO
50502,47.75Z,,50000,SAINT-LO
50502,47.75Z,ETI,50000,SAINT-LO
50502,47.75Z,PME,50000,SAINT-LO
50502,47.76Z,GE,50000,SAINT-LO
50502,47.76Z,PME,50000,SAINT-LO
50502,47.77Z,,50000,SAINT-LO
50502,47.77Z,PME,50000,SAINT-LO
50502,47.78A,,50000,SAINT-LO
50502,47.78A,ETI,50000,SAINT-LO
50502,47.78A,PME,50000,SAINT-LO
50502,47.78B,GE,50000,SAINT-LO
50502,47.78C,,50000,SAINT-LO
50502,47.78C,PME,50000,SAINT-LO
50502,47.79Z,,50000,SAINT-LO
50502,47.79Z,PME,50000,SAINT-LO
50502,47.81Z,,50000,SAINT-LO
50502,47.81Z,PME,50000,SAINT-LO
50502,47.82Z,PME,50000,SAINT-LO
50502,47.89Z,,50000,SAINT-LO
50502,47.89Z,PME,50000,SAINT-LO
50502,47.91A,,50000,SAINT-LO
50502,47.91A,ETI,50000,SAINT-LO
50502,47.91A,PME,50000,SAINT-LO
50502,47.91B,,50000,SAINT-LO
50502,47.91B,PME,50000,SAINT-LO
50502,47.99A,,50000,SAINT-LO
50502,47.99A,PME,50000,SAINT-LO
50502,47.99B,,50000,SAINT-LO
50502,47.99B,PME,50000,SAINT-LO
50502,49.10Z,GE,50000,SAINT-LO
50502,49.31Z,,50000,SAINT-LO
50502,49.31Z,PME,50000,SAINT-LO
50502,49.32Z,PME,50000,SAINT-LO
50502,49.41A,GE,50000,SAINT-LO
50502,49.41A,PME,50000,SAINT-LO
50502,49.41B,ETI,50000,SAINT-LO
50502,49.41B,PME,50000,SAINT-LO
50502,49.42Z,ETI,50000,SAINT-LO
50502,49.42Z,PME,50000,SAINT-LO
50502,49.50Z,GE,50000,SAINT-LO
50502,51.21Z,,50000,SAINT-LO
50502,52.10A,GE,50000,SAINT-LO
50502,52.10B,PME,50000,SAINT-LO
50502,52.21Z,GE,50000,SAINT-LO
50502,52.21Z,PME,50000,SAINT-LO
50502,52.22Z,PME,50000,SAINT-LO
50502,52.24B,,50000,SAINT-LO
50502,52.29A,PME,50000,SAINT-LO
50502,53.10Z,GE,50000,SAINT-LO
50502,53.20Z,,50000,SAINT-LO
50502,53.20Z,PME,50000,SAINT-LO
50502,55.10Z,,50000,SAINT-LO
50502,55.10Z,PME,50000,SAINT-LO
50502,55.20Z,,50000,SAINT-LO
50502,55.20Z,PME,50000,SAINT-LO
50502,55.30Z,ETI,50000,SAINT-LO
50502,55.30Z,PME,50000,SAINT-LO
50502,55.90Z,ETI,50000,SAINT-LO
50502,55.90Z,PME,50000,SAINT-LO
50502,56.10A,,50000,SAINT-LO
50502,56.10A,ETI,50000,SAINT-LO
50502,56.10A,PME,50000,SAINT-LO
50502,56.10B,PME,50000,SAINT-LO
50502,56.10C,,50000,SAINT-LO
50502,56.10C,PME,50000,SAINT-LO
50502,56.21Z,,50000,SAINT-LO
50502,56.21Z,ETI,50000,SAINT-LO
50502,56.21Z,PME,50000,SAINT-LO
50502,56.29A,GE,50000,SAINT-LO
50502,56.29B,GE,50000,SAINT-LO
50502,56.29B,PME,50000,SAINT-LO
50502,56.30Z,,50000,SAINT-LO
50502,56.30Z,ETI,50000,SAINT-LO
50502,56.30Z,PME,50000,SAINT-LO
50502,58.11Z,PME,50000,SAINT-LO
50502,58.13Z,ETI,50000,SAINT-LO
50502,58.14Z,,50000,SAINT-LO
50502,58.14Z,ETI,50000,SAINT-LO
50502,58.14Z,PME,50000,SAINT-LO
50502,58.19Z,,50000,SAINT-LO
50502,58.29B,PME,50000,SAINT-LO
50502,58.29C,,50000,SAINT-LO
50502,59.11B,PME,50000,SAINT-LO
50502,59.12Z,,50000,SAINT-LO
50502,59.12Z,PME,50000,SAINT-LO
50502,59.14Z,,50000,SAINT-LO
50502,59.14Z,PME,50000,SAINT-LO
50502,59.20Z,,50000,SAINT-LO
50502,60.10Z,ETI,50000,SAINT-LO
50502,60.10Z,PME,50000,SAINT-LO
50502,61.10Z,ETI,50000,SAINT-LO
50502,61.10Z,GE,50000,SAINT-LO
50502,61.10Z,PME,50000,SAINT-LO
50502,61.20Z,GE,50000,SAINT-LO
50502,61.90Z,ETI,50000,SAINT-LO
50502,61.90Z,PME,50000,SAINT-LO
50502,62.01Z,,50000,SAINT-LO
50502,62.01Z,PME,50000,SAINT-LO
50502,62.02A,,50000,SAINT-LO
50502,62.02A,PME,50000,SAINT-LO
50502,62.02B,PME,50000,SAINT-LO
50502,62.03Z,PME,50000,SAINT-LO
50502,62.09Z,PME,50000,SAINT-LO
50502,63.11Z,ETI,50000,SAINT-LO
50502,63.11Z,GE,50000,SAINT-LO
50502,63.11Z,PME,50000,SAINT-LO
50502,63.12Z,,50000,SAINT-LO
50502,63.12Z,PME,50000,SAINT-LO
50502,63.91Z,PME,50000,SAINT-LO
50502,64.11Z,GE,50000,SAINT-LO
50502,64.19Z,GE,50000,SAINT-LO
50502,64.19Z,PME,50000,SAINT-LO
50502,64.20Z,,50000,SAINT-LO
50502,64.20Z,ETI,50000,SAINT-LO
50502,64.20Z,PME,50000,SAINT-LO
50502,64.30Z,PME,50000,SAINT-LO
50502,64.91Z,PME,50000,SAINT-LO
50502,64.92Z,,50000,SAINT-LO
50502,64.92Z,GE,50000,SAINT-LO
50502,64.92Z,PME,50000,SAINT-LO
50502,64.99Z,,50000,SAINT-LO
50502,64.99Z,PME,50000,SAINT-LO
50502,65.11Z,GE,50000,SAINT-LO
50502,65.12Z,ETI,50000,SAINT-LO
50502,65.12Z,GE,50000,SAINT-LO
50502,65.12Z,PME,50000,SAINT-LO
50502,66.19A,,50000,SAINT-LO
50502,66.19A,ETI,50000,SAINT-LO
50502,66.19A,PME,50000,SAINT-LO
50502,66.19B,ETI,50000,SAINT-LO
50502,66.19B,PME,50000,SAINT-LO
50502,66.21Z,ETI,50000,SAINT-LO
50502,66.21Z,PME,50000,SAINT-LO
50502,66.22Z,ETI,50000,SAINT-LO
50502,66.22Z,PME,50000,SAINT-LO
50502,66.29Z,PME,50000,SAINT-LO
50502,66.30Z,,50000,SAINT-LO
50502,66.30Z,PME,50000,SAINT-LO
50502,68.10Z,,50000,SAINT-LO
50502,68.10Z,PME,50000,SAINT-LO
50502,68.20A,,50000,SAINT-LO
50502,68.20A,ETI,50000,SAINT-LO
50502,68.20A,PME,50000,SAINT-LO
50502,68.20B,,50000,SAINT-LO
50502,68.20B,ETI,50000,SAINT-LO
50502,68.20B,GE,50000,SAINT-LO
50502,68.20B,PME,50000,SAINT-LO
50502,68.31Z,,50000,SAINT-LO
50502,68.31Z,PME,50000,SAINT-LO
50502,68.32A,,50000,SAINT-LO
50502,68.32A,ETI,50000,SAINT-LO
50502,68.32A,PME,50000,SAINT-LO
50502,68.32B,,50000,SAINT-LO
50502,68.32B,PME,50000,SAINT-LO
50502,69.10Z,,50000,SAINT-LO
50502,69.10Z,ETI,50000,SAINT-LO
50502,69.10Z,PME,50000,SAINT-LO
50502,69.20Z,,50000,SAINT-LO
50502,69.20Z,ETI,50000,SAINT-LO
50502,69.20Z,GE,50000,SAINT-LO
50502,69.20Z,PME,50000,SAINT-LO
50502,70.10Z,,50000,SAINT-LO
50502,70.10Z,ETI,50000,SAINT-LO
50502,70.10Z,GE,50000,SAINT-LO
50502,70.10Z,PME,50000,SAINT-LO
50502,70.21Z,,50000,SAINT-LO
50502,70.21Z,PME,50000,SAINT-LO
50502,70.22Z,,50000,SAINT-LO
50502,70.22Z,ETI,50000,SAINT-LO
50502,70.22Z,GE,50000,SAINT-LO
50502,70.22Z,PME,50000,SAINT-LO
50502,71.11Z,ETI,50000,SAINT-LO
50502,71.11Z,PME,50000,SAINT-LO
50502,71.12A,PME,50000,SAINT-LO
50502,71.12B,,50000,SAINT-LO
50502,71.12B,ETI,50000,SAINT-LO
50502,71.12B,PME,50000,SAINT-LO
50502,71.20A,ETI,50000,SAINT-LO
50502,71.20A,PME,50000,SAINT-LO
50502,71.20B,,50000,SAINT-LO
50502,71.20B,PME,50000,SAINT-LO
50502,72.11Z,PME,50000,SAINT-LO
50502,72.19Z,PME,50000,SAINT-LO
50502,73.11Z,ETI,50000,SAINT-LO
50502,73.11Z,GE,50000,SAINT-LO
50502,73.11Z,PME,50000,SAINT-LO
50502,73.12Z,ETI,50000,SAINT-LO
50502,73.12Z,PME,50000,SAINT-LO
50502,74.10Z,,50000,SAINT-LO
50502,74.10Z,PME,50000,SAINT-LO
50502,74.20Z,,50000,SAINT-LO
50502,74.20Z,ETI,50000,SAINT-LO
50502,74.20Z,PME,50000,SAINT-LO
50502,74.30Z,,50000,SAINT-LO
50502,74.30Z,PME,50000,SAINT-LO
50502,74.90A,PME,50000,SAINT-LO
50502,74.90B,,50000,SAINT-LO
50502,74.90B,PME,50000,SAINT-LO
50502,75.00Z,,50000,SAINT-LO
50502,75.00Z,PME,50000,SAINT-LO
50502,77.11A,PME,50000,SAINT-LO
50502,77.12Z,ETI,50000,SAINT-LO
50502,77.12Z,GE,50000,SAINT-LO
50502,77.12Z,PME,50000,SAINT-LO
50502,77.29Z,,50000,SAINT-LO
50502,77.29Z,ETI,50000,SAINT-LO
50502,77.31Z,,50000,SAINT-LO
50502,77.32Z,ETI,50000,SAINT-LO
50502,77.39Z,PME,50000,SAINT-LO
50502,78.20Z,ETI,50000,SAINT-LO
50502,78.20Z,GE,50000,SAINT-LO
50502,78.20Z,PME,50000,SAINT-LO
50502,78.30Z,PME,50000,SAINT-LO
50502,79.11Z,,50000,SAINT-LO
50502,79.11Z,ETI,50000,SAINT-LO
50502,79.11Z,PME,50000,SAINT-LO
50502,79.12Z,,50000,SAINT-LO
50502,79.90Z,PME,50000,SAINT-LO
50502,80.10Z,ETI,50000,SAINT-LO
50502,80.10Z,PME,50000,SAINT-LO
50502,81.10Z,,50000,SAINT-LO
50502,81.10Z,PME,50000,SAINT-LO
50502,81.21Z,,50000,SAINT-LO
50502,81.21Z,ETI,50000,SAINT-LO
50502,81.21Z,PME,50000,SAINT-LO
50502,81.22Z,ETI,50000,SAINT-LO
50502,81.22Z,PME,50000,SAINT-LO
50502,81.29B,PME,50000,SAINT-LO
50502,81.30Z,ETI,50000,SAINT-LO
50502,81.30Z,PME,50000,SAINT-LO
50502,82.11Z,,50000,SAINT-LO
50502,82.11Z,ETI,50000,SAINT-LO
50502,82.11Z,PME,50000,SAINT-LO
50502,82.19Z,,50000,SAINT-LO
50502,82.19Z,PME,50000,SAINT-LO
50502,82.30Z,,50000,SAINT-LO
50502,82.30Z,PME,50000,SAINT-LO
50502,82.92Z,PME,50000,SAINT-LO
50502,82.99Z,,50000,SAINT-LO
50502,82.99Z,PME,50000,SAINT-LO
50502,84.11Z,,50000,SAINT-LO
50502,84.11Z,ETI,50000,SAINT-LO
50502,84.11Z,PME,50000,SAINT-LO
50502,84.12Z,ETI,50000,SAINT-LO
50502,84.12Z,PME,50000,SAINT-LO
50502,84.13Z,ETI,50000,SAINT-LO
50502,84.13Z,GE,50000,SAINT-LO
50502,84.13Z,PME,50000,SAINT-LO
50502,84.23Z,ETI,50000,SAINT-LO
50502,84.24Z,ETI,50000,SAINT-LO
50502,84.25Z,ETI,50000,SAINT-LO
50502,84.30A,,50000,SAINT-LO
50502,84.30A,ETI,50000,SAINT-LO
50502,84.30A,GE,50000,SAINT-LO
50502,84.30A,PME,50000,SAINT-LO
50502,84.30B,ETI,50000,SAINT-LO
50502,84.30C,PME,50000,SAINT-LO
50502,85.10Z,ETI,50000,SAINT-LO
50502,85.20Z,ETI,50000,SAINT-LO
50502,85.20Z,PME,50000,SAINT-LO
50502,85.31Z,ETI,50000,SAINT-LO
50502,85.31Z,PME,50000,SAINT-LO
50502,85.32Z,PME,50000,SAINT-LO
50502,85.42Z,,50000,SAINT-LO
50502,85.42Z,ETI,50000,SAINT-LO
50502,85.42Z,PME,50000,SAINT-LO
50502,85.51Z,,50000,SAINT-LO
50502,85.51Z,PME,50000,SAINT-LO
50502,85.52Z,,50000,SAINT-LO
50502,85.52Z,PME,50000,SAINT-LO
50502,85.53Z,PME,50000,SAINT-LO
50502,85.59A,,50000,SAINT-LO
50502,85.59A,ETI,50000,SAINT-LO
50502,85.59A,PME,50000,SAINT-LO
50502,85.59B,,50000,SAINT-LO
50502,85.59B,PME,50000,SAINT-LO
50502,85.60Z,,50000,SAINT-LO
50502,86.10Z,ETI,50000,SAINT-LO
50502,86.21Z,,50000,SAINT-LO
50502,86.21Z,ETI,50000,SAINT-LO
50502,86.21Z,PME,50000,SAINT-LO
50502,86.22A,PME,50000,SAINT-LO
50502,86.22B,,50000,SAINT-LO
50502,86.22B,PME,50000,SAINT-LO
50502,86.22C,,50000,SAINT-LO
50502,86.22C,PME,50000,SAINT-LO
50502,86.23Z,PME,50000,SAINT-LO
50502,86.90A,PME,50000,SAINT-LO
50502,86.90B,,50000,SAINT-LO
50502,86.90B,GE,50000,SAINT-LO
50502,86.90B,PME,50000,SAINT-LO
50502,86.90C,GE,50000,SAINT-LO
50502,86.90D,,50000,SAINT-LO
50502,86.90D,PME,50000,SAINT-LO
50502,86.90E,,50000,SAINT-LO
50502,86.90E,PME,50000,SAINT-LO
50502,86.90F,,50000,SAINT-LO
50502,86.90F,PME,50000,SAINT-LO
50502,87.10A,ETI,50000,SAINT-LO
50502,87.10A,GE,50000,SAINT-LO
50502,87.10A,PME,50000,SAINT-LO
50502,87.10B,ETI,50000,SAINT-LO
50502,87.20A,ETI,50000,SAINT-LO
50502,87.20A,PME,50000,SAINT-LO
50502,87.30A,,50000,SAINT-LO
50502,87.30B,ETI,50000,SAINT-LO
50502,87.90A,PME,50000,SAINT-LO
50502,87.90B,,50000,SAINT-LO
50502,87.90B,ETI,50000,SAINT-LO
50502,87.90B,PME,50000,SAINT-LO
50502,88.10A,,50000,SAINT-LO
50502,88.10A,ETI,50000,SAINT-LO
50502,88.10A,GE,50000,SAINT-LO
50502,88.10A,PME,50000,SAINT-LO
50502,88.10B,ETI,50000,SAINT-LO
50502,88.10C,ETI,50000,SAINT-LO
50502,88.91A,,50000,SAINT-LO
50502,88.91A,ETI,50000,SAINT-LO
50502,88.91A,PME,50000,SAINT-LO
50502,88.91B,ETI,50000,SAINT-LO
50502,88.91B,PME,50000,SAINT-LO
50502,88.99A,,50000,SAINT-LO
50502,88.99A,ETI,50000,SAINT-LO
50502,88.99A,PME,50000,SAINT-LO
50502,88.99B,,50000,SAINT-LO
50502,88.99B,ETI,50000,SAINT-LO
50502,88.99B,GE,50000,SAINT-LO
50502,88.99B,PME,50000,SAINT-LO
50502,90.01Z,,50000,SAINT-LO
50502,90.01Z,PME,50000,SAINT-LO
50502,90.02Z,,50000,SAINT-LO
50502,90.02Z,ETI,50000,SAINT-LO
50502,90.02Z,PME,50000,SAINT-LO
50502,90.03A,,50000,SAINT-LO
50502,90.03A,PME,50000,SAINT-LO
50502,90.03B,,50000,SAINT-LO
50502,90.03B,PME,50000,SAINT-LO
50502,90.04Z,,50000,SAINT-LO
50502,90.04Z,ETI,50000,SAINT-LO
50502,90.04Z,PME,50000,SAINT-LO
50502,91.01Z,ETI,50000,SAINT-LO
50502,91.03Z,,50000,SAINT-LO
50502,91.03Z,ETI,50000,SAINT-LO
50502,91.03Z,PME,50000,SAINT-LO
50502,93.11Z,,50000,SAINT-LO
50502,93.11Z,ETI,50000,SAINT-LO
50502,93.11Z,PME,50000,SAINT-LO
50502,93.12Z,,50000,SAINT-LO
50502,93.12Z,PME,50000,SAINT-LO
50502,93.13Z,,50000,SAINT-LO
50502,93.13Z,PME,50000,SAINT-LO
50502,93.19Z,,50000,SAINT-LO
50502,93.19Z,PME,50000,SAINT-LO
50502,93.29Z,,50000,SAINT-LO
50502,93.29Z,PME,50000,SAINT-LO
50502,94.11Z,,50000,SAINT-LO
50502,94.11Z,ETI,50000,SAINT-LO
50502,94.11Z,PME,50000,SAINT-LO
50502,94.12Z,,50000,SAINT-LO
50502,94.12Z,PME,50000,SAINT-LO
50502,94.20Z,,50000,SAINT-LO
50502,94.20Z,PME,50000,SAINT-LO
50502,94.91Z,,50000,SAINT-LO
50502,94.91Z,PME,50000,SAINT-LO
50502,94.92Z,,50000,SAINT-LO
50502,94.92Z,PME,50000,SAINT-LO
50502,94.99Z,,50000,SAINT-LO
50502,94.99Z,PME,50000,SAINT-LO
50502,95.11Z,GE,50000,SAINT-LO
50502,95.11Z,PME,50000,SAINT-LO
50502,95.12Z,,50000,SAINT-LO
50502,95.12Z,PME,50000,SAINT-LO
50502,95.22Z,PME,50000,SAINT-LO
50502,95.23Z,PME,50000,SAINT-LO
50502,95.24Z,PME,50000,SAINT-LO
50502,95.29Z,,50000,SAINT-LO
50502,95.29Z,PME,50000,SAINT-LO
50502,96.01A,PME,50000,SAINT-LO
50502,96.01B,PME,50000,SAINT-LO
50502,96.02A,,50000,SAINT-LO
50502,96.02A,PME,50000,SAINT-LO
50502,96.02B,,50000,SAINT-LO
50502,96.02B,PME,50000,SAINT-LO
50502,96.03Z,GE,50000,SAINT-LO
50502,96.03Z,PME,50000,SAINT-LO
50502,96.04Z,,50000,SAINT-LO
50502,96.04Z,PME,50000,SAINT-LO
50502,96.09Z,,50000,SAINT-LO
50502,96.09Z,ETI,50000,SAINT-LO
50502,96.09Z,PME,50000,SAINT-LO
50504,01.11Z,,50420,SAINT-LOUET-SUR-VIRE
50504,01.41Z,,50420,SAINT-LOUET-SUR-VIRE
50504,01.42Z,,50420,SAINT-LOUET-SUR-VIRE
50504,01.43Z,,50420,SAINT-LOUET-SUR-VIRE
50504,01.46Z,,50420,SAINT-LOUET-SUR-VIRE
50504,01.49Z,,50420,SAINT-LOUET-SUR-VIRE
50504,02.20Z,PME,50420,SAINT-LOUET-SUR-VIRE
50504,35.11Z,,50420,SAINT-LOUET-SUR-VIRE
50504,35.11Z,PME,50420,SAINT-LOUET-SUR-VIRE
50504,38.11Z,PME,50420,SAINT-LOUET-SUR-VIRE
50504,43.12A,PME,50420,SAINT-LOUET-SUR-VIRE
50504,43.32A,,50420,SAINT-LOUET-SUR-VIRE
50504,43.32A,PME,50420,SAINT-LOUET-SUR-VIRE
50504,43.99C,PME,50420,SAINT-LOUET-SUR-VIRE
50504,47.99A,,50420,SAINT-LOUET-SUR-VIRE
50504,58.13Z,,50420,SAINT-LOUET-SUR-VIRE
50504,64.20Z,PME,50420,SAINT-LOUET-SUR-VIRE
50504,68.20A,,50420,SAINT-LOUET-SUR-VIRE
50504,68.20B,PME,50420,SAINT-LOUET-SUR-VIRE
50504,69.20Z,,50420,SAINT-LOUET-SUR-VIRE
50504,70.22Z,PME,50420,SAINT-LOUET-SUR-VIRE
50504,74.30Z,PME,50420,SAINT-LOUET-SUR-VIRE
50504,81.21Z,,50420,SAINT-LOUET-SUR-VIRE
50504,84.11Z,PME,50420,SAINT-LOUET-SUR-VIRE
50504,96.09Z,PME,50420,SAINT-LOUET-SUR-VIRE
50505,01.11Z,,50300,SAINT-LOUP
50505,01.41Z,,50300,SAINT-LOUP
50505,01.42Z,,50300,SAINT-LOUP
50505,01.43Z,,50300,SAINT-LOUP
50505,01.45Z,,50300,SAINT-LOUP
50505,01.49Z,,50300,SAINT-LOUP
50505,01.50Z,,50300,SAINT-LOUP
50505,01.61Z,,50300,SAINT-LOUP
50505,28.29B,PME,50300,SAINT-LOUP
50505,35.11Z,,50300,SAINT-LOUP
50505,43.32A,PME,50300,SAINT-LOUP
50505,43.33Z,PME,50300,SAINT-LOUP
50505,43.91B,PME,50300,SAINT-LOUP
50505,43.99C,PME,50300,SAINT-LOUP
50505,45.20A,PME,50300,SAINT-LOUP
50505,46.73A,PME,50300,SAINT-LOUP
50505,47.82Z,PME,50300,SAINT-LOUP
50505,47.99A,,50300,SAINT-LOUP
50505,47.99A,PME,50300,SAINT-LOUP
50505,49.41A,PME,50300,SAINT-LOUP
50505,53.20Z,,50300,SAINT-LOUP
50505,55.20Z,,50300,SAINT-LOUP
50505,55.20Z,PME,50300,SAINT-LOUP
50505,62.02B,PME,50300,SAINT-LOUP
50505,64.20Z,PME,50300,SAINT-LOUP
50505,66.30Z,PME,50300,SAINT-LOUP
50505,68.20A,,50300,SAINT-LOUP
50505,68.20A,PME,50300,SAINT-LOUP
50505,68.20B,,50300,SAINT-LOUP
50505,68.20B,PME,50300,SAINT-LOUP
50505,68.31Z,PME,50300,SAINT-LOUP
50505,68.32A,,50300,SAINT-LOUP
50505,70.10Z,PME,50300,SAINT-LOUP
50505,70.22Z,,50300,SAINT-LOUP
50505,71.12B,PME,50300,SAINT-LOUP
50505,74.10Z,,50300,SAINT-LOUP
50505,84.11Z,PME,50300,SAINT-LOUP
50505,86.21Z,PME,50300,SAINT-LOUP
50505,86.90D,PME,50300,SAINT-LOUP
50505,93.29Z,PME,50300,SAINT-LOUP
50505,94.99Z,,50300,SAINT-LOUP
50505,96.04Z,PME,50300,SAINT-LOUP
50506,01.11Z,,50200,SAINT-MALO-DE-LA-LANDE
50506,01.13Z,,50200,SAINT-MALO-DE-LA-LANDE
50506,01.41Z,,50200,SAINT-MALO-DE-LA-LANDE
50506,01.42Z,,50200,SAINT-MALO-DE-LA-LANDE
50506,01.43Z,,50200,SAINT-MALO-DE-LA-LANDE
50506,01.45Z,,50200,SAINT-MALO-DE-LA-LANDE
50506,01.49Z,,50200,SAINT-MALO-DE-LA-LANDE
50506,01.61Z,,50200,SAINT-MALO-DE-LA-LANDE
50506,03.11Z,,50200,SAINT-MALO-DE-LA-LANDE
50506,10.71C,PME,50200,SAINT-MALO-DE-LA-LANDE
50506,16.29Z,PME,50200,SAINT-MALO-DE-LA-LANDE
50506,25.61Z,PME,50200,SAINT-MALO-DE-LA-LANDE
50506,28.30Z,PME,50200,SAINT-MALO-DE-LA-LANDE
50506,32.99Z,,50200,SAINT-MALO-DE-LA-LANDE
50506,35.11Z,PME,50200,SAINT-MALO-DE-LA-LANDE
50506,37.00Z,PME,50200,SAINT-MALO-DE-LA-LANDE
50506,42.99Z,PME,50200,SAINT-MALO-DE-LA-LANDE
50506,43.22A,PME,50200,SAINT-MALO-DE-LA-LANDE
50506,43.34Z,,50200,SAINT-MALO-DE-LA-LANDE
50506,43.91B,PME,50200,SAINT-MALO-DE-LA-LANDE
50506,46.19B,,50200,SAINT-MALO-DE-LA-LANDE
50506,47.99A,PME,50200,SAINT-MALO-DE-LA-LANDE
50506,56.30Z,PME,50200,SAINT-MALO-DE-LA-LANDE
50506,66.21Z,PME,50200,SAINT-MALO-DE-LA-LANDE
50506,68.20B,,50200,SAINT-MALO-DE-LA-LANDE
50506,68.20B,PME,50200,SAINT-MALO-DE-LA-LANDE
50506,70.10Z,,50200,SAINT-MALO-DE-LA-LANDE
50506,70.21Z,PME,50200,SAINT-MALO-DE-LA-LANDE
50506,70.22Z,,50200,SAINT-MALO-DE-LA-LANDE
50506,81.21Z,,50200,SAINT-MALO-DE-LA-LANDE
50506,82.99Z,PME,50200,SAINT-MALO-DE-LA-LANDE
50506,84.11Z,PME,50200,SAINT-MALO-DE-LA-LANDE
50506,85.20Z,PME,50200,SAINT-MALO-DE-LA-LANDE
50506,85.52Z,PME,50200,SAINT-MALO-DE-LA-LANDE
50506,85.59B,PME,50200,SAINT-MALO-DE-LA-LANDE
50506,86.90D,PME,50200,SAINT-MALO-DE-LA-LANDE
50506,88.10B,PME,50200,SAINT-MALO-DE-LA-LANDE
50506,88.91A,ETI,50200,SAINT-MALO-DE-LA-LANDE
50506,88.99B,,50200,SAINT-MALO-DE-LA-LANDE
50506,90.01Z,PME,50200,SAINT-MALO-DE-LA-LANDE
50506,90.03A,PME,50200,SAINT-MALO-DE-LA-LANDE
50506,90.03B,PME,50200,SAINT-MALO-DE-LA-LANDE
50506,93.12Z,,50200,SAINT-MALO-DE-LA-LANDE
50506,94.99Z,,50200,SAINT-MALO-DE-LA-LANDE
50506,95.29Z,PME,50200,SAINT-MALO-DE-LA-LANDE
50507,01.11Z,,50310,SAINT-MARCOUF
50507,01.24Z,PME,50310,SAINT-MARCOUF
50507,01.41Z,,50310,SAINT-MARCOUF
50507,01.42Z,,50310,SAINT-MARCOUF
50507,01.43Z,,50310,SAINT-MARCOUF
50507,01.47Z,,50310,SAINT-MARCOUF
50507,01.62Z,,50310,SAINT-MARCOUF
50507,03.11Z,,50310,SAINT-MARCOUF
50507,03.11Z,PME,50310,SAINT-MARCOUF
50507,18.13Z,PME,50310,SAINT-MARCOUF
50507,35.11Z,PME,50310,SAINT-MARCOUF
50507,43.12A,PME,50310,SAINT-MARCOUF
50507,43.91B,,50310,SAINT-MARCOUF
50507,43.99C,PME,50310,SAINT-MARCOUF
50507,45.20A,PME,50310,SAINT-MARCOUF
50507,47.81Z,PME,50310,SAINT-MARCOUF
50507,55.20Z,PME,50310,SAINT-MARCOUF
50507,55.30Z,PME,50310,SAINT-MARCOUF
50507,62.01Z,PME,50310,SAINT-MARCOUF
50507,68.20A,,50310,SAINT-MARCOUF
50507,68.20A,PME,50310,SAINT-MARCOUF
50507,68.20B,,50310,SAINT-MARCOUF
50507,68.32A,,50310,SAINT-MARCOUF
50507,70.10Z,,50310,SAINT-MARCOUF
50507,70.10Z,PME,50310,SAINT-MARCOUF
50507,77.31Z,,50310,SAINT-MARCOUF
50507,84.11Z,PME,50310,SAINT-MARCOUF
50507,90.01Z,,50310,SAINT-MARCOUF
50507,91.02Z,,50310,SAINT-MARCOUF
50507,91.02Z,PME,50310,SAINT-MARCOUF
50507,91.03Z,,50310,SAINT-MARCOUF
50507,94.91Z,,50310,SAINT-MARCOUF
50507,94.99Z,,50310,SAINT-MARCOUF
50509,01.11Z,,50480,SAINTE-MARIE-DU-MONT
50509,01.13Z,,50480,SAINTE-MARIE-DU-MONT
50509,01.19Z,,50480,SAINTE-MARIE-DU-MONT
50509,01.29Z,,50480,SAINTE-MARIE-DU-MONT
50509,01.41Z,,50480,SAINTE-MARIE-DU-MONT
50509,01.42Z,,50480,SAINTE-MARIE-DU-MONT
50509,01.43Z,,50480,SAINTE-MARIE-DU-MONT
50509,01.49Z,,50480,SAINTE-MARIE-DU-MONT
50509,01.50Z,,50480,SAINTE-MARIE-DU-MONT
50509,01.61Z,,50480,SAINTE-MARIE-DU-MONT
50509,01.62Z,,50480,SAINTE-MARIE-DU-MONT
50509,01.62Z,PME,50480,SAINTE-MARIE-DU-MONT
50509,01.70Z,,50480,SAINTE-MARIE-DU-MONT
50509,02.10Z,,50480,SAINTE-MARIE-DU-MONT
50509,03.11Z,,50480,SAINTE-MARIE-DU-MONT
50509,03.21Z,,50480,SAINTE-MARIE-DU-MONT
50509,10.71C,PME,50480,SAINTE-MARIE-DU-MONT
50509,18.12Z,,50480,SAINTE-MARIE-DU-MONT
50509,32.13Z,,50480,SAINTE-MARIE-DU-MONT
50509,35.11Z,PME,50480,SAINTE-MARIE-DU-MONT
50509,36.00Z,PME,50480,SAINTE-MARIE-DU-MONT
50509,37.00Z,PME,50480,SAINTE-MARIE-DU-MONT
50509,42.99Z,,50480,SAINTE-MARIE-DU-MONT
50509,43.21A,PME,50480,SAINTE-MARIE-DU-MONT
50509,43.32A,,50480,SAINTE-MARIE-DU-MONT
50509,43.32B,PME,50480,SAINTE-MARIE-DU-MONT
50509,45.11Z,PME,50480,SAINTE-MARIE-DU-MONT
50509,45.40Z,PME,50480,SAINTE-MARIE-DU-MONT
50509,46.23Z,,50480,SAINTE-MARIE-DU-MONT
50509,46.90Z,PME,50480,SAINTE-MARIE-DU-MONT
50509,47.11B,PME,50480,SAINTE-MARIE-DU-MONT
50509,47.22Z,PME,50480,SAINTE-MARIE-DU-MONT
50509,47.23Z,PME,50480,SAINTE-MARIE-DU-MONT
50509,47.64Z,,50480,SAINTE-MARIE-DU-MONT
50509,47.78C,PME,50480,SAINTE-MARIE-DU-MONT
50509,47.79Z,PME,50480,SAINTE-MARIE-DU-MONT
50509,47.81Z,,50480,SAINTE-MARIE-DU-MONT
50509,47.81Z,PME,50480,SAINTE-MARIE-DU-MONT
50509,47.91A,PME,50480,SAINTE-MARIE-DU-MONT
50509,47.99A,PME,50480,SAINTE-MARIE-DU-MONT
50509,55.20Z,PME,50480,SAINTE-MARIE-DU-MONT
50509,55.30Z,PME,50480,SAINTE-MARIE-DU-MONT
50509,56.10A,PME,50480,SAINTE-MARIE-DU-MONT
50509,56.10C,,50480,SAINTE-MARIE-DU-MONT
50509,59.12Z,,50480,SAINTE-MARIE-DU-MONT
50509,66.19B,,50480,SAINTE-MARIE-DU-MONT
50509,66.30Z,PME,50480,SAINTE-MARIE-DU-MONT
50509,68.10Z,,50480,SAINTE-MARIE-DU-MONT
50509,68.20A,,50480,SAINTE-MARIE-DU-MONT
50509,68.20A,PME,50480,SAINTE-MARIE-DU-MONT
50509,68.20B,,50480,SAINTE-MARIE-DU-MONT
50509,68.20B,PME,50480,SAINTE-MARIE-DU-MONT
50509,68.31Z,PME,50480,SAINTE-MARIE-DU-MONT
50509,68.32A,,50480,SAINTE-MARIE-DU-MONT
50509,70.10Z,,50480,SAINTE-MARIE-DU-MONT
50509,70.10Z,PME,50480,SAINTE-MARIE-DU-MONT
50509,70.22Z,PME,50480,SAINTE-MARIE-DU-MONT
50509,71.12B,,50480,SAINTE-MARIE-DU-MONT
50509,74.20Z,,50480,SAINTE-MARIE-DU-MONT
50509,79.11Z,,50480,SAINTE-MARIE-DU-MONT
50509,79.90Z,PME,50480,SAINTE-MARIE-DU-MONT
50509,81.30Z,PME,50480,SAINTE-MARIE-DU-MONT
50509,84.11Z,PME,50480,SAINTE-MARIE-DU-MONT
50509,85.20Z,PME,50480,SAINTE-MARIE-DU-MONT
50509,85.51Z,PME,50480,SAINTE-MARIE-DU-MONT
50509,85.59B,,50480,SAINTE-MARIE-DU-MONT
50509,86.21Z,PME,50480,SAINTE-MARIE-DU-MONT
50509,86.90A,PME,50480,SAINTE-MARIE-DU-MONT
50509,86.90D,PME,50480,SAINTE-MARIE-DU-MONT
50509,86.90E,PME,50480,SAINTE-MARIE-DU-MONT
50509,87.10A,ETI,50480,SAINTE-MARIE-DU-MONT
50509,88.99B,,50480,SAINTE-MARIE-DU-MONT
50509,90.02Z,,50480,SAINTE-MARIE-DU-MONT
50509,90.03A,PME,50480,SAINTE-MARIE-DU-MONT
50509,91.03Z,,50480,SAINTE-MARIE-DU-MONT
50509,91.03Z,PME,50480,SAINTE-MARIE-DU-MONT
50509,93.12Z,,50480,SAINTE-MARIE-DU-MONT
50509,93.12Z,PME,50480,SAINTE-MARIE-DU-MONT
50509,93.19Z,,50480,SAINTE-MARIE-DU-MONT
50509,93.19Z,PME,50480,SAINTE-MARIE-DU-MONT
50509,94.99Z,,50480,SAINTE-MARIE-DU-MONT
50509,94.99Z,PME,50480,SAINTE-MARIE-DU-MONT
50509,96.02A,,50480,SAINTE-MARIE-DU-MONT
50509,96.09Z,,50480,SAINTE-MARIE-DU-MONT
50509,96.09Z,PME,50480,SAINTE-MARIE-DU-MONT
50510,01.11Z,,50190,SAINT MARTIN D'AUBIGNY
50510,01.19Z,,50190,SAINT MARTIN D'AUBIGNY
50510,01.41Z,,50190,SAINT MARTIN D'AUBIGNY
50510,01.42Z,,50190,SAINT MARTIN D'AUBIGNY
50510,01.43Z,,50190,SAINT MARTIN D'AUBIGNY
50510,01.45Z,,50190,SAINT MARTIN D'AUBIGNY
50510,01.49Z,,50190,SAINT MARTIN D'AUBIGNY
50510,01.50Z,,50190,SAINT MARTIN D'AUBIGNY
50510,01.61Z,,50190,SAINT MARTIN D'AUBIGNY
50510,02.20Z,,50190,SAINT MARTIN D'AUBIGNY
50510,13.92Z,PME,50190,SAINT MARTIN D'AUBIGNY
50510,15.11Z,GE,50190,SAINT MARTIN D'AUBIGNY
50510,16.21Z,,50190,SAINT MARTIN D'AUBIGNY
50510,35.11Z,PME,50190,SAINT MARTIN D'AUBIGNY
50510,37.00Z,PME,50190,SAINT MARTIN D'AUBIGNY
50510,42.99Z,PME,50190,SAINT MARTIN D'AUBIGNY
50510,43.22B,PME,50190,SAINT MARTIN D'AUBIGNY
50510,43.32A,PME,50190,SAINT MARTIN D'AUBIGNY
50510,43.34Z,PME,50190,SAINT MARTIN D'AUBIGNY
50510,43.99C,PME,50190,SAINT MARTIN D'AUBIGNY
50510,45.20A,PME,50190,SAINT MARTIN D'AUBIGNY
50510,45.40Z,PME,50190,SAINT MARTIN D'AUBIGNY
50510,47.19B,,50190,SAINT MARTIN D'AUBIGNY
50510,49.39A,PME,50190,SAINT MARTIN D'AUBIGNY
50510,55.20Z,PME,50190,SAINT MARTIN D'AUBIGNY
50510,56.10A,,50190,SAINT MARTIN D'AUBIGNY
50510,56.10A,PME,50190,SAINT MARTIN D'AUBIGNY
50510,56.10C,PME,50190,SAINT MARTIN D'AUBIGNY
50510,64.30Z,PME,50190,SAINT MARTIN D'AUBIGNY
50510,66.30Z,PME,50190,SAINT MARTIN D'AUBIGNY
50510,68.20B,,50190,SAINT MARTIN D'AUBIGNY
50510,68.20B,PME,50190,SAINT MARTIN D'AUBIGNY
50510,68.31Z,,50190,SAINT MARTIN D'AUBIGNY
50510,70.22Z,PME,50190,SAINT MARTIN D'AUBIGNY
50510,81.22Z,PME,50190,SAINT MARTIN D'AUBIGNY
50510,81.30Z,,50190,SAINT MARTIN D'AUBIGNY
50510,84.11Z,PME,50190,SAINT MARTIN D'AUBIGNY
50510,85.20Z,PME,50190,SAINT MARTIN D'AUBIGNY
50510,86.10Z,GE,50190,SAINT MARTIN D'AUBIGNY
50510,88.99B,,50190,SAINT MARTIN D'AUBIGNY
50510,93.12Z,,50190,SAINT MARTIN D'AUBIGNY
50510,93.12Z,PME,50190,SAINT MARTIN D'AUBIGNY
50510,93.19Z,,50190,SAINT MARTIN D'AUBIGNY
50510,93.29Z,PME,50190,SAINT MARTIN D'AUBIGNY
50510,94.99Z,,50190,SAINT MARTIN D'AUBIGNY
50510,94.99Z,PME,50190,SAINT MARTIN D'AUBIGNY
50510,96.09Z,PME,50190,SAINT MARTIN D'AUBIGNY
50511,01.11Z,,50310,SAINT MARTIN D'AUDOUVILLE
50511,01.41Z,,50310,SAINT MARTIN D'AUDOUVILLE
50511,01.42Z,,50310,SAINT MARTIN D'AUDOUVILLE
50511,01.42Z,PME,50310,SAINT MARTIN D'AUDOUVILLE
50511,01.43Z,PME,50310,SAINT MARTIN D'AUDOUVILLE
50511,03.21Z,,50310,SAINT MARTIN D'AUDOUVILLE
50511,11.01Z,PME,50310,SAINT MARTIN D'AUDOUVILLE
50511,43.22A,,50310,SAINT MARTIN D'AUDOUVILLE
50511,43.22A,PME,50310,SAINT MARTIN D'AUDOUVILLE
50511,43.22B,PME,50310,SAINT MARTIN D'AUDOUVILLE
50511,47.76Z,PME,50310,SAINT MARTIN D'AUDOUVILLE
50511,47.82Z,PME,50310,SAINT MARTIN D'AUDOUVILLE
50511,47.89Z,PME,50310,SAINT MARTIN D'AUDOUVILLE
50511,47.91B,PME,50310,SAINT MARTIN D'AUDOUVILLE
50511,47.99A,PME,50310,SAINT MARTIN D'AUDOUVILLE
50511,55.20Z,,50310,SAINT MARTIN D'AUDOUVILLE
50511,68.20B,,50310,SAINT MARTIN D'AUDOUVILLE
50511,68.20B,PME,50310,SAINT MARTIN D'AUDOUVILLE
50511,68.31Z,,50310,SAINT MARTIN D'AUDOUVILLE
50511,84.11Z,PME,50310,SAINT MARTIN D'AUDOUVILLE
50511,93.29Z,PME,50310,SAINT MARTIN D'AUDOUVILLE
50511,96.09Z,PME,50310,SAINT MARTIN D'AUDOUVILLE
50513,01.11Z,,50210,SAINT-MARTIN-DE-CENILLY
50513,01.41Z,,50210,SAINT-MARTIN-DE-CENILLY
50513,01.45Z,,50210,SAINT-MARTIN-DE-CENILLY
50513,01.61Z,,50210,SAINT-MARTIN-DE-CENILLY
50513,02.10Z,,50210,SAINT-MARTIN-DE-CENILLY
50513,18.13Z,PME,50210,SAINT-MARTIN-DE-CENILLY
50513,25.99B,PME,50210,SAINT-MARTIN-DE-CENILLY
50513,32.13Z,,50210,SAINT-MARTIN-DE-CENILLY
50513,41.10D,PME,50210,SAINT-MARTIN-DE-CENILLY
50513,47.89Z,PME,50210,SAINT-MARTIN-DE-CENILLY
50513,66.30Z,PME,50210,SAINT-MARTIN-DE-CENILLY
50513,68.20A,PME,50210,SAINT-MARTIN-DE-CENILLY
50513,68.20B,,50210,SAINT-MARTIN-DE-CENILLY
50513,68.20B,PME,50210,SAINT-MARTIN-DE-CENILLY
50513,69.20Z,PME,50210,SAINT-MARTIN-DE-CENILLY
50513,70.22Z,,50210,SAINT-MARTIN-DE-CENILLY
50513,84.11Z,PME,50210,SAINT-MARTIN-DE-CENILLY
50513,85.52Z,PME,50210,SAINT-MARTIN-DE-CENILLY
50513,86.90E,PME,50210,SAINT-MARTIN-DE-CENILLY
50513,93.19Z,,50210,SAINT-MARTIN-DE-CENILLY
50513,94.91Z,,50210,SAINT-MARTIN-DE-CENILLY
50513,94.99Z,,50210,SAINT-MARTIN-DE-CENILLY
50513,95.24Z,PME,50210,SAINT-MARTIN-DE-CENILLY
50514,01.11Z,,50150,CHAULIEU
50514,01.41Z,,50150,CHAULIEU
50514,01.41Z,PME,50150,CHAULIEU
50514,01.42Z,,50150,CHAULIEU
50514,01.43Z,,50150,CHAULIEU
50514,01.45Z,,50150,CHAULIEU
50514,01.47Z,,50150,CHAULIEU
50514,01.50Z,,50150,CHAULIEU
50514,01.61Z,,50150,CHAULIEU
50514,02.10Z,,50150,CHAULIEU
50514,35.11Z,ETI,50150,CHAULIEU
50514,35.11Z,PME,50150,CHAULIEU
50514,43.21A,PME,50150,CHAULIEU
50514,43.22A,,50150,CHAULIEU
50514,43.99C,PME,50150,CHAULIEU
50514,46.49Z,PME,50150,CHAULIEU
50514,47.89Z,PME,50150,CHAULIEU
50514,47.91A,PME,50150,CHAULIEU
50514,47.91B,PME,50150,CHAULIEU
50514,47.99A,PME,50150,CHAULIEU
50514,53.20Z,PME,50150,CHAULIEU
50514,55.20Z,,50150,CHAULIEU
50514,56.10C,PME,50150,CHAULIEU
50514,62.02A,PME,50150,CHAULIEU
50514,68.20B,,50150,CHAULIEU
50514,68.20B,PME,50150,CHAULIEU
50514,70.10Z,PME,50150,CHAULIEU
50514,70.22Z,PME,50150,CHAULIEU
50514,77.12Z,PME,50150,CHAULIEU
50514,81.21Z,PME,50150,CHAULIEU
50514,84.11Z,PME,50150,CHAULIEU
50514,88.99B,,50150,CHAULIEU
50514,90.01Z,PME,50150,CHAULIEU
50514,91.03Z,,50150,CHAULIEU
50514,93.12Z,,50150,CHAULIEU
50514,93.29Z,PME,50150,CHAULIEU
50514,94.99Z,,50150,CHAULIEU
50514,95.29Z,PME,50150,CHAULIEU
50517,01.41Z,,50480,SAINT-MARTIN-DE-VARREVILLE
50517,01.42Z,,50480,SAINT-MARTIN-DE-VARREVILLE
50517,01.43Z,,50480,SAINT-MARTIN-DE-VARREVILLE
50517,01.50Z,,50480,SAINT-MARTIN-DE-VARREVILLE
50517,03.11Z,,50480,SAINT-MARTIN-DE-VARREVILLE
50517,03.21Z,,50480,SAINT-MARTIN-DE-VARREVILLE
50517,15.12Z,,50480,SAINT-MARTIN-DE-VARREVILLE
50517,42.99Z,,50480,SAINT-MARTIN-DE-VARREVILLE
50517,46.19B,PME,50480,SAINT-MARTIN-DE-VARREVILLE
50517,46.38A,PME,50480,SAINT-MARTIN-DE-VARREVILLE
50517,47.79Z,PME,50480,SAINT-MARTIN-DE-VARREVILLE
50517,53.20Z,,50480,SAINT-MARTIN-DE-VARREVILLE
50517,55.10Z,,50480,SAINT-MARTIN-DE-VARREVILLE
50517,55.20Z,PME,50480,SAINT-MARTIN-DE-VARREVILLE
50517,66.19A,PME,50480,SAINT-MARTIN-DE-VARREVILLE
50517,68.20A,,50480,SAINT-MARTIN-DE-VARREVILLE
50517,68.20B,,50480,SAINT-MARTIN-DE-VARREVILLE
50517,68.20B,PME,50480,SAINT-MARTIN-DE-VARREVILLE
50517,70.10Z,,50480,SAINT-MARTIN-DE-VARREVILLE
50517,70.10Z,PME,50480,SAINT-MARTIN-DE-VARREVILLE
50517,74.30Z,PME,50480,SAINT-MARTIN-DE-VARREVILLE
50517,82.11Z,PME,50480,SAINT-MARTIN-DE-VARREVILLE
50517,82.99Z,PME,50480,SAINT-MARTIN-DE-VARREVILLE
50517,84.11Z,PME,50480,SAINT-MARTIN-DE-VARREVILLE
50517,93.12Z,,50480,SAINT-MARTIN-DE-VARREVILLE
50517,94.99Z,,50480,SAINT-MARTIN-DE-VARREVILLE
50522,01.11Z,,50270,SAINT-MAURICE-EN-COTENTIN
50522,01.25Z,,50270,SAINT-MAURICE-EN-COTENTIN
50522,01.41Z,,50270,SAINT-MAURICE-EN-COTENTIN
50522,01.42Z,,50270,SAINT-MAURICE-EN-COTENTIN
50522,01.43Z,,50270,SAINT-MAURICE-EN-COTENTIN
50522,01.45Z,,50270,SAINT-MAURICE-EN-COTENTIN
50522,01.49Z,,50270,SAINT-MAURICE-EN-COTENTIN
50522,01.50Z,,50270,SAINT-MAURICE-EN-COTENTIN
50522,01.61Z,,50270,SAINT-MAURICE-EN-COTENTIN
50522,43.12A,PME,50270,SAINT-MAURICE-EN-COTENTIN
50522,43.21A,,50270,SAINT-MAURICE-EN-COTENTIN
50522,43.21A,PME,50270,SAINT-MAURICE-EN-COTENTIN
50522,43.32A,PME,50270,SAINT-MAURICE-EN-COTENTIN
50522,43.34Z,,50270,SAINT-MAURICE-EN-COTENTIN
50522,43.34Z,PME,50270,SAINT-MAURICE-EN-COTENTIN
50522,43.91A,PME,50270,SAINT-MAURICE-EN-COTENTIN
50522,46.21Z,PME,50270,SAINT-MAURICE-EN-COTENTIN
50522,47.81Z,PME,50270,SAINT-MAURICE-EN-COTENTIN
50522,55.20Z,PME,50270,SAINT-MAURICE-EN-COTENTIN
50522,56.10C,PME,50270,SAINT-MAURICE-EN-COTENTIN
50522,68.20A,,50270,SAINT-MAURICE-EN-COTENTIN
50522,68.20A,PME,50270,SAINT-MAURICE-EN-COTENTIN
50522,68.20B,,50270,SAINT-MAURICE-EN-COTENTIN
50522,68.20B,PME,50270,SAINT-MAURICE-EN-COTENTIN
50522,68.32A,,50270,SAINT-MAURICE-EN-COTENTIN
50522,75.00Z,,50270,SAINT-MAURICE-EN-COTENTIN
50522,84.11Z,PME,50270,SAINT-MAURICE-EN-COTENTIN
50522,84.12Z,PME,50270,SAINT-MAURICE-EN-COTENTIN
50522,85.20Z,PME,50270,SAINT-MAURICE-EN-COTENTIN
50522,90.03B,PME,50270,SAINT-MAURICE-EN-COTENTIN
50522,93.29Z,PME,50270,SAINT-MAURICE-EN-COTENTIN
50522,94.99Z,,50270,SAINT-MAURICE-EN-COTENTIN
50522,96.02A,PME,50270,SAINT-MAURICE-EN-COTENTIN
50523,01.11Z,,50480,SAINTE-MERE-EGLISE
50523,01.19Z,,50480,SAINTE-MERE-EGLISE
50523,01.41Z,,50480,SAINTE-MERE-EGLISE
50523,01.42Z,,50480,SAINTE-MERE-EGLISE
50523,01.43Z,,50480,SAINTE-MERE-EGLISE
50523,01.45Z,,50480,SAINTE-MERE-EGLISE
50523,01.47Z,,50480,SAINTE-MERE-EGLISE
50523,01.49Z,,50480,SAINTE-MERE-EGLISE
50523,01.50Z,,50480,SAINTE-MERE-EGLISE
50523,01.50Z,PME,50480,SAINTE-MERE-EGLISE
50523,01.61Z,,50480,SAINTE-MERE-EGLISE
50523,01.62Z,,50480,SAINTE-MERE-EGLISE
50523,02.10Z,,50480,SAINTE-MERE-EGLISE
50523,03.11Z,,50480,SAINTE-MERE-EGLISE
50523,03.21Z,,50480,SAINTE-MERE-EGLISE
50523,10.13A,PME,50480,SAINTE-MERE-EGLISE
50523,10.13B,PME,50480,SAINTE-MERE-EGLISE
50523,10.51C,PME,50480,SAINTE-MERE-EGLISE
50523,10.51D,ETI,50480,SAINTE-MERE-EGLISE
50523,10.71C,,50480,SAINTE-MERE-EGLISE
50523,10.71C,PME,50480,SAINTE-MERE-EGLISE
50523,10.72Z,PME,50480,SAINTE-MERE-EGLISE
50523,10.89Z,GE,50480,SAINTE-MERE-EGLISE
50523,11.01Z,PME,50480,SAINTE-MERE-EGLISE
50523,13.30Z,PME,50480,SAINTE-MERE-EGLISE
50523,14.13Z,PME,50480,SAINTE-MERE-EGLISE
50523,16.29Z,,50480,SAINTE-MERE-EGLISE
50523,22.23Z,PME,50480,SAINTE-MERE-EGLISE
50523,22.29A,PME,50480,SAINTE-MERE-EGLISE
50523,25.11Z,PME,50480,SAINTE-MERE-EGLISE
50523,31.09B,,50480,SAINTE-MERE-EGLISE
50523,32.99Z,PME,50480,SAINTE-MERE-EGLISE
50523,35.11Z,,50480,SAINTE-MERE-EGLISE
50523,35.11Z,PME,50480,SAINTE-MERE-EGLISE
50523,36.00Z,PME,50480,SAINTE-MERE-EGLISE
50523,41.10A,,50480,SAINTE-MERE-EGLISE
50523,41.10A,PME,50480,SAINTE-MERE-EGLISE
50523,41.10D,PME,50480,SAINTE-MERE-EGLISE
50523,41.20A,PME,50480,SAINTE-MERE-EGLISE
50523,42.99Z,,50480,SAINTE-MERE-EGLISE
50523,42.99Z,PME,50480,SAINTE-MERE-EGLISE
50523,43.12A,PME,50480,SAINTE-MERE-EGLISE
50523,43.12B,PME,50480,SAINTE-MERE-EGLISE
50523,43.21A,,50480,SAINTE-MERE-EGLISE
50523,43.21A,PME,50480,SAINTE-MERE-EGLISE
50523,43.22A,PME,50480,SAINTE-MERE-EGLISE
50523,43.22B,PME,50480,SAINTE-MERE-EGLISE
50523,43.31Z,PME,50480,SAINTE-MERE-EGLISE
50523,43.32A,PME,50480,SAINTE-MERE-EGLISE
50523,43.34Z,,50480,SAINTE-MERE-EGLISE
50523,43.34Z,PME,50480,SAINTE-MERE-EGLISE
50523,43.91A,PME,50480,SAINTE-MERE-EGLISE
50523,43.91B,PME,50480,SAINTE-MERE-EGLISE
50523,43.99B,,50480,SAINTE-MERE-EGLISE
50523,43.99C,PME,50480,SAINTE-MERE-EGLISE
50523,45.11Z,PME,50480,SAINTE-MERE-EGLISE
50523,45.20A,,50480,SAINTE-MERE-EGLISE
50523,45.20A,PME,50480,SAINTE-MERE-EGLISE
50523,46.18Z,PME,50480,SAINTE-MERE-EGLISE
50523,46.19B,,50480,SAINTE-MERE-EGLISE
50523,46.19B,PME,50480,SAINTE-MERE-EGLISE
50523,46.21Z,GE,50480,SAINTE-MERE-EGLISE
50523,46.31Z,PME,50480,SAINTE-MERE-EGLISE
50523,46.38A,PME,50480,SAINTE-MERE-EGLISE
50523,46.73A,PME,50480,SAINTE-MERE-EGLISE
50523,46.77Z,PME,50480,SAINTE-MERE-EGLISE
50523,47.11B,PME,50480,SAINTE-MERE-EGLISE
50523,47.11F,PME,50480,SAINTE-MERE-EGLISE
50523,47.22Z,PME,50480,SAINTE-MERE-EGLISE
50523,47.29Z,,50480,SAINTE-MERE-EGLISE
50523,47.29Z,PME,50480,SAINTE-MERE-EGLISE
50523,47.51Z,PME,50480,SAINTE-MERE-EGLISE
50523,47.52A,GE,50480,SAINTE-MERE-EGLISE
50523,47.52A,PME,50480,SAINTE-MERE-EGLISE
50523,47.71Z,PME,50480,SAINTE-MERE-EGLISE
50523,47.73Z,PME,50480,SAINTE-MERE-EGLISE
50523,47.76Z,PME,50480,SAINTE-MERE-EGLISE
50523,47.78C,,50480,SAINTE-MERE-EGLISE
50523,47.78C,PME,50480,SAINTE-MERE-EGLISE
50523,47.79Z,PME,50480,SAINTE-MERE-EGLISE
50523,47.81Z,,50480,SAINTE-MERE-EGLISE
50523,47.81Z,PME,50480,SAINTE-MERE-EGLISE
50523,47.89Z,,50480,SAINTE-MERE-EGLISE
50523,47.89Z,PME,50480,SAINTE-MERE-EGLISE
50523,47.91A,PME,50480,SAINTE-MERE-EGLISE
50523,47.91B,,50480,SAINTE-MERE-EGLISE
50523,47.91B,PME,50480,SAINTE-MERE-EGLISE
50523,47.99A,,50480,SAINTE-MERE-EGLISE
50523,47.99A,PME,50480,SAINTE-MERE-EGLISE
50523,49.32Z,PME,50480,SAINTE-MERE-EGLISE
50523,49.39B,PME,50480,SAINTE-MERE-EGLISE
50523,49.41A,PME,50480,SAINTE-MERE-EGLISE
50523,53.10Z,GE,50480,SAINTE-MERE-EGLISE
50523,55.10Z,,50480,SAINTE-MERE-EGLISE
50523,55.10Z,PME,50480,SAINTE-MERE-EGLISE
50523,55.20Z,,50480,SAINTE-MERE-EGLISE
50523,55.20Z,PME,50480,SAINTE-MERE-EGLISE
50523,55.30Z,PME,50480,SAINTE-MERE-EGLISE
50523,56.10A,,50480,SAINTE-MERE-EGLISE
50523,56.10A,PME,50480,SAINTE-MERE-EGLISE
50523,56.10C,,50480,SAINTE-MERE-EGLISE
50523,56.10C,PME,50480,SAINTE-MERE-EGLISE
50523,56.30Z,PME,50480,SAINTE-MERE-EGLISE
50523,59.11A,PME,50480,SAINTE-MERE-EGLISE
50523,59.20Z,PME,50480,SAINTE-MERE-EGLISE
50523,62.01Z,,50480,SAINTE-MERE-EGLISE
50523,62.01Z,PME,50480,SAINTE-MERE-EGLISE
50523,62.02B,PME,50480,SAINTE-MERE-EGLISE
50523,63.91Z,PME,50480,SAINTE-MERE-EGLISE
50523,64.19Z,GE,50480,SAINTE-MERE-EGLISE
50523,64.20Z,,50480,SAINTE-MERE-EGLISE
50523,64.20Z,PME,50480,SAINTE-MERE-EGLISE
50523,65.12Z,GE,50480,SAINTE-MERE-EGLISE
50523,66.19A,PME,50480,SAINTE-MERE-EGLISE
50523,66.22Z,,50480,SAINTE-MERE-EGLISE
50523,66.22Z,PME,50480,SAINTE-MERE-EGLISE
50523,66.30Z,,50480,SAINTE-MERE-EGLISE
50523,68.20A,,50480,SAINTE-MERE-EGLISE
50523,68.20A,PME,50480,SAINTE-MERE-EGLISE
50523,68.20B,,50480,SAINTE-MERE-EGLISE
50523,68.20B,PME,50480,SAINTE-MERE-EGLISE
50523,68.31Z,,50480,SAINTE-MERE-EGLISE
50523,68.31Z,PME,50480,SAINTE-MERE-EGLISE
50523,68.32A,,50480,SAINTE-MERE-EGLISE
50523,68.32A,PME,50480,SAINTE-MERE-EGLISE
50523,69.10Z,PME,50480,SAINTE-MERE-EGLISE
50523,70.10Z,,50480,SAINTE-MERE-EGLISE
50523,70.10Z,PME,50480,SAINTE-MERE-EGLISE
50523,70.21Z,,50480,SAINTE-MERE-EGLISE
50523,70.22Z,PME,50480,SAINTE-MERE-EGLISE
50523,71.12B,PME,50480,SAINTE-MERE-EGLISE
50523,71.20A,PME,50480,SAINTE-MERE-EGLISE
50523,71.20B,PME,50480,SAINTE-MERE-EGLISE
50523,72.11Z,,50480,SAINTE-MERE-EGLISE
50523,73.11Z,PME,50480,SAINTE-MERE-EGLISE
50523,74.20Z,,50480,SAINTE-MERE-EGLISE
50523,74.20Z,PME,50480,SAINTE-MERE-EGLISE
50523,74.30Z,PME,50480,SAINTE-MERE-EGLISE
50523,75.00Z,PME,50480,SAINTE-MERE-EGLISE
50523,77.35Z,PME,50480,SAINTE-MERE-EGLISE
50523,77.40Z,PME,50480,SAINTE-MERE-EGLISE
50523,79.90Z,PME,50480,SAINTE-MERE-EGLISE
50523,81.10Z,PME,50480,SAINTE-MERE-EGLISE
50523,81.21Z,,50480,SAINTE-MERE-EGLISE
50523,81.21Z,PME,50480,SAINTE-MERE-EGLISE
50523,81.30Z,PME,50480,SAINTE-MERE-EGLISE
50523,82.30Z,PME,50480,SAINTE-MERE-EGLISE
50523,82.99Z,PME,50480,SAINTE-MERE-EGLISE
50523,84.11Z,PME,50480,SAINTE-MERE-EGLISE
50523,85.10Z,PME,50480,SAINTE-MERE-EGLISE
50523,85.20Z,PME,50480,SAINTE-MERE-EGLISE
50523,85.31Z,PME,50480,SAINTE-MERE-EGLISE
50523,85.51Z,PME,50480,SAINTE-MERE-EGLISE
50523,85.52Z,PME,50480,SAINTE-MERE-EGLISE
50523,85.53Z,PME,50480,SAINTE-MERE-EGLISE
50523,85.59A,PME,50480,SAINTE-MERE-EGLISE
50523,86.21Z,,50480,SAINTE-MERE-EGLISE
50523,86.21Z,PME,50480,SAINTE-MERE-EGLISE
50523,86.23Z,,50480,SAINTE-MERE-EGLISE
50523,86.90A,PME,50480,SAINTE-MERE-EGLISE
50523,86.90D,PME,50480,SAINTE-MERE-EGLISE
50523,86.90E,,50480,SAINTE-MERE-EGLISE
50523,86.90E,PME,50480,SAINTE-MERE-EGLISE
50523,86.90F,PME,50480,SAINTE-MERE-EGLISE
50523,87.10A,PME,50480,SAINTE-MERE-EGLISE
50523,88.10A,,50480,SAINTE-MERE-EGLISE
50523,88.91A,PME,50480,SAINTE-MERE-EGLISE
50523,88.99B,,50480,SAINTE-MERE-EGLISE
50523,90.01Z,,50480,SAINTE-MERE-EGLISE
50523,90.01Z,PME,50480,SAINTE-MERE-EGLISE
50523,90.03A,PME,50480,SAINTE-MERE-EGLISE
50523,90.03B,PME,50480,SAINTE-MERE-EGLISE
50523,91.02Z,,50480,SAINTE-MERE-EGLISE
50523,91.02Z,PME,50480,SAINTE-MERE-EGLISE
50523,91.03Z,,50480,SAINTE-MERE-EGLISE
50523,93.11Z,PME,50480,SAINTE-MERE-EGLISE
50523,93.12Z,,50480,SAINTE-MERE-EGLISE
50523,93.12Z,PME,50480,SAINTE-MERE-EGLISE
50523,93.19Z,,50480,SAINTE-MERE-EGLISE
50523,93.19Z,PME,50480,SAINTE-MERE-EGLISE
50523,93.29Z,PME,50480,SAINTE-MERE-EGLISE
50523,94.91Z,PME,50480,SAINTE-MERE-EGLISE
50523,94.99Z,,50480,SAINTE-MERE-EGLISE
50523,94.99Z,PME,50480,SAINTE-MERE-EGLISE
50523,95.11Z,PME,50480,SAINTE-MERE-EGLISE
50523,95.22Z,PME,50480,SAINTE-MERE-EGLISE
50523,95.29Z,PME,50480,SAINTE-MERE-EGLISE
50523,96.02A,PME,50480,SAINTE-MERE-EGLISE
50523,96.02B,,50480,SAINTE-MERE-EGLISE
50523,96.02B,PME,50480,SAINTE-MERE-EGLISE
50523,96.03Z,PME,50480,SAINTE-MERE-EGLISE
50523,96.09Z,,50480,SAINTE-MERE-EGLISE
50523,96.09Z,PME,50480,SAINTE-MERE-EGLISE
50528,01.11Z,,50250,SAINT-NICOLAS-DE-PIERREPONT
50528,01.41Z,,50250,SAINT-NICOLAS-DE-PIERREPONT
50528,01.42Z,,50250,SAINT-NICOLAS-DE-PIERREPONT
50528,01.43Z,,50250,SAINT-NICOLAS-DE-PIERREPONT
50528,01.45Z,,50250,SAINT-NICOLAS-DE-PIERREPONT
50528,01.47Z,,50250,SAINT-NICOLAS-DE-PIERREPONT
50528,01.50Z,,50250,SAINT-NICOLAS-DE-PIERREPONT
50528,10.72Z,PME,50250,SAINT-NICOLAS-DE-PIERREPONT
50528,16.29Z,PME,50250,SAINT-NICOLAS-DE-PIERREPONT
50528,29.20Z,,50250,SAINT-NICOLAS-DE-PIERREPONT
50528,33.20B,,50250,SAINT-NICOLAS-DE-PIERREPONT
50528,35.11Z,,50250,SAINT-NICOLAS-DE-PIERREPONT
50528,35.11Z,ETI,50250,SAINT-NICOLAS-DE-PIERREPONT
50528,43.22A,,50250,SAINT-NICOLAS-DE-PIERREPONT
50528,43.99C,,50250,SAINT-NICOLAS-DE-PIERREPONT
50528,45.20A,,50250,SAINT-NICOLAS-DE-PIERREPONT
50528,46.19B,PME,50250,SAINT-NICOLAS-DE-PIERREPONT
50528,47.78B,PME,50250,SAINT-NICOLAS-DE-PIERREPONT
50528,47.89Z,,50250,SAINT-NICOLAS-DE-PIERREPONT
50528,47.99A,PME,50250,SAINT-NICOLAS-DE-PIERREPONT
50528,64.20Z,PME,50250,SAINT-NICOLAS-DE-PIERREPONT
50528,68.10Z,PME,50250,SAINT-NICOLAS-DE-PIERREPONT
50528,68.20B,,50250,SAINT-NICOLAS-DE-PIERREPONT
50528,68.20B,PME,50250,SAINT-NICOLAS-DE-PIERREPONT
50528,68.31Z,,50250,SAINT-NICOLAS-DE-PIERREPONT
50528,74.20Z,,50250,SAINT-NICOLAS-DE-PIERREPONT
50528,81.30Z,PME,50250,SAINT-NICOLAS-DE-PIERREPONT
50528,84.11Z,PME,50250,SAINT-NICOLAS-DE-PIERREPONT
50528,86.90D,PME,50250,SAINT-NICOLAS-DE-PIERREPONT
50528,93.19Z,PME,50250,SAINT-NICOLAS-DE-PIERREPONT
50529,01.11Z,,50370,SAINT-NICOLAS-DES-BOIS
50529,01.41Z,,50370,SAINT-NICOLAS-DES-BOIS
50529,01.42Z,,50370,SAINT-NICOLAS-DES-BOIS
50529,01.49Z,,50370,SAINT-NICOLAS-DES-BOIS
50529,01.61Z,,50370,SAINT-NICOLAS-DES-BOIS
50529,03.12Z,,50370,SAINT-NICOLAS-DES-BOIS
50529,43.99C,PME,50370,SAINT-NICOLAS-DES-BOIS
50529,47.89Z,PME,50370,SAINT-NICOLAS-DES-BOIS
50529,47.99A,PME,50370,SAINT-NICOLAS-DES-BOIS
50529,68.20B,PME,50370,SAINT-NICOLAS-DES-BOIS
50529,84.11Z,PME,50370,SAINT-NICOLAS-DES-BOIS
50529,96.09Z,PME,50370,SAINT-NICOLAS-DES-BOIS
50531,01.11Z,,50300,SAINT-OVIN
50531,01.41Z,,50220,SAINT-OVIN
50531,01.41Z,,50300,SAINT-OVIN
50531,01.42Z,,50300,SAINT-OVIN
50531,01.43Z,,50220,SAINT-OVIN
50531,01.46Z,,50220,SAINT-OVIN
50531,01.49Z,,50220,SAINT-OVIN
50531,01.49Z,,50300,SAINT-OVIN
50531,01.50Z,,50300,SAINT-OVIN
50531,01.61Z,,50300,SAINT-OVIN
50531,11.03Z,PME,50220,SAINT-OVIN
50531,29.32Z,,50300,SAINT-OVIN
50531,32.99Z,PME,50220,SAINT-OVIN
50531,33.12Z,PME,50220,SAINT-OVIN
50531,35.11Z,,50300,SAINT-OVIN
50531,35.11Z,PME,50300,SAINT-OVIN
50531,36.00Z,PME,50300,SAINT-OVIN
50531,42.11Z,,50300,SAINT-OVIN
50531,43.22A,PME,50220,SAINT-OVIN
50531,43.31Z,PME,50300,SAINT-OVIN
50531,43.32A,PME,50300,SAINT-OVIN
50531,43.32B,PME,50300,SAINT-OVIN
50531,43.33Z,PME,50300,SAINT-OVIN
50531,43.34Z,,50300,SAINT-OVIN
50531,43.99C,,50220,SAINT-OVIN
50531,43.99C,PME,50220,SAINT-OVIN
50531,43.99C,PME,50300,SAINT-OVIN
50531,45.20A,PME,50300,SAINT-OVIN
50531,46.21Z,PME,50300,SAINT-OVIN
50531,46.61Z,PME,50220,SAINT-OVIN
50531,47.99A,PME,50300,SAINT-OVIN
50531,55.20Z,PME,50300,SAINT-OVIN
50531,56.10A,PME,50300,SAINT-OVIN
50531,56.30Z,PME,50300,SAINT-OVIN
50531,64.20Z,PME,50220,SAINT-OVIN
50531,64.20Z,PME,50300,SAINT-OVIN
50531,68.20A,,50300,SAINT-OVIN
50531,68.20A,PME,50220,SAINT-OVIN
50531,68.20B,,50220,SAINT-OVIN
50531,68.20B,,50300,SAINT-OVIN
50531,68.20B,PME,50220,SAINT-OVIN
50531,68.20B,PME,50300,SAINT-OVIN
50531,68.32A,,50300,SAINT-OVIN
50531,70.21Z,,50300,SAINT-OVIN
50531,78.30Z,PME,50300,SAINT-OVIN
50531,81.30Z,PME,50300,SAINT-OVIN
50531,84.11Z,PME,50300,SAINT-OVIN
50531,84.25Z,,50300,SAINT-OVIN
50531,85.20Z,PME,50300,SAINT-OVIN
50531,86.90D,PME,50300,SAINT-OVIN
50531,87.10C,PME,50300,SAINT-OVIN
50531,93.12Z,,50220,SAINT-OVIN
50531,93.12Z,,50300,SAINT-OVIN
50531,93.19Z,,50300,SAINT-OVIN
50531,93.19Z,PME,50220,SAINT-OVIN
50531,93.29Z,PME,50300,SAINT-OVIN
50531,94.99Z,,50300,SAINT-OVIN
50531,94.99Z,PME,50300,SAINT-OVIN
50531,95.24Z,PME,50300,SAINT-OVIN
50532,01.11Z,,50380,SAINT-PAIR-SUR-MER
50532,01.13Z,PME,50380,SAINT-PAIR-SUR-MER
50532,01.19Z,,50380,SAINT-PAIR-SUR-MER
50532,01.29Z,,50380,SAINT-PAIR-SUR-MER
50532,01.41Z,,50380,SAINT-PAIR-SUR-MER
50532,01.42Z,,50380,SAINT-PAIR-SUR-MER
50532,01.42Z,PME,50380,SAINT-PAIR-SUR-MER
50532,01.43Z,,50380,SAINT-PAIR-SUR-MER
50532,01.49Z,,50380,SAINT-PAIR-SUR-MER
50532,01.50Z,,50380,SAINT-PAIR-SUR-MER
50532,01.61Z,,50380,SAINT-PAIR-SUR-MER
50532,01.62Z,,50380,SAINT-PAIR-SUR-MER
50532,02.10Z,,50380,SAINT-PAIR-SUR-MER
50532,03.11Z,,50380,SAINT-PAIR-SUR-MER
50532,10.71C,ETI,50380,SAINT-PAIR-SUR-MER
50532,10.71C,PME,50380,SAINT-PAIR-SUR-MER
50532,10.71D,PME,50380,SAINT-PAIR-SUR-MER
50532,13.92Z,,50380,SAINT-PAIR-SUR-MER
50532,13.92Z,PME,50380,SAINT-PAIR-SUR-MER
50532,13.96Z,PME,50380,SAINT-PAIR-SUR-MER
50532,14.13Z,ETI,50380,SAINT-PAIR-SUR-MER
50532,14.13Z,PME,50380,SAINT-PAIR-SUR-MER
50532,16.10B,PME,50380,SAINT-PAIR-SUR-MER
50532,16.29Z,PME,50380,SAINT-PAIR-SUR-MER
50532,22.23Z,ETI,50380,SAINT-PAIR-SUR-MER
50532,23.41Z,PME,50380,SAINT-PAIR-SUR-MER
50532,23.63Z,ETI,50380,SAINT-PAIR-SUR-MER
50532,23.70Z,PME,50380,SAINT-PAIR-SUR-MER
50532,28.93Z,PME,50380,SAINT-PAIR-SUR-MER
50532,30.11Z,PME,50380,SAINT-PAIR-SUR-MER
50532,31.09B,PME,50380,SAINT-PAIR-SUR-MER
50532,32.13Z,PME,50380,SAINT-PAIR-SUR-MER
50532,32.50A,PME,50380,SAINT-PAIR-SUR-MER
50532,32.99Z,PME,50380,SAINT-PAIR-SUR-MER
50532,33.15Z,,50380,SAINT-PAIR-SUR-MER
50532,33.15Z,PME,50380,SAINT-PAIR-SUR-MER
50532,35.11Z,,50380,SAINT-PAIR-SUR-MER
50532,35.11Z,GE,50380,SAINT-PAIR-SUR-MER
50532,35.11Z,PME,50380,SAINT-PAIR-SUR-MER
50532,35.23Z,GE,50380,SAINT-PAIR-SUR-MER
50532,35.30Z,GE,50380,SAINT-PAIR-SUR-MER
50532,41.10D,PME,50380,SAINT-PAIR-SUR-MER
50532,41.20A,PME,50380,SAINT-PAIR-SUR-MER
50532,41.20B,PME,50380,SAINT-PAIR-SUR-MER
50532,42.99Z,PME,50380,SAINT-PAIR-SUR-MER
50532,43.12A,PME,50380,SAINT-PAIR-SUR-MER
50532,43.21A,PME,50380,SAINT-PAIR-SUR-MER
50532,43.22A,PME,50380,SAINT-PAIR-SUR-MER
50532,43.29A,PME,50380,SAINT-PAIR-SUR-MER
50532,43.32A,,50380,SAINT-PAIR-SUR-MER
50532,43.32A,PME,50380,SAINT-PAIR-SUR-MER
50532,43.32B,PME,50380,SAINT-PAIR-SUR-MER
50532,43.32C,PME,50380,SAINT-PAIR-SUR-MER
50532,43.33Z,PME,50380,SAINT-PAIR-SUR-MER
50532,43.34Z,,50380,SAINT-PAIR-SUR-MER
50532,43.34Z,PME,50380,SAINT-PAIR-SUR-MER
50532,43.91B,,50380,SAINT-PAIR-SUR-MER
50532,43.91B,PME,50380,SAINT-PAIR-SUR-MER
50532,43.99C,PME,50380,SAINT-PAIR-SUR-MER
50532,45.11Z,,50380,SAINT-PAIR-SUR-MER
50532,45.11Z,ETI,50380,SAINT-PAIR-SUR-MER
50532,45.11Z,PME,50380,SAINT-PAIR-SUR-MER
50532,45.20A,,50380,SAINT-PAIR-SUR-MER
50532,45.20A,PME,50380,SAINT-PAIR-SUR-MER
50532,45.40Z,PME,50380,SAINT-PAIR-SUR-MER
50532,46.17B,PME,50380,SAINT-PAIR-SUR-MER
50532,46.19B,,50380,SAINT-PAIR-SUR-MER
50532,46.19B,PME,50380,SAINT-PAIR-SUR-MER
50532,46.34Z,PME,50380,SAINT-PAIR-SUR-MER
50532,46.39B,PME,50380,SAINT-PAIR-SUR-MER
50532,46.42Z,PME,50380,SAINT-PAIR-SUR-MER
50532,46.49Z,PME,50380,SAINT-PAIR-SUR-MER
50532,46.66Z,PME,50380,SAINT-PAIR-SUR-MER
50532,46.69A,ETI,50380,SAINT-PAIR-SUR-MER
50532,46.69C,PME,50380,SAINT-PAIR-SUR-MER
50532,46.73B,ETI,50380,SAINT-PAIR-SUR-MER
50532,47.11B,,50380,SAINT-PAIR-SUR-MER
50532,47.11B,PME,50380,SAINT-PAIR-SUR-MER
50532,47.11C,PME,50380,SAINT-PAIR-SUR-MER
50532,47.11F,GE,50380,SAINT-PAIR-SUR-MER
50532,47.22Z,PME,50380,SAINT-PAIR-SUR-MER
50532,47.23Z,PME,50380,SAINT-PAIR-SUR-MER
50532,47.29Z,PME,50380,SAINT-PAIR-SUR-MER
50532,47.30Z,GE,50380,SAINT-PAIR-SUR-MER
50532,47.51Z,PME,50380,SAINT-PAIR-SUR-MER
50532,47.52B,PME,50380,SAINT-PAIR-SUR-MER
50532,47.59A,PME,50380,SAINT-PAIR-SUR-MER
50532,47.62Z,PME,50380,SAINT-PAIR-SUR-MER
50532,47.65Z,ETI,50380,SAINT-PAIR-SUR-MER
50532,47.71Z,PME,50380,SAINT-PAIR-SUR-MER
50532,47.73Z,PME,50380,SAINT-PAIR-SUR-MER
50532,47.74Z,PME,50380,SAINT-PAIR-SUR-MER
50532,47.75Z,PME,50380,SAINT-PAIR-SUR-MER
50532,47.76Z,PME,50380,SAINT-PAIR-SUR-MER
50532,47.78A,PME,50380,SAINT-PAIR-SUR-MER
50532,47.78C,PME,50380,SAINT-PAIR-SUR-MER
50532,47.81Z,,50380,SAINT-PAIR-SUR-MER
50532,47.81Z,PME,50380,SAINT-PAIR-SUR-MER
50532,47.89Z,,50380,SAINT-PAIR-SUR-MER
50532,47.89Z,PME,50380,SAINT-PAIR-SUR-MER
50532,47.91A,,50380,SAINT-PAIR-SUR-MER
50532,47.91B,,50380,SAINT-PAIR-SUR-MER
50532,47.91B,PME,50380,SAINT-PAIR-SUR-MER
50532,47.99A,PME,50380,SAINT-PAIR-SUR-MER
50532,49.32Z,PME,50380,SAINT-PAIR-SUR-MER
50532,49.41A,PME,50380,SAINT-PAIR-SUR-MER
50532,49.41B,ETI,50380,SAINT-PAIR-SUR-MER
50532,53.10Z,GE,50380,SAINT-PAIR-SUR-MER
50532,55.20Z,PME,50380,SAINT-PAIR-SUR-MER
50532,55.30Z,PME,50380,SAINT-PAIR-SUR-MER
50532,56.10A,PME,50380,SAINT-PAIR-SUR-MER
50532,56.10C,,50380,SAINT-PAIR-SUR-MER
50532,56.10C,PME,50380,SAINT-PAIR-SUR-MER
50532,56.30Z,PME,50380,SAINT-PAIR-SUR-MER
50532,58.11Z,,50380,SAINT-PAIR-SUR-MER
50532,58.14Z,PME,50380,SAINT-PAIR-SUR-MER
50532,59.11C,PME,50380,SAINT-PAIR-SUR-MER
50532,59.12Z,PME,50380,SAINT-PAIR-SUR-MER
50532,59.20Z,PME,50380,SAINT-PAIR-SUR-MER
50532,62.01Z,,50380,SAINT-PAIR-SUR-MER
50532,62.01Z,PME,50380,SAINT-PAIR-SUR-MER
50532,62.02A,,50380,SAINT-PAIR-SUR-MER
50532,62.02A,PME,50380,SAINT-PAIR-SUR-MER
50532,63.99Z,PME,50380,SAINT-PAIR-SUR-MER
50532,64.19Z,GE,50380,SAINT-PAIR-SUR-MER
50532,64.20Z,,50380,SAINT-PAIR-SUR-MER
50532,64.20Z,ETI,50380,SAINT-PAIR-SUR-MER
50532,64.20Z,PME,50380,SAINT-PAIR-SUR-MER
50532,64.30Z,PME,50380,SAINT-PAIR-SUR-MER
50532,64.99Z,,50380,SAINT-PAIR-SUR-MER
50532,66.19A,,50380,SAINT-PAIR-SUR-MER
50532,66.19A,PME,50380,SAINT-PAIR-SUR-MER
50532,66.19B,PME,50380,SAINT-PAIR-SUR-MER
50532,66.22Z,PME,50380,SAINT-PAIR-SUR-MER
50532,66.30Z,PME,50380,SAINT-PAIR-SUR-MER
50532,68.10Z,,50380,SAINT-PAIR-SUR-MER
50532,68.10Z,PME,50380,SAINT-PAIR-SUR-MER
50532,68.20A,,50380,SAINT-PAIR-SUR-MER
50532,68.20A,PME,50380,SAINT-PAIR-SUR-MER
50532,68.20B,,50380,SAINT-PAIR-SUR-MER
50532,68.20B,ETI,50380,SAINT-PAIR-SUR-MER
50532,68.20B,PME,50380,SAINT-PAIR-SUR-MER
50532,68.31Z,,50380,SAINT-PAIR-SUR-MER
50532,68.31Z,PME,50380,SAINT-PAIR-SUR-MER
50532,68.32A,,50380,SAINT-PAIR-SUR-MER
50532,68.32A,PME,50380,SAINT-PAIR-SUR-MER
50532,68.32B,PME,50380,SAINT-PAIR-SUR-MER
50532,69.10Z,PME,50380,SAINT-PAIR-SUR-MER
50532,69.20Z,ETI,50380,SAINT-PAIR-SUR-MER
50532,69.20Z,PME,50380,SAINT-PAIR-SUR-MER
50532,70.10Z,,50380,SAINT-PAIR-SUR-MER
50532,70.10Z,ETI,50380,SAINT-PAIR-SUR-MER
50532,70.10Z,PME,50380,SAINT-PAIR-SUR-MER
50532,70.21Z,,50380,SAINT-PAIR-SUR-MER
50532,70.22Z,,50380,SAINT-PAIR-SUR-MER
50532,70.22Z,PME,50380,SAINT-PAIR-SUR-MER
50532,71.11Z,,50380,SAINT-PAIR-SUR-MER
50532,71.12B,PME,50380,SAINT-PAIR-SUR-MER
50532,71.20A,PME,50380,SAINT-PAIR-SUR-MER
50532,72.19Z,PME,50380,SAINT-PAIR-SUR-MER
50532,73.11Z,PME,50380,SAINT-PAIR-SUR-MER
50532,74.10Z,,50380,SAINT-PAIR-SUR-MER
50532,74.10Z,PME,50380,SAINT-PAIR-SUR-MER
50532,74.20Z,PME,50380,SAINT-PAIR-SUR-MER
50532,74.30Z,,50380,SAINT-PAIR-SUR-MER
50532,74.30Z,PME,50380,SAINT-PAIR-SUR-MER
50532,74.90A,PME,50380,SAINT-PAIR-SUR-MER
50532,74.90B,,50380,SAINT-PAIR-SUR-MER
50532,74.90B,PME,50380,SAINT-PAIR-SUR-MER
50532,77.11A,,50380,SAINT-PAIR-SUR-MER
50532,77.21Z,PME,50380,SAINT-PAIR-SUR-MER
50532,77.32Z,PME,50380,SAINT-PAIR-SUR-MER
50532,77.34Z,PME,50380,SAINT-PAIR-SUR-MER
50532,77.39Z,,50380,SAINT-PAIR-SUR-MER
50532,77.39Z,PME,50380,SAINT-PAIR-SUR-MER
50532,78.30Z,PME,50380,SAINT-PAIR-SUR-MER
50532,79.11Z,PME,50380,SAINT-PAIR-SUR-MER
50532,79.90Z,,50380,SAINT-PAIR-SUR-MER
50532,79.90Z,PME,50380,SAINT-PAIR-SUR-MER
50532,81.10Z,,50380,SAINT-PAIR-SUR-MER
50532,81.21Z,,50380,SAINT-PAIR-SUR-MER
50532,81.21Z,PME,50380,SAINT-PAIR-SUR-MER
50532,81.22Z,ETI,50380,SAINT-PAIR-SUR-MER
50532,81.30Z,,50380,SAINT-PAIR-SUR-MER
50532,81.30Z,PME,50380,SAINT-PAIR-SUR-MER
50532,82.99Z,,50380,SAINT-PAIR-SUR-MER
50532,82.99Z,PME,50380,SAINT-PAIR-SUR-MER
50532,84.11Z,PME,50380,SAINT-PAIR-SUR-MER
50532,85.10Z,PME,50380,SAINT-PAIR-SUR-MER
50532,85.20Z,PME,50380,SAINT-PAIR-SUR-MER
50532,85.32Z,,50380,SAINT-PAIR-SUR-MER
50532,85.51Z,,50380,SAINT-PAIR-SUR-MER
50532,85.51Z,PME,50380,SAINT-PAIR-SUR-MER
50532,85.52Z,PME,50380,SAINT-PAIR-SUR-MER
50532,85.53Z,PME,50380,SAINT-PAIR-SUR-MER
50532,85.59A,,50380,SAINT-PAIR-SUR-MER
50532,85.59A,PME,50380,SAINT-PAIR-SUR-MER
50532,85.59B,,50380,SAINT-PAIR-SUR-MER
50532,85.59B,ETI,50380,SAINT-PAIR-SUR-MER
50532,85.59B,PME,50380,SAINT-PAIR-SUR-MER
50532,86.21Z,PME,50380,SAINT-PAIR-SUR-MER
50532,86.22C,PME,50380,SAINT-PAIR-SUR-MER
50532,86.23Z,PME,50380,SAINT-PAIR-SUR-MER
50532,86.90D,,50380,SAINT-PAIR-SUR-MER
50532,86.90D,PME,50380,SAINT-PAIR-SUR-MER
50532,86.90E,,50380,SAINT-PAIR-SUR-MER
50532,86.90E,PME,50380,SAINT-PAIR-SUR-MER
50532,86.90F,,50380,SAINT-PAIR-SUR-MER
50532,86.90F,PME,50380,SAINT-PAIR-SUR-MER
50532,87.10A,ETI,50380,SAINT-PAIR-SUR-MER
50532,87.10A,PME,50380,SAINT-PAIR-SUR-MER
50532,87.90B,ETI,50380,SAINT-PAIR-SUR-MER
50532,88.99B,PME,50380,SAINT-PAIR-SUR-MER
50532,90.01Z,,50380,SAINT-PAIR-SUR-MER
50532,90.01Z,PME,50380,SAINT-PAIR-SUR-MER
50532,90.02Z,,50380,SAINT-PAIR-SUR-MER
50532,90.03A,PME,50380,SAINT-PAIR-SUR-MER
50532,90.03B,PME,50380,SAINT-PAIR-SUR-MER
50532,91.02Z,,50380,SAINT-PAIR-SUR-MER
50532,92.00Z,ETI,50380,SAINT-PAIR-SUR-MER
50532,93.11Z,PME,50380,SAINT-PAIR-SUR-MER
50532,93.12Z,,50380,SAINT-PAIR-SUR-MER
50532,93.12Z,PME,50380,SAINT-PAIR-SUR-MER
50532,93.13Z,PME,50380,SAINT-PAIR-SUR-MER
50532,93.19Z,,50380,SAINT-PAIR-SUR-MER
50532,93.19Z,PME,50380,SAINT-PAIR-SUR-MER
50532,93.29Z,,50380,SAINT-PAIR-SUR-MER
50532,93.29Z,PME,50380,SAINT-PAIR-SUR-MER
50532,94.11Z,ETI,50380,SAINT-PAIR-SUR-MER
50532,94.11Z,PME,50380,SAINT-PAIR-SUR-MER
50532,94.91Z,,50380,SAINT-PAIR-SUR-MER
50532,94.91Z,PME,50380,SAINT-PAIR-SUR-MER
50532,94.99Z,,50380,SAINT-PAIR-SUR-MER
50532,94.99Z,PME,50380,SAINT-PAIR-SUR-MER
50532,95.11Z,PME,50380,SAINT-PAIR-SUR-MER
50532,95.23Z,PME,50380,SAINT-PAIR-SUR-MER
50532,95.24Z,,50380,SAINT-PAIR-SUR-MER
50532,95.29Z,,50380,SAINT-PAIR-SUR-MER
50532,96.01B,PME,50380,SAINT-PAIR-SUR-MER
50532,96.02A,,50380,SAINT-PAIR-SUR-MER
50532,96.02A,PME,50380,SAINT-PAIR-SUR-MER
50532,96.02B,PME,50380,SAINT-PAIR-SUR-MER
50532,96.09Z,,50380,SAINT-PAIR-SUR-MER
50532,96.09Z,PME,50380,SAINT-PAIR-SUR-MER
50533,01.19Z,,50190,SAINT-PATRICE-DE-CLAIDS
50533,01.27Z,,50190,SAINT-PATRICE-DE-CLAIDS
50533,01.41Z,,50190,SAINT-PATRICE-DE-CLAIDS
50533,01.43Z,,50190,SAINT-PATRICE-DE-CLAIDS
50533,01.49Z,,50190,SAINT-PATRICE-DE-CLAIDS
50533,01.50Z,,50190,SAINT-PATRICE-DE-CLAIDS
50533,01.61Z,,50190,SAINT-PATRICE-DE-CLAIDS
50533,43.32A,,50190,SAINT-PATRICE-DE-CLAIDS
50533,43.91B,PME,50190,SAINT-PATRICE-DE-CLAIDS
50533,43.99C,,50190,SAINT-PATRICE-DE-CLAIDS
50533,43.99C,PME,50190,SAINT-PATRICE-DE-CLAIDS
50533,55.20Z,PME,50190,SAINT-PATRICE-DE-CLAIDS
50533,68.20B,,50190,SAINT-PATRICE-DE-CLAIDS
50533,68.20B,PME,50190,SAINT-PATRICE-DE-CLAIDS
50533,68.32A,,50190,SAINT-PATRICE-DE-CLAIDS
50533,84.11Z,PME,50190,SAINT-PATRICE-DE-CLAIDS
50536,01.11Z,,50270,SAINT PIERRE D'ARTHEGLISE
50536,01.24Z,,50270,SAINT PIERRE D'ARTHEGLISE
50536,01.41Z,,50270,SAINT PIERRE D'ARTHEGLISE
50536,01.42Z,,50270,SAINT PIERRE D'ARTHEGLISE
50536,01.43Z,,50270,SAINT PIERRE D'ARTHEGLISE
50536,01.47Z,,50270,SAINT PIERRE D'ARTHEGLISE
50536,35.11Z,PME,50270,SAINT PIERRE D'ARTHEGLISE
50536,43.32B,,50270,SAINT PIERRE D'ARTHEGLISE
50536,43.91A,PME,50270,SAINT PIERRE D'ARTHEGLISE
50536,43.99C,PME,50270,SAINT PIERRE D'ARTHEGLISE
50536,47.99A,PME,50270,SAINT PIERRE D'ARTHEGLISE
50536,56.10C,,50270,SAINT PIERRE D'ARTHEGLISE
50536,56.10C,PME,50270,SAINT PIERRE D'ARTHEGLISE
50536,68.20A,,50270,SAINT PIERRE D'ARTHEGLISE
50536,68.20B,,50270,SAINT PIERRE D'ARTHEGLISE
50536,68.20B,PME,50270,SAINT PIERRE D'ARTHEGLISE
50536,70.22Z,PME,50270,SAINT PIERRE D'ARTHEGLISE
50536,81.30Z,PME,50270,SAINT PIERRE D'ARTHEGLISE
50536,84.11Z,PME,50270,SAINT PIERRE D'ARTHEGLISE
50536,90.03B,PME,50270,SAINT PIERRE D'ARTHEGLISE
50536,93.12Z,,50270,SAINT PIERRE D'ARTHEGLISE
50536,94.99Z,,50270,SAINT PIERRE D'ARTHEGLISE
50536,96.09Z,PME,50270,SAINT PIERRE D'ARTHEGLISE
50537,01.41Z,,50200,SAINT-PIERRE-DE-COUTANCES
50537,32.13Z,PME,50200,SAINT-PIERRE-DE-COUTANCES
50537,42.99Z,PME,50200,SAINT-PIERRE-DE-COUTANCES
50537,43.21A,PME,50200,SAINT-PIERRE-DE-COUTANCES
50537,43.22B,PME,50200,SAINT-PIERRE-DE-COUTANCES
50537,43.32B,PME,50200,SAINT-PIERRE-DE-COUTANCES
50537,43.91A,PME,50200,SAINT-PIERRE-DE-COUTANCES
50537,43.91B,PME,50200,SAINT-PIERRE-DE-COUTANCES
50537,43.99C,PME,50200,SAINT-PIERRE-DE-COUTANCES
50537,45.20A,PME,50200,SAINT-PIERRE-DE-COUTANCES
50537,45.31Z,PME,50200,SAINT-PIERRE-DE-COUTANCES
50537,46.19B,PME,50200,SAINT-PIERRE-DE-COUTANCES
50537,47.76Z,GE,50200,SAINT-PIERRE-DE-COUTANCES
50537,47.78C,PME,50200,SAINT-PIERRE-DE-COUTANCES
50537,47.91B,PME,50200,SAINT-PIERRE-DE-COUTANCES
50537,64.20Z,PME,50200,SAINT-PIERRE-DE-COUTANCES
50537,66.19A,,50200,SAINT-PIERRE-DE-COUTANCES
50537,66.19A,PME,50200,SAINT-PIERRE-DE-COUTANCES
50537,68.10Z,PME,50200,SAINT-PIERRE-DE-COUTANCES
50537,68.20A,,50200,SAINT-PIERRE-DE-COUTANCES
50537,68.20A,PME,50200,SAINT-PIERRE-DE-COUTANCES
50537,68.20B,,50200,SAINT-PIERRE-DE-COUTANCES
50537,68.20B,PME,50200,SAINT-PIERRE-DE-COUTANCES
50537,70.10Z,PME,50200,SAINT-PIERRE-DE-COUTANCES
50537,70.22Z,PME,50200,SAINT-PIERRE-DE-COUTANCES
50537,71.20A,PME,50200,SAINT-PIERRE-DE-COUTANCES
50537,79.90Z,PME,50200,SAINT-PIERRE-DE-COUTANCES
50537,81.21Z,PME,50200,SAINT-PIERRE-DE-COUTANCES
50537,84.11Z,PME,50200,SAINT-PIERRE-DE-COUTANCES
50537,84.12Z,PME,50200,SAINT-PIERRE-DE-COUTANCES
50537,85.52Z,,50200,SAINT-PIERRE-DE-COUTANCES
50537,86.22C,PME,50200,SAINT-PIERRE-DE-COUTANCES
50537,88.99B,,50200,SAINT-PIERRE-DE-COUTANCES
50537,90.01Z,PME,50200,SAINT-PIERRE-DE-COUTANCES
50537,93.11Z,PME,50200,SAINT-PIERRE-DE-COUTANCES
50537,93.12Z,PME,50200,SAINT-PIERRE-DE-COUTANCES
50537,93.19Z,PME,50200,SAINT-PIERRE-DE-COUTANCES
50537,93.29Z,PME,50200,SAINT-PIERRE-DE-COUTANCES
50537,94.99Z,,50200,SAINT-PIERRE-DE-COUTANCES
50537,94.99Z,PME,50200,SAINT-PIERRE-DE-COUTANCES
50539,01.11Z,,50330,SAINT-PIERRE-EGLISE
50539,01.13Z,,50330,SAINT-PIERRE-EGLISE
50539,01.41Z,,50330,SAINT-PIERRE-EGLISE
50539,01.42Z,,50330,SAINT-PIERRE-EGLISE
50539,01.43Z,,50330,SAINT-PIERRE-EGLISE
50539,01.45Z,,50330,SAINT-PIERRE-EGLISE
50539,01.49Z,,50330,SAINT-PIERRE-EGLISE
50539,01.61Z,,50330,SAINT-PIERRE-EGLISE
50539,03.11Z,,50330,SAINT-PIERRE-EGLISE
50539,10.13B,PME,50330,SAINT-PIERRE-EGLISE
50539,10.71C,,50330,SAINT-PIERRE-EGLISE
50539,10.71C,PME,50330,SAINT-PIERRE-EGLISE
50539,14.13Z,PME,50330,SAINT-PIERRE-EGLISE
50539,14.19Z,,50330,SAINT-PIERRE-EGLISE
50539,14.19Z,PME,50330,SAINT-PIERRE-EGLISE
50539,14.39Z,PME,50330,SAINT-PIERRE-EGLISE
50539,16.23Z,PME,50330,SAINT-PIERRE-EGLISE
50539,16.29Z,PME,50330,SAINT-PIERRE-EGLISE
50539,25.50A,PME,50330,SAINT-PIERRE-EGLISE
50539,31.09B,PME,50330,SAINT-PIERRE-EGLISE
50539,35.11Z,PME,50330,SAINT-PIERRE-EGLISE
50539,41.10D,PME,50330,SAINT-PIERRE-EGLISE
50539,43.21A,PME,50330,SAINT-PIERRE-EGLISE
50539,43.22A,PME,50330,SAINT-PIERRE-EGLISE
50539,43.31Z,PME,50330,SAINT-PIERRE-EGLISE
50539,43.32A,PME,50330,SAINT-PIERRE-EGLISE
50539,43.34Z,PME,50330,SAINT-PIERRE-EGLISE
50539,43.91B,PME,50330,SAINT-PIERRE-EGLISE
50539,43.99C,PME,50330,SAINT-PIERRE-EGLISE
50539,45.11Z,PME,50330,SAINT-PIERRE-EGLISE
50539,45.20A,PME,50330,SAINT-PIERRE-EGLISE
50539,46.18Z,PME,50330,SAINT-PIERRE-EGLISE
50539,46.19B,PME,50330,SAINT-PIERRE-EGLISE
50539,46.21Z,GE,50330,SAINT-PIERRE-EGLISE
50539,46.73A,PME,50330,SAINT-PIERRE-EGLISE
50539,46.77Z,PME,50330,SAINT-PIERRE-EGLISE
50539,47.11C,,50330,SAINT-PIERRE-EGLISE
50539,47.11C,PME,50330,SAINT-PIERRE-EGLISE
50539,47.11D,PME,50330,SAINT-PIERRE-EGLISE
50539,47.21Z,PME,50330,SAINT-PIERRE-EGLISE
50539,47.22Z,PME,50330,SAINT-PIERRE-EGLISE
50539,47.23Z,PME,50330,SAINT-PIERRE-EGLISE
50539,47.25Z,PME,50330,SAINT-PIERRE-EGLISE
50539,47.29Z,,50330,SAINT-PIERRE-EGLISE
50539,47.52B,GE,50330,SAINT-PIERRE-EGLISE
50539,47.62Z,PME,50330,SAINT-PIERRE-EGLISE
50539,47.73Z,PME,50330,SAINT-PIERRE-EGLISE
50539,47.76Z,PME,50330,SAINT-PIERRE-EGLISE
50539,47.77Z,PME,50330,SAINT-PIERRE-EGLISE
50539,47.78A,PME,50330,SAINT-PIERRE-EGLISE
50539,47.79Z,,50330,SAINT-PIERRE-EGLISE
50539,47.79Z,PME,50330,SAINT-PIERRE-EGLISE
50539,47.81Z,PME,50330,SAINT-PIERRE-EGLISE
50539,47.89Z,,50330,SAINT-PIERRE-EGLISE
50539,47.89Z,PME,50330,SAINT-PIERRE-EGLISE
50539,47.91A,,50330,SAINT-PIERRE-EGLISE
50539,47.99A,PME,50330,SAINT-PIERRE-EGLISE
50539,47.99B,PME,50330,SAINT-PIERRE-EGLISE
50539,49.41A,PME,50330,SAINT-PIERRE-EGLISE
50539,53.10Z,GE,50330,SAINT-PIERRE-EGLISE
50539,55.20Z,PME,50330,SAINT-PIERRE-EGLISE
50539,56.10A,PME,50330,SAINT-PIERRE-EGLISE
50539,56.10C,PME,50330,SAINT-PIERRE-EGLISE
50539,56.21Z,,50330,SAINT-PIERRE-EGLISE
50539,56.29A,GE,50330,SAINT-PIERRE-EGLISE
50539,56.30Z,PME,50330,SAINT-PIERRE-EGLISE
50539,58.14Z,,50330,SAINT-PIERRE-EGLISE
50539,64.19Z,GE,50330,SAINT-PIERRE-EGLISE
50539,64.20Z,,50330,SAINT-PIERRE-EGLISE
50539,64.20Z,PME,50330,SAINT-PIERRE-EGLISE
50539,65.12Z,GE,50330,SAINT-PIERRE-EGLISE
50539,66.19A,,50330,SAINT-PIERRE-EGLISE
50539,66.30Z,,50330,SAINT-PIERRE-EGLISE
50539,66.30Z,PME,50330,SAINT-PIERRE-EGLISE
50539,68.20A,,50330,SAINT-PIERRE-EGLISE
50539,68.20A,PME,50330,SAINT-PIERRE-EGLISE
50539,68.20B,,50330,SAINT-PIERRE-EGLISE
50539,68.20B,GE,50330,SAINT-PIERRE-EGLISE
50539,68.20B,PME,50330,SAINT-PIERRE-EGLISE
50539,68.31Z,PME,50330,SAINT-PIERRE-EGLISE
50539,69.10Z,PME,50330,SAINT-PIERRE-EGLISE
50539,69.20Z,PME,50330,SAINT-PIERRE-EGLISE
50539,70.10Z,PME,50330,SAINT-PIERRE-EGLISE
50539,70.21Z,PME,50330,SAINT-PIERRE-EGLISE
50539,71.20A,PME,50330,SAINT-PIERRE-EGLISE
50539,74.20Z,PME,50330,SAINT-PIERRE-EGLISE
50539,74.90B,,50330,SAINT-PIERRE-EGLISE
50539,75.00Z,,50330,SAINT-PIERRE-EGLISE
50539,75.00Z,PME,50330,SAINT-PIERRE-EGLISE
50539,77.11A,PME,50330,SAINT-PIERRE-EGLISE
50539,77.12Z,,50330,SAINT-PIERRE-EGLISE
50539,78.30Z,PME,50330,SAINT-PIERRE-EGLISE
50539,81.30Z,,50330,SAINT-PIERRE-EGLISE
50539,81.30Z,PME,50330,SAINT-PIERRE-EGLISE
50539,84.11Z,PME,50330,SAINT-PIERRE-EGLISE
50539,85.10Z,PME,50330,SAINT-PIERRE-EGLISE
50539,85.20Z,PME,50330,SAINT-PIERRE-EGLISE
50539,85.31Z,PME,50330,SAINT-PIERRE-EGLISE
50539,85.51Z,PME,50330,SAINT-PIERRE-EGLISE
50539,85.52Z,PME,50330,SAINT-PIERRE-EGLISE
50539,85.53Z,PME,50330,SAINT-PIERRE-EGLISE
50539,85.59B,,50330,SAINT-PIERRE-EGLISE
50539,85.60Z,PME,50330,SAINT-PIERRE-EGLISE
50539,86.21Z,PME,50330,SAINT-PIERRE-EGLISE
50539,86.90A,PME,50330,SAINT-PIERRE-EGLISE
50539,86.90D,PME,50330,SAINT-PIERRE-EGLISE
50539,86.90E,PME,50330,SAINT-PIERRE-EGLISE
50539,86.90F,PME,50330,SAINT-PIERRE-EGLISE
50539,87.10A,PME,50330,SAINT-PIERRE-EGLISE
50539,87.30A,PME,50330,SAINT-PIERRE-EGLISE
50539,88.99B,,50330,SAINT-PIERRE-EGLISE
50539,88.99B,ETI,50330,SAINT-PIERRE-EGLISE
50539,88.99B,PME,50330,SAINT-PIERRE-EGLISE
50539,90.01Z,,50330,SAINT-PIERRE-EGLISE
50539,90.01Z,PME,50330,SAINT-PIERRE-EGLISE
50539,90.03A,PME,50330,SAINT-PIERRE-EGLISE
50539,91.03Z,,50330,SAINT-PIERRE-EGLISE
50539,93.12Z,,50330,SAINT-PIERRE-EGLISE
50539,93.12Z,PME,50330,SAINT-PIERRE-EGLISE
50539,93.29Z,PME,50330,SAINT-PIERRE-EGLISE
50539,94.91Z,,50330,SAINT-PIERRE-EGLISE
50539,94.91Z,PME,50330,SAINT-PIERRE-EGLISE
50539,94.99Z,,50330,SAINT-PIERRE-EGLISE
50539,94.99Z,PME,50330,SAINT-PIERRE-EGLISE
50539,95.22Z,PME,50330,SAINT-PIERRE-EGLISE
50539,96.02A,,50330,SAINT-PIERRE-EGLISE
50539,96.02A,PME,50330,SAINT-PIERRE-EGLISE
50539,96.02B,,50330,SAINT-PIERRE-EGLISE
50539,96.02B,PME,50330,SAINT-PIERRE-EGLISE
50539,96.03Z,PME,50330,SAINT-PIERRE-EGLISE
50539,96.04Z,PME,50330,SAINT-PIERRE-EGLISE
50539,96.09Z,PME,50330,SAINT-PIERRE-EGLISE
50541,01.11Z,,50400,SAINT-PLANCHERS
50541,01.30Z,,50400,SAINT-PLANCHERS
50541,01.41Z,,50400,SAINT-PLANCHERS
50541,01.42Z,,50400,SAINT-PLANCHERS
50541,01.46Z,,50400,SAINT-PLANCHERS
50541,01.49Z,,50400,SAINT-PLANCHERS
50541,01.61Z,,50400,SAINT-PLANCHERS
50541,03.11Z,,50400,SAINT-PLANCHERS
50541,10.71C,PME,50400,SAINT-PLANCHERS
50541,13.92Z,,50400,SAINT-PLANCHERS
50541,13.92Z,PME,50400,SAINT-PLANCHERS
50541,15.12Z,PME,50400,SAINT-PLANCHERS
50541,30.11Z,PME,50400,SAINT-PLANCHERS
50541,32.13Z,PME,50400,SAINT-PLANCHERS
50541,33.12Z,,50400,SAINT-PLANCHERS
50541,33.12Z,PME,50400,SAINT-PLANCHERS
50541,33.15Z,PME,50400,SAINT-PLANCHERS
50541,33.20A,PME,50400,SAINT-PLANCHERS
50541,41.10A,PME,50400,SAINT-PLANCHERS
50541,41.10D,,50400,SAINT-PLANCHERS
50541,43.12A,PME,50400,SAINT-PLANCHERS
50541,43.21A,PME,50400,SAINT-PLANCHERS
50541,43.22A,PME,50400,SAINT-PLANCHERS
50541,43.29B,PME,50400,SAINT-PLANCHERS
50541,43.32A,,50400,SAINT-PLANCHERS
50541,43.32A,PME,50400,SAINT-PLANCHERS
50541,43.33Z,PME,50400,SAINT-PLANCHERS
50541,43.34Z,PME,50400,SAINT-PLANCHERS
50541,43.39Z,,50400,SAINT-PLANCHERS
50541,43.99C,PME,50400,SAINT-PLANCHERS
50541,43.99D,PME,50400,SAINT-PLANCHERS
50541,45.11Z,PME,50400,SAINT-PLANCHERS
50541,45.20A,PME,50400,SAINT-PLANCHERS
50541,46.17B,PME,50400,SAINT-PLANCHERS
50541,46.42Z,PME,50400,SAINT-PLANCHERS
50541,46.52Z,PME,50400,SAINT-PLANCHERS
50541,46.73A,PME,50400,SAINT-PLANCHERS
50541,47.53Z,PME,50400,SAINT-PLANCHERS
50541,47.78C,PME,50400,SAINT-PLANCHERS
50541,47.89Z,PME,50400,SAINT-PLANCHERS
50541,47.99A,,50400,SAINT-PLANCHERS
50541,47.99A,PME,50400,SAINT-PLANCHERS
50541,49.32Z,PME,50400,SAINT-PLANCHERS
50541,53.20Z,,50400,SAINT-PLANCHERS
50541,55.20Z,,50400,SAINT-PLANCHERS
50541,55.20Z,PME,50400,SAINT-PLANCHERS
50541,56.30Z,PME,50400,SAINT-PLANCHERS
50541,62.01Z,PME,50400,SAINT-PLANCHERS
50541,64.20Z,,50400,SAINT-PLANCHERS
50541,64.20Z,PME,50400,SAINT-PLANCHERS
50541,66.22Z,,50400,SAINT-PLANCHERS
50541,66.30Z,PME,50400,SAINT-PLANCHERS
50541,68.10Z,PME,50400,SAINT-PLANCHERS
50541,68.20A,,50400,SAINT-PLANCHERS
50541,68.20B,,50400,SAINT-PLANCHERS
50541,68.20B,PME,50400,SAINT-PLANCHERS
50541,68.31Z,PME,50400,SAINT-PLANCHERS
50541,70.10Z,,50400,SAINT-PLANCHERS
50541,70.10Z,PME,50400,SAINT-PLANCHERS
50541,70.22Z,PME,50400,SAINT-PLANCHERS
50541,71.11Z,,50400,SAINT-PLANCHERS
50541,71.11Z,PME,50400,SAINT-PLANCHERS
50541,74.10Z,PME,50400,SAINT-PLANCHERS
50541,77.31Z,PME,50400,SAINT-PLANCHERS
50541,77.39Z,,50400,SAINT-PLANCHERS
50541,81.21Z,,50400,SAINT-PLANCHERS
50541,81.21Z,PME,50400,SAINT-PLANCHERS
50541,81.30Z,PME,50400,SAINT-PLANCHERS
50541,82.11Z,,50400,SAINT-PLANCHERS
50541,82.19Z,PME,50400,SAINT-PLANCHERS
50541,82.30Z,PME,50400,SAINT-PLANCHERS
50541,84.11Z,PME,50400,SAINT-PLANCHERS
50541,85.20Z,PME,50400,SAINT-PLANCHERS
50541,85.59B,PME,50400,SAINT-PLANCHERS
50541,86.21Z,,50400,SAINT-PLANCHERS
50541,86.90A,PME,50400,SAINT-PLANCHERS
50541,86.90D,PME,50400,SAINT-PLANCHERS
50541,86.90E,PME,50400,SAINT-PLANCHERS
50541,87.10C,ETI,50400,SAINT-PLANCHERS
50541,88.99B,,50400,SAINT-PLANCHERS
50541,90.03B,PME,50400,SAINT-PLANCHERS
50541,93.12Z,,50400,SAINT-PLANCHERS
50541,94.99Z,,50400,SAINT-PLANCHERS
50541,95.29Z,,50400,SAINT-PLANCHERS
50541,95.29Z,PME,50400,SAINT-PLANCHERS
50541,96.02A,,50400,SAINT-PLANCHERS
50541,96.09Z,,50400,SAINT-PLANCHERS
50541,96.09Z,PME,50400,SAINT-PLANCHERS
50543,01.11Z,,50220,SAINT-QUENTIN-SUR-LE-HOMME
50543,01.13Z,,50220,SAINT-QUENTIN-SUR-LE-HOMME
50543,01.19Z,,50220,SAINT-QUENTIN-SUR-LE-HOMME
50543,01.24Z,,50220,SAINT-QUENTIN-SUR-LE-HOMME
50543,01.30Z,,50220,SAINT-QUENTIN-SUR-LE-HOMME
50543,01.41Z,,50220,SAINT-QUENTIN-SUR-LE-HOMME
50543,01.42Z,,50220,SAINT-QUENTIN-SUR-LE-HOMME
50543,01.43Z,,50220,SAINT-QUENTIN-SUR-LE-HOMME
50543,01.43Z,PME,50220,SAINT-QUENTIN-SUR-LE-HOMME
50543,01.46Z,,50220,SAINT-QUENTIN-SUR-LE-HOMME
50543,01.49Z,,50220,SAINT-QUENTIN-SUR-LE-HOMME
50543,01.50Z,,50220,SAINT-QUENTIN-SUR-LE-HOMME
50543,01.61Z,,50220,SAINT-QUENTIN-SUR-LE-HOMME
50543,01.62Z,,50220,SAINT-QUENTIN-SUR-LE-HOMME
50543,10.71C,PME,50220,SAINT-QUENTIN-SUR-LE-HOMME
50543,18.12Z,PME,50220,SAINT-QUENTIN-SUR-LE-HOMME
50543,28.25Z,PME,50220,SAINT-QUENTIN-SUR-LE-HOMME
50543,32.99Z,,50220,SAINT-QUENTIN-SUR-LE-HOMME
50543,33.12Z,PME,50220,SAINT-QUENTIN-SUR-LE-HOMME
50543,35.11Z,,50220,SAINT-QUENTIN-SUR-LE-HOMME
50543,35.11Z,PME,50220,SAINT-QUENTIN-SUR-LE-HOMME
50543,36.00Z,PME,50220,SAINT-QUENTIN-SUR-LE-HOMME
50543,37.00Z,PME,50220,SAINT-QUENTIN-SUR-LE-HOMME
50543,41.10D,PME,50220,SAINT-QUENTIN-SUR-LE-HOMME
50543,41.20A,PME,50220,SAINT-QUENTIN-SUR-LE-HOMME
50543,41.20B,PME,50220,SAINT-QUENTIN-SUR-LE-HOMME
50543,42.99Z,PME,50220,SAINT-QUENTIN-SUR-LE-HOMME
50543,43.21A,PME,50220,SAINT-QUENTIN-SUR-LE-HOMME
50543,43.31Z,PME,50220,SAINT-QUENTIN-SUR-LE-HOMME
50543,43.32A,PME,50220,SAINT-QUENTIN-SUR-LE-HOMME
50543,43.33Z,PME,50220,SAINT-QUENTIN-SUR-LE-HOMME
50543,43.34Z,PME,50220,SAINT-QUENTIN-SUR-LE-HOMME
50543,43.91B,PME,50220,SAINT-QUENTIN-SUR-LE-HOMME
50543,43.99C,PME,50220,SAINT-QUENTIN-SUR-LE-HOMME
50543,45.11Z,,50220,SAINT-QUENTIN-SUR-LE-HOMME
50543,45.11Z,ETI,50220,SAINT-QUENTIN-SUR-LE-HOMME
50543,45.11Z,PME,50220,SAINT-QUENTIN-SUR-LE-HOMME
50543,45.20A,PME,50220,SAINT-QUENTIN-SUR-LE-HOMME
50543,45.20B,PME,50220,SAINT-QUENTIN-SUR-LE-HOMME
50543,46.19B,PME,50220,SAINT-QUENTIN-SUR-LE-HOMME
50543,46.31Z,GE,50220,SAINT-QUENTIN-SUR-LE-HOMME
50543,46.69C,PME,50220,SAINT-QUENTIN-SUR-LE-HOMME
50543,46.73A,,50220,SAINT-QUENTIN-SUR-LE-HOMME
50543,46.73A,PME,50220,SAINT-QUENTIN-SUR-LE-HOMME
50543,47.19B,PME,50220,SAINT-QUENTIN-SUR-LE-HOMME
50543,47.29Z,,50220,SAINT-QUENTIN-SUR-LE-HOMME
50543,47.52A,PME,50220,SAINT-QUENTIN-SUR-LE-HOMME
50543,47.59A,PME,50220,SAINT-QUENTIN-SUR-LE-HOMME
50543,47.82Z,PME,50220,SAINT-QUENTIN-SUR-LE-HOMME
50543,47.89Z,PME,50220,SAINT-QUENTIN-SUR-LE-HOMME
50543,47.91A,PME,50220,SAINT-QUENTIN-SUR-LE-HOMME
50543,47.91B,,50220,SAINT-QUENTIN-SUR-LE-HOMME
50543,47.99A,,50220,SAINT-QUENTIN-SUR-LE-HOMME
50543,47.99A,PME,50220,SAINT-QUENTIN-SUR-LE-HOMME
50543,49.32Z,PME,50220,SAINT-QUENTIN-SUR-LE-HOMME
50543,49.41B,PME,50220,SAINT-QUENTIN-SUR-LE-HOMME
50543,52.10B,ETI,50220,SAINT-QUENTIN-SUR-LE-HOMME
50543,55.10Z,ETI,50220,SAINT-QUENTIN-SUR-LE-HOMME
50543,55.10Z,PME,50220,SAINT-QUENTIN-SUR-LE-HOMME
50543,55.20Z,PME,50220,SAINT-QUENTIN-SUR-LE-HOMME
50543,56.10A,PME,50220,SAINT-QUENTIN-SUR-LE-HOMME
50543,56.30Z,,50220,SAINT-QUENTIN-SUR-LE-HOMME
50543,62.01Z,PME,50220,SAINT-QUENTIN-SUR-LE-HOMME
50543,64.20Z,PME,50220,SAINT-QUENTIN-SUR-LE-HOMME
50543,66.19A,PME,50220,SAINT-QUENTIN-SUR-LE-HOMME
50543,68.20A,,50220,SAINT-QUENTIN-SUR-LE-HOMME
50543,68.20A,PME,50220,SAINT-QUENTIN-SUR-LE-HOMME
50543,68.20B,,50220,SAINT-QUENTIN-SUR-LE-HOMME
50543,68.20B,PME,50220,SAINT-QUENTIN-SUR-LE-HOMME
50543,68.32A,,50220,SAINT-QUENTIN-SUR-LE-HOMME
50543,69.20Z,PME,50220,SAINT-QUENTIN-SUR-LE-HOMME
50543,70.10Z,,50220,SAINT-QUENTIN-SUR-LE-HOMME
50543,70.10Z,PME,50220,SAINT-QUENTIN-SUR-LE-HOMME
50543,70.22Z,,50220,SAINT-QUENTIN-SUR-LE-HOMME
50543,71.12B,PME,50220,SAINT-QUENTIN-SUR-LE-HOMME
50543,71.20A,PME,50220,SAINT-QUENTIN-SUR-LE-HOMME
50543,74.10Z,PME,50220,SAINT-QUENTIN-SUR-LE-HOMME
50543,74.90B,PME,50220,SAINT-QUENTIN-SUR-LE-HOMME
50543,77.29Z,PME,50220,SAINT-QUENTIN-SUR-LE-HOMME
50543,78.20Z,ETI,50220,SAINT-QUENTIN-SUR-LE-HOMME
50543,81.21Z,,50220,SAINT-QUENTIN-SUR-LE-HOMME
50543,81.22Z,PME,50220,SAINT-QUENTIN-SUR-LE-HOMME
50543,81.29A,,50220,SAINT-QUENTIN-SUR-LE-HOMME
50543,81.30Z,PME,50220,SAINT-QUENTIN-SUR-LE-HOMME
50543,82.11Z,,50220,SAINT-QUENTIN-SUR-LE-HOMME
50543,82.30Z,,50220,SAINT-QUENTIN-SUR-LE-HOMME
50543,82.99Z,PME,50220,SAINT-QUENTIN-SUR-LE-HOMME
50543,84.11Z,PME,50220,SAINT-QUENTIN-SUR-LE-HOMME
50543,85.20Z,PME,50220,SAINT-QUENTIN-SUR-LE-HOMME
50543,85.52Z,PME,50220,SAINT-QUENTIN-SUR-LE-HOMME
50543,85.59B,PME,50220,SAINT-QUENTIN-SUR-LE-HOMME
50543,86.90D,PME,50220,SAINT-QUENTIN-SUR-LE-HOMME
50543,86.90E,PME,50220,SAINT-QUENTIN-SUR-LE-HOMME
50543,90.01Z,,50220,SAINT-QUENTIN-SUR-LE-HOMME
50543,90.01Z,PME,50220,SAINT-QUENTIN-SUR-LE-HOMME
50543,90.03A,,50220,SAINT-QUENTIN-SUR-LE-HOMME
50543,90.03A,PME,50220,SAINT-QUENTIN-SUR-LE-HOMME
50543,90.03B,PME,50220,SAINT-QUENTIN-SUR-LE-HOMME
50543,93.12Z,,50220,SAINT-QUENTIN-SUR-LE-HOMME
50543,93.12Z,PME,50220,SAINT-QUENTIN-SUR-LE-HOMME
50543,93.29Z,,50220,SAINT-QUENTIN-SUR-LE-HOMME
50543,93.29Z,PME,50220,SAINT-QUENTIN-SUR-LE-HOMME
50543,94.91Z,PME,50220,SAINT-QUENTIN-SUR-LE-HOMME
50543,94.99Z,,50220,SAINT-QUENTIN-SUR-LE-HOMME
50543,95.11Z,,50220,SAINT-QUENTIN-SUR-LE-HOMME
50543,96.02A,,50220,SAINT-QUENTIN-SUR-LE-HOMME
50543,96.02A,PME,50220,SAINT-QUENTIN-SUR-LE-HOMME
50543,96.09Z,PME,50220,SAINT-QUENTIN-SUR-LE-HOMME
50548,01.11Z,,50250,SAINT-SAUVEUR-DE-PIERREPONT
50548,01.16Z,,50250,SAINT-SAUVEUR-DE-PIERREPONT
50548,01.41Z,,50250,SAINT-SAUVEUR-DE-PIERREPONT
50548,01.42Z,,50250,SAINT-SAUVEUR-DE-PIERREPONT
50548,01.45Z,,50250,SAINT-SAUVEUR-DE-PIERREPONT
50548,01.61Z,,50250,SAINT-SAUVEUR-DE-PIERREPONT
50548,37.00Z,PME,50250,SAINT-SAUVEUR-DE-PIERREPONT
50548,43.21A,PME,50250,SAINT-SAUVEUR-DE-PIERREPONT
50548,43.22A,,50250,SAINT-SAUVEUR-DE-PIERREPONT
50548,47.54Z,PME,50250,SAINT-SAUVEUR-DE-PIERREPONT
50548,55.20Z,PME,50250,SAINT-SAUVEUR-DE-PIERREPONT
50548,66.30Z,,50250,SAINT-SAUVEUR-DE-PIERREPONT
50548,68.20B,PME,50250,SAINT-SAUVEUR-DE-PIERREPONT
50548,84.11Z,PME,50250,SAINT-SAUVEUR-DE-PIERREPONT
50548,86.90D,PME,50250,SAINT-SAUVEUR-DE-PIERREPONT
50550,01.11Z,,50200,SAINT-SAUVEUR-VILLAGES
50550,01.11Z,,50490,SAINT-SAUVEUR-VILLAGES
50550,01.13Z,,50490,SAINT-SAUVEUR-VILLAGES
50550,01.19Z,,50200,SAINT-SAUVEUR-VILLAGES
50550,01.25Z,,50490,SAINT-SAUVEUR-VILLAGES
50550,01.41Z,,50200,SAINT-SAUVEUR-VILLAGES
50550,01.41Z,,50490,SAINT-SAUVEUR-VILLAGES
50550,01.41Z,PME,50490,SAINT-SAUVEUR-VILLAGES
50550,01.42Z,,50200,SAINT-SAUVEUR-VILLAGES
50550,01.42Z,,50490,SAINT-SAUVEUR-VILLAGES
50550,01.43Z,,50200,SAINT-SAUVEUR-VILLAGES
50550,01.43Z,,50490,SAINT-SAUVEUR-VILLAGES
50550,01.43Z,PME,50490,SAINT-SAUVEUR-VILLAGES
50550,01.45Z,,50200,SAINT-SAUVEUR-VILLAGES
50550,01.45Z,,50490,SAINT-SAUVEUR-VILLAGES
50550,01.46Z,,50490,SAINT-SAUVEUR-VILLAGES
50550,01.49Z,,50200,SAINT-SAUVEUR-VILLAGES
50550,01.49Z,,50490,SAINT-SAUVEUR-VILLAGES
50550,01.50Z,,50200,SAINT-SAUVEUR-VILLAGES
50550,01.50Z,,50490,SAINT-SAUVEUR-VILLAGES
50550,01.61Z,,50490,SAINT-SAUVEUR-VILLAGES
50550,02.10Z,PME,50490,SAINT-SAUVEUR-VILLAGES
50550,03.11Z,,50490,SAINT-SAUVEUR-VILLAGES
50550,10.11Z,PME,50200,SAINT-SAUVEUR-VILLAGES
50550,10.20Z,PME,50490,SAINT-SAUVEUR-VILLAGES
50550,10.61A,PME,50490,SAINT-SAUVEUR-VILLAGES
50550,10.71C,PME,50490,SAINT-SAUVEUR-VILLAGES
50550,13.92Z,PME,50490,SAINT-SAUVEUR-VILLAGES
50550,14.19Z,,50200,SAINT-SAUVEUR-VILLAGES
50550,14.19Z,PME,50490,SAINT-SAUVEUR-VILLAGES
50550,15.12Z,PME,50200,SAINT-SAUVEUR-VILLAGES
50550,16.10A,PME,50490,SAINT-SAUVEUR-VILLAGES
50550,16.29Z,PME,50490,SAINT-SAUVEUR-VILLAGES
50550,18.12Z,,50200,SAINT-SAUVEUR-VILLAGES
50550,20.42Z,,50490,SAINT-SAUVEUR-VILLAGES
50550,20.42Z,PME,50490,SAINT-SAUVEUR-VILLAGES
50550,27.40Z,PME,50490,SAINT-SAUVEUR-VILLAGES
50550,31.02Z,PME,50490,SAINT-SAUVEUR-VILLAGES
50550,31.09B,PME,50490,SAINT-SAUVEUR-VILLAGES
50550,32.99Z,PME,50490,SAINT-SAUVEUR-VILLAGES
50550,35.11Z,,50200,SAINT-SAUVEUR-VILLAGES
50550,35.11Z,,50490,SAINT-SAUVEUR-VILLAGES
50550,35.11Z,ETI,50490,SAINT-SAUVEUR-VILLAGES
50550,35.11Z,PME,50490,SAINT-SAUVEUR-VILLAGES
50550,37.00Z,PME,50490,SAINT-SAUVEUR-VILLAGES
50550,38.11Z,PME,50490,SAINT-SAUVEUR-VILLAGES
50550,43.12A,PME,50490,SAINT-SAUVEUR-VILLAGES
50550,43.21A,PME,50490,SAINT-SAUVEUR-VILLAGES
50550,43.22A,PME,50490,SAINT-SAUVEUR-VILLAGES
50550,43.31Z,PME,50490,SAINT-SAUVEUR-VILLAGES
50550,43.32A,,50490,SAINT-SAUVEUR-VILLAGES
50550,43.32A,PME,50490,SAINT-SAUVEUR-VILLAGES
50550,43.33Z,PME,50490,SAINT-SAUVEUR-VILLAGES
50550,43.34Z,,50490,SAINT-SAUVEUR-VILLAGES
50550,43.34Z,PME,50490,SAINT-SAUVEUR-VILLAGES
50550,43.39Z,PME,50490,SAINT-SAUVEUR-VILLAGES
50550,43.91B,PME,50490,SAINT-SAUVEUR-VILLAGES
50550,43.99A,PME,50490,SAINT-SAUVEUR-VILLAGES
50550,43.99C,PME,50490,SAINT-SAUVEUR-VILLAGES
50550,45.11Z,PME,50490,SAINT-SAUVEUR-VILLAGES
50550,45.20A,,50490,SAINT-SAUVEUR-VILLAGES
50550,45.20A,PME,50490,SAINT-SAUVEUR-VILLAGES
50550,45.40Z,,50490,SAINT-SAUVEUR-VILLAGES
50550,46.19B,,50490,SAINT-SAUVEUR-VILLAGES
50550,46.19B,PME,50200,SAINT-SAUVEUR-VILLAGES
50550,46.19B,PME,50490,SAINT-SAUVEUR-VILLAGES
50550,46.38B,PME,50490,SAINT-SAUVEUR-VILLAGES
50550,46.61Z,PME,50490,SAINT-SAUVEUR-VILLAGES
50550,47.11B,,50490,SAINT-SAUVEUR-VILLAGES
50550,47.11B,PME,50490,SAINT-SAUVEUR-VILLAGES
50550,47.22Z,PME,50490,SAINT-SAUVEUR-VILLAGES
50550,47.26Z,PME,50490,SAINT-SAUVEUR-VILLAGES
50550,47.30Z,PME,50490,SAINT-SAUVEUR-VILLAGES
50550,47.41Z,PME,50490,SAINT-SAUVEUR-VILLAGES
50550,47.59A,PME,50490,SAINT-SAUVEUR-VILLAGES
50550,47.73Z,PME,50490,SAINT-SAUVEUR-VILLAGES
50550,47.76Z,PME,50490,SAINT-SAUVEUR-VILLAGES
50550,47.78C,,50490,SAINT-SAUVEUR-VILLAGES
50550,47.79Z,PME,50490,SAINT-SAUVEUR-VILLAGES
50550,47.91B,,50490,SAINT-SAUVEUR-VILLAGES
50550,47.99A,,50490,SAINT-SAUVEUR-VILLAGES
50550,47.99A,PME,50490,SAINT-SAUVEUR-VILLAGES
50550,49.32Z,PME,50490,SAINT-SAUVEUR-VILLAGES
50550,49.41B,PME,50490,SAINT-SAUVEUR-VILLAGES
50550,53.10Z,GE,50490,SAINT-SAUVEUR-VILLAGES
50550,55.10Z,PME,50490,SAINT-SAUVEUR-VILLAGES
50550,55.20Z,,50200,SAINT-SAUVEUR-VILLAGES
50550,55.20Z,,50490,SAINT-SAUVEUR-VILLAGES
50550,55.20Z,PME,50490,SAINT-SAUVEUR-VILLAGES
50550,56.10A,PME,50490,SAINT-SAUVEUR-VILLAGES
50550,56.10C,,50490,SAINT-SAUVEUR-VILLAGES
50550,56.10C,PME,50490,SAINT-SAUVEUR-VILLAGES
50550,56.30Z,PME,50490,SAINT-SAUVEUR-VILLAGES
50550,58.29C,PME,50490,SAINT-SAUVEUR-VILLAGES
50550,63.12Z,PME,50490,SAINT-SAUVEUR-VILLAGES
50550,63.91Z,PME,50490,SAINT-SAUVEUR-VILLAGES
50550,64.19Z,GE,50490,SAINT-SAUVEUR-VILLAGES
50550,64.20Z,PME,50490,SAINT-SAUVEUR-VILLAGES
50550,66.19A,,50200,SAINT-SAUVEUR-VILLAGES
50550,66.19A,,50490,SAINT-SAUVEUR-VILLAGES
50550,66.19A,PME,50490,SAINT-SAUVEUR-VILLAGES
50550,66.30Z,,50490,SAINT-SAUVEUR-VILLAGES
50550,66.30Z,PME,50490,SAINT-SAUVEUR-VILLAGES
50550,68.20A,,50490,SAINT-SAUVEUR-VILLAGES
50550,68.20A,PME,50490,SAINT-SAUVEUR-VILLAGES
50550,68.20B,,50200,SAINT-SAUVEUR-VILLAGES
50550,68.20B,,50490,SAINT-SAUVEUR-VILLAGES
50550,68.20B,PME,50200,SAINT-SAUVEUR-VILLAGES
50550,68.20B,PME,50490,SAINT-SAUVEUR-VILLAGES
50550,68.32A,,50490,SAINT-SAUVEUR-VILLAGES
50550,69.10Z,PME,50490,SAINT-SAUVEUR-VILLAGES
50550,70.10Z,,50490,SAINT-SAUVEUR-VILLAGES
50550,70.22Z,,50490,SAINT-SAUVEUR-VILLAGES
50550,70.22Z,PME,50490,SAINT-SAUVEUR-VILLAGES
50550,71.12B,PME,50490,SAINT-SAUVEUR-VILLAGES
50550,74.10Z,,50490,SAINT-SAUVEUR-VILLAGES
50550,74.10Z,PME,50490,SAINT-SAUVEUR-VILLAGES
50550,77.31Z,PME,50490,SAINT-SAUVEUR-VILLAGES
50550,77.39Z,,50490,SAINT-SAUVEUR-VILLAGES
50550,78.30Z,PME,50200,SAINT-SAUVEUR-VILLAGES
50550,79.11Z,,50490,SAINT-SAUVEUR-VILLAGES
50550,81.21Z,PME,50490,SAINT-SAUVEUR-VILLAGES
50550,81.29A,PME,50490,SAINT-SAUVEUR-VILLAGES
50550,81.30Z,PME,50490,SAINT-SAUVEUR-VILLAGES
50550,82.19Z,,50490,SAINT-SAUVEUR-VILLAGES
50550,84.11Z,PME,50200,SAINT-SAUVEUR-VILLAGES
50550,84.11Z,PME,50490,SAINT-SAUVEUR-VILLAGES
50550,85.20Z,PME,50490,SAINT-SAUVEUR-VILLAGES
50550,85.31Z,PME,50490,SAINT-SAUVEUR-VILLAGES
50550,85.52Z,PME,50490,SAINT-SAUVEUR-VILLAGES
50550,85.53Z,PME,50490,SAINT-SAUVEUR-VILLAGES
50550,85.59B,,50490,SAINT-SAUVEUR-VILLAGES
50550,85.59B,PME,50490,SAINT-SAUVEUR-VILLAGES
50550,85.60Z,,50490,SAINT-SAUVEUR-VILLAGES
50550,86.21Z,PME,50490,SAINT-SAUVEUR-VILLAGES
50550,86.23Z,PME,50490,SAINT-SAUVEUR-VILLAGES
50550,86.90D,,50490,SAINT-SAUVEUR-VILLAGES
50550,86.90D,PME,50490,SAINT-SAUVEUR-VILLAGES
50550,86.90E,PME,50490,SAINT-SAUVEUR-VILLAGES
50550,86.90F,PME,50200,SAINT-SAUVEUR-VILLAGES
50550,87.10A,PME,50490,SAINT-SAUVEUR-VILLAGES
50550,87.30A,,50490,SAINT-SAUVEUR-VILLAGES
50550,87.30B,PME,50490,SAINT-SAUVEUR-VILLAGES
50550,88.10A,ETI,50490,SAINT-SAUVEUR-VILLAGES
50550,88.91A,,50490,SAINT-SAUVEUR-VILLAGES
50550,88.91A,ETI,50490,SAINT-SAUVEUR-VILLAGES
50550,88.91A,PME,50490,SAINT-SAUVEUR-VILLAGES
50550,88.99B,,50490,SAINT-SAUVEUR-VILLAGES
50550,90.01Z,,50490,SAINT-SAUVEUR-VILLAGES
50550,90.01Z,PME,50490,SAINT-SAUVEUR-VILLAGES
50550,90.03A,PME,50490,SAINT-SAUVEUR-VILLAGES
50550,90.03B,,50200,SAINT-SAUVEUR-VILLAGES
50550,90.03B,PME,50490,SAINT-SAUVEUR-VILLAGES
50550,90.04Z,,50490,SAINT-SAUVEUR-VILLAGES
50550,91.02Z,PME,50490,SAINT-SAUVEUR-VILLAGES
50550,93.12Z,,50490,SAINT-SAUVEUR-VILLAGES
50550,93.12Z,PME,50490,SAINT-SAUVEUR-VILLAGES
50550,93.19Z,PME,50490,SAINT-SAUVEUR-VILLAGES
50550,93.29Z,,50490,SAINT-SAUVEUR-VILLAGES
50550,93.29Z,PME,50200,SAINT-SAUVEUR-VILLAGES
50550,93.29Z,PME,50490,SAINT-SAUVEUR-VILLAGES
50550,94.91Z,PME,50490,SAINT-SAUVEUR-VILLAGES
50550,94.99Z,,50200,SAINT-SAUVEUR-VILLAGES
50550,94.99Z,,50490,SAINT-SAUVEUR-VILLAGES
50550,94.99Z,PME,50490,SAINT-SAUVEUR-VILLAGES
50550,95.24Z,PME,50490,SAINT-SAUVEUR-VILLAGES
50550,95.29Z,PME,50490,SAINT-SAUVEUR-VILLAGES
50550,96.02A,PME,50490,SAINT-SAUVEUR-VILLAGES
50550,96.02B,PME,50490,SAINT-SAUVEUR-VILLAGES
50550,96.04Z,PME,50490,SAINT-SAUVEUR-VILLAGES
50550,96.09Z,,50490,SAINT-SAUVEUR-VILLAGES
50550,96.09Z,PME,50200,SAINT-SAUVEUR-VILLAGES
50550,96.09Z,PME,50490,SAINT-SAUVEUR-VILLAGES
50551,01.11Z,,50390,SAINT-SAUVEUR-LE-VICOMTE
50551,01.13Z,,50390,SAINT-SAUVEUR-LE-VICOMTE
50551,01.30Z,,50390,SAINT-SAUVEUR-LE-VICOMTE
50551,01.41Z,,50390,SAINT-SAUVEUR-LE-VICOMTE
50551,01.42Z,,50390,SAINT-SAUVEUR-LE-VICOMTE
50551,01.43Z,,50390,SAINT-SAUVEUR-LE-VICOMTE
50551,01.45Z,,50390,SAINT-SAUVEUR-LE-VICOMTE
50551,01.45Z,PME,50390,SAINT-SAUVEUR-LE-VICOMTE
50551,01.49Z,,50390,SAINT-SAUVEUR-LE-VICOMTE
50551,01.49Z,PME,50390,SAINT-SAUVEUR-LE-VICOMTE
50551,01.50Z,,50390,SAINT-SAUVEUR-LE-VICOMTE
50551,01.61Z,,50390,SAINT-SAUVEUR-LE-VICOMTE
50551,02.10Z,,50390,SAINT-SAUVEUR-LE-VICOMTE
50551,02.20Z,PME,50390,SAINT-SAUVEUR-LE-VICOMTE
50551,02.40Z,,50390,SAINT-SAUVEUR-LE-VICOMTE
50551,08.11Z,ETI,50390,SAINT-SAUVEUR-LE-VICOMTE
50551,10.13B,PME,50390,SAINT-SAUVEUR-LE-VICOMTE
50551,10.39B,PME,50390,SAINT-SAUVEUR-LE-VICOMTE
50551,10.71C,PME,50390,SAINT-SAUVEUR-LE-VICOMTE
50551,11.01Z,PME,50390,SAINT-SAUVEUR-LE-VICOMTE
50551,13.92Z,,50390,SAINT-SAUVEUR-LE-VICOMTE
50551,14.19Z,PME,50390,SAINT-SAUVEUR-LE-VICOMTE
50551,22.29A,PME,50390,SAINT-SAUVEUR-LE-VICOMTE
50551,25.62B,GE,50390,SAINT-SAUVEUR-LE-VICOMTE
50551,31.09B,PME,50390,SAINT-SAUVEUR-LE-VICOMTE
50551,33.20A,,50390,SAINT-SAUVEUR-LE-VICOMTE
50551,35.11Z,,50390,SAINT-SAUVEUR-LE-VICOMTE
50551,35.11Z,PME,50390,SAINT-SAUVEUR-LE-VICOMTE
50551,38.12Z,GE,50390,SAINT-SAUVEUR-LE-VICOMTE
50551,41.10D,PME,50390,SAINT-SAUVEUR-LE-VICOMTE
50551,42.99Z,,50390,SAINT-SAUVEUR-LE-VICOMTE
50551,42.99Z,PME,50390,SAINT-SAUVEUR-LE-VICOMTE
50551,43.21A,PME,50390,SAINT-SAUVEUR-LE-VICOMTE
50551,43.22A,PME,50390,SAINT-SAUVEUR-LE-VICOMTE
50551,43.31Z,,50390,SAINT-SAUVEUR-LE-VICOMTE
50551,43.32A,PME,50390,SAINT-SAUVEUR-LE-VICOMTE
50551,43.33Z,PME,50390,SAINT-SAUVEUR-LE-VICOMTE
50551,43.91B,,50390,SAINT-SAUVEUR-LE-VICOMTE
50551,43.91B,PME,50390,SAINT-SAUVEUR-LE-VICOMTE
50551,43.99C,,50390,SAINT-SAUVEUR-LE-VICOMTE
50551,43.99C,PME,50390,SAINT-SAUVEUR-LE-VICOMTE
50551,45.20A,,50390,SAINT-SAUVEUR-LE-VICOMTE
50551,45.20A,PME,50390,SAINT-SAUVEUR-LE-VICOMTE
50551,45.40Z,PME,50390,SAINT-SAUVEUR-LE-VICOMTE
50551,46.17B,PME,50390,SAINT-SAUVEUR-LE-VICOMTE
50551,46.18Z,PME,50390,SAINT-SAUVEUR-LE-VICOMTE
50551,46.19B,PME,50390,SAINT-SAUVEUR-LE-VICOMTE
50551,46.21Z,GE,50390,SAINT-SAUVEUR-LE-VICOMTE
50551,46.23Z,PME,50390,SAINT-SAUVEUR-LE-VICOMTE
50551,46.61Z,PME,50390,SAINT-SAUVEUR-LE-VICOMTE
50551,46.73A,PME,50390,SAINT-SAUVEUR-LE-VICOMTE
50551,47.11B,,50390,SAINT-SAUVEUR-LE-VICOMTE
50551,47.11D,PME,50390,SAINT-SAUVEUR-LE-VICOMTE
50551,47.22Z,PME,50390,SAINT-SAUVEUR-LE-VICOMTE
50551,47.23Z,PME,50390,SAINT-SAUVEUR-LE-VICOMTE
50551,47.29Z,,50390,SAINT-SAUVEUR-LE-VICOMTE
50551,47.29Z,PME,50390,SAINT-SAUVEUR-LE-VICOMTE
50551,47.52A,GE,50390,SAINT-SAUVEUR-LE-VICOMTE
50551,47.54Z,PME,50390,SAINT-SAUVEUR-LE-VICOMTE
50551,47.73Z,PME,50390,SAINT-SAUVEUR-LE-VICOMTE
50551,47.76Z,PME,50390,SAINT-SAUVEUR-LE-VICOMTE
50551,47.78A,PME,50390,SAINT-SAUVEUR-LE-VICOMTE
50551,47.79Z,,50390,SAINT-SAUVEUR-LE-VICOMTE
50551,47.79Z,PME,50390,SAINT-SAUVEUR-LE-VICOMTE
50551,47.81Z,PME,50390,SAINT-SAUVEUR-LE-VICOMTE
50551,47.82Z,,50390,SAINT-SAUVEUR-LE-VICOMTE
50551,47.82Z,PME,50390,SAINT-SAUVEUR-LE-VICOMTE
50551,47.89Z,PME,50390,SAINT-SAUVEUR-LE-VICOMTE
50551,47.99A,,50390,SAINT-SAUVEUR-LE-VICOMTE
50551,47.99A,PME,50390,SAINT-SAUVEUR-LE-VICOMTE
50551,49.39A,PME,50390,SAINT-SAUVEUR-LE-VICOMTE
50551,49.41B,PME,50390,SAINT-SAUVEUR-LE-VICOMTE
50551,53.10Z,GE,50390,SAINT-SAUVEUR-LE-VICOMTE
50551,53.20Z,PME,50390,SAINT-SAUVEUR-LE-VICOMTE
50551,55.10Z,PME,50390,SAINT-SAUVEUR-LE-VICOMTE
50551,55.20Z,,50390,SAINT-SAUVEUR-LE-VICOMTE
50551,55.20Z,PME,50390,SAINT-SAUVEUR-LE-VICOMTE
50551,55.30Z,PME,50390,SAINT-SAUVEUR-LE-VICOMTE
50551,56.10A,PME,50390,SAINT-SAUVEUR-LE-VICOMTE
50551,56.10C,PME,50390,SAINT-SAUVEUR-LE-VICOMTE
50551,56.29A,GE,50390,SAINT-SAUVEUR-LE-VICOMTE
50551,56.30Z,,50390,SAINT-SAUVEUR-LE-VICOMTE
50551,56.30Z,PME,50390,SAINT-SAUVEUR-LE-VICOMTE
50551,59.11C,,50390,SAINT-SAUVEUR-LE-VICOMTE
50551,64.19Z,GE,50390,SAINT-SAUVEUR-LE-VICOMTE
50551,64.20Z,,50390,SAINT-SAUVEUR-LE-VICOMTE
50551,64.20Z,PME,50390,SAINT-SAUVEUR-LE-VICOMTE
50551,66.22Z,PME,50390,SAINT-SAUVEUR-LE-VICOMTE
50551,68.10Z,PME,50390,SAINT-SAUVEUR-LE-VICOMTE
50551,68.20A,,50390,SAINT-SAUVEUR-LE-VICOMTE
50551,68.20A,PME,50390,SAINT-SAUVEUR-LE-VICOMTE
50551,68.20B,,50390,SAINT-SAUVEUR-LE-VICOMTE
50551,68.20B,PME,50390,SAINT-SAUVEUR-LE-VICOMTE
50551,68.31Z,PME,50390,SAINT-SAUVEUR-LE-VICOMTE
50551,69.10Z,PME,50390,SAINT-SAUVEUR-LE-VICOMTE
50551,69.20Z,,50390,SAINT-SAUVEUR-LE-VICOMTE
50551,70.10Z,,50390,SAINT-SAUVEUR-LE-VICOMTE
50551,70.10Z,PME,50390,SAINT-SAUVEUR-LE-VICOMTE
50551,70.22Z,,50390,SAINT-SAUVEUR-LE-VICOMTE
50551,70.22Z,PME,50390,SAINT-SAUVEUR-LE-VICOMTE
50551,71.11Z,PME,50390,SAINT-SAUVEUR-LE-VICOMTE
50551,71.20A,PME,50390,SAINT-SAUVEUR-LE-VICOMTE
50551,74.10Z,PME,50390,SAINT-SAUVEUR-LE-VICOMTE
50551,75.00Z,PME,50390,SAINT-SAUVEUR-LE-VICOMTE
50551,78.30Z,PME,50390,SAINT-SAUVEUR-LE-VICOMTE
50551,81.10Z,,50390,SAINT-SAUVEUR-LE-VICOMTE
50551,81.21Z,,50390,SAINT-SAUVEUR-LE-VICOMTE
50551,81.30Z,PME,50390,SAINT-SAUVEUR-LE-VICOMTE
50551,82.19Z,PME,50390,SAINT-SAUVEUR-LE-VICOMTE
50551,82.99Z,PME,50390,SAINT-SAUVEUR-LE-VICOMTE
50551,84.11Z,PME,50390,SAINT-SAUVEUR-LE-VICOMTE
50551,85.10Z,PME,50390,SAINT-SAUVEUR-LE-VICOMTE
50551,85.20Z,PME,50390,SAINT-SAUVEUR-LE-VICOMTE
50551,85.31Z,PME,50390,SAINT-SAUVEUR-LE-VICOMTE
50551,85.51Z,,50390,SAINT-SAUVEUR-LE-VICOMTE
50551,85.51Z,PME,50390,SAINT-SAUVEUR-LE-VICOMTE
50551,85.52Z,PME,50390,SAINT-SAUVEUR-LE-VICOMTE
50551,85.59B,PME,50390,SAINT-SAUVEUR-LE-VICOMTE
50551,86.10Z,PME,50390,SAINT-SAUVEUR-LE-VICOMTE
50551,86.21Z,PME,50390,SAINT-SAUVEUR-LE-VICOMTE
50551,86.23Z,PME,50390,SAINT-SAUVEUR-LE-VICOMTE
50551,86.90A,PME,50390,SAINT-SAUVEUR-LE-VICOMTE
50551,86.90D,PME,50390,SAINT-SAUVEUR-LE-VICOMTE
50551,86.90E,PME,50390,SAINT-SAUVEUR-LE-VICOMTE
50551,87.10A,,50390,SAINT-SAUVEUR-LE-VICOMTE
50551,87.10A,PME,50390,SAINT-SAUVEUR-LE-VICOMTE
50551,88.99B,,50390,SAINT-SAUVEUR-LE-VICOMTE
50551,88.99B,GE,50390,SAINT-SAUVEUR-LE-VICOMTE
50551,90.01Z,PME,50390,SAINT-SAUVEUR-LE-VICOMTE
50551,90.03A,PME,50390,SAINT-SAUVEUR-LE-VICOMTE
50551,90.03B,PME,50390,SAINT-SAUVEUR-LE-VICOMTE
50551,93.12Z,,50390,SAINT-SAUVEUR-LE-VICOMTE
50551,93.12Z,PME,50390,SAINT-SAUVEUR-LE-VICOMTE
50551,93.21Z,PME,50390,SAINT-SAUVEUR-LE-VICOMTE
50551,93.29Z,,50390,SAINT-SAUVEUR-LE-VICOMTE
50551,93.29Z,PME,50390,SAINT-SAUVEUR-LE-VICOMTE
50551,94.91Z,,50390,SAINT-SAUVEUR-LE-VICOMTE
50551,94.91Z,PME,50390,SAINT-SAUVEUR-LE-VICOMTE
50551,94.99Z,,50390,SAINT-SAUVEUR-LE-VICOMTE
50551,94.99Z,PME,50390,SAINT-SAUVEUR-LE-VICOMTE
50551,95.29Z,PME,50390,SAINT-SAUVEUR-LE-VICOMTE
50551,96.01B,PME,50390,SAINT-SAUVEUR-LE-VICOMTE
50551,96.02A,PME,50390,SAINT-SAUVEUR-LE-VICOMTE
50551,96.02B,PME,50390,SAINT-SAUVEUR-LE-VICOMTE
50551,96.03Z,,50390,SAINT-SAUVEUR-LE-VICOMTE
50551,96.09Z,PME,50390,SAINT-SAUVEUR-LE-VICOMTE
50552,01.19Z,,50190,SAINT-SEBASTIEN-DE-RAIDS
50552,01.41Z,,50190,SAINT-SEBASTIEN-DE-RAIDS
50552,01.42Z,,50190,SAINT-SEBASTIEN-DE-RAIDS
50552,01.49Z,,50190,SAINT-SEBASTIEN-DE-RAIDS
50552,11.03Z,,50190,SAINT-SEBASTIEN-DE-RAIDS
50552,14.19Z,PME,50190,SAINT-SEBASTIEN-DE-RAIDS
50552,16.29Z,PME,50190,SAINT-SEBASTIEN-DE-RAIDS
50552,23.63Z,ETI,50190,SAINT-SEBASTIEN-DE-RAIDS
50552,31.09B,PME,50190,SAINT-SEBASTIEN-DE-RAIDS
50552,43.12A,ETI,50190,SAINT-SEBASTIEN-DE-RAIDS
50552,43.12A,PME,50190,SAINT-SEBASTIEN-DE-RAIDS
50552,43.91B,PME,50190,SAINT-SEBASTIEN-DE-RAIDS
50552,43.99C,PME,50190,SAINT-SEBASTIEN-DE-RAIDS
50552,46.19B,PME,50190,SAINT-SEBASTIEN-DE-RAIDS
50552,46.61Z,,50190,SAINT-SEBASTIEN-DE-RAIDS
50552,47.11B,PME,50190,SAINT-SEBASTIEN-DE-RAIDS
50552,47.22Z,PME,50190,SAINT-SEBASTIEN-DE-RAIDS
50552,47.81Z,PME,50190,SAINT-SEBASTIEN-DE-RAIDS
50552,47.99A,PME,50190,SAINT-SEBASTIEN-DE-RAIDS
50552,64.20Z,PME,50190,SAINT-SEBASTIEN-DE-RAIDS
50552,66.30Z,,50190,SAINT-SEBASTIEN-DE-RAIDS
50552,68.20A,,50190,SAINT-SEBASTIEN-DE-RAIDS
50552,68.20B,,50190,SAINT-SEBASTIEN-DE-RAIDS
50552,71.12B,PME,50190,SAINT-SEBASTIEN-DE-RAIDS
50552,84.11Z,PME,50190,SAINT-SEBASTIEN-DE-RAIDS
50552,93.12Z,,50190,SAINT-SEBASTIEN-DE-RAIDS
50552,93.19Z,PME,50190,SAINT-SEBASTIEN-DE-RAIDS
50552,95.29Z,PME,50190,SAINT-SEBASTIEN-DE-RAIDS
50553,01.11Z,,50240,SAINT-SENIER-DE-BEUVRON
50553,01.19Z,,50240,SAINT-SENIER-DE-BEUVRON
50553,01.41Z,,50240,SAINT-SENIER-DE-BEUVRON
50553,01.42Z,,50240,SAINT-SENIER-DE-BEUVRON
50553,01.43Z,,50240,SAINT-SENIER-DE-BEUVRON
50553,01.46Z,,50240,SAINT-SENIER-DE-BEUVRON
50553,01.50Z,,50240,SAINT-SENIER-DE-BEUVRON
50553,01.61Z,,50240,SAINT-SENIER-DE-BEUVRON
50553,02.10Z,,50240,SAINT-SENIER-DE-BEUVRON
50553,28.30Z,PME,50240,SAINT-SENIER-DE-BEUVRON
50553,35.11Z,,50240,SAINT-SENIER-DE-BEUVRON
50553,38.32Z,PME,50240,SAINT-SENIER-DE-BEUVRON
50553,43.91B,PME,50240,SAINT-SENIER-DE-BEUVRON
50553,43.99C,PME,50240,SAINT-SENIER-DE-BEUVRON
50553,45.40Z,,50240,SAINT-SENIER-DE-BEUVRON
50553,47.99A,PME,50240,SAINT-SENIER-DE-BEUVRON
50553,66.30Z,,50240,SAINT-SENIER-DE-BEUVRON
50553,68.20A,,50240,SAINT-SENIER-DE-BEUVRON
50553,68.20B,,50240,SAINT-SENIER-DE-BEUVRON
50553,68.20B,PME,50240,SAINT-SENIER-DE-BEUVRON
50553,70.10Z,,50240,SAINT-SENIER-DE-BEUVRON
50553,79.90Z,PME,50240,SAINT-SENIER-DE-BEUVRON
50553,81.30Z,PME,50240,SAINT-SENIER-DE-BEUVRON
50553,82.19Z,PME,50240,SAINT-SENIER-DE-BEUVRON
50553,84.11Z,PME,50240,SAINT-SENIER-DE-BEUVRON
50553,85.52Z,PME,50240,SAINT-SENIER-DE-BEUVRON
50553,85.59A,,50240,SAINT-SENIER-DE-BEUVRON
50553,85.59B,,50240,SAINT-SENIER-DE-BEUVRON
50553,85.59B,PME,50240,SAINT-SENIER-DE-BEUVRON
50553,87.10A,PME,50240,SAINT-SENIER-DE-BEUVRON
50553,88.99B,,50240,SAINT-SENIER-DE-BEUVRON
50553,92.00Z,PME,50240,SAINT-SENIER-DE-BEUVRON
50553,93.12Z,,50240,SAINT-SENIER-DE-BEUVRON
50553,93.29Z,PME,50240,SAINT-SENIER-DE-BEUVRON
50553,94.99Z,,50240,SAINT-SENIER-DE-BEUVRON
50553,94.99Z,PME,50240,SAINT-SENIER-DE-BEUVRON
50554,01.11Z,,50300,SAINT-SENIER-SOUS-AVRANCHES
50554,01.41Z,,50300,SAINT-SENIER-SOUS-AVRANCHES
50554,01.43Z,,50300,SAINT-SENIER-SOUS-AVRANCHES
50554,01.45Z,,50300,SAINT-SENIER-SOUS-AVRANCHES
50554,01.61Z,,50300,SAINT-SENIER-SOUS-AVRANCHES
50554,08.12Z,ETI,50300,SAINT-SENIER-SOUS-AVRANCHES
50554,10.11Z,PME,50300,SAINT-SENIER-SOUS-AVRANCHES
50554,10.51A,PME,50300,SAINT-SENIER-SOUS-AVRANCHES
50554,10.72Z,ETI,50300,SAINT-SENIER-SOUS-AVRANCHES
50554,18.13Z,PME,50300,SAINT-SENIER-SOUS-AVRANCHES
50554,23.61Z,ETI,50300,SAINT-SENIER-SOUS-AVRANCHES
50554,29.20Z,PME,50300,SAINT-SENIER-SOUS-AVRANCHES
50554,31.01Z,PME,50300,SAINT-SENIER-SOUS-AVRANCHES
50554,33.14Z,PME,50300,SAINT-SENIER-SOUS-AVRANCHES
50554,41.20B,,50300,SAINT-SENIER-SOUS-AVRANCHES
50554,42.99Z,PME,50300,SAINT-SENIER-SOUS-AVRANCHES
50554,43.21A,PME,50300,SAINT-SENIER-SOUS-AVRANCHES
50554,43.22A,PME,50300,SAINT-SENIER-SOUS-AVRANCHES
50554,43.32A,PME,50300,SAINT-SENIER-SOUS-AVRANCHES
50554,43.91B,,50300,SAINT-SENIER-SOUS-AVRANCHES
50554,43.99C,PME,50300,SAINT-SENIER-SOUS-AVRANCHES
50554,45.20A,ETI,50300,SAINT-SENIER-SOUS-AVRANCHES
50554,45.20A,PME,50300,SAINT-SENIER-SOUS-AVRANCHES
50554,45.20B,PME,50300,SAINT-SENIER-SOUS-AVRANCHES
50554,46.19A,GE,50300,SAINT-SENIER-SOUS-AVRANCHES
50554,46.19B,PME,50300,SAINT-SENIER-SOUS-AVRANCHES
50554,46.21Z,GE,50300,SAINT-SENIER-SOUS-AVRANCHES
50554,46.37Z,PME,50300,SAINT-SENIER-SOUS-AVRANCHES
50554,46.44Z,PME,50300,SAINT-SENIER-SOUS-AVRANCHES
50554,46.69A,GE,50300,SAINT-SENIER-SOUS-AVRANCHES
50554,46.69A,PME,50300,SAINT-SENIER-SOUS-AVRANCHES
50554,46.69B,,50300,SAINT-SENIER-SOUS-AVRANCHES
50554,46.73A,ETI,50300,SAINT-SENIER-SOUS-AVRANCHES
50554,46.74A,ETI,50300,SAINT-SENIER-SOUS-AVRANCHES
50554,46.74A,GE,50300,SAINT-SENIER-SOUS-AVRANCHES
50554,46.74B,ETI,50300,SAINT-SENIER-SOUS-AVRANCHES
50554,47.11D,GE,50300,SAINT-SENIER-SOUS-AVRANCHES
50554,47.52B,GE,50300,SAINT-SENIER-SOUS-AVRANCHES
50554,47.54Z,PME,50300,SAINT-SENIER-SOUS-AVRANCHES
50554,47.59A,,50300,SAINT-SENIER-SOUS-AVRANCHES
50554,47.59A,PME,50300,SAINT-SENIER-SOUS-AVRANCHES
50554,47.76Z,GE,50300,SAINT-SENIER-SOUS-AVRANCHES
50554,47.89Z,PME,50300,SAINT-SENIER-SOUS-AVRANCHES
50554,47.99A,PME,50300,SAINT-SENIER-SOUS-AVRANCHES
50554,49.32Z,PME,50300,SAINT-SENIER-SOUS-AVRANCHES
50554,52.10B,PME,50300,SAINT-SENIER-SOUS-AVRANCHES
50554,55.20Z,PME,50300,SAINT-SENIER-SOUS-AVRANCHES
50554,56.10C,PME,50300,SAINT-SENIER-SOUS-AVRANCHES
50554,56.30Z,PME,50300,SAINT-SENIER-SOUS-AVRANCHES
50554,61.90Z,ETI,50300,SAINT-SENIER-SOUS-AVRANCHES
50554,62.01Z,PME,50300,SAINT-SENIER-SOUS-AVRANCHES
50554,62.03Z,PME,50300,SAINT-SENIER-SOUS-AVRANCHES
50554,64.20Z,,50300,SAINT-SENIER-SOUS-AVRANCHES
50554,64.20Z,PME,50300,SAINT-SENIER-SOUS-AVRANCHES
50554,66.30Z,,50300,SAINT-SENIER-SOUS-AVRANCHES
50554,68.10Z,,50300,SAINT-SENIER-SOUS-AVRANCHES
50554,68.20A,,50300,SAINT-SENIER-SOUS-AVRANCHES
50554,68.20B,,50300,SAINT-SENIER-SOUS-AVRANCHES
50554,68.20B,ETI,50300,SAINT-SENIER-SOUS-AVRANCHES
50554,68.20B,PME,50300,SAINT-SENIER-SOUS-AVRANCHES
50554,69.20Z,ETI,50300,SAINT-SENIER-SOUS-AVRANCHES
50554,70.10Z,,50300,SAINT-SENIER-SOUS-AVRANCHES
50554,70.10Z,PME,50300,SAINT-SENIER-SOUS-AVRANCHES
50554,70.22Z,,50300,SAINT-SENIER-SOUS-AVRANCHES
50554,70.22Z,PME,50300,SAINT-SENIER-SOUS-AVRANCHES
50554,71.12A,,50300,SAINT-SENIER-SOUS-AVRANCHES
50554,71.20A,PME,50300,SAINT-SENIER-SOUS-AVRANCHES
50554,71.20B,PME,50300,SAINT-SENIER-SOUS-AVRANCHES
50554,73.11Z,PME,50300,SAINT-SENIER-SOUS-AVRANCHES
50554,77.11A,PME,50300,SAINT-SENIER-SOUS-AVRANCHES
50554,81.22Z,ETI,50300,SAINT-SENIER-SOUS-AVRANCHES
50554,81.30Z,PME,50300,SAINT-SENIER-SOUS-AVRANCHES
50554,82.19Z,PME,50300,SAINT-SENIER-SOUS-AVRANCHES
50554,84.11Z,PME,50300,SAINT-SENIER-SOUS-AVRANCHES
50554,85.20Z,PME,50300,SAINT-SENIER-SOUS-AVRANCHES
50554,85.31Z,PME,50300,SAINT-SENIER-SOUS-AVRANCHES
50554,85.51Z,,50300,SAINT-SENIER-SOUS-AVRANCHES
50554,85.51Z,PME,50300,SAINT-SENIER-SOUS-AVRANCHES
50554,85.59A,PME,50300,SAINT-SENIER-SOUS-AVRANCHES
50554,86.90E,PME,50300,SAINT-SENIER-SOUS-AVRANCHES
50554,88.99A,,50300,SAINT-SENIER-SOUS-AVRANCHES
50554,88.99B,,50300,SAINT-SENIER-SOUS-AVRANCHES
50554,90.03B,PME,50300,SAINT-SENIER-SOUS-AVRANCHES
50554,93.12Z,,50300,SAINT-SENIER-SOUS-AVRANCHES
50554,93.29Z,,50300,SAINT-SENIER-SOUS-AVRANCHES
50554,93.29Z,PME,50300,SAINT-SENIER-SOUS-AVRANCHES
50554,94.11Z,PME,50300,SAINT-SENIER-SOUS-AVRANCHES
50554,94.12Z,,50300,SAINT-SENIER-SOUS-AVRANCHES
50554,94.99Z,,50300,SAINT-SENIER-SOUS-AVRANCHES
50554,94.99Z,PME,50300,SAINT-SENIER-SOUS-AVRANCHES
50554,95.29Z,PME,50300,SAINT-SENIER-SOUS-AVRANCHES
50554,96.02A,PME,50300,SAINT-SENIER-SOUS-AVRANCHES
50554,96.02B,,50300,SAINT-SENIER-SOUS-AVRANCHES
50554,96.02B,PME,50300,SAINT-SENIER-SOUS-AVRANCHES
50554,96.09Z,,50300,SAINT-SENIER-SOUS-AVRANCHES
50563,01.11Z,,50420,SAINT-VIGOR-DES-MONTS
50563,01.13Z,,50420,SAINT-VIGOR-DES-MONTS
50563,01.19Z,,50420,SAINT-VIGOR-DES-MONTS
50563,01.24Z,,50420,SAINT-VIGOR-DES-MONTS
50563,01.41Z,,50420,SAINT-VIGOR-DES-MONTS
50563,01.42Z,,50420,SAINT-VIGOR-DES-MONTS
50563,01.45Z,,50420,SAINT-VIGOR-DES-MONTS
50563,01.46Z,,50420,SAINT-VIGOR-DES-MONTS
50563,01.49Z,PME,50420,SAINT-VIGOR-DES-MONTS
50563,01.50Z,,50420,SAINT-VIGOR-DES-MONTS
50563,01.61Z,,50420,SAINT-VIGOR-DES-MONTS
50563,15.12Z,PME,50420,SAINT-VIGOR-DES-MONTS
50563,25.50B,PME,50420,SAINT-VIGOR-DES-MONTS
50563,32.13Z,PME,50420,SAINT-VIGOR-DES-MONTS
50563,38.11Z,PME,50420,SAINT-VIGOR-DES-MONTS
50563,43.31Z,PME,50420,SAINT-VIGOR-DES-MONTS
50563,43.91A,PME,50420,SAINT-VIGOR-DES-MONTS
50563,43.91B,PME,50420,SAINT-VIGOR-DES-MONTS
50563,46.17B,PME,50420,SAINT-VIGOR-DES-MONTS
50563,46.23Z,PME,50420,SAINT-VIGOR-DES-MONTS
50563,47.89Z,PME,50420,SAINT-VIGOR-DES-MONTS
50563,47.99A,PME,50420,SAINT-VIGOR-DES-MONTS
50563,55.20Z,PME,50420,SAINT-VIGOR-DES-MONTS
50563,56.10C,PME,50420,SAINT-VIGOR-DES-MONTS
50563,68.20B,,50420,SAINT-VIGOR-DES-MONTS
50563,68.20B,PME,50420,SAINT-VIGOR-DES-MONTS
50563,70.10Z,,50420,SAINT-VIGOR-DES-MONTS
50563,81.21Z,PME,50420,SAINT-VIGOR-DES-MONTS
50563,84.11Z,PME,50420,SAINT-VIGOR-DES-MONTS
50563,85.59A,,50420,SAINT-VIGOR-DES-MONTS
50563,86.90F,PME,50420,SAINT-VIGOR-DES-MONTS
50563,90.01Z,PME,50420,SAINT-VIGOR-DES-MONTS
50563,94.99Z,,50420,SAINT-VIGOR-DES-MONTS
50563,95.29Z,PME,50420,SAINT-VIGOR-DES-MONTS
50563,96.02B,PME,50420,SAINT-VIGOR-DES-MONTS
50564,01.11Z,,50500,TERRE-ET-MARAIS
50564,01.41Z,,50500,TERRE-ET-MARAIS
50564,01.41Z,PME,50500,TERRE-ET-MARAIS
50564,01.42Z,,50500,TERRE-ET-MARAIS
50564,01.43Z,,50500,TERRE-ET-MARAIS
50564,01.45Z,,50500,TERRE-ET-MARAIS
50564,01.46Z,,50500,TERRE-ET-MARAIS
50564,01.49Z,,50500,TERRE-ET-MARAIS
50564,01.50Z,,50500,TERRE-ET-MARAIS
50564,01.61Z,,50500,TERRE-ET-MARAIS
50564,03.11Z,,50500,TERRE-ET-MARAIS
50564,10.71C,,50500,TERRE-ET-MARAIS
50564,16.23Z,PME,50500,TERRE-ET-MARAIS
50564,28.30Z,PME,50500,TERRE-ET-MARAIS
50564,28.93Z,PME,50500,TERRE-ET-MARAIS
50564,35.11Z,,50500,TERRE-ET-MARAIS
50564,43.21A,,50500,TERRE-ET-MARAIS
50564,43.21A,PME,50500,TERRE-ET-MARAIS
50564,43.22A,PME,50500,TERRE-ET-MARAIS
50564,43.32A,PME,50500,TERRE-ET-MARAIS
50564,43.33Z,PME,50500,TERRE-ET-MARAIS
50564,43.39Z,PME,50500,TERRE-ET-MARAIS
50564,43.91B,,50500,TERRE-ET-MARAIS
50564,45.11Z,PME,50500,TERRE-ET-MARAIS
50564,46.19B,,50500,TERRE-ET-MARAIS
50564,46.19B,PME,50500,TERRE-ET-MARAIS
50564,46.33Z,,50500,TERRE-ET-MARAIS
50564,46.61Z,ETI,50500,TERRE-ET-MARAIS
50564,46.61Z,PME,50500,TERRE-ET-MARAIS
50564,47.22Z,PME,50500,TERRE-ET-MARAIS
50564,47.78C,PME,50500,TERRE-ET-MARAIS
50564,47.79Z,PME,50500,TERRE-ET-MARAIS
50564,47.81Z,PME,50500,TERRE-ET-MARAIS
50564,47.82Z,PME,50500,TERRE-ET-MARAIS
50564,47.89Z,,50500,TERRE-ET-MARAIS
50564,47.89Z,PME,50500,TERRE-ET-MARAIS
50564,47.99A,,50500,TERRE-ET-MARAIS
50564,47.99A,PME,50500,TERRE-ET-MARAIS
50564,47.99B,PME,50500,TERRE-ET-MARAIS
50564,55.10Z,PME,50500,TERRE-ET-MARAIS
50564,55.20Z,,50500,TERRE-ET-MARAIS
50564,55.20Z,PME,50500,TERRE-ET-MARAIS
50564,56.10A,PME,50500,TERRE-ET-MARAIS
50564,56.10C,,50500,TERRE-ET-MARAIS
50564,56.30Z,PME,50500,TERRE-ET-MARAIS
50564,62.01Z,,50500,TERRE-ET-MARAIS
50564,64.20Z,,50500,TERRE-ET-MARAIS
50564,64.20Z,PME,50500,TERRE-ET-MARAIS
50564,66.30Z,,50500,TERRE-ET-MARAIS
50564,68.20A,,50500,TERRE-ET-MARAIS
50564,68.20A,PME,50500,TERRE-ET-MARAIS
50564,68.20B,,50500,TERRE-ET-MARAIS
50564,68.20B,PME,50500,TERRE-ET-MARAIS
50564,68.31Z,,50500,TERRE-ET-MARAIS
50564,68.32A,,50500,TERRE-ET-MARAIS
50564,70.10Z,,50500,TERRE-ET-MARAIS
50564,70.10Z,PME,50500,TERRE-ET-MARAIS
50564,70.22Z,,50500,TERRE-ET-MARAIS
50564,74.10Z,PME,50500,TERRE-ET-MARAIS
50564,78.30Z,PME,50500,TERRE-ET-MARAIS
50564,79.90Z,,50500,TERRE-ET-MARAIS
50564,81.30Z,,50500,TERRE-ET-MARAIS
50564,82.19Z,PME,50500,TERRE-ET-MARAIS
50564,84.11Z,PME,50500,TERRE-ET-MARAIS
50564,85.20Z,PME,50500,TERRE-ET-MARAIS
50564,85.52Z,PME,50500,TERRE-ET-MARAIS
50564,86.21Z,PME,50500,TERRE-ET-MARAIS
50564,86.90D,PME,50500,TERRE-ET-MARAIS
50564,86.90E,PME,50500,TERRE-ET-MARAIS
50564,86.90F,PME,50500,TERRE-ET-MARAIS
50564,90.01Z,PME,50500,TERRE-ET-MARAIS
50564,93.12Z,,50500,TERRE-ET-MARAIS
50564,93.19Z,,50500,TERRE-ET-MARAIS
50564,93.29Z,PME,50500,TERRE-ET-MARAIS
50564,94.99Z,,50500,TERRE-ET-MARAIS
50564,94.99Z,PME,50500,TERRE-ET-MARAIS
50564,96.02A,PME,50500,TERRE-ET-MARAIS
50564,96.09Z,PME,50500,TERRE-ET-MARAIS
50568,01.11Z,,50200,SAUSSEY
50568,01.41Z,,50200,SAUSSEY
50568,01.42Z,,50200,SAUSSEY
50568,01.43Z,,50200,SAUSSEY
50568,01.46Z,,50200,SAUSSEY
50568,01.50Z,,50200,SAUSSEY
50568,01.61Z,,50200,SAUSSEY
50568,35.11Z,PME,50200,SAUSSEY
50568,37.00Z,PME,50200,SAUSSEY
50568,43.21A,PME,50200,SAUSSEY
50568,43.33Z,PME,50200,SAUSSEY
50568,45.11Z,PME,50200,SAUSSEY
50568,47.41Z,PME,50200,SAUSSEY
50568,47.91A,PME,50200,SAUSSEY
50568,56.30Z,PME,50200,SAUSSEY
50568,60.10Z,PME,50200,SAUSSEY
50568,64.20Z,PME,50200,SAUSSEY
50568,68.20A,,50200,SAUSSEY
50568,68.20B,,50200,SAUSSEY
50568,68.20B,PME,50200,SAUSSEY
50568,68.31Z,,50200,SAUSSEY
50568,68.32B,PME,50200,SAUSSEY
50568,70.10Z,PME,50200,SAUSSEY
50568,70.21Z,,50200,SAUSSEY
50568,70.22Z,PME,50200,SAUSSEY
50568,74.10Z,PME,50200,SAUSSEY
50568,74.20Z,PME,50200,SAUSSEY
50568,81.21Z,,50200,SAUSSEY
50568,81.29A,,50200,SAUSSEY
50568,81.30Z,PME,50200,SAUSSEY
50568,82.19Z,,50200,SAUSSEY
50568,82.30Z,,50200,SAUSSEY
50568,84.11Z,PME,50200,SAUSSEY
50568,85.20Z,PME,50200,SAUSSEY
50568,86.90F,PME,50200,SAUSSEY
50568,90.01Z,,50200,SAUSSEY
50568,90.02Z,PME,50200,SAUSSEY
50568,93.12Z,,50200,SAUSSEY
50568,93.12Z,PME,50200,SAUSSEY
50568,93.19Z,,50200,SAUSSEY
50568,95.11Z,PME,50200,SAUSSEY
50568,96.02A,PME,50200,SAUSSEY
50568,96.02B,PME,50200,SAUSSEY
50568,96.09Z,PME,50200,SAUSSEY
50569,01.13Z,PME,50210,SAVIGNY
50569,01.41Z,,50210,SAVIGNY
50569,01.42Z,,50210,SAVIGNY
50569,01.43Z,,50210,SAVIGNY
50569,01.49Z,,50210,SAVIGNY
50569,01.61Z,,50210,SAVIGNY
50569,10.73Z,PME,50210,SAVIGNY
50569,11.03Z,,50210,SAVIGNY
50569,31.09B,PME,50210,SAVIGNY
50569,43.31Z,PME,50210,SAVIGNY
50569,43.99C,PME,50210,SAVIGNY
50569,47.99A,PME,50210,SAVIGNY
50569,55.10Z,,50210,SAVIGNY
50569,55.30Z,PME,50210,SAVIGNY
50569,68.20A,,50210,SAVIGNY
50569,68.20B,,50210,SAVIGNY
50569,68.20B,PME,50210,SAVIGNY
50569,73.11Z,GE,50210,SAVIGNY
50569,81.21Z,,50210,SAVIGNY
50569,82.30Z,PME,50210,SAVIGNY
50569,84.11Z,PME,50210,SAVIGNY
50569,90.01Z,,50210,SAVIGNY
50569,90.01Z,PME,50210,SAVIGNY
50569,93.12Z,,50210,SAVIGNY
50569,93.19Z,,50210,SAVIGNY
50569,93.19Z,PME,50210,SAVIGNY
50569,93.29Z,PME,50210,SAVIGNY
50569,94.99Z,,50210,SAVIGNY
50569,95.22Z,PME,50210,SAVIGNY
50569,96.02A,PME,50210,SAVIGNY
50571,01.41Z,,50480,SEBEVILLE
50571,01.42Z,,50480,SEBEVILLE
50571,46.11Z,,50480,SEBEVILLE
50571,68.20A,,50480,SEBEVILLE
50571,70.10Z,,50480,SEBEVILLE
50571,84.11Z,PME,50480,SEBEVILLE
50571,91.03Z,,50480,SEBEVILLE
50572,01.11Z,,50270,SENOVILLE
50572,01.41Z,,50270,SENOVILLE
50572,01.42Z,,50270,SENOVILLE
50572,01.43Z,,50270,SENOVILLE
50572,01.49Z,,50270,SENOVILLE
50572,01.50Z,,50270,SENOVILLE
50572,01.61Z,,50270,SENOVILLE
50572,02.40Z,,50270,SENOVILLE
50572,14.13Z,PME,50270,SENOVILLE
50572,14.19Z,PME,50270,SENOVILLE
50572,24.20Z,,50270,SENOVILLE
50572,35.11Z,PME,50270,SENOVILLE
50572,43.32A,PME,50270,SENOVILLE
50572,43.34Z,PME,50270,SENOVILLE
50572,43.99C,PME,50270,SENOVILLE
50572,47.89Z,PME,50270,SENOVILLE
50572,55.20Z,PME,50270,SENOVILLE
50572,68.20A,,50270,SENOVILLE
50572,68.20A,PME,50270,SENOVILLE
50572,68.20B,,50270,SENOVILLE
50572,68.20B,PME,50270,SENOVILLE
50572,68.31Z,PME,50270,SENOVILLE
50572,84.11Z,PME,50270,SENOVILLE
50572,85.51Z,PME,50270,SENOVILLE
50572,85.59B,,50270,SENOVILLE
50572,90.03A,PME,50270,SENOVILLE
50574,01.11Z,,50170,SERVON
50574,01.41Z,,50170,SERVON
50574,01.42Z,,50170,SERVON
50574,01.43Z,,50170,SERVON
50574,01.46Z,,50170,SERVON
50574,01.47Z,,50170,SERVON
50574,01.49Z,,50170,SERVON
50574,01.50Z,,50170,SERVON
50574,01.61Z,,50170,SERVON
50574,02.10Z,,50170,SERVON
50574,14.13Z,PME,50170,SERVON
50574,32.13Z,PME,50170,SERVON
50574,33.12Z,PME,50170,SERVON
50574,43.34Z,PME,50170,SERVON
50574,43.99C,PME,50170,SERVON
50574,46.21Z,GE,50170,SERVON
50574,47.52A,GE,50170,SERVON
50574,47.99A,,50170,SERVON
50574,47.99A,PME,50170,SERVON
50574,49.32Z,PME,50170,SERVON
50574,55.20Z,PME,50170,SERVON
50574,55.30Z,PME,50170,SERVON
50574,56.10A,PME,50170,SERVON
50574,63.12Z,PME,50170,SERVON
50574,68.20A,,50170,SERVON
50574,68.20A,PME,50170,SERVON
50574,68.20B,,50170,SERVON
50574,68.20B,PME,50170,SERVON
50574,70.22Z,PME,50170,SERVON
50574,84.11Z,PME,50170,SERVON
50574,85.51Z,PME,50170,SERVON
50574,93.29Z,,50170,SERVON
50574,93.29Z,PME,50170,SERVON
50574,94.91Z,,50170,SERVON
50574,94.99Z,,50170,SERVON
50576,01.41Z,,50340,SIOUVILLE-HAGUE
50576,01.42Z,PME,50340,SIOUVILLE-HAGUE
50576,01.49Z,,50340,SIOUVILLE-HAGUE
50576,03.11Z,,50340,SIOUVILLE-HAGUE
50576,10.13B,PME,50340,SIOUVILLE-HAGUE
50576,10.71C,PME,50340,SIOUVILLE-HAGUE
50576,13.30Z,PME,50340,SIOUVILLE-HAGUE
50576,14.39Z,PME,50340,SIOUVILLE-HAGUE
50576,32.30Z,PME,50340,SIOUVILLE-HAGUE
50576,43.12A,PME,50340,SIOUVILLE-HAGUE
50576,43.21A,PME,50340,SIOUVILLE-HAGUE
50576,43.22A,ETI,50340,SIOUVILLE-HAGUE
50576,43.22A,PME,50340,SIOUVILLE-HAGUE
50576,43.32A,PME,50340,SIOUVILLE-HAGUE
50576,43.34Z,,50340,SIOUVILLE-HAGUE
50576,43.34Z,PME,50340,SIOUVILLE-HAGUE
50576,43.99C,PME,50340,SIOUVILLE-HAGUE
50576,47.64Z,PME,50340,SIOUVILLE-HAGUE
50576,47.78C,,50340,SIOUVILLE-HAGUE
50576,47.79Z,PME,50340,SIOUVILLE-HAGUE
50576,47.82Z,PME,50340,SIOUVILLE-HAGUE
50576,47.99A,,50340,SIOUVILLE-HAGUE
50576,47.99A,PME,50340,SIOUVILLE-HAGUE
50576,49.41B,PME,50340,SIOUVILLE-HAGUE
50576,53.20Z,,50340,SIOUVILLE-HAGUE
50576,55.20Z,PME,50340,SIOUVILLE-HAGUE
50576,55.30Z,,50340,SIOUVILLE-HAGUE
50576,55.30Z,PME,50340,SIOUVILLE-HAGUE
50576,56.10A,PME,50340,SIOUVILLE-HAGUE
50576,56.10C,PME,50340,SIOUVILLE-HAGUE
50576,56.30Z,PME,50340,SIOUVILLE-HAGUE
50576,62.01Z,PME,50340,SIOUVILLE-HAGUE
50576,64.30Z,,50340,SIOUVILLE-HAGUE
50576,66.19B,,50340,SIOUVILLE-HAGUE
50576,68.20A,,50340,SIOUVILLE-HAGUE
50576,68.20A,PME,50340,SIOUVILLE-HAGUE
50576,68.20B,,50340,SIOUVILLE-HAGUE
50576,68.20B,PME,50340,SIOUVILLE-HAGUE
50576,68.32A,,50340,SIOUVILLE-HAGUE
50576,70.10Z,,50340,SIOUVILLE-HAGUE
50576,70.10Z,PME,50340,SIOUVILLE-HAGUE
50576,70.22Z,PME,50340,SIOUVILLE-HAGUE
50576,77.21Z,PME,50340,SIOUVILLE-HAGUE
50576,81.30Z,PME,50340,SIOUVILLE-HAGUE
50576,82.99Z,GE,50340,SIOUVILLE-HAGUE
50576,84.11Z,PME,50340,SIOUVILLE-HAGUE
50576,85.10Z,PME,50340,SIOUVILLE-HAGUE
50576,85.20Z,PME,50340,SIOUVILLE-HAGUE
50576,86.90E,GE,50340,SIOUVILLE-HAGUE
50576,86.90E,PME,50340,SIOUVILLE-HAGUE
50576,86.90F,PME,50340,SIOUVILLE-HAGUE
50576,88.99B,,50340,SIOUVILLE-HAGUE
50576,90.01Z,,50340,SIOUVILLE-HAGUE
50576,90.01Z,PME,50340,SIOUVILLE-HAGUE
50576,90.02Z,,50340,SIOUVILLE-HAGUE
50576,90.03A,PME,50340,SIOUVILLE-HAGUE
50576,90.03B,PME,50340,SIOUVILLE-HAGUE
50576,93.12Z,,50340,SIOUVILLE-HAGUE
50576,93.12Z,PME,50340,SIOUVILLE-HAGUE
50576,93.29Z,PME,50340,SIOUVILLE-HAGUE
50576,94.99Z,,50340,SIOUVILLE-HAGUE
50576,94.99Z,PME,50340,SIOUVILLE-HAGUE
50576,95.29Z,,50340,SIOUVILLE-HAGUE
50576,96.02A,PME,50340,SIOUVILLE-HAGUE
50576,96.09Z,PME,50340,SIOUVILLE-HAGUE
50577,01.11Z,,50270,SORTOSVILLE-EN-BEAUMONT
50577,01.30Z,PME,50270,SORTOSVILLE-EN-BEAUMONT
50577,01.41Z,,50270,SORTOSVILLE-EN-BEAUMONT
50577,01.42Z,,50270,SORTOSVILLE-EN-BEAUMONT
50577,01.45Z,,50270,SORTOSVILLE-EN-BEAUMONT
50577,01.47Z,,50270,SORTOSVILLE-EN-BEAUMONT
50577,01.49Z,,50270,SORTOSVILLE-EN-BEAUMONT
50577,01.50Z,,50270,SORTOSVILLE-EN-BEAUMONT
50577,01.61Z,,50270,SORTOSVILLE-EN-BEAUMONT
50577,10.72Z,PME,50270,SORTOSVILLE-EN-BEAUMONT
50577,33.20A,,50270,SORTOSVILLE-EN-BEAUMONT
50577,35.11Z,PME,50270,SORTOSVILLE-EN-BEAUMONT
50577,38.32Z,PME,50270,SORTOSVILLE-EN-BEAUMONT
50577,43.22B,,50270,SORTOSVILLE-EN-BEAUMONT
50577,43.32A,PME,50270,SORTOSVILLE-EN-BEAUMONT
50577,43.99C,,50270,SORTOSVILLE-EN-BEAUMONT
50577,43.99C,PME,50270,SORTOSVILLE-EN-BEAUMONT
50577,47.99A,,50270,SORTOSVILLE-EN-BEAUMONT
50577,47.99A,PME,50270,SORTOSVILLE-EN-BEAUMONT
50577,49.41A,,50270,SORTOSVILLE-EN-BEAUMONT
50577,55.20Z,PME,50270,SORTOSVILLE-EN-BEAUMONT
50577,56.10A,PME,50270,SORTOSVILLE-EN-BEAUMONT
50577,64.20Z,,50270,SORTOSVILLE-EN-BEAUMONT
50577,64.20Z,PME,50270,SORTOSVILLE-EN-BEAUMONT
50577,66.19A,,50270,SORTOSVILLE-EN-BEAUMONT
50577,68.20A,,50270,SORTOSVILLE-EN-BEAUMONT
50577,68.20B,,50270,SORTOSVILLE-EN-BEAUMONT
50577,68.20B,PME,50270,SORTOSVILLE-EN-BEAUMONT
50577,84.11Z,PME,50270,SORTOSVILLE-EN-BEAUMONT
50577,94.99Z,,50270,SORTOSVILLE-EN-BEAUMONT
50577,95.29Z,PME,50270,SORTOSVILLE-EN-BEAUMONT
50578,01.13Z,,50310,SORTOSVILLE
50578,01.41Z,,50310,SORTOSVILLE
50578,33.15Z,PME,50310,SORTOSVILLE
50578,53.20Z,PME,50310,SORTOSVILLE
50578,64.20Z,PME,50310,SORTOSVILLE
50578,68.20B,,50310,SORTOSVILLE
50578,68.20B,PME,50310,SORTOSVILLE
50578,74.10Z,PME,50310,SORTOSVILLE
50578,81.21Z,PME,50310,SORTOSVILLE
50578,84.11Z,PME,50310,SORTOSVILLE
50579,01.11Z,,50260,SOTTEVAST
50579,01.41Z,,50260,SOTTEVAST
50579,01.42Z,,50260,SOTTEVAST
50579,01.43Z,,50260,SOTTEVAST
50579,01.45Z,,50260,SOTTEVAST
50579,01.49Z,,50260,SOTTEVAST
50579,01.61Z,,50260,SOTTEVAST
50579,02.10Z,,50260,SOTTEVAST
50579,10.71A,ETI,50260,SOTTEVAST
50579,10.71C,PME,50260,SOTTEVAST
50579,14.13Z,,50260,SOTTEVAST
50579,16.23Z,PME,50260,SOTTEVAST
50579,25.11Z,PME,50260,SOTTEVAST
50579,31.09B,,50260,SOTTEVAST
50579,32.99Z,,50260,SOTTEVAST
50579,32.99Z,PME,50260,SOTTEVAST
50579,33.20D,,50260,SOTTEVAST
50579,38.21Z,,50260,SOTTEVAST
50579,41.10A,PME,50260,SOTTEVAST
50579,41.10D,ETI,50260,SOTTEVAST
50579,41.10D,PME,50260,SOTTEVAST
50579,43.12A,PME,50260,SOTTEVAST
50579,43.21A,,50260,SOTTEVAST
50579,43.21A,PME,50260,SOTTEVAST
50579,43.22B,PME,50260,SOTTEVAST
50579,43.31Z,,50260,SOTTEVAST
50579,43.32A,,50260,SOTTEVAST
50579,43.32A,PME,50260,SOTTEVAST
50579,43.91A,PME,50260,SOTTEVAST
50579,43.91B,,50260,SOTTEVAST
50579,43.91B,PME,50260,SOTTEVAST
50579,43.99C,PME,50260,SOTTEVAST
50579,45.11Z,PME,50260,SOTTEVAST
50579,46.44Z,PME,50260,SOTTEVAST
50579,46.69C,PME,50260,SOTTEVAST
50579,46.90Z,ETI,50260,SOTTEVAST
50579,47.22Z,PME,50260,SOTTEVAST
50579,47.25Z,PME,50260,SOTTEVAST
50579,47.76Z,PME,50260,SOTTEVAST
50579,47.81Z,,50260,SOTTEVAST
50579,47.89Z,PME,50260,SOTTEVAST
50579,47.91A,PME,50260,SOTTEVAST
50579,47.91B,,50260,SOTTEVAST
50579,47.99A,PME,50260,SOTTEVAST
50579,49.39A,PME,50260,SOTTEVAST
50579,49.41A,ETI,50260,SOTTEVAST
50579,56.10A,PME,50260,SOTTEVAST
50579,56.10C,PME,50260,SOTTEVAST
50579,56.29B,,50260,SOTTEVAST
50579,56.29B,PME,50260,SOTTEVAST
50579,59.11C,PME,50260,SOTTEVAST
50579,64.19Z,,50260,SOTTEVAST
50579,64.20Z,ETI,50260,SOTTEVAST
50579,66.22Z,PME,50260,SOTTEVAST
50579,66.30Z,PME,50260,SOTTEVAST
50579,68.10Z,,50260,SOTTEVAST
50579,68.20A,,50260,SOTTEVAST
50579,68.20B,,50260,SOTTEVAST
50579,68.20B,ETI,50260,SOTTEVAST
50579,68.20B,PME,50260,SOTTEVAST
50579,68.31Z,,50260,SOTTEVAST
50579,70.10Z,PME,50260,SOTTEVAST
50579,70.22Z,ETI,50260,SOTTEVAST
50579,70.22Z,PME,50260,SOTTEVAST
50579,71.12B,ETI,50260,SOTTEVAST
50579,71.12B,PME,50260,SOTTEVAST
50579,74.20Z,,50260,SOTTEVAST
50579,75.00Z,,50260,SOTTEVAST
50579,77.29Z,PME,50260,SOTTEVAST
50579,81.22Z,,50260,SOTTEVAST
50579,81.22Z,PME,50260,SOTTEVAST
50579,81.30Z,PME,50260,SOTTEVAST
50579,84.11Z,PME,50260,SOTTEVAST
50579,85.10Z,PME,50260,SOTTEVAST
50579,85.20Z,PME,50260,SOTTEVAST
50579,85.52Z,,50260,SOTTEVAST
50579,86.90D,,50260,SOTTEVAST
50579,86.90D,PME,50260,SOTTEVAST
50579,86.90F,PME,50260,SOTTEVAST
50579,90.01Z,,50260,SOTTEVAST
50579,90.02Z,,50260,SOTTEVAST
50579,90.03A,PME,50260,SOTTEVAST
50579,93.12Z,,50260,SOTTEVAST
50579,93.19Z,,50260,SOTTEVAST
50579,93.29Z,,50260,SOTTEVAST
50579,94.99Z,,50260,SOTTEVAST
50579,94.99Z,PME,50260,SOTTEVAST
50579,95.22Z,PME,50260,SOTTEVAST
50579,96.02A,,50260,SOTTEVAST
50579,96.02A,PME,50260,SOTTEVAST
50579,96.02B,,50260,SOTTEVAST
50579,96.09Z,,50260,SOTTEVAST
50579,96.09Z,PME,50260,SOTTEVAST
50580,01.19Z,,50340,SOTTEVILLE
50580,01.24Z,,50340,SOTTEVILLE
50580,01.41Z,,50340,SOTTEVILLE
50580,01.42Z,,50340,SOTTEVILLE
50580,01.43Z,,50340,SOTTEVILLE
50580,01.45Z,,50340,SOTTEVILLE
50580,01.49Z,,50340,SOTTEVILLE
50580,01.50Z,,50340,SOTTEVILLE
50580,01.61Z,,50340,SOTTEVILLE
50580,01.62Z,,50340,SOTTEVILLE
50580,03.11Z,,50340,SOTTEVILLE
50580,16.29Z,PME,50340,SOTTEVILLE
50580,20.14Z,PME,50340,SOTTEVILLE
50580,41.20A,,50340,SOTTEVILLE
50580,43.12A,PME,50340,SOTTEVILLE
50580,43.22A,PME,50340,SOTTEVILLE
50580,43.32A,PME,50340,SOTTEVILLE
50580,43.99C,,50340,SOTTEVILLE
50580,45.11Z,PME,50340,SOTTEVILLE
50580,45.32Z,PME,50340,SOTTEVILLE
50580,55.20Z,PME,50340,SOTTEVILLE
50580,68.20A,,50340,SOTTEVILLE
50580,68.20A,PME,50340,SOTTEVILLE
50580,68.20B,,50340,SOTTEVILLE
50580,68.20B,PME,50340,SOTTEVILLE
50580,68.32B,,50340,SOTTEVILLE
50580,70.22Z,,50340,SOTTEVILLE
50580,81.30Z,PME,50340,SOTTEVILLE
50580,84.11Z,PME,50340,SOTTEVILLE
50580,85.20Z,PME,50340,SOTTEVILLE
50580,86.90D,PME,50340,SOTTEVILLE
50580,90.03A,,50340,SOTTEVILLE
50580,93.19Z,,50340,SOTTEVILLE
50580,94.99Z,,50340,SOTTEVILLE
50580,96.02B,PME,50340,SOTTEVILLE
50582,01.11Z,,50150,SOURDEVAL
50582,01.13Z,,50150,SOURDEVAL
50582,01.19Z,,50150,SOURDEVAL
50582,01.21Z,,50150,SOURDEVAL
50582,01.30Z,,50150,SOURDEVAL
50582,01.41Z,,50150,SOURDEVAL
50582,01.42Z,,50150,SOURDEVAL
50582,01.43Z,,50150,SOURDEVAL
50582,01.45Z,,50150,SOURDEVAL
50582,01.46Z,,50150,SOURDEVAL
50582,01.47Z,,50150,SOURDEVAL
50582,01.49Z,,50150,SOURDEVAL
50582,01.50Z,,50150,SOURDEVAL
50582,01.61Z,,50150,SOURDEVAL
50582,02.40Z,,50150,SOURDEVAL
50582,10.11Z,PME,50150,SOURDEVAL
50582,10.13A,PME,50150,SOURDEVAL
50582,10.13B,PME,50150,SOURDEVAL
50582,10.71A,,50150,SOURDEVAL
50582,10.71C,PME,50150,SOURDEVAL
50582,10.89Z,PME,50150,SOURDEVAL
50582,13.92Z,PME,50150,SOURDEVAL
50582,14.12Z,PME,50150,SOURDEVAL
50582,15.12Z,PME,50150,SOURDEVAL
50582,16.29Z,PME,50150,SOURDEVAL
50582,17.29Z,,50150,SOURDEVAL
50582,20.20Z,PME,50150,SOURDEVAL
50582,22.22Z,PME,50150,SOURDEVAL
50582,23.49Z,PME,50150,SOURDEVAL
50582,23.70Z,,50150,SOURDEVAL
50582,25.11Z,PME,50150,SOURDEVAL
50582,25.62B,PME,50150,SOURDEVAL
50582,26.12Z,ETI,50150,SOURDEVAL
50582,30.91Z,PME,50150,SOURDEVAL
50582,31.09B,PME,50150,SOURDEVAL
50582,32.13Z,,50150,SOURDEVAL
50582,33.12Z,PME,50150,SOURDEVAL
50582,33.20A,,50150,SOURDEVAL
50582,35.11Z,,50150,SOURDEVAL
50582,35.11Z,PME,50150,SOURDEVAL
50582,37.00Z,PME,50150,SOURDEVAL
50582,43.12A,PME,50150,SOURDEVAL
50582,43.21A,PME,50150,SOURDEVAL
50582,43.22A,PME,50150,SOURDEVAL
50582,43.22B,PME,50150,SOURDEVAL
50582,43.32A,PME,50150,SOURDEVAL
50582,43.32C,PME,50150,SOURDEVAL
50582,43.34Z,PME,50150,SOURDEVAL
50582,43.91A,PME,50150,SOURDEVAL
50582,43.91B,PME,50150,SOURDEVAL
50582,43.99C,PME,50150,SOURDEVAL
50582,45.11Z,PME,50150,SOURDEVAL
50582,45.20A,PME,50150,SOURDEVAL
50582,45.40Z,PME,50150,SOURDEVAL
50582,46.19B,PME,50150,SOURDEVAL
50582,46.21Z,ETI,50150,SOURDEVAL
50582,46.21Z,GE,50150,SOURDEVAL
50582,46.31Z,PME,50150,SOURDEVAL
50582,46.33Z,ETI,50150,SOURDEVAL
50582,46.49Z,PME,50150,SOURDEVAL
50582,46.61Z,PME,50150,SOURDEVAL
50582,46.69C,PME,50150,SOURDEVAL
50582,46.73A,ETI,50150,SOURDEVAL
50582,47.11D,PME,50150,SOURDEVAL
50582,47.19B,PME,50150,SOURDEVAL
50582,47.21Z,PME,50150,SOURDEVAL
50582,47.22Z,PME,50150,SOURDEVAL
50582,47.23Z,PME,50150,SOURDEVAL
50582,47.25Z,PME,50150,SOURDEVAL
50582,47.29Z,PME,50150,SOURDEVAL
50582,47.41Z,,50150,SOURDEVAL
50582,47.52A,GE,50150,SOURDEVAL
50582,47.59A,,50150,SOURDEVAL
50582,47.59A,PME,50150,SOURDEVAL
50582,47.62Z,,50150,SOURDEVAL
50582,47.71Z,PME,50150,SOURDEVAL
50582,47.72A,PME,50150,SOURDEVAL
50582,47.73Z,PME,50150,SOURDEVAL
50582,47.76Z,PME,50150,SOURDEVAL
50582,47.78A,PME,50150,SOURDEVAL
50582,47.79Z,PME,50150,SOURDEVAL
50582,47.89Z,PME,50150,SOURDEVAL
50582,47.99A,,50150,SOURDEVAL
50582,47.99A,PME,50150,SOURDEVAL
50582,49.32Z,PME,50150,SOURDEVAL
50582,49.39A,PME,50150,SOURDEVAL
50582,49.41B,PME,50150,SOURDEVAL
50582,52.10B,ETI,50150,SOURDEVAL
50582,52.29A,PME,50150,SOURDEVAL
50582,53.20Z,,50150,SOURDEVAL
50582,53.20Z,PME,50150,SOURDEVAL
50582,55.20Z,PME,50150,SOURDEVAL
50582,55.30Z,PME,50150,SOURDEVAL
50582,56.10A,PME,50150,SOURDEVAL
50582,56.10C,,50150,SOURDEVAL
50582,56.10C,PME,50150,SOURDEVAL
50582,56.21Z,PME,50150,SOURDEVAL
50582,56.30Z,PME,50150,SOURDEVAL
50582,62.01Z,PME,50150,SOURDEVAL
50582,62.09Z,PME,50150,SOURDEVAL
50582,64.19Z,GE,50150,SOURDEVAL
50582,64.20Z,PME,50150,SOURDEVAL
50582,64.30Z,PME,50150,SOURDEVAL
50582,65.12Z,GE,50150,SOURDEVAL
50582,66.19A,PME,50150,SOURDEVAL
50582,66.19B,PME,50150,SOURDEVAL
50582,66.22Z,PME,50150,SOURDEVAL
50582,68.10Z,,50150,SOURDEVAL
50582,68.10Z,PME,50150,SOURDEVAL
50582,68.20A,,50150,SOURDEVAL
50582,68.20A,PME,50150,SOURDEVAL
50582,68.20B,,50150,SOURDEVAL
50582,68.20B,PME,50150,SOURDEVAL
50582,68.31Z,PME,50150,SOURDEVAL
50582,69.10Z,,50150,SOURDEVAL
50582,69.10Z,PME,50150,SOURDEVAL
50582,70.10Z,PME,50150,SOURDEVAL
50582,71.11Z,,50150,SOURDEVAL
50582,71.12B,,50150,SOURDEVAL
50582,71.12B,PME,50150,SOURDEVAL
50582,71.20A,PME,50150,SOURDEVAL
50582,74.10Z,PME,50150,SOURDEVAL
50582,74.20Z,PME,50150,SOURDEVAL
50582,74.30Z,PME,50150,SOURDEVAL
50582,74.90A,PME,50150,SOURDEVAL
50582,75.00Z,PME,50150,SOURDEVAL
50582,78.30Z,PME,50150,SOURDEVAL
50582,79.11Z,PME,50150,SOURDEVAL
50582,81.10Z,PME,50150,SOURDEVAL
50582,81.21Z,PME,50150,SOURDEVAL
50582,81.22Z,,50150,SOURDEVAL
50582,81.30Z,,50150,SOURDEVAL
50582,81.30Z,PME,50150,SOURDEVAL
50582,82.11Z,,50150,SOURDEVAL
50582,82.30Z,PME,50150,SOURDEVAL
50582,82.99Z,PME,50150,SOURDEVAL
50582,84.11Z,PME,50150,SOURDEVAL
50582,85.10Z,PME,50150,SOURDEVAL
50582,85.20Z,PME,50150,SOURDEVAL
50582,85.31Z,PME,50150,SOURDEVAL
50582,85.51Z,PME,50150,SOURDEVAL
50582,85.52Z,PME,50150,SOURDEVAL
50582,85.53Z,PME,50150,SOURDEVAL
50582,85.59B,PME,50150,SOURDEVAL
50582,86.21Z,PME,50150,SOURDEVAL
50582,86.23Z,PME,50150,SOURDEVAL
50582,86.90A,PME,50150,SOURDEVAL
50582,86.90D,,50150,SOURDEVAL
50582,86.90D,PME,50150,SOURDEVAL
50582,86.90E,,50150,SOURDEVAL
50582,86.90E,PME,50150,SOURDEVAL
50582,86.90F,PME,50150,SOURDEVAL
50582,87.30A,PME,50150,SOURDEVAL
50582,88.10A,ETI,50150,SOURDEVAL
50582,88.10A,PME,50150,SOURDEVAL
50582,88.91A,,50150,SOURDEVAL
50582,88.99B,PME,50150,SOURDEVAL
50582,90.01Z,,50150,SOURDEVAL
50582,90.01Z,PME,50150,SOURDEVAL
50582,90.02Z,PME,50150,SOURDEVAL
50582,90.03A,,50150,SOURDEVAL
50582,90.03A,PME,50150,SOURDEVAL
50582,90.03B,PME,50150,SOURDEVAL
50582,93.11Z,ETI,50150,SOURDEVAL
50582,93.11Z,PME,50150,SOURDEVAL
50582,93.12Z,,50150,SOURDEVAL
50582,93.19Z,,50150,SOURDEVAL
50582,93.19Z,PME,50150,SOURDEVAL
50582,93.29Z,,50150,SOURDEVAL
50582,93.29Z,PME,50150,SOURDEVAL
50582,94.20Z,PME,50150,SOURDEVAL
50582,94.91Z,,50150,SOURDEVAL
50582,94.91Z,PME,50150,SOURDEVAL
50582,94.99Z,,50150,SOURDEVAL
50582,94.99Z,PME,50150,SOURDEVAL
50582,95.22Z,,50150,SOURDEVAL
50582,95.29Z,,50150,SOURDEVAL
50582,95.29Z,PME,50150,SOURDEVAL
50582,96.02A,,50150,SOURDEVAL
50582,96.02A,PME,50150,SOURDEVAL
50582,96.02B,PME,50150,SOURDEVAL
50582,96.03Z,PME,50150,SOURDEVAL
50582,96.09Z,,50150,SOURDEVAL
50582,96.09Z,PME,50150,SOURDEVAL
50585,01.11Z,,50270,SURTAINVILLE
50585,01.13Z,,50270,SURTAINVILLE
50585,01.41Z,,50270,SURTAINVILLE
50585,01.42Z,,50270,SURTAINVILLE
50585,01.45Z,,50270,SURTAINVILLE
50585,01.49Z,,50270,SURTAINVILLE
50585,03.11Z,,50270,SURTAINVILLE
50585,10.39A,GE,50270,SURTAINVILLE
50585,10.71C,PME,50270,SURTAINVILLE
50585,15.12Z,PME,50270,SURTAINVILLE
50585,32.13Z,PME,50270,SURTAINVILLE
50585,32.99Z,PME,50270,SURTAINVILLE
50585,41.10D,PME,50270,SURTAINVILLE
50585,43.12A,,50270,SURTAINVILLE
50585,43.21A,PME,50270,SURTAINVILLE
50585,43.22A,,50270,SURTAINVILLE
50585,43.22A,PME,50270,SURTAINVILLE
50585,43.32A,,50270,SURTAINVILLE
50585,43.32A,PME,50270,SURTAINVILLE
50585,43.99C,PME,50270,SURTAINVILLE
50585,45.20A,PME,50270,SURTAINVILLE
50585,46.19B,PME,50270,SURTAINVILLE
50585,46.39B,PME,50270,SURTAINVILLE
50585,47.11B,PME,50270,SURTAINVILLE
50585,47.89Z,PME,50270,SURTAINVILLE
50585,47.99A,,50270,SURTAINVILLE
50585,47.99A,PME,50270,SURTAINVILLE
50585,49.41B,,50270,SURTAINVILLE
50585,55.20Z,,50270,SURTAINVILLE
50585,55.20Z,PME,50270,SURTAINVILLE
50585,55.30Z,PME,50270,SURTAINVILLE
50585,56.10C,PME,50270,SURTAINVILLE
50585,56.29B,,50270,SURTAINVILLE
50585,56.30Z,,50270,SURTAINVILLE
50585,56.30Z,PME,50270,SURTAINVILLE
50585,59.11A,,50270,SURTAINVILLE
50585,64.20Z,PME,50270,SURTAINVILLE
50585,64.92Z,PME,50270,SURTAINVILLE
50585,66.19A,PME,50270,SURTAINVILLE
50585,66.30Z,,50270,SURTAINVILLE
50585,68.20A,,50270,SURTAINVILLE
50585,68.20A,PME,50270,SURTAINVILLE
50585,68.20B,,50270,SURTAINVILLE
50585,68.20B,PME,50270,SURTAINVILLE
50585,68.32A,,50270,SURTAINVILLE
50585,70.22Z,PME,50270,SURTAINVILLE
50585,71.20B,,50270,SURTAINVILLE
50585,74.10Z,PME,50270,SURTAINVILLE
50585,74.20Z,,50270,SURTAINVILLE
50585,74.20Z,PME,50270,SURTAINVILLE
50585,77.11A,PME,50270,SURTAINVILLE
50585,81.21Z,,50270,SURTAINVILLE
50585,81.30Z,,50270,SURTAINVILLE
50585,84.11Z,PME,50270,SURTAINVILLE
50585,85.20Z,PME,50270,SURTAINVILLE
50585,85.52Z,PME,50270,SURTAINVILLE
50585,85.59B,PME,50270,SURTAINVILLE
50585,85.60Z,PME,50270,SURTAINVILLE
50585,86.90F,PME,50270,SURTAINVILLE
50585,87.90A,PME,50270,SURTAINVILLE
50585,88.99B,PME,50270,SURTAINVILLE
50585,90.03A,,50270,SURTAINVILLE
50585,90.03A,PME,50270,SURTAINVILLE
50585,93.12Z,,50270,SURTAINVILLE
50585,93.12Z,PME,50270,SURTAINVILLE
50585,93.19Z,,50270,SURTAINVILLE
50585,93.19Z,PME,50270,SURTAINVILLE
50585,93.29Z,PME,50270,SURTAINVILLE
50585,94.99Z,,50270,SURTAINVILLE
50585,96.02A,PME,50270,SURTAINVILLE
50585,96.09Z,,50270,SURTAINVILLE
50585,96.09Z,PME,50270,SURTAINVILLE
50587,01.41Z,,50390,TAILLEPIED
50587,01.42Z,,50390,TAILLEPIED
50587,38.12Z,PME,50390,TAILLEPIED
50587,68.20A,,50390,TAILLEPIED
50587,68.32A,,50390,TAILLEPIED
50587,84.11Z,PME,50390,TAILLEPIED
50589,01.11Z,,50170,TANIS
50589,01.19Z,,50170,TANIS
50589,01.24Z,,50170,TANIS
50589,01.41Z,,50170,TANIS
50589,01.42Z,,50170,TANIS
50589,01.46Z,,50170,TANIS
50589,01.47Z,,50170,TANIS
50589,01.49Z,,50170,TANIS
50589,01.50Z,,50170,TANIS
50589,31.09B,PME,50170,TANIS
50589,43.12A,PME,50170,TANIS
50589,43.21A,PME,50170,TANIS
50589,43.33Z,PME,50170,TANIS
50589,43.99B,PME,50170,TANIS
50589,43.99C,PME,50170,TANIS
50589,43.99E,PME,50170,TANIS
50589,45.20A,PME,50170,TANIS
50589,46.71Z,PME,50170,TANIS
50589,47.30Z,PME,50170,TANIS
50589,47.64Z,PME,50170,TANIS
50589,47.99A,,50170,TANIS
50589,47.99A,PME,50170,TANIS
50589,55.20Z,PME,50170,TANIS
50589,56.10A,PME,50170,TANIS
50589,56.10C,PME,50170,TANIS
50589,62.01Z,,50170,TANIS
50589,66.30Z,PME,50170,TANIS
50589,68.20A,,50170,TANIS
50589,68.20B,,50170,TANIS
50589,68.20B,PME,50170,TANIS
50589,70.22Z,PME,50170,TANIS
50589,78.30Z,PME,50170,TANIS
50589,84.11Z,PME,50170,TANIS
50589,93.29Z,,50170,TANIS
50589,93.29Z,PME,50170,TANIS
50589,94.91Z,,50170,TANIS
50589,95.21Z,PME,50170,TANIS
50589,96.09Z,,50170,TANIS
50589,96.09Z,PME,50170,TANIS
50590,01.11Z,,50320,LE TANU
50590,01.13Z,,50320,LE TANU
50590,01.19Z,,50320,LE TANU
50590,01.41Z,,50320,LE TANU
50590,01.42Z,,50320,LE TANU
50590,01.43Z,,50320,LE TANU
50590,01.45Z,,50320,LE TANU
50590,01.47Z,,50320,LE TANU
50590,01.49Z,,50320,LE TANU
50590,01.62Z,,50320,LE TANU
50590,16.23Z,PME,50320,LE TANU
50590,43.31Z,PME,50320,LE TANU
50590,43.32A,PME,50320,LE TANU
50590,43.91B,PME,50320,LE TANU
50590,43.99C,,50320,LE TANU
50590,45.11Z,PME,50320,LE TANU
50590,46.23Z,ETI,50320,LE TANU
50590,47.82Z,PME,50320,LE TANU
50590,47.89Z,PME,50320,LE TANU
50590,47.99A,,50320,LE TANU
50590,47.99A,PME,50320,LE TANU
50590,59.11B,PME,50320,LE TANU
50590,66.22Z,PME,50320,LE TANU
50590,68.20A,,50320,LE TANU
50590,68.20B,,50320,LE TANU
50590,68.20B,PME,50320,LE TANU
50590,70.10Z,PME,50320,LE TANU
50590,70.22Z,,50320,LE TANU
50590,74.20Z,PME,50320,LE TANU
50590,81.30Z,PME,50320,LE TANU
50590,84.11Z,PME,50320,LE TANU
50590,85.52Z,PME,50320,LE TANU
50590,88.99B,,50320,LE TANU
50590,94.99Z,,50320,LE TANU
50590,95.29Z,PME,50320,LE TANU
50590,96.02A,PME,50320,LE TANU
50590,96.09Z,,50320,LE TANU
50592,01.11Z,,50420,TESSY-BOCAGE
50592,01.28Z,,50420,TESSY-BOCAGE
50592,01.41Z,,50420,TESSY-BOCAGE
50592,01.42Z,,50420,TESSY-BOCAGE
50592,01.43Z,,50420,TESSY-BOCAGE
50592,01.46Z,,50420,TESSY-BOCAGE
50592,01.49Z,,50420,TESSY-BOCAGE
50592,01.49Z,PME,50420,TESSY-BOCAGE
50592,01.50Z,,50420,TESSY-BOCAGE
50592,01.61Z,,50420,TESSY-BOCAGE
50592,02.40Z,,50420,TESSY-BOCAGE
50592,08.12Z,PME,50420,TESSY-BOCAGE
50592,10.51A,PME,50420,TESSY-BOCAGE
50592,10.71C,PME,50420,TESSY-BOCAGE
50592,13.92Z,PME,50420,TESSY-BOCAGE
50592,16.10A,PME,50420,TESSY-BOCAGE
50592,18.13Z,PME,50420,TESSY-BOCAGE
50592,23.70Z,PME,50420,TESSY-BOCAGE
50592,25.72Z,PME,50420,TESSY-BOCAGE
50592,27.12Z,PME,50420,TESSY-BOCAGE
50592,27.90Z,PME,50420,TESSY-BOCAGE
50592,31.09B,PME,50420,TESSY-BOCAGE
50592,35.11Z,,50420,TESSY-BOCAGE
50592,35.11Z,PME,50420,TESSY-BOCAGE
50592,38.21Z,GE,50420,TESSY-BOCAGE
50592,41.20B,ETI,50420,TESSY-BOCAGE
50592,43.21A,PME,50420,TESSY-BOCAGE
50592,43.32A,,50420,TESSY-BOCAGE
50592,43.32A,PME,50420,TESSY-BOCAGE
50592,43.34Z,PME,50420,TESSY-BOCAGE
50592,43.91A,PME,50420,TESSY-BOCAGE
50592,43.91B,PME,50420,TESSY-BOCAGE
50592,43.99C,PME,50420,TESSY-BOCAGE
50592,45.11Z,PME,50420,TESSY-BOCAGE
50592,45.20A,,50420,TESSY-BOCAGE
50592,45.20A,PME,50420,TESSY-BOCAGE
50592,46.19B,PME,50420,TESSY-BOCAGE
50592,46.31Z,,50420,TESSY-BOCAGE
50592,46.33Z,PME,50420,TESSY-BOCAGE
50592,46.49Z,,50420,TESSY-BOCAGE
50592,46.66Z,PME,50420,TESSY-BOCAGE
50592,47.11B,,50420,TESSY-BOCAGE
50592,47.11B,PME,50420,TESSY-BOCAGE
50592,47.11D,PME,50420,TESSY-BOCAGE
50592,47.22Z,PME,50420,TESSY-BOCAGE
50592,47.24Z,,50420,TESSY-BOCAGE
50592,47.26Z,PME,50420,TESSY-BOCAGE
50592,47.61Z,,50420,TESSY-BOCAGE
50592,47.73Z,PME,50420,TESSY-BOCAGE
50592,47.76Z,PME,50420,TESSY-BOCAGE
50592,47.78C,PME,50420,TESSY-BOCAGE
50592,47.81Z,PME,50420,TESSY-BOCAGE
50592,47.82Z,PME,50420,TESSY-BOCAGE
50592,47.89Z,PME,50420,TESSY-BOCAGE
50592,47.99A,,50420,TESSY-BOCAGE
50592,47.99A,PME,50420,TESSY-BOCAGE
50592,55.20Z,,50420,TESSY-BOCAGE
50592,55.20Z,PME,50420,TESSY-BOCAGE
50592,55.30Z,PME,50420,TESSY-BOCAGE
50592,56.10A,PME,50420,TESSY-BOCAGE
50592,56.10C,,50420,TESSY-BOCAGE
50592,56.10C,PME,50420,TESSY-BOCAGE
50592,56.30Z,,50420,TESSY-BOCAGE
50592,56.30Z,PME,50420,TESSY-BOCAGE
50592,62.01Z,,50420,TESSY-BOCAGE
50592,64.19Z,GE,50420,TESSY-BOCAGE
50592,64.19Z,PME,50420,TESSY-BOCAGE
50592,64.20Z,,50420,TESSY-BOCAGE
50592,64.20Z,PME,50420,TESSY-BOCAGE
50592,65.12Z,GE,50420,TESSY-BOCAGE
50592,66.22Z,PME,50420,TESSY-BOCAGE
50592,66.30Z,PME,50420,TESSY-BOCAGE
50592,68.20A,,50420,TESSY-BOCAGE
50592,68.20A,PME,50420,TESSY-BOCAGE
50592,68.20B,,50420,TESSY-BOCAGE
50592,68.20B,PME,50420,TESSY-BOCAGE
50592,69.10Z,PME,50420,TESSY-BOCAGE
50592,70.10Z,,50420,TESSY-BOCAGE
50592,70.10Z,PME,50420,TESSY-BOCAGE
50592,70.21Z,,50420,TESSY-BOCAGE
50592,70.22Z,PME,50420,TESSY-BOCAGE
50592,71.11Z,PME,50420,TESSY-BOCAGE
50592,71.20B,PME,50420,TESSY-BOCAGE
50592,74.20Z,PME,50420,TESSY-BOCAGE
50592,74.30Z,,50420,TESSY-BOCAGE
50592,75.00Z,PME,50420,TESSY-BOCAGE
50592,77.31Z,,50420,TESSY-BOCAGE
50592,78.30Z,PME,50420,TESSY-BOCAGE
50592,81.21Z,PME,50420,TESSY-BOCAGE
50592,81.30Z,,50420,TESSY-BOCAGE
50592,81.30Z,PME,50420,TESSY-BOCAGE
50592,82.11Z,,50420,TESSY-BOCAGE
50592,82.91Z,PME,50420,TESSY-BOCAGE
50592,84.11Z,PME,50420,TESSY-BOCAGE
50592,85.10Z,PME,50420,TESSY-BOCAGE
50592,85.20Z,PME,50420,TESSY-BOCAGE
50592,85.31Z,PME,50420,TESSY-BOCAGE
50592,85.51Z,PME,50420,TESSY-BOCAGE
50592,85.53Z,PME,50420,TESSY-BOCAGE
50592,85.59B,PME,50420,TESSY-BOCAGE
50592,86.21Z,PME,50420,TESSY-BOCAGE
50592,86.90A,PME,50420,TESSY-BOCAGE
50592,86.90D,PME,50420,TESSY-BOCAGE
50592,86.90E,PME,50420,TESSY-BOCAGE
50592,87.10A,ETI,50420,TESSY-BOCAGE
50592,87.30A,PME,50420,TESSY-BOCAGE
50592,88.99B,,50420,TESSY-BOCAGE
50592,88.99B,PME,50420,TESSY-BOCAGE
50592,90.01Z,,50420,TESSY-BOCAGE
50592,90.01Z,PME,50420,TESSY-BOCAGE
50592,90.03A,,50420,TESSY-BOCAGE
50592,90.03B,PME,50420,TESSY-BOCAGE
50592,91.03Z,,50420,TESSY-BOCAGE
50592,93.12Z,,50420,TESSY-BOCAGE
50592,93.12Z,PME,50420,TESSY-BOCAGE
50592,93.29Z,PME,50420,TESSY-BOCAGE
50592,94.91Z,PME,50420,TESSY-BOCAGE
50592,94.92Z,,50420,TESSY-BOCAGE
50592,94.99Z,,50420,TESSY-BOCAGE
50592,94.99Z,PME,50420,TESSY-BOCAGE
50592,95.22Z,,50420,TESSY-BOCAGE
50592,95.22Z,PME,50420,TESSY-BOCAGE
50592,95.29Z,PME,50420,TESSY-BOCAGE
50592,96.02A,PME,50420,TESSY-BOCAGE
50592,96.02B,,50420,TESSY-BOCAGE
50592,96.02B,PME,50420,TESSY-BOCAGE
50592,96.03Z,PME,50420,TESSY-BOCAGE
50592,96.09Z,,50420,TESSY-BOCAGE
50592,96.09Z,PME,50420,TESSY-BOCAGE
50596,01.11Z,,50330,THEVILLE
50596,01.13Z,,50330,THEVILLE
50596,01.41Z,,50330,THEVILLE
50596,01.42Z,,50330,THEVILLE
50596,01.43Z,,50330,THEVILLE
50596,01.49Z,,50330,THEVILLE
50596,16.10A,PME,50330,THEVILLE
50596,23.19Z,PME,50330,THEVILLE
50596,32.13Z,PME,50330,THEVILLE
50596,41.20B,PME,50330,THEVILLE
50596,43.32A,PME,50330,THEVILLE
50596,43.99C,,50330,THEVILLE
50596,47.99A,PME,50330,THEVILLE
50596,55.20Z,,50330,THEVILLE
50596,55.20Z,PME,50330,THEVILLE
50596,64.20Z,,50330,THEVILLE
50596,64.20Z,PME,50330,THEVILLE
50596,68.20A,,50330,THEVILLE
50596,68.20B,,50330,THEVILLE
50596,68.20B,PME,50330,THEVILLE
50596,70.10Z,,50330,THEVILLE
50596,70.10Z,PME,50330,THEVILLE
50596,71.12B,PME,50330,THEVILLE
50596,78.30Z,PME,50330,THEVILLE
50596,81.30Z,PME,50330,THEVILLE
50596,84.11Z,PME,50330,THEVILLE
50596,90.03B,PME,50330,THEVILLE
50596,94.99Z,PME,50330,THEVILLE
50596,96.09Z,PME,50330,THEVILLE
50597,01.11Z,,50300,TIREPIED-SUR-SEE
50597,01.41Z,,50300,TIREPIED-SUR-SEE
50597,01.42Z,,50300,TIREPIED-SUR-SEE
50597,01.43Z,,50300,TIREPIED-SUR-SEE
50597,01.49Z,,50300,TIREPIED-SUR-SEE
50597,01.50Z,,50300,TIREPIED-SUR-SEE
50597,11.05Z,PME,50300,TIREPIED-SUR-SEE
50597,43.12A,PME,50300,TIREPIED-SUR-SEE
50597,43.22A,PME,50300,TIREPIED-SUR-SEE
50597,43.32B,,50300,TIREPIED-SUR-SEE
50597,46.44Z,,50300,TIREPIED-SUR-SEE
50597,46.90Z,,50300,TIREPIED-SUR-SEE
50597,64.20Z,PME,50300,TIREPIED-SUR-SEE
50597,68.20A,,50300,TIREPIED-SUR-SEE
50597,68.20B,,50300,TIREPIED-SUR-SEE
50597,68.20B,PME,50300,TIREPIED-SUR-SEE
50597,70.10Z,,50300,TIREPIED-SUR-SEE
50597,77.31Z,,50300,TIREPIED-SUR-SEE
50597,84.11Z,ETI,50300,TIREPIED-SUR-SEE
50597,93.19Z,PME,50300,TIREPIED-SUR-SEE
50598,01.13Z,,50330,TOCQUEVILLE
50598,01.41Z,,50330,TOCQUEVILLE
50598,01.49Z,PME,50330,TOCQUEVILLE
50598,01.50Z,,50330,TOCQUEVILLE
50598,01.61Z,,50330,TOCQUEVILLE
50598,03.11Z,,50330,TOCQUEVILLE
50598,35.11Z,,50330,TOCQUEVILLE
50598,42.99Z,,50330,TOCQUEVILLE
50598,45.11Z,PME,50330,TOCQUEVILLE
50598,45.40Z,,50330,TOCQUEVILLE
50598,46.19B,PME,50330,TOCQUEVILLE
50598,47.99A,PME,50330,TOCQUEVILLE
50598,52.10A,GE,50330,TOCQUEVILLE
50598,55.20Z,PME,50330,TOCQUEVILLE
50598,64.30Z,PME,50330,TOCQUEVILLE
50598,68.20A,,50330,TOCQUEVILLE
50598,68.20A,PME,50330,TOCQUEVILLE
50598,68.20B,,50330,TOCQUEVILLE
50598,68.20B,PME,50330,TOCQUEVILLE
50598,70.10Z,,50330,TOCQUEVILLE
50598,78.30Z,PME,50330,TOCQUEVILLE
50598,84.11Z,PME,50330,TOCQUEVILLE
50598,86.90D,,50330,TOCQUEVILLE
50598,90.01Z,,50330,TOCQUEVILLE
50598,90.03B,PME,50330,TOCQUEVILLE
50598,93.12Z,,50330,TOCQUEVILLE
50598,94.99Z,,50330,TOCQUEVILLE
50599,01.11Z,,50470,TOLLEVAST
50599,01.13Z,,50470,TOLLEVAST
50599,01.41Z,,50470,TOLLEVAST
50599,01.42Z,,50470,TOLLEVAST
50599,01.43Z,,50470,TOLLEVAST
50599,01.45Z,,50470,TOLLEVAST
50599,01.49Z,,50470,TOLLEVAST
50599,01.50Z,,50470,TOLLEVAST
50599,03.11Z,,50470,TOLLEVAST
50599,14.13Z,,50470,TOLLEVAST
50599,14.13Z,PME,50470,TOLLEVAST
50599,15.12Z,,50470,TOLLEVAST
50599,22.29A,,50470,TOLLEVAST
50599,23.13Z,PME,50470,TOLLEVAST
50599,31.09B,,50470,TOLLEVAST
50599,33.12Z,PME,50470,TOLLEVAST
50599,33.20B,GE,50470,TOLLEVAST
50599,33.20C,GE,50470,TOLLEVAST
50599,35.11Z,PME,50470,TOLLEVAST
50599,35.12Z,GE,50470,TOLLEVAST
50599,35.13Z,GE,50470,TOLLEVAST
50599,35.22Z,GE,50470,TOLLEVAST
50599,41.10A,PME,50470,TOLLEVAST
50599,41.10D,PME,50470,TOLLEVAST
50599,41.20A,PME,50470,TOLLEVAST
50599,42.99Z,PME,50470,TOLLEVAST
50599,43.21A,PME,50470,TOLLEVAST
50599,43.22B,PME,50470,TOLLEVAST
50599,43.29B,ETI,50470,TOLLEVAST
50599,43.32A,,50470,TOLLEVAST
50599,43.32A,PME,50470,TOLLEVAST
50599,43.34Z,,50470,TOLLEVAST
50599,43.39Z,PME,50470,TOLLEVAST
50599,43.91B,PME,50470,TOLLEVAST
50599,43.99A,ETI,50470,TOLLEVAST
50599,43.99C,PME,50470,TOLLEVAST
50599,45.20A,,50470,TOLLEVAST
50599,46.14Z,,50470,TOLLEVAST
50599,46.23Z,PME,50470,TOLLEVAST
50599,47.52B,GE,50470,TOLLEVAST
50599,47.53Z,ETI,50470,TOLLEVAST
50599,47.59A,GE,50470,TOLLEVAST
50599,47.59B,ETI,50470,TOLLEVAST
50599,47.59B,PME,50470,TOLLEVAST
50599,47.65Z,PME,50470,TOLLEVAST
50599,47.71Z,ETI,50470,TOLLEVAST
50599,47.71Z,GE,50470,TOLLEVAST
50599,47.72A,ETI,50470,TOLLEVAST
50599,47.76Z,PME,50470,TOLLEVAST
50599,47.78A,PME,50470,TOLLEVAST
50599,47.78C,ETI,50470,TOLLEVAST
50599,47.78C,GE,50470,TOLLEVAST
50599,47.81Z,,50470,TOLLEVAST
50599,47.89Z,PME,50470,TOLLEVAST
50599,47.91B,,50470,TOLLEVAST
50599,47.99A,PME,50470,TOLLEVAST
50599,49.32Z,PME,50470,TOLLEVAST
50599,52.10B,PME,50470,TOLLEVAST
50599,52.22Z,PME,50470,TOLLEVAST
50599,53.20Z,PME,50470,TOLLEVAST
50599,55.30Z,PME,50470,TOLLEVAST
50599,62.01Z,PME,50470,TOLLEVAST
50599,64.19Z,GE,50470,TOLLEVAST
50599,64.20Z,PME,50470,TOLLEVAST
50599,66.12Z,PME,50470,TOLLEVAST
50599,66.30Z,PME,50470,TOLLEVAST
50599,68.10Z,PME,50470,TOLLEVAST
50599,68.20A,,50470,TOLLEVAST
50599,68.20B,,50470,TOLLEVAST
50599,68.20B,PME,50470,TOLLEVAST
50599,68.32A,,50470,TOLLEVAST
50599,68.32A,PME,50470,TOLLEVAST
50599,69.20Z,PME,50470,TOLLEVAST
50599,70.10Z,,50470,TOLLEVAST
50599,70.10Z,PME,50470,TOLLEVAST
50599,70.22Z,PME,50470,TOLLEVAST
50599,74.10Z,PME,50470,TOLLEVAST
50599,74.20Z,PME,50470,TOLLEVAST
50599,74.90A,PME,50470,TOLLEVAST
50599,74.90B,,50470,TOLLEVAST
50599,77.29Z,PME,50470,TOLLEVAST
50599,81.30Z,PME,50470,TOLLEVAST
50599,82.11Z,,50470,TOLLEVAST
50599,82.11Z,PME,50470,TOLLEVAST
50599,82.19Z,PME,50470,TOLLEVAST
50599,82.99Z,PME,50470,TOLLEVAST
50599,84.11Z,PME,50470,TOLLEVAST
50599,85.20Z,PME,50470,TOLLEVAST
50599,85.51Z,,50470,TOLLEVAST
50599,85.51Z,PME,50470,TOLLEVAST
50599,85.52Z,PME,50470,TOLLEVAST
50599,85.53Z,PME,50470,TOLLEVAST
50599,85.59A,PME,50470,TOLLEVAST
50599,85.59B,,50470,TOLLEVAST
50599,85.59B,PME,50470,TOLLEVAST
50599,86.90D,PME,50470,TOLLEVAST
50599,86.90E,PME,50470,TOLLEVAST
50599,86.90F,PME,50470,TOLLEVAST
50599,88.10A,PME,50470,TOLLEVAST
50599,88.99A,,50470,TOLLEVAST
50599,88.99B,,50470,TOLLEVAST
50599,90.01Z,,50470,TOLLEVAST
50599,90.01Z,PME,50470,TOLLEVAST
50599,90.03A,PME,50470,TOLLEVAST
50599,90.03B,PME,50470,TOLLEVAST
50599,93.12Z,,50470,TOLLEVAST
50599,93.12Z,PME,50470,TOLLEVAST
50599,93.29Z,,50470,TOLLEVAST
50599,94.99Z,,50470,TOLLEVAST
50599,94.99Z,ETI,50470,TOLLEVAST
50599,96.02A,PME,50470,TOLLEVAST
50599,96.02B,,50470,TOLLEVAST
50599,96.09Z,PME,50470,TOLLEVAST
50601,01.11Z,,50160,TORIGNY-LES-VILLES
50601,01.13Z,,50160,TORIGNY-LES-VILLES
50601,01.19Z,,50160,TORIGNY-LES-VILLES
50601,01.24Z,,50160,TORIGNY-LES-VILLES
50601,01.24Z,PME,50160,TORIGNY-LES-VILLES
50601,01.41Z,,50160,TORIGNY-LES-VILLES
50601,01.42Z,,50160,TORIGNY-LES-VILLES
50601,01.43Z,,50160,TORIGNY-LES-VILLES
50601,01.45Z,,50160,TORIGNY-LES-VILLES
50601,01.46Z,,50160,TORIGNY-LES-VILLES
50601,01.47Z,,50160,TORIGNY-LES-VILLES
50601,01.49Z,,50160,TORIGNY-LES-VILLES
50601,01.49Z,PME,50160,TORIGNY-LES-VILLES
50601,01.50Z,,50160,TORIGNY-LES-VILLES
50601,01.61Z,,50160,TORIGNY-LES-VILLES
50601,02.20Z,PME,50160,TORIGNY-LES-VILLES
50601,03.21Z,,50160,TORIGNY-LES-VILLES
50601,08.12Z,ETI,50160,TORIGNY-LES-VILLES
50601,10.11Z,PME,50160,TORIGNY-LES-VILLES
50601,10.13B,PME,50160,TORIGNY-LES-VILLES
50601,10.52Z,PME,50160,TORIGNY-LES-VILLES
50601,10.71C,PME,50160,TORIGNY-LES-VILLES
50601,13.92Z,,50160,TORIGNY-LES-VILLES
50601,14.13Z,ETI,50160,TORIGNY-LES-VILLES
50601,23.63Z,GE,50160,TORIGNY-LES-VILLES
50601,25.11Z,PME,50160,TORIGNY-LES-VILLES
50601,25.61Z,PME,50160,TORIGNY-LES-VILLES
50601,28.30Z,PME,50160,TORIGNY-LES-VILLES
50601,31.09B,PME,50160,TORIGNY-LES-VILLES
50601,32.13Z,PME,50160,TORIGNY-LES-VILLES
50601,33.12Z,,50160,TORIGNY-LES-VILLES
50601,33.20A,PME,50160,TORIGNY-LES-VILLES
50601,33.20C,GE,50160,TORIGNY-LES-VILLES
50601,33.20C,PME,50160,TORIGNY-LES-VILLES
50601,35.11Z,,50160,TORIGNY-LES-VILLES
50601,35.11Z,GE,50160,TORIGNY-LES-VILLES
50601,35.11Z,PME,50160,TORIGNY-LES-VILLES
50601,36.00Z,GE,50160,TORIGNY-LES-VILLES
50601,41.10D,PME,50160,TORIGNY-LES-VILLES
50601,41.20A,PME,50160,TORIGNY-LES-VILLES
50601,42.21Z,ETI,50160,TORIGNY-LES-VILLES
50601,43.12A,,50160,TORIGNY-LES-VILLES
50601,43.12A,ETI,50160,TORIGNY-LES-VILLES
50601,43.12A,PME,50160,TORIGNY-LES-VILLES
50601,43.12B,GE,50160,TORIGNY-LES-VILLES
50601,43.21A,PME,50160,TORIGNY-LES-VILLES
50601,43.22A,PME,50160,TORIGNY-LES-VILLES
50601,43.22B,PME,50160,TORIGNY-LES-VILLES
50601,43.32A,,50160,TORIGNY-LES-VILLES
50601,43.32A,PME,50160,TORIGNY-LES-VILLES
50601,43.32B,PME,50160,TORIGNY-LES-VILLES
50601,43.33Z,PME,50160,TORIGNY-LES-VILLES
50601,43.34Z,,50160,TORIGNY-LES-VILLES
50601,43.34Z,PME,50160,TORIGNY-LES-VILLES
50601,43.39Z,,50160,TORIGNY-LES-VILLES
50601,43.91B,PME,50160,TORIGNY-LES-VILLES
50601,43.99C,,50160,TORIGNY-LES-VILLES
50601,43.99C,PME,50160,TORIGNY-LES-VILLES
50601,45.11Z,PME,50160,TORIGNY-LES-VILLES
50601,45.19Z,PME,50160,TORIGNY-LES-VILLES
50601,45.20A,,50160,TORIGNY-LES-VILLES
50601,45.20A,ETI,50160,TORIGNY-LES-VILLES
50601,45.20A,PME,50160,TORIGNY-LES-VILLES
50601,45.31Z,ETI,50160,TORIGNY-LES-VILLES
50601,45.32Z,,50160,TORIGNY-LES-VILLES
50601,45.32Z,PME,50160,TORIGNY-LES-VILLES
50601,45.40Z,PME,50160,TORIGNY-LES-VILLES
50601,46.19B,,50160,TORIGNY-LES-VILLES
50601,46.19B,PME,50160,TORIGNY-LES-VILLES
50601,46.21Z,ETI,50160,TORIGNY-LES-VILLES
50601,46.21Z,GE,50160,TORIGNY-LES-VILLES
50601,46.23Z,PME,50160,TORIGNY-LES-VILLES
50601,46.38B,PME,50160,TORIGNY-LES-VILLES
50601,46.49Z,PME,50160,TORIGNY-LES-VILLES
50601,46.61Z,ETI,50160,TORIGNY-LES-VILLES
50601,46.61Z,PME,50160,TORIGNY-LES-VILLES
50601,46.62Z,PME,50160,TORIGNY-LES-VILLES
50601,46.71Z,ETI,50160,TORIGNY-LES-VILLES
50601,46.71Z,GE,50160,TORIGNY-LES-VILLES
50601,46.73B,PME,50160,TORIGNY-LES-VILLES
50601,46.74A,ETI,50160,TORIGNY-LES-VILLES
50601,47.11B,,50160,TORIGNY-LES-VILLES
50601,47.11B,PME,50160,TORIGNY-LES-VILLES
50601,47.11D,PME,50160,TORIGNY-LES-VILLES
50601,47.22Z,,50160,TORIGNY-LES-VILLES
50601,47.30Z,GE,50160,TORIGNY-LES-VILLES
50601,47.30Z,PME,50160,TORIGNY-LES-VILLES
50601,47.52A,PME,50160,TORIGNY-LES-VILLES
50601,47.54Z,PME,50160,TORIGNY-LES-VILLES
50601,47.62Z,PME,50160,TORIGNY-LES-VILLES
50601,47.64Z,ETI,50160,TORIGNY-LES-VILLES
50601,47.71Z,PME,50160,TORIGNY-LES-VILLES
50601,47.72A,PME,50160,TORIGNY-LES-VILLES
50601,47.73Z,PME,50160,TORIGNY-LES-VILLES
50601,47.76Z,PME,50160,TORIGNY-LES-VILLES
50601,47.78A,PME,50160,TORIGNY-LES-VILLES
50601,47.78C,,50160,TORIGNY-LES-VILLES
50601,47.82Z,PME,50160,TORIGNY-LES-VILLES
50601,47.89Z,PME,50160,TORIGNY-LES-VILLES
50601,47.91B,PME,50160,TORIGNY-LES-VILLES
50601,47.99A,,50160,TORIGNY-LES-VILLES
50601,47.99A,PME,50160,TORIGNY-LES-VILLES
50601,49.32Z,PME,50160,TORIGNY-LES-VILLES
50601,49.41A,ETI,50160,TORIGNY-LES-VILLES
50601,49.41A,PME,50160,TORIGNY-LES-VILLES
50601,49.41B,,50160,TORIGNY-LES-VILLES
50601,49.41B,GE,50160,TORIGNY-LES-VILLES
50601,49.41B,PME,50160,TORIGNY-LES-VILLES
50601,52.29B,ETI,50160,TORIGNY-LES-VILLES
50601,52.29B,PME,50160,TORIGNY-LES-VILLES
50601,53.10Z,GE,50160,TORIGNY-LES-VILLES
50601,53.20Z,PME,50160,TORIGNY-LES-VILLES
50601,55.10Z,PME,50160,TORIGNY-LES-VILLES
50601,55.30Z,PME,50160,TORIGNY-LES-VILLES
50601,56.10A,PME,50160,TORIGNY-LES-VILLES
50601,56.10C,,50160,TORIGNY-LES-VILLES
50601,56.10C,PME,50160,TORIGNY-LES-VILLES
50601,56.30Z,PME,50160,TORIGNY-LES-VILLES
50601,58.14Z,,50160,TORIGNY-LES-VILLES
50601,59.11B,PME,50160,TORIGNY-LES-VILLES
50601,59.12Z,PME,50160,TORIGNY-LES-VILLES
50601,62.01Z,,50160,TORIGNY-LES-VILLES
50601,62.02A,PME,50160,TORIGNY-LES-VILLES
50601,63.11Z,PME,50160,TORIGNY-LES-VILLES
50601,63.91Z,PME,50160,TORIGNY-LES-VILLES
50601,64.19Z,GE,50160,TORIGNY-LES-VILLES
50601,64.19Z,PME,50160,TORIGNY-LES-VILLES
50601,64.20Z,,50160,TORIGNY-LES-VILLES
50601,64.20Z,PME,50160,TORIGNY-LES-VILLES
50601,64.30Z,PME,50160,TORIGNY-LES-VILLES
50601,64.99Z,PME,50160,TORIGNY-LES-VILLES
50601,65.12Z,GE,50160,TORIGNY-LES-VILLES
50601,66.19A,,50160,TORIGNY-LES-VILLES
50601,66.19B,PME,50160,TORIGNY-LES-VILLES
50601,66.22Z,PME,50160,TORIGNY-LES-VILLES
50601,66.30Z,,50160,TORIGNY-LES-VILLES
50601,66.30Z,PME,50160,TORIGNY-LES-VILLES
50601,68.20A,,50160,TORIGNY-LES-VILLES
50601,68.20A,PME,50160,TORIGNY-LES-VILLES
50601,68.20B,,50160,TORIGNY-LES-VILLES
50601,68.20B,PME,50160,TORIGNY-LES-VILLES
50601,68.31Z,PME,50160,TORIGNY-LES-VILLES
50601,68.32A,,50160,TORIGNY-LES-VILLES
50601,69.10Z,PME,50160,TORIGNY-LES-VILLES
50601,69.20Z,PME,50160,TORIGNY-LES-VILLES
50601,70.10Z,,50160,TORIGNY-LES-VILLES
50601,70.10Z,PME,50160,TORIGNY-LES-VILLES
50601,70.22Z,PME,50160,TORIGNY-LES-VILLES
50601,71.12B,GE,50160,TORIGNY-LES-VILLES
50601,71.12B,PME,50160,TORIGNY-LES-VILLES
50601,71.20A,ETI,50160,TORIGNY-LES-VILLES
50601,71.20B,PME,50160,TORIGNY-LES-VILLES
50601,73.11Z,,50160,TORIGNY-LES-VILLES
50601,74.10Z,,50160,TORIGNY-LES-VILLES
50601,74.10Z,PME,50160,TORIGNY-LES-VILLES
50601,74.20Z,,50160,TORIGNY-LES-VILLES
50601,74.20Z,PME,50160,TORIGNY-LES-VILLES
50601,75.00Z,PME,50160,TORIGNY-LES-VILLES
50601,77.12Z,PME,50160,TORIGNY-LES-VILLES
50601,77.32Z,ETI,50160,TORIGNY-LES-VILLES
50601,79.90Z,PME,50160,TORIGNY-LES-VILLES
50601,81.10Z,,50160,TORIGNY-LES-VILLES
50601,81.10Z,PME,50160,TORIGNY-LES-VILLES
50601,81.21Z,,50160,TORIGNY-LES-VILLES
50601,81.21Z,PME,50160,TORIGNY-LES-VILLES
50601,81.22Z,PME,50160,TORIGNY-LES-VILLES
50601,81.29A,PME,50160,TORIGNY-LES-VILLES
50601,81.30Z,,50160,TORIGNY-LES-VILLES
50601,81.30Z,PME,50160,TORIGNY-LES-VILLES
50601,82.11Z,,50160,TORIGNY-LES-VILLES
50601,82.99Z,ETI,50160,TORIGNY-LES-VILLES
50601,82.99Z,PME,50160,TORIGNY-LES-VILLES
50601,84.11Z,PME,50160,TORIGNY-LES-VILLES
50601,85.10Z,PME,50160,TORIGNY-LES-VILLES
50601,85.20Z,PME,50160,TORIGNY-LES-VILLES
50601,85.31Z,PME,50160,TORIGNY-LES-VILLES
50601,85.51Z,PME,50160,TORIGNY-LES-VILLES
50601,85.52Z,PME,50160,TORIGNY-LES-VILLES
50601,85.53Z,PME,50160,TORIGNY-LES-VILLES
50601,85.59A,,50160,TORIGNY-LES-VILLES
50601,85.59B,PME,50160,TORIGNY-LES-VILLES
50601,86.21Z,PME,50160,TORIGNY-LES-VILLES
50601,86.23Z,PME,50160,TORIGNY-LES-VILLES
50601,86.90A,PME,50160,TORIGNY-LES-VILLES
50601,86.90D,PME,50160,TORIGNY-LES-VILLES
50601,86.90E,PME,50160,TORIGNY-LES-VILLES
50601,86.90F,,50160,TORIGNY-LES-VILLES
50601,86.90F,PME,50160,TORIGNY-LES-VILLES
50601,87.10A,PME,50160,TORIGNY-LES-VILLES
50601,88.10A,PME,50160,TORIGNY-LES-VILLES
50601,88.91A,,50160,TORIGNY-LES-VILLES
50601,88.91A,PME,50160,TORIGNY-LES-VILLES
50601,88.99B,,50160,TORIGNY-LES-VILLES
50601,90.01Z,,50160,TORIGNY-LES-VILLES
50601,90.03A,PME,50160,TORIGNY-LES-VILLES
50601,90.03B,,50160,TORIGNY-LES-VILLES
50601,91.01Z,,50160,TORIGNY-LES-VILLES
50601,92.00Z,PME,50160,TORIGNY-LES-VILLES
50601,93.11Z,PME,50160,TORIGNY-LES-VILLES
50601,93.12Z,,50160,TORIGNY-LES-VILLES
50601,93.12Z,PME,50160,TORIGNY-LES-VILLES
50601,93.19Z,,50160,TORIGNY-LES-VILLES
50601,93.19Z,PME,50160,TORIGNY-LES-VILLES
50601,93.21Z,PME,50160,TORIGNY-LES-VILLES
50601,93.29Z,,50160,TORIGNY-LES-VILLES
50601,93.29Z,PME,50160,TORIGNY-LES-VILLES
50601,94.91Z,,50160,TORIGNY-LES-VILLES
50601,94.91Z,PME,50160,TORIGNY-LES-VILLES
50601,94.99Z,,50160,TORIGNY-LES-VILLES
50601,94.99Z,PME,50160,TORIGNY-LES-VILLES
50601,95.11Z,,50160,TORIGNY-LES-VILLES
50601,95.11Z,PME,50160,TORIGNY-LES-VILLES
50601,95.29Z,PME,50160,TORIGNY-LES-VILLES
50601,96.02A,,50160,TORIGNY-LES-VILLES
50601,96.02A,PME,50160,TORIGNY-LES-VILLES
50601,96.02B,,50160,TORIGNY-LES-VILLES
50601,96.02B,PME,50160,TORIGNY-LES-VILLES
50601,96.09Z,,50160,TORIGNY-LES-VILLES
50601,96.09Z,PME,50160,TORIGNY-LES-VILLES
50603,01.11Z,,50200,TOURVILLE-SUR-SIENNE
50603,01.13Z,,50200,TOURVILLE-SUR-SIENNE
50603,01.24Z,,50200,TOURVILLE-SUR-SIENNE
50603,01.30Z,,50200,TOURVILLE-SUR-SIENNE
50603,01.41Z,,50200,TOURVILLE-SUR-SIENNE
50603,01.41Z,PME,50200,TOURVILLE-SUR-SIENNE
50603,01.42Z,,50200,TOURVILLE-SUR-SIENNE
50603,01.43Z,,50200,TOURVILLE-SUR-SIENNE
50603,01.45Z,,50200,TOURVILLE-SUR-SIENNE
50603,01.47Z,,50200,TOURVILLE-SUR-SIENNE
50603,01.49Z,,50200,TOURVILLE-SUR-SIENNE
50603,01.61Z,,50200,TOURVILLE-SUR-SIENNE
50603,03.21Z,,50200,TOURVILLE-SUR-SIENNE
50603,10.71C,PME,50200,TOURVILLE-SUR-SIENNE
50603,20.41Z,PME,50200,TOURVILLE-SUR-SIENNE
50603,22.23Z,PME,50200,TOURVILLE-SUR-SIENNE
50603,23.41Z,,50200,TOURVILLE-SUR-SIENNE
50603,33.12Z,PME,50200,TOURVILLE-SUR-SIENNE
50603,35.11Z,,50200,TOURVILLE-SUR-SIENNE
50603,35.11Z,PME,50200,TOURVILLE-SUR-SIENNE
50603,37.00Z,PME,50200,TOURVILLE-SUR-SIENNE
50603,41.10A,PME,50200,TOURVILLE-SUR-SIENNE
50603,43.12A,,50200,TOURVILLE-SUR-SIENNE
50603,43.22A,PME,50200,TOURVILLE-SUR-SIENNE
50603,43.32A,,50200,TOURVILLE-SUR-SIENNE
50603,43.34Z,PME,50200,TOURVILLE-SUR-SIENNE
50603,43.91B,PME,50200,TOURVILLE-SUR-SIENNE
50603,43.99C,PME,50200,TOURVILLE-SUR-SIENNE
50603,45.11Z,PME,50200,TOURVILLE-SUR-SIENNE
50603,46.19B,PME,50200,TOURVILLE-SUR-SIENNE
50603,46.63Z,PME,50200,TOURVILLE-SUR-SIENNE
50603,47.11A,PME,50200,TOURVILLE-SUR-SIENNE
50603,47.11B,PME,50200,TOURVILLE-SUR-SIENNE
50603,47.22Z,PME,50200,TOURVILLE-SUR-SIENNE
50603,47.59B,PME,50200,TOURVILLE-SUR-SIENNE
50603,47.64Z,PME,50200,TOURVILLE-SUR-SIENNE
50603,47.81Z,PME,50200,TOURVILLE-SUR-SIENNE
50603,47.89Z,PME,50200,TOURVILLE-SUR-SIENNE
50603,47.99B,PME,50200,TOURVILLE-SUR-SIENNE
50603,55.20Z,,50200,TOURVILLE-SUR-SIENNE
50603,55.20Z,PME,50200,TOURVILLE-SUR-SIENNE
50603,56.10C,PME,50200,TOURVILLE-SUR-SIENNE
50603,62.02A,PME,50200,TOURVILLE-SUR-SIENNE
50603,64.20Z,PME,50200,TOURVILLE-SUR-SIENNE
50603,64.99Z,PME,50200,TOURVILLE-SUR-SIENNE
50603,66.30Z,PME,50200,TOURVILLE-SUR-SIENNE
50603,68.20A,,50200,TOURVILLE-SUR-SIENNE
50603,68.20A,PME,50200,TOURVILLE-SUR-SIENNE
50603,68.20B,,50200,TOURVILLE-SUR-SIENNE
50603,68.20B,PME,50200,TOURVILLE-SUR-SIENNE
50603,68.31Z,PME,50200,TOURVILLE-SUR-SIENNE
50603,69.20Z,,50200,TOURVILLE-SUR-SIENNE
50603,70.10Z,,50200,TOURVILLE-SUR-SIENNE
50603,70.10Z,PME,50200,TOURVILLE-SUR-SIENNE
50603,70.22Z,,50200,TOURVILLE-SUR-SIENNE
50603,70.22Z,PME,50200,TOURVILLE-SUR-SIENNE
50603,71.12B,PME,50200,TOURVILLE-SUR-SIENNE
50603,74.10Z,PME,50200,TOURVILLE-SUR-SIENNE
50603,81.21Z,,50200,TOURVILLE-SUR-SIENNE
50603,82.30Z,PME,50200,TOURVILLE-SUR-SIENNE
50603,84.11Z,PME,50200,TOURVILLE-SUR-SIENNE
50603,85.51Z,,50200,TOURVILLE-SUR-SIENNE
50603,85.59A,PME,50200,TOURVILLE-SUR-SIENNE
50603,86.90D,PME,50200,TOURVILLE-SUR-SIENNE
50603,86.90E,PME,50200,TOURVILLE-SUR-SIENNE
50603,86.90F,PME,50200,TOURVILLE-SUR-SIENNE
50603,88.99B,,50200,TOURVILLE-SUR-SIENNE
50603,90.03A,PME,50200,TOURVILLE-SUR-SIENNE
50603,93.12Z,,50200,TOURVILLE-SUR-SIENNE
50603,93.12Z,PME,50200,TOURVILLE-SUR-SIENNE
50603,93.29Z,PME,50200,TOURVILLE-SUR-SIENNE
50603,94.91Z,,50200,TOURVILLE-SUR-SIENNE
50603,94.99Z,,50200,TOURVILLE-SUR-SIENNE
50603,96.02A,PME,50200,TOURVILLE-SUR-SIENNE
50603,96.02B,PME,50200,TOURVILLE-SUR-SIENNE
50603,96.09Z,,50200,TOURVILLE-SUR-SIENNE
50603,96.09Z,PME,50200,TOURVILLE-SUR-SIENNE
50604,01.13Z,,50340,TREAUVILLE
50604,01.19Z,,50340,TREAUVILLE
50604,01.41Z,,50340,TREAUVILLE
50604,01.42Z,,50340,TREAUVILLE
50604,01.43Z,,50340,TREAUVILLE
50604,01.43Z,PME,50340,TREAUVILLE
50604,01.46Z,,50340,TREAUVILLE
50604,01.49Z,,50340,TREAUVILLE
50604,01.61Z,,50340,TREAUVILLE
50604,08.12Z,GE,50340,TREAUVILLE
50604,18.12Z,PME,50340,TREAUVILLE
50604,35.11Z,PME,50340,TREAUVILLE
50604,43.91B,PME,50340,TREAUVILLE
50604,43.99C,,50340,TREAUVILLE
50604,43.99C,PME,50340,TREAUVILLE
50604,45.11Z,PME,50340,TREAUVILLE
50604,46.19B,PME,50340,TREAUVILLE
50604,46.21Z,PME,50340,TREAUVILLE
50604,47.25Z,PME,50340,TREAUVILLE
50604,47.64Z,PME,50340,TREAUVILLE
50604,47.78B,PME,50340,TREAUVILLE
50604,47.78C,PME,50340,TREAUVILLE
50604,47.89Z,PME,50340,TREAUVILLE
50604,47.99A,PME,50340,TREAUVILLE
50604,55.20Z,PME,50340,TREAUVILLE
50604,56.10A,,50340,TREAUVILLE
50604,56.10C,PME,50340,TREAUVILLE
50604,56.21Z,PME,50340,TREAUVILLE
50604,56.29B,,50340,TREAUVILLE
50604,64.20Z,PME,50340,TREAUVILLE
50604,68.20A,,50340,TREAUVILLE
50604,68.20A,PME,50340,TREAUVILLE
50604,68.20B,,50340,TREAUVILLE
50604,68.20B,PME,50340,TREAUVILLE
50604,68.31Z,PME,50340,TREAUVILLE
50604,70.10Z,,50340,TREAUVILLE
50604,70.22Z,PME,50340,TREAUVILLE
50604,77.39Z,,50340,TREAUVILLE
50604,78.30Z,PME,50340,TREAUVILLE
50604,81.30Z,PME,50340,TREAUVILLE
50604,82.11Z,,50340,TREAUVILLE
50604,84.11Z,PME,50340,TREAUVILLE
50604,85.20Z,PME,50340,TREAUVILLE
50604,85.51Z,PME,50340,TREAUVILLE
50604,85.52Z,,50340,TREAUVILLE
50604,85.59B,PME,50340,TREAUVILLE
50604,86.90F,,50340,TREAUVILLE
50604,88.91A,,50340,TREAUVILLE
50604,90.02Z,PME,50340,TREAUVILLE
50604,90.03A,PME,50340,TREAUVILLE
50604,93.19Z,,50340,TREAUVILLE
50604,93.29Z,,50340,TREAUVILLE
50604,93.29Z,ETI,50340,TREAUVILLE
50604,93.29Z,PME,50340,TREAUVILLE
50604,94.99Z,,50340,TREAUVILLE
50604,94.99Z,PME,50340,TREAUVILLE
50604,95.29Z,PME,50340,TREAUVILLE
50604,96.09Z,,50340,TREAUVILLE
50604,96.09Z,PME,50340,TREAUVILLE
50609,01.11Z,,50480,TURQUEVILLE
50609,01.13Z,,50480,TURQUEVILLE
50609,01.41Z,,50480,TURQUEVILLE
50609,01.42Z,,50480,TURQUEVILLE
50609,01.43Z,,50480,TURQUEVILLE
50609,01.49Z,PME,50480,TURQUEVILLE
50609,01.61Z,,50480,TURQUEVILLE
50609,02.10Z,,50480,TURQUEVILLE
50609,37.00Z,PME,50480,TURQUEVILLE
50609,47.99A,PME,50480,TURQUEVILLE
50609,47.99B,PME,50480,TURQUEVILLE
50609,68.20A,,50480,TURQUEVILLE
50609,68.20B,,50480,TURQUEVILLE
50609,68.20B,PME,50480,TURQUEVILLE
50609,68.31Z,,50480,TURQUEVILLE
50609,84.11Z,PME,50480,TURQUEVILLE
50609,85.51Z,PME,50480,TURQUEVILLE
50609,93.19Z,PME,50480,TURQUEVILLE
50612,01.11Z,,50300,VAINS
50612,01.41Z,,50300,VAINS
50612,01.42Z,,50300,VAINS
50612,01.43Z,,50300,VAINS
50612,01.45Z,,50300,VAINS
50612,01.49Z,,50300,VAINS
50612,01.50Z,,50300,VAINS
50612,01.50Z,PME,50300,VAINS
50612,01.61Z,,50300,VAINS
50612,01.62Z,,50300,VAINS
50612,02.20Z,PME,50300,VAINS
50612,10.39A,,50300,VAINS
50612,35.11Z,,50300,VAINS
50612,41.10A,PME,50300,VAINS
50612,42.99Z,,50300,VAINS
50612,43.12A,PME,50300,VAINS
50612,43.99A,PME,50300,VAINS
50612,46.13Z,PME,50300,VAINS
50612,46.19B,,50300,VAINS
50612,46.19B,PME,50300,VAINS
50612,46.69C,PME,50300,VAINS
50612,47.59B,PME,50300,VAINS
50612,47.78C,PME,50300,VAINS
50612,47.81Z,PME,50300,VAINS
50612,47.91B,,50300,VAINS
50612,47.99A,PME,50300,VAINS
50612,49.41A,PME,50300,VAINS
50612,55.20Z,PME,50300,VAINS
50612,56.10A,,50300,VAINS
50612,56.29B,PME,50300,VAINS
50612,56.30Z,PME,50300,VAINS
50612,58.14Z,,50300,VAINS
50612,58.19Z,PME,50300,VAINS
50612,62.01Z,,50300,VAINS
50612,63.11Z,PME,50300,VAINS
50612,64.20Z,PME,50300,VAINS
50612,66.22Z,PME,50300,VAINS
50612,66.30Z,PME,50300,VAINS
50612,68.20A,,50300,VAINS
50612,68.20A,PME,50300,VAINS
50612,68.20B,,50300,VAINS
50612,68.20B,PME,50300,VAINS
50612,68.31Z,PME,50300,VAINS
50612,70.10Z,,50300,VAINS
50612,70.22Z,,50300,VAINS
50612,70.22Z,PME,50300,VAINS
50612,71.12B,PME,50300,VAINS
50612,79.90Z,PME,50300,VAINS
50612,84.11Z,PME,50300,VAINS
50612,85.20Z,PME,50300,VAINS
50612,85.32Z,PME,50300,VAINS
50612,86.90E,,50300,VAINS
50612,86.90F,PME,50300,VAINS
50612,88.99B,,50300,VAINS
50612,90.01Z,PME,50300,VAINS
50612,90.03B,PME,50300,VAINS
50612,93.12Z,,50300,VAINS
50612,93.19Z,,50300,VAINS
50612,93.19Z,PME,50300,VAINS
50612,94.91Z,,50300,VAINS
50612,94.99Z,,50300,VAINS
50612,94.99Z,PME,50300,VAINS
50612,95.29Z,,50300,VAINS
50612,95.29Z,PME,50300,VAINS
50612,96.02A,PME,50300,VAINS
50612,96.09Z,,50300,VAINS
50616,01.11Z,,50300,LE VAL-SAINT-PERE
50616,01.13Z,,50300,LE VAL-SAINT-PERE
50616,01.41Z,,50300,LE VAL-SAINT-PERE
50616,01.42Z,,50300,LE VAL-SAINT-PERE
50616,01.43Z,,50300,LE VAL-SAINT-PERE
50616,01.43Z,PME,50300,LE VAL-SAINT-PERE
50616,01.45Z,,50300,LE VAL-SAINT-PERE
50616,01.49Z,,50300,LE VAL-SAINT-PERE
50616,01.50Z,,50300,LE VAL-SAINT-PERE
50616,01.61Z,,50300,LE VAL-SAINT-PERE
50616,10.13B,PME,50300,LE VAL-SAINT-PERE
50616,11.03Z,PME,50300,LE VAL-SAINT-PERE
50616,11.05Z,,50300,LE VAL-SAINT-PERE
50616,14.13Z,,50300,LE VAL-SAINT-PERE
50616,14.13Z,PME,50300,LE VAL-SAINT-PERE
50616,14.19Z,PME,50300,LE VAL-SAINT-PERE
50616,16.29Z,PME,50300,LE VAL-SAINT-PERE
50616,23.61Z,GE,50300,LE VAL-SAINT-PERE
50616,25.62B,PME,50300,LE VAL-SAINT-PERE
50616,29.20Z,ETI,50300,LE VAL-SAINT-PERE
50616,32.13Z,PME,50300,LE VAL-SAINT-PERE
50616,32.50A,PME,50300,LE VAL-SAINT-PERE
50616,32.99Z,,50300,LE VAL-SAINT-PERE
50616,35.11Z,,50300,LE VAL-SAINT-PERE
50616,35.11Z,PME,50300,LE VAL-SAINT-PERE
50616,38.32Z,PME,50300,LE VAL-SAINT-PERE
50616,43.12A,PME,50300,LE VAL-SAINT-PERE
50616,43.22B,PME,50300,LE VAL-SAINT-PERE
50616,43.31Z,PME,50300,LE VAL-SAINT-PERE
50616,43.32A,PME,50300,LE VAL-SAINT-PERE
50616,43.32C,PME,50300,LE VAL-SAINT-PERE
50616,43.91B,PME,50300,LE VAL-SAINT-PERE
50616,43.99C,PME,50300,LE VAL-SAINT-PERE
50616,45.11Z,,50300,LE VAL-SAINT-PERE
50616,45.11Z,ETI,50300,LE VAL-SAINT-PERE
50616,45.11Z,PME,50300,LE VAL-SAINT-PERE
50616,45.20A,,50300,LE VAL-SAINT-PERE
50616,45.20A,PME,50300,LE VAL-SAINT-PERE
50616,46.11Z,PME,50300,LE VAL-SAINT-PERE
50616,46.18Z,PME,50300,LE VAL-SAINT-PERE
50616,46.19B,PME,50300,LE VAL-SAINT-PERE
50616,46.31Z,PME,50300,LE VAL-SAINT-PERE
50616,46.32B,PME,50300,LE VAL-SAINT-PERE
50616,46.45Z,PME,50300,LE VAL-SAINT-PERE
50616,46.49Z,,50300,LE VAL-SAINT-PERE
50616,46.51Z,PME,50300,LE VAL-SAINT-PERE
50616,46.62Z,PME,50300,LE VAL-SAINT-PERE
50616,46.73A,GE,50300,LE VAL-SAINT-PERE
50616,46.73A,PME,50300,LE VAL-SAINT-PERE
50616,46.73B,PME,50300,LE VAL-SAINT-PERE
50616,46.90Z,PME,50300,LE VAL-SAINT-PERE
50616,47.11B,PME,50300,LE VAL-SAINT-PERE
50616,47.19B,PME,50300,LE VAL-SAINT-PERE
50616,47.21Z,PME,50300,LE VAL-SAINT-PERE
50616,47.23Z,PME,50300,LE VAL-SAINT-PERE
50616,47.24Z,,50300,LE VAL-SAINT-PERE
50616,47.25Z,PME,50300,LE VAL-SAINT-PERE
50616,47.29Z,PME,50300,LE VAL-SAINT-PERE
50616,47.59A,PME,50300,LE VAL-SAINT-PERE
50616,47.59B,PME,50300,LE VAL-SAINT-PERE
50616,47.64Z,GE,50300,LE VAL-SAINT-PERE
50616,47.76Z,PME,50300,LE VAL-SAINT-PERE
50616,47.81Z,PME,50300,LE VAL-SAINT-PERE
50616,47.89Z,,50300,LE VAL-SAINT-PERE
50616,47.89Z,PME,50300,LE VAL-SAINT-PERE
50616,47.91B,,50300,LE VAL-SAINT-PERE
50616,47.99A,,50300,LE VAL-SAINT-PERE
50616,47.99A,PME,50300,LE VAL-SAINT-PERE
50616,49.41A,PME,50300,LE VAL-SAINT-PERE
50616,49.41B,PME,50300,LE VAL-SAINT-PERE
50616,51.10Z,PME,50300,LE VAL-SAINT-PERE
50616,53.20Z,PME,50300,LE VAL-SAINT-PERE
50616,55.10Z,ETI,50300,LE VAL-SAINT-PERE
50616,55.10Z,PME,50300,LE VAL-SAINT-PERE
50616,55.20Z,PME,50300,LE VAL-SAINT-PERE
50616,56.10A,PME,50300,LE VAL-SAINT-PERE
50616,56.21Z,PME,50300,LE VAL-SAINT-PERE
50616,56.29B,PME,50300,LE VAL-SAINT-PERE
50616,59.20Z,,50300,LE VAL-SAINT-PERE
50616,62.01Z,PME,50300,LE VAL-SAINT-PERE
50616,63.91Z,PME,50300,LE VAL-SAINT-PERE
50616,64.20Z,,50300,LE VAL-SAINT-PERE
50616,64.20Z,PME,50300,LE VAL-SAINT-PERE
50616,64.99Z,,50300,LE VAL-SAINT-PERE
50616,66.19A,PME,50300,LE VAL-SAINT-PERE
50616,66.19B,,50300,LE VAL-SAINT-PERE
50616,66.22Z,PME,50300,LE VAL-SAINT-PERE
50616,66.30Z,,50300,LE VAL-SAINT-PERE
50616,66.30Z,PME,50300,LE VAL-SAINT-PERE
50616,68.10Z,,50300,LE VAL-SAINT-PERE
50616,68.20A,,50300,LE VAL-SAINT-PERE
50616,68.20A,PME,50300,LE VAL-SAINT-PERE
50616,68.20B,,50300,LE VAL-SAINT-PERE
50616,68.20B,PME,50300,LE VAL-SAINT-PERE
50616,68.31Z,,50300,LE VAL-SAINT-PERE
50616,68.32A,,50300,LE VAL-SAINT-PERE
50616,68.32A,PME,50300,LE VAL-SAINT-PERE
50616,68.32B,,50300,LE VAL-SAINT-PERE
50616,70.10Z,,50300,LE VAL-SAINT-PERE
50616,70.10Z,PME,50300,LE VAL-SAINT-PERE
50616,70.22Z,PME,50300,LE VAL-SAINT-PERE
50616,71.12B,PME,50300,LE VAL-SAINT-PERE
50616,73.11Z,PME,50300,LE VAL-SAINT-PERE
50616,74.10Z,PME,50300,LE VAL-SAINT-PERE
50616,74.20Z,PME,50300,LE VAL-SAINT-PERE
50616,74.90A,PME,50300,LE VAL-SAINT-PERE
50616,74.90B,PME,50300,LE VAL-SAINT-PERE
50616,75.00Z,PME,50300,LE VAL-SAINT-PERE
50616,77.32Z,ETI,50300,LE VAL-SAINT-PERE
50616,79.12Z,PME,50300,LE VAL-SAINT-PERE
50616,81.30Z,,50300,LE VAL-SAINT-PERE
50616,81.30Z,PME,50300,LE VAL-SAINT-PERE
50616,82.19Z,PME,50300,LE VAL-SAINT-PERE
50616,82.92Z,PME,50300,LE VAL-SAINT-PERE
50616,84.11Z,PME,50300,LE VAL-SAINT-PERE
50616,85.20Z,PME,50300,LE VAL-SAINT-PERE
50616,85.51Z,PME,50300,LE VAL-SAINT-PERE
50616,85.52Z,,50300,LE VAL-SAINT-PERE
50616,85.59A,PME,50300,LE VAL-SAINT-PERE
50616,85.59B,,50300,LE VAL-SAINT-PERE
50616,85.59B,PME,50300,LE VAL-SAINT-PERE
50616,85.60Z,,50300,LE VAL-SAINT-PERE
50616,86.22C,PME,50300,LE VAL-SAINT-PERE
50616,86.23Z,PME,50300,LE VAL-SAINT-PERE
50616,86.90D,,50300,LE VAL-SAINT-PERE
50616,86.90D,PME,50300,LE VAL-SAINT-PERE
50616,86.90E,PME,50300,LE VAL-SAINT-PERE
50616,86.90F,,50300,LE VAL-SAINT-PERE
50616,88.91A,PME,50300,LE VAL-SAINT-PERE
50616,88.99B,,50300,LE VAL-SAINT-PERE
50616,88.99B,PME,50300,LE VAL-SAINT-PERE
50616,90.01Z,,50300,LE VAL-SAINT-PERE
50616,90.01Z,PME,50300,LE VAL-SAINT-PERE
50616,90.02Z,PME,50300,LE VAL-SAINT-PERE
50616,90.03A,PME,50300,LE VAL-SAINT-PERE
50616,90.03B,PME,50300,LE VAL-SAINT-PERE
50616,93.11Z,PME,50300,LE VAL-SAINT-PERE
50616,93.12Z,,50300,LE VAL-SAINT-PERE
50616,93.12Z,PME,50300,LE VAL-SAINT-PERE
50616,93.13Z,PME,50300,LE VAL-SAINT-PERE
50616,93.29Z,PME,50300,LE VAL-SAINT-PERE
50616,94.99Z,,50300,LE VAL-SAINT-PERE
50616,95.24Z,PME,50300,LE VAL-SAINT-PERE
50616,96.09Z,,50300,LE VAL-SAINT-PERE
50616,96.09Z,PME,50300,LE VAL-SAINT-PERE
50617,01.11Z,,50250,VARENGUEBEC
50617,01.19Z,,50250,VARENGUEBEC
50617,01.41Z,,50250,VARENGUEBEC
50617,01.42Z,,50250,VARENGUEBEC
50617,01.43Z,,50250,VARENGUEBEC
50617,01.45Z,,50250,VARENGUEBEC
50617,01.47Z,,50250,VARENGUEBEC
50617,01.49Z,,50250,VARENGUEBEC
50617,01.61Z,,50250,VARENGUEBEC
50617,02.40Z,,50250,VARENGUEBEC
50617,16.10A,PME,50250,VARENGUEBEC
50617,43.99C,PME,50250,VARENGUEBEC
50617,46.21Z,PME,50250,VARENGUEBEC
50617,47.89Z,PME,50250,VARENGUEBEC
50617,47.91A,PME,50250,VARENGUEBEC
50617,47.99A,,50250,VARENGUEBEC
50617,47.99A,PME,50250,VARENGUEBEC
50617,56.10C,PME,50250,VARENGUEBEC
50617,66.30Z,PME,50250,VARENGUEBEC
50617,68.20B,,50250,VARENGUEBEC
50617,68.20B,GE,50250,VARENGUEBEC
50617,71.12B,PME,50250,VARENGUEBEC
50617,80.30Z,PME,50250,VARENGUEBEC
50617,81.30Z,PME,50250,VARENGUEBEC
50617,84.11Z,PME,50250,VARENGUEBEC
50617,85.51Z,PME,50250,VARENGUEBEC
50617,90.03A,PME,50250,VARENGUEBEC
50617,93.12Z,,50250,VARENGUEBEC
50617,93.19Z,,50250,VARENGUEBEC
50617,93.29Z,,50250,VARENGUEBEC
50617,94.99Z,,50250,VARENGUEBEC
50617,95.24Z,PME,50250,VARENGUEBEC
50618,01.11Z,,50330,VAROUVILLE
50618,01.13Z,,50330,VAROUVILLE
50618,01.41Z,,50330,VAROUVILLE
50618,01.42Z,,50330,VAROUVILLE
50618,01.47Z,,50330,VAROUVILLE
50618,03.11Z,,50330,VAROUVILLE
50618,43.22A,PME,50330,VAROUVILLE
50618,45.20A,PME,50330,VAROUVILLE
50618,47.81Z,PME,50330,VAROUVILLE
50618,47.82Z,PME,50330,VAROUVILLE
50618,47.99A,PME,50330,VAROUVILLE
50618,64.20Z,PME,50330,VAROUVILLE
50618,68.20A,PME,50330,VAROUVILLE
50618,68.20B,,50330,VAROUVILLE
50618,68.20B,PME,50330,VAROUVILLE
50618,81.30Z,PME,50330,VAROUVILLE
50618,84.11Z,PME,50330,VAROUVILLE
50618,86.90F,PME,50330,VAROUVILLE
50621,01.11Z,,50310,VAUDREVILLE
50621,01.41Z,,50310,VAUDREVILLE
50621,55.30Z,PME,50310,VAUDREVILLE
50621,68.20B,,50310,VAUDREVILLE
50621,84.11Z,PME,50310,VAUDREVILLE
50621,88.99B,,50310,VAUDREVILLE
50624,01.11Z,,50200,LA VENDELEE
50624,01.13Z,,50200,LA VENDELEE
50624,01.41Z,,50200,LA VENDELEE
50624,01.41Z,PME,50200,LA VENDELEE
50624,01.42Z,,50200,LA VENDELEE
50624,01.45Z,,50200,LA VENDELEE
50624,01.50Z,,50200,LA VENDELEE
50624,01.61Z,,50200,LA VENDELEE
50624,03.21Z,,50200,LA VENDELEE
50624,16.29Z,PME,50200,LA VENDELEE
50624,35.11Z,PME,50200,LA VENDELEE
50624,36.00Z,GE,50200,LA VENDELEE
50624,41.20B,PME,50200,LA VENDELEE
50624,43.21A,PME,50200,LA VENDELEE
50624,43.32A,PME,50200,LA VENDELEE
50624,46.23Z,PME,50200,LA VENDELEE
50624,47.59A,PME,50200,LA VENDELEE
50624,47.99A,,50200,LA VENDELEE
50624,47.99A,PME,50200,LA VENDELEE
50624,55.20Z,PME,50200,LA VENDELEE
50624,56.29B,,50200,LA VENDELEE
50624,62.01Z,PME,50200,LA VENDELEE
50624,64.20Z,PME,50200,LA VENDELEE
50624,68.20B,,50200,LA VENDELEE
50624,68.20B,PME,50200,LA VENDELEE
50624,68.32A,,50200,LA VENDELEE
50624,70.10Z,PME,50200,LA VENDELEE
50624,74.10Z,,50200,LA VENDELEE
50624,74.10Z,PME,50200,LA VENDELEE
50624,81.21Z,PME,50200,LA VENDELEE
50624,81.29A,,50200,LA VENDELEE
50624,81.30Z,PME,50200,LA VENDELEE
50624,84.11Z,PME,50200,LA VENDELEE
50624,85.20Z,PME,50200,LA VENDELEE
50624,85.51Z,,50200,LA VENDELEE
50624,86.90D,PME,50200,LA VENDELEE
50624,88.99B,,50200,LA VENDELEE
50624,93.11Z,PME,50200,LA VENDELEE
50624,93.12Z,,50200,LA VENDELEE
50624,94.99Z,,50200,LA VENDELEE
50624,95.29Z,PME,50200,LA VENDELEE
50626,01.11Z,,50450,VER
50626,01.41Z,,50450,VER
50626,01.42Z,,50450,VER
50626,01.43Z,,50450,VER
50626,01.43Z,PME,50450,VER
50626,01.46Z,,50450,VER
50626,01.49Z,,50450,VER
50626,01.50Z,,50450,VER
50626,01.61Z,,50450,VER
50626,10.11Z,PME,50450,VER
50626,35.11Z,PME,50450,VER
50626,43.12A,,50450,VER
50626,43.12A,PME,50450,VER
50626,43.34Z,PME,50450,VER
50626,43.39Z,,50450,VER
50626,43.39Z,PME,50450,VER
50626,43.91B,PME,50450,VER
50626,45.20A,PME,50450,VER
50626,47.91B,PME,50450,VER
50626,47.99A,,50450,VER
50626,55.20Z,PME,50450,VER
50626,56.30Z,PME,50450,VER
50626,62.02A,PME,50450,VER
50626,66.30Z,PME,50450,VER
50626,68.10Z,,50450,VER
50626,68.20A,,50450,VER
50626,68.20B,,50450,VER
50626,68.20B,PME,50450,VER
50626,68.32A,,50450,VER
50626,70.22Z,PME,50450,VER
50626,74.30Z,PME,50450,VER
50626,81.30Z,PME,50450,VER
50626,82.30Z,PME,50450,VER
50626,82.99Z,,50450,VER
50626,84.11Z,PME,50450,VER
50626,84.12Z,PME,50450,VER
50626,85.51Z,PME,50450,VER
50626,85.59B,PME,50450,VER
50626,90.01Z,,50450,VER
50626,93.12Z,,50450,VER
50626,93.19Z,PME,50450,VER
50626,94.91Z,,50450,VER
50626,94.99Z,,50450,VER
50626,95.29Z,PME,50450,VER
50626,96.04Z,PME,50450,VER
50626,96.09Z,PME,50450,VER
50628,01.11Z,,50370,VERNIX
50628,01.41Z,,50370,VERNIX
50628,01.42Z,,50370,VERNIX
50628,01.43Z,,50370,VERNIX
50628,01.45Z,,50370,VERNIX
50628,01.61Z,,50370,VERNIX
50628,25.11Z,PME,50370,VERNIX
50628,43.99C,PME,50370,VERNIX
50628,45.11Z,PME,50370,VERNIX
50628,56.30Z,,50370,VERNIX
50628,68.20B,,50370,VERNIX
50628,70.10Z,,50370,VERNIX
50628,71.11Z,,50370,VERNIX
50628,81.30Z,PME,50370,VERNIX
50628,84.11Z,PME,50370,VERNIX
50628,90.01Z,PME,50370,VERNIX
50628,90.03A,PME,50370,VERNIX
50628,96.09Z,PME,50370,VERNIX
50629,01.11Z,,50430,VESLY
50629,01.13Z,,50430,VESLY
50629,01.19Z,,50430,VESLY
50629,01.41Z,,50430,VESLY
50629,01.42Z,,50430,VESLY
50629,01.45Z,,50430,VESLY
50629,01.49Z,,50430,VESLY
50629,01.50Z,,50430,VESLY
50629,01.61Z,,50430,VESLY
50629,01.70Z,,50430,VESLY
50629,03.11Z,,50430,VESLY
50629,16.23Z,PME,50430,VESLY
50629,17.23Z,,50430,VESLY
50629,26.52Z,PME,50430,VESLY
50629,31.02Z,PME,50430,VESLY
50629,32.13Z,PME,50430,VESLY
50629,41.20B,PME,50430,VESLY
50629,43.22A,PME,50430,VESLY
50629,43.31Z,PME,50430,VESLY
50629,43.91B,PME,50430,VESLY
50629,43.99C,,50430,VESLY
50629,47.11B,PME,50430,VESLY
50629,47.22Z,PME,50430,VESLY
50629,47.82Z,PME,50430,VESLY
50629,47.89Z,PME,50430,VESLY
50629,47.99A,PME,50430,VESLY
50629,55.20Z,PME,50430,VESLY
50629,56.10C,PME,50430,VESLY
50629,56.30Z,PME,50430,VESLY
50629,64.20Z,,50430,VESLY
50629,64.20Z,PME,50430,VESLY
50629,68.20A,,50430,VESLY
50629,68.20A,PME,50430,VESLY
50629,68.20B,,50430,VESLY
50629,68.20B,PME,50430,VESLY
50629,68.32A,,50430,VESLY
50629,70.10Z,PME,50430,VESLY
50629,70.22Z,PME,50430,VESLY
50629,74.10Z,,50430,VESLY
50629,81.30Z,,50430,VESLY
50629,84.11Z,PME,50430,VESLY
50629,85.20Z,PME,50430,VESLY
50629,86.90D,PME,50430,VESLY
50629,88.99B,,50430,VESLY
50629,93.29Z,PME,50430,VESLY
50629,94.99Z,,50430,VESLY
50629,96.09Z,,50430,VESLY
50637,01.11Z,,50410,VILLEBAUDON
50637,01.41Z,,50410,VILLEBAUDON
50637,01.42Z,,50410,VILLEBAUDON
50637,01.43Z,,50410,VILLEBAUDON
50637,01.49Z,,50410,VILLEBAUDON
50637,01.61Z,,50410,VILLEBAUDON
50637,14.13Z,,50410,VILLEBAUDON
50637,35.11Z,,50410,VILLEBAUDON
50637,37.00Z,PME,50410,VILLEBAUDON
50637,43.91A,PME,50410,VILLEBAUDON
50637,45.11Z,PME,50410,VILLEBAUDON
50637,45.20A,PME,50410,VILLEBAUDON
50637,46.19A,PME,50410,VILLEBAUDON
50637,46.19B,,50410,VILLEBAUDON
50637,46.21Z,ETI,50410,VILLEBAUDON
50637,46.23Z,PME,50410,VILLEBAUDON
50637,47.22Z,PME,50410,VILLEBAUDON
50637,47.79Z,PME,50410,VILLEBAUDON
50637,47.82Z,PME,50410,VILLEBAUDON
50637,47.89Z,PME,50410,VILLEBAUDON
50637,49.41A,PME,50410,VILLEBAUDON
50637,56.10A,PME,50410,VILLEBAUDON
50637,68.20B,,50410,VILLEBAUDON
50637,68.20B,PME,50410,VILLEBAUDON
50637,82.99Z,PME,50410,VILLEBAUDON
50637,84.11Z,PME,50410,VILLEBAUDON
50637,85.20Z,PME,50410,VILLEBAUDON
50637,86.90D,PME,50410,VILLEBAUDON
50637,90.03A,PME,50410,VILLEBAUDON
50637,93.12Z,,50410,VILLEBAUDON
50637,94.99Z,,50410,VILLEBAUDON
50637,96.03Z,PME,50410,VILLEBAUDON
50637,96.09Z,,50410,VILLEBAUDON
50647,01.11Z,,50400,YQUELON
50647,01.13Z,,50400,YQUELON
50647,01.42Z,,50400,YQUELON
50647,01.45Z,,50400,YQUELON
50647,03.11Z,,50400,YQUELON
50647,03.21Z,,50400,YQUELON
50647,10.71C,PME,50400,YQUELON
50647,10.82Z,PME,50400,YQUELON
50647,14.11Z,PME,50400,YQUELON
50647,14.19Z,,50400,YQUELON
50647,14.19Z,PME,50400,YQUELON
50647,25.73A,PME,50400,YQUELON
50647,41.10A,,50400,YQUELON
50647,41.10A,PME,50400,YQUELON
50647,41.10C,PME,50400,YQUELON
50647,41.10D,PME,50400,YQUELON
50647,41.20A,PME,50400,YQUELON
50647,42.99Z,PME,50400,YQUELON
50647,43.22B,PME,50400,YQUELON
50647,43.32A,PME,50400,YQUELON
50647,43.91B,PME,50400,YQUELON
50647,43.99C,,50400,YQUELON
50647,43.99D,PME,50400,YQUELON
50647,45.11Z,PME,50400,YQUELON
50647,45.20A,,50400,YQUELON
50647,45.20A,ETI,50400,YQUELON
50647,45.20A,PME,50400,YQUELON
50647,46.19B,PME,50400,YQUELON
50647,46.34Z,PME,50400,YQUELON
50647,46.49Z,PME,50400,YQUELON
50647,47.11A,GE,50400,YQUELON
50647,47.11F,ETI,50400,YQUELON
50647,47.19B,PME,50400,YQUELON
50647,47.22Z,PME,50400,YQUELON
50647,47.25Z,PME,50400,YQUELON
50647,47.29Z,PME,50400,YQUELON
50647,47.52B,,50400,YQUELON
50647,47.52B,PME,50400,YQUELON
50647,47.59A,GE,50400,YQUELON
50647,47.59A,PME,50400,YQUELON
50647,47.59B,PME,50400,YQUELON
50647,47.64Z,ETI,50400,YQUELON
50647,47.71Z,ETI,50400,YQUELON
50647,47.71Z,PME,50400,YQUELON
50647,47.75Z,PME,50400,YQUELON
50647,47.76Z,GE,50400,YQUELON
50647,47.76Z,PME,50400,YQUELON
50647,47.78A,PME,50400,YQUELON
50647,47.79Z,PME,50400,YQUELON
50647,47.91B,,50400,YQUELON
50647,47.99A,,50400,YQUELON
50647,47.99A,PME,50400,YQUELON
50647,49.32Z,PME,50400,YQUELON
50647,52.22Z,,50400,YQUELON
50647,55.10Z,,50400,YQUELON
50647,55.30Z,PME,50400,YQUELON
50647,56.10A,ETI,50400,YQUELON
50647,56.10A,PME,50400,YQUELON
50647,56.10C,PME,50400,YQUELON
50647,56.29B,PME,50400,YQUELON
50647,59.11A,PME,50400,YQUELON
50647,59.20Z,PME,50400,YQUELON
50647,62.01Z,PME,50400,YQUELON
50647,62.02A,PME,50400,YQUELON
50647,64.19Z,GE,50400,YQUELON
50647,64.20Z,,50400,YQUELON
50647,64.20Z,ETI,50400,YQUELON
50647,64.20Z,PME,50400,YQUELON
50647,66.12Z,PME,50400,YQUELON
50647,66.19A,PME,50400,YQUELON
50647,66.19B,PME,50400,YQUELON
50647,66.30Z,,50400,YQUELON
50647,66.30Z,PME,50400,YQUELON
50647,68.10Z,,50400,YQUELON
50647,68.10Z,PME,50400,YQUELON
50647,68.20A,,50400,YQUELON
50647,68.20A,PME,50400,YQUELON
50647,68.20B,,50400,YQUELON
50647,68.20B,GE,50400,YQUELON
50647,68.20B,PME,50400,YQUELON
50647,68.31Z,,50400,YQUELON
50647,68.31Z,PME,50400,YQUELON
50647,68.32A,PME,50400,YQUELON
50647,69.10Z,PME,50400,YQUELON
50647,69.20Z,ETI,50400,YQUELON
50647,69.20Z,GE,50400,YQUELON
50647,70.10Z,,50400,YQUELON
50647,70.10Z,PME,50400,YQUELON
50647,70.22Z,,50400,YQUELON
50647,70.22Z,PME,50400,YQUELON
50647,71.11Z,PME,50400,YQUELON
50647,71.12B,PME,50400,YQUELON
50647,71.20A,PME,50400,YQUELON
50647,74.20Z,ETI,50400,YQUELON
50647,78.20Z,GE,50400,YQUELON
50647,79.90Z,PME,50400,YQUELON
50647,81.21Z,,50400,YQUELON
50647,81.21Z,PME,50400,YQUELON
50647,82.11Z,GE,50400,YQUELON
50647,82.99Z,PME,50400,YQUELON
50647,84.11Z,PME,50400,YQUELON
50647,85.20Z,PME,50400,YQUELON
50647,85.51Z,PME,50400,YQUELON
50647,85.52Z,PME,50400,YQUELON
50647,85.53Z,PME,50400,YQUELON
50647,86.21Z,PME,50400,YQUELON
50647,86.90B,PME,50400,YQUELON
50647,86.90D,,50400,YQUELON
50647,86.90D,PME,50400,YQUELON
50647,86.90E,,50400,YQUELON
50647,86.90E,PME,50400,YQUELON
50647,86.90F,PME,50400,YQUELON
50647,88.91A,PME,50400,YQUELON
50647,90.02Z,,50400,YQUELON
50647,93.12Z,,50400,YQUELON
50647,93.12Z,PME,50400,YQUELON
50647,93.19Z,PME,50400,YQUELON
50647,93.29Z,,50400,YQUELON
50647,93.29Z,PME,50400,YQUELON
50647,94.91Z,PME,50400,YQUELON
50647,94.99Z,,50400,YQUELON
50647,94.99Z,PME,50400,YQUELON
50647,95.29Z,PME,50400,YQUELON
50647,96.02A,PME,50400,YQUELON
50647,96.02B,PME,50400,YQUELON
50647,96.04Z,,50400,YQUELON
50647,96.09Z,PME,50400,YQUELON
