codeCommuneEtablissement,activitePrincipaleEtablissement,categorieEntreprise,codePostalEtablissement,libelleCommuneEtablissement
50004,01.11Z,,50680,AIREL
50004,01.41Z,,50680,AIREL
50004,01.42Z,,50680,AIREL
50004,01.43Z,,50680,AIREL
50004,01.49Z,,50680,AIREL
50004,01.50Z,,50680,AIREL
50004,01.61Z,,50680,AIREL
50004,02.10Z,,50680,AIREL
50004,03.11Z,,50680,AIREL
50004,10.71C,PME,50680,AIREL
50004,14.13Z,,50680,AIREL
50004,14.13Z,PME,50680,AIREL
50004,33.12Z,,50680,AIREL
50004,33.20A,PME,50680,AIREL
50004,43.21A,PME,50680,AIREL
50004,43.22A,PME,50680,AIREL
50004,43.34Z,PME,50680,AIREL
50004,43.91B,PME,50680,AIREL
50004,43.99C,,50680,AIREL
50004,46.18Z,PME,50680,AIREL
50004,46.19B,,50680,AIREL
50004,46.73A,PME,50680,AIREL
50004,47.91B,PME,50680,AIREL
50004,47.99A,,50680,AIREL
50004,49.41A,,50680,AIREL
50004,56.10A,PME,50680,AIREL
50004,56.10C,PME,50680,AIREL
50004,64.20Z,,50680,AIREL
50004,64.20Z,PME,50680,AIREL
50004,68.20A,PME,50680,AIREL
50004,68.20B,,50680,AIREL
50004,68.20B,PME,50680,AIREL
50004,70.10Z,,50680,AIREL
50004,74.90A,PME,50680,AIREL
50004,81.30Z,PME,50680,AIREL
50004,82.99Z,PME,50680,AIREL
50004,84.11Z,PME,50680,AIREL
50004,85.20Z,PME,50680,AIREL
50004,86.90D,PME,50680,AIREL
50004,86.90F,PME,50680,AIREL
50004,88.99B,,50680,AIREL
50004,94.99Z,,50680,AIREL
50004,95.29Z,PME,50680,AIREL
50004,96.09Z,PME,50680,AIREL
50006,01.11Z,,50620,AMIGNY
50006,01.29Z,,50620,AMIGNY
50006,01.41Z,,50620,AMIGNY
50006,01.42Z,,50620,AMIGNY
50006,01.43Z,,50620,AMIGNY
50006,01.50Z,,50620,AMIGNY
50006,43.32A,PME,50620,AMIGNY
50006,46.90Z,,50620,AMIGNY
50006,47.99A,PME,50620,AMIGNY
50006,49.41B,PME,50620,AMIGNY
50006,55.20Z,PME,50620,AMIGNY
50006,59.11A,PME,50620,AMIGNY
50006,68.20B,,50620,AMIGNY
50006,68.20B,PME,50620,AMIGNY
50006,69.20Z,PME,50620,AMIGNY
50006,70.10Z,PME,50620,AMIGNY
50006,70.22Z,,50620,AMIGNY
50006,77.29Z,,50620,AMIGNY
50006,81.29A,PME,50620,AMIGNY
50006,81.29B,,50620,AMIGNY
50006,84.11Z,PME,50620,AMIGNY
50013,01.11Z,,50760,ANNEVILLE-EN-SAIRE
50013,01.13Z,,50760,ANNEVILLE-EN-SAIRE
50013,01.19Z,,50760,ANNEVILLE-EN-SAIRE
50013,01.30Z,,50760,ANNEVILLE-EN-SAIRE
50013,01.42Z,,50760,ANNEVILLE-EN-SAIRE
50013,01.61Z,,50760,ANNEVILLE-EN-SAIRE
50013,03.11Z,,50760,ANNEVILLE-EN-SAIRE
50013,16.24Z,PME,50760,ANNEVILLE-EN-SAIRE
50013,23.41Z,PME,50760,ANNEVILLE-EN-SAIRE
50013,31.03Z,PME,50760,ANNEVILLE-EN-SAIRE
50013,32.13Z,PME,50760,ANNEVILLE-EN-SAIRE
50013,35.11Z,PME,50760,ANNEVILLE-EN-SAIRE
50013,43.22A,PME,50760,ANNEVILLE-EN-SAIRE
50013,43.33Z,PME,50760,ANNEVILLE-EN-SAIRE
50013,43.39Z,PME,50760,ANNEVILLE-EN-SAIRE
50013,45.11Z,PME,50760,ANNEVILLE-EN-SAIRE
50013,46.21Z,ETI,50760,ANNEVILLE-EN-SAIRE
50013,46.21Z,GE,50760,ANNEVILLE-EN-SAIRE
50013,46.31Z,PME,50760,ANNEVILLE-EN-SAIRE
50013,46.34Z,,50760,ANNEVILLE-EN-SAIRE
50013,46.39B,PME,50760,ANNEVILLE-EN-SAIRE
50013,47.22Z,,50760,ANNEVILLE-EN-SAIRE
50013,47.52A,GE,50760,ANNEVILLE-EN-SAIRE
50013,47.79Z,PME,50760,ANNEVILLE-EN-SAIRE
50013,47.89Z,,50760,ANNEVILLE-EN-SAIRE
50013,47.89Z,PME,50760,ANNEVILLE-EN-SAIRE
50013,47.99A,,50760,ANNEVILLE-EN-SAIRE
50013,52.10B,PME,50760,ANNEVILLE-EN-SAIRE
50013,55.20Z,,50760,ANNEVILLE-EN-SAIRE
50013,55.20Z,PME,50760,ANNEVILLE-EN-SAIRE
50013,56.10A,,50760,ANNEVILLE-EN-SAIRE
50013,58.11Z,,50760,ANNEVILLE-EN-SAIRE
50013,59.11A,PME,50760,ANNEVILLE-EN-SAIRE
50013,59.11B,PME,50760,ANNEVILLE-EN-SAIRE
50013,68.20A,,50760,ANNEVILLE-EN-SAIRE
50013,68.20B,,50760,ANNEVILLE-EN-SAIRE
50013,68.20B,PME,50760,ANNEVILLE-EN-SAIRE
50013,70.22Z,PME,50760,ANNEVILLE-EN-SAIRE
50013,74.20Z,,50760,ANNEVILLE-EN-SAIRE
50013,82.92Z,PME,50760,ANNEVILLE-EN-SAIRE
50013,82.99Z,PME,50760,ANNEVILLE-EN-SAIRE
50013,84.11Z,PME,50760,ANNEVILLE-EN-SAIRE
50013,85.52Z,,50760,ANNEVILLE-EN-SAIRE
50013,86.90D,PME,50760,ANNEVILLE-EN-SAIRE
50013,86.90E,,50760,ANNEVILLE-EN-SAIRE
50013,86.90E,PME,50760,ANNEVILLE-EN-SAIRE
50013,90.01Z,,50760,ANNEVILLE-EN-SAIRE
50013,90.01Z,PME,50760,ANNEVILLE-EN-SAIRE
50013,91.03Z,,50760,ANNEVILLE-EN-SAIRE
50013,93.12Z,PME,50760,ANNEVILLE-EN-SAIRE
50013,93.29Z,PME,50760,ANNEVILLE-EN-SAIRE
50013,94.91Z,,50760,ANNEVILLE-EN-SAIRE
50013,94.99Z,,50760,ANNEVILLE-EN-SAIRE
50013,96.09Z,,50760,ANNEVILLE-EN-SAIRE
50015,01.11Z,,50660,ANNOVILLE
50015,01.13Z,,50660,ANNOVILLE
50015,01.41Z,,50660,ANNOVILLE
50015,01.42Z,,50660,ANNOVILLE
50015,01.42Z,PME,50660,ANNOVILLE
50015,01.43Z,,50660,ANNOVILLE
50015,01.49Z,,50660,ANNOVILLE
50015,10.71C,PME,50660,ANNOVILLE
50015,16.10B,PME,50660,ANNOVILLE
50015,16.23Z,PME,50660,ANNOVILLE
50015,28.29B,PME,50660,ANNOVILLE
50015,39.00Z,PME,50660,ANNOVILLE
50015,42.99Z,PME,50660,ANNOVILLE
50015,43.12A,PME,50660,ANNOVILLE
50015,43.31Z,PME,50660,ANNOVILLE
50015,43.32A,,50660,ANNOVILLE
50015,43.34Z,PME,50660,ANNOVILLE
50015,43.91B,PME,50660,ANNOVILLE
50015,43.99C,PME,50660,ANNOVILLE
50015,45.20A,PME,50660,ANNOVILLE
50015,47.11C,PME,50660,ANNOVILLE
50015,47.81Z,PME,50660,ANNOVILLE
50015,47.89Z,PME,50660,ANNOVILLE
50015,47.99A,,50660,ANNOVILLE
50015,47.99A,PME,50660,ANNOVILLE
50015,47.99B,PME,50660,ANNOVILLE
50015,55.20Z,PME,50660,ANNOVILLE
50015,55.30Z,,50660,ANNOVILLE
50015,55.30Z,PME,50660,ANNOVILLE
50015,68.20A,,50660,ANNOVILLE
50015,68.20A,PME,50660,ANNOVILLE
50015,68.20B,,50660,ANNOVILLE
50015,68.20B,PME,50660,ANNOVILLE
50015,70.10Z,,50660,ANNOVILLE
50015,70.10Z,PME,50660,ANNOVILLE
50015,71.11Z,PME,50660,ANNOVILLE
50015,73.20Z,PME,50660,ANNOVILLE
50015,74.10Z,PME,50660,ANNOVILLE
50015,74.30Z,PME,50660,ANNOVILLE
50015,74.90B,PME,50660,ANNOVILLE
50015,77.29Z,PME,50660,ANNOVILLE
50015,81.21Z,PME,50660,ANNOVILLE
50015,81.30Z,PME,50660,ANNOVILLE
50015,82.19Z,PME,50660,ANNOVILLE
50015,84.11Z,,50660,ANNOVILLE
50015,84.11Z,PME,50660,ANNOVILLE
50015,84.12Z,PME,50660,ANNOVILLE
50015,86.90D,PME,50660,ANNOVILLE
50015,87.10A,,50660,ANNOVILLE
50015,87.10A,PME,50660,ANNOVILLE
50015,88.99B,PME,50660,ANNOVILLE
50015,90.01Z,,50660,ANNOVILLE
50015,90.02Z,,50660,ANNOVILLE
50015,90.03A,PME,50660,ANNOVILLE
50015,91.03Z,,50660,ANNOVILLE
50015,94.99Z,,50660,ANNOVILLE
50015,96.02A,PME,50660,ANNOVILLE
50022,01.13Z,,50630,AUMEVILLE-LESTRE
50022,01.41Z,,50630,AUMEVILLE-LESTRE
50022,01.49Z,,50630,AUMEVILLE-LESTRE
50022,03.21Z,,50630,AUMEVILLE-LESTRE
50022,14.13Z,PME,50630,AUMEVILLE-LESTRE
50022,31.09B,PME,50630,AUMEVILLE-LESTRE
50022,32.13Z,PME,50630,AUMEVILLE-LESTRE
50022,32.99Z,PME,50630,AUMEVILLE-LESTRE
50022,43.32A,,50630,AUMEVILLE-LESTRE
50022,47.99A,,50630,AUMEVILLE-LESTRE
50022,68.20A,,50630,AUMEVILLE-LESTRE
50022,68.20B,,50630,AUMEVILLE-LESTRE
50022,68.20B,PME,50630,AUMEVILLE-LESTRE
50022,70.10Z,,50630,AUMEVILLE-LESTRE
50022,79.90Z,PME,50630,AUMEVILLE-LESTRE
50022,81.10Z,PME,50630,AUMEVILLE-LESTRE
50022,84.11Z,PME,50630,AUMEVILLE-LESTRE
50022,93.19Z,,50630,AUMEVILLE-LESTRE
50022,93.19Z,PME,50630,AUMEVILLE-LESTRE
50022,94.99Z,,50630,AUMEVILLE-LESTRE
50027,01.11Z,,50530,BACILLY
50027,01.41Z,,50530,BACILLY
50027,01.42Z,,50530,BACILLY
50027,01.43Z,,50530,BACILLY
50027,01.46Z,,50530,BACILLY
50027,01.49Z,,50530,BACILLY
50027,01.49Z,PME,50530,BACILLY
50027,01.50Z,,50530,BACILLY
50027,01.61Z,,50530,BACILLY
50027,01.62Z,,50530,BACILLY
50027,02.10Z,,50530,BACILLY
50027,02.20Z,PME,50530,BACILLY
50027,25.62B,,50530,BACILLY
50027,31.09B,PME,50530,BACILLY
50027,32.13Z,,50530,BACILLY
50027,38.31Z,PME,50530,BACILLY
50027,42.21Z,PME,50530,BACILLY
50027,43.12A,PME,50530,BACILLY
50027,43.21A,,50530,BACILLY
50027,43.21A,PME,50530,BACILLY
50027,43.22B,PME,50530,BACILLY
50027,43.31Z,PME,50530,BACILLY
50027,43.32A,PME,50530,BACILLY
50027,43.32B,PME,50530,BACILLY
50027,43.33Z,PME,50530,BACILLY
50027,43.34Z,,50530,BACILLY
50027,43.91B,PME,50530,BACILLY
50027,45.20A,,50530,BACILLY
50027,45.20A,PME,50530,BACILLY
50027,45.40Z,PME,50530,BACILLY
50027,46.19B,PME,50530,BACILLY
50027,46.51Z,PME,50530,BACILLY
50027,46.61Z,PME,50530,BACILLY
50027,47.89Z,PME,50530,BACILLY
50027,47.99A,,50530,BACILLY
50027,47.99A,PME,50530,BACILLY
50027,49.31Z,PME,50530,BACILLY
50027,49.41C,PME,50530,BACILLY
50027,55.20Z,PME,50530,BACILLY
50027,56.10A,PME,50530,BACILLY
50027,56.10C,PME,50530,BACILLY
50027,56.30Z,PME,50530,BACILLY
50027,59.11B,,50530,BACILLY
50027,66.30Z,,50530,BACILLY
50027,68.20A,,50530,BACILLY
50027,68.20A,PME,50530,BACILLY
50027,68.20B,,50530,BACILLY
50027,68.20B,PME,50530,BACILLY
50027,68.31Z,PME,50530,BACILLY
50027,68.32B,,50530,BACILLY
50027,70.10Z,,50530,BACILLY
50027,70.10Z,PME,50530,BACILLY
50027,74.20Z,PME,50530,BACILLY
50027,77.29Z,,50530,BACILLY
50027,84.11Z,PME,50530,BACILLY
50027,85.20Z,PME,50530,BACILLY
50027,85.51Z,PME,50530,BACILLY
50027,85.59B,,50530,BACILLY
50027,85.59B,PME,50530,BACILLY
50027,86.90D,,50530,BACILLY
50027,86.90D,PME,50530,BACILLY
50027,86.90E,,50530,BACILLY
50027,86.90E,PME,50530,BACILLY
50027,86.90F,,50530,BACILLY
50027,86.90F,PME,50530,BACILLY
50027,90.03B,,50530,BACILLY
50027,93.12Z,,50530,BACILLY
50027,93.12Z,PME,50530,BACILLY
50027,93.19Z,,50530,BACILLY
50027,93.19Z,PME,50530,BACILLY
50027,94.99Z,,50530,BACILLY
50027,95.29Z,PME,50530,BACILLY
50027,96.02A,PME,50530,BACILLY
50027,96.04Z,PME,50530,BACILLY
50027,96.09Z,PME,50530,BACILLY
50029,01.11Z,,50720,BARENTON
50029,01.13Z,,50720,BARENTON
50029,01.19Z,,50720,BARENTON
50029,01.24Z,,50720,BARENTON
50029,01.25Z,,50720,BARENTON
50029,01.41Z,,50720,BARENTON
50029,01.42Z,,50720,BARENTON
50029,01.43Z,,50720,BARENTON
50029,01.44Z,,50720,BARENTON
50029,01.45Z,,50720,BARENTON
50029,01.46Z,,50720,BARENTON
50029,01.49Z,,50720,BARENTON
50029,01.49Z,PME,50720,BARENTON
50029,01.50Z,,50720,BARENTON
50029,01.61Z,,50720,BARENTON
50029,01.62Z,,50720,BARENTON
50029,02.10Z,,50720,BARENTON
50029,08.11Z,GE,50720,BARENTON
50029,10.71C,,50720,BARENTON
50029,10.71C,PME,50720,BARENTON
50029,10.91Z,ETI,50720,BARENTON
50029,13.10Z,PME,50720,BARENTON
50029,14.13Z,PME,50720,BARENTON
50029,14.19Z,PME,50720,BARENTON
50029,22.29B,PME,50720,BARENTON
50029,23.61Z,ETI,50720,BARENTON
50029,32.13Z,PME,50720,BARENTON
50029,38.21Z,PME,50720,BARENTON
50029,38.32Z,,50720,BARENTON
50029,38.32Z,PME,50720,BARENTON
50029,41.10D,PME,50720,BARENTON
50029,43.32A,PME,50720,BARENTON
50029,43.34Z,PME,50720,BARENTON
50029,43.39Z,PME,50720,BARENTON
50029,43.91B,PME,50720,BARENTON
50029,45.11Z,,50720,BARENTON
50029,45.11Z,PME,50720,BARENTON
50029,45.20A,PME,50720,BARENTON
50029,46.21Z,PME,50720,BARENTON
50029,46.42Z,PME,50720,BARENTON
50029,46.61Z,PME,50720,BARENTON
50029,47.11B,PME,50720,BARENTON
50029,47.52A,PME,50720,BARENTON
50029,47.73Z,PME,50720,BARENTON
50029,47.76Z,PME,50720,BARENTON
50029,47.79Z,PME,50720,BARENTON
50029,47.89Z,PME,50720,BARENTON
50029,47.91A,PME,50720,BARENTON
50029,47.99A,PME,50720,BARENTON
50029,49.41B,PME,50720,BARENTON
50029,55.20Z,ETI,50720,BARENTON
50029,55.20Z,PME,50720,BARENTON
50029,55.30Z,PME,50720,BARENTON
50029,56.10A,PME,50720,BARENTON
50029,56.10C,,50720,BARENTON
50029,56.29A,GE,50720,BARENTON
50029,56.29B,GE,50720,BARENTON
50029,56.30Z,,50720,BARENTON
50029,56.30Z,PME,50720,BARENTON
50029,64.19Z,GE,50720,BARENTON
50029,64.20Z,,50720,BARENTON
50029,64.20Z,PME,50720,BARENTON
50029,65.12Z,GE,50720,BARENTON
50029,66.22Z,PME,50720,BARENTON
50029,68.20A,PME,50720,BARENTON
50029,68.20B,,50720,BARENTON
50029,68.20B,PME,50720,BARENTON
50029,69.10Z,PME,50720,BARENTON
50029,70.10Z,,50720,BARENTON
50029,70.22Z,,50720,BARENTON
50029,80.10Z,PME,50720,BARENTON
50029,81.21Z,,50720,BARENTON
50029,81.21Z,PME,50720,BARENTON
50029,81.29B,PME,50720,BARENTON
50029,81.30Z,,50720,BARENTON
50029,81.30Z,ETI,50720,BARENTON
50029,84.11Z,PME,50720,BARENTON
50029,85.20Z,PME,50720,BARENTON
50029,85.31Z,PME,50720,BARENTON
50029,85.51Z,PME,50720,BARENTON
50029,86.21Z,PME,50720,BARENTON
50029,86.22C,PME,50720,BARENTON
50029,86.90D,,50720,BARENTON
50029,86.90D,PME,50720,BARENTON
50029,87.10A,,50720,BARENTON
50029,87.20A,ETI,50720,BARENTON
50029,87.90B,ETI,50720,BARENTON
50029,88.10B,ETI,50720,BARENTON
50029,88.10C,ETI,50720,BARENTON
50029,88.99B,,50720,BARENTON
50029,90.03B,PME,50720,BARENTON
50029,93.12Z,,50720,BARENTON
50029,93.12Z,PME,50720,BARENTON
50029,93.29Z,PME,50720,BARENTON
50029,94.91Z,PME,50720,BARENTON
50029,94.99Z,,50720,BARENTON
50029,94.99Z,PME,50720,BARENTON
50029,95.29Z,PME,50720,BARENTON
50029,96.02A,PME,50720,BARENTON
50029,96.09Z,PME,50720,BARENTON
50030,01.49Z,,50760,BARFLEUR
50030,03.11Z,,50760,BARFLEUR
50030,03.21Z,PME,50760,BARFLEUR
50030,10.71C,PME,50760,BARFLEUR
50030,23.41Z,PME,50760,BARFLEUR
50030,25.73B,PME,50760,BARFLEUR
50030,32.13Z,,50760,BARFLEUR
50030,32.13Z,PME,50760,BARFLEUR
50030,37.00Z,PME,50760,BARFLEUR
50030,43.21A,,50760,BARFLEUR
50030,43.21A,PME,50760,BARFLEUR
50030,46.38A,PME,50760,BARFLEUR
50030,46.90Z,PME,50760,BARFLEUR
50030,47.11D,PME,50760,BARFLEUR
50030,47.51Z,PME,50760,BARFLEUR
50030,47.59B,PME,50760,BARFLEUR
50030,47.62Z,PME,50760,BARFLEUR
50030,47.71Z,PME,50760,BARFLEUR
50030,47.73Z,PME,50760,BARFLEUR
50030,47.76Z,PME,50760,BARFLEUR
50030,47.78C,PME,50760,BARFLEUR
50030,47.79Z,PME,50760,BARFLEUR
50030,47.81Z,PME,50760,BARFLEUR
50030,47.91B,,50760,BARFLEUR
50030,52.22Z,PME,50760,BARFLEUR
50030,53.10Z,GE,50760,BARFLEUR
50030,55.10Z,PME,50760,BARFLEUR
50030,55.20Z,,50760,BARFLEUR
50030,55.20Z,PME,50760,BARFLEUR
50030,55.30Z,PME,50760,BARFLEUR
50030,56.10A,PME,50760,BARFLEUR
50030,56.29A,GE,50760,BARFLEUR
50030,56.30Z,PME,50760,BARFLEUR
50030,64.19Z,GE,50760,BARFLEUR
50030,64.20Z,PME,50760,BARFLEUR
50030,64.99Z,PME,50760,BARFLEUR
50030,66.30Z,,50760,BARFLEUR
50030,68.20A,,50760,BARFLEUR
50030,68.20A,PME,50760,BARFLEUR
50030,68.20B,,50760,BARFLEUR
50030,68.20B,PME,50760,BARFLEUR
50030,68.31Z,PME,50760,BARFLEUR
50030,69.10Z,PME,50760,BARFLEUR
50030,70.10Z,,50760,BARFLEUR
50030,70.10Z,PME,50760,BARFLEUR
50030,70.22Z,PME,50760,BARFLEUR
50030,71.11Z,PME,50760,BARFLEUR
50030,74.20Z,PME,50760,BARFLEUR
50030,79.90Z,PME,50760,BARFLEUR
50030,81.10Z,PME,50760,BARFLEUR
50030,81.22Z,PME,50760,BARFLEUR
50030,82.99Z,PME,50760,BARFLEUR
50030,84.11Z,PME,50760,BARFLEUR
50030,85.20Z,PME,50760,BARFLEUR
50030,86.21Z,PME,50760,BARFLEUR
50030,86.90A,PME,50760,BARFLEUR
50030,86.90D,,50760,BARFLEUR
50030,86.90D,PME,50760,BARFLEUR
50030,87.10A,PME,50760,BARFLEUR
50030,88.99B,,50760,BARFLEUR
50030,90.03A,,50760,BARFLEUR
50030,90.03B,PME,50760,BARFLEUR
50030,93.12Z,,50760,BARFLEUR
50030,94.12Z,PME,50760,BARFLEUR
50030,94.91Z,,50760,BARFLEUR
50030,94.99Z,,50760,BARFLEUR
50030,96.02A,,50760,BARFLEUR
50030,96.02A,PME,50760,BARFLEUR
50030,96.02B,PME,50760,BARFLEUR
50030,96.09Z,PME,50760,BARFLEUR
50032,01.11Z,,50810,LA BARRE-DE-SEMILLY
50032,01.11Z,PME,50810,LA BARRE-DE-SEMILLY
50032,01.19Z,,50810,LA BARRE-DE-SEMILLY
50032,01.41Z,,50810,LA BARRE-DE-SEMILLY
50032,01.42Z,,50810,LA BARRE-DE-SEMILLY
50032,01.43Z,,50810,LA BARRE-DE-SEMILLY
50032,01.43Z,PME,50810,LA BARRE-DE-SEMILLY
50032,01.45Z,,50810,LA BARRE-DE-SEMILLY
50032,01.47Z,,50810,LA BARRE-DE-SEMILLY
50032,01.49Z,,50810,LA BARRE-DE-SEMILLY
50032,01.50Z,,50810,LA BARRE-DE-SEMILLY
50032,01.62Z,,50810,LA BARRE-DE-SEMILLY
50032,02.10Z,,50810,LA BARRE-DE-SEMILLY
50032,14.13Z,PME,50810,LA BARRE-DE-SEMILLY
50032,16.10A,PME,50810,LA BARRE-DE-SEMILLY
50032,32.99Z,,50810,LA BARRE-DE-SEMILLY
50032,32.99Z,PME,50810,LA BARRE-DE-SEMILLY
50032,42.99Z,PME,50810,LA BARRE-DE-SEMILLY
50032,43.21A,PME,50810,LA BARRE-DE-SEMILLY
50032,43.22A,PME,50810,LA BARRE-DE-SEMILLY
50032,43.32A,PME,50810,LA BARRE-DE-SEMILLY
50032,43.33Z,PME,50810,LA BARRE-DE-SEMILLY
50032,43.34Z,PME,50810,LA BARRE-DE-SEMILLY
50032,45.11Z,PME,50810,LA BARRE-DE-SEMILLY
50032,45.19Z,PME,50810,LA BARRE-DE-SEMILLY
50032,45.20A,,50810,LA BARRE-DE-SEMILLY
50032,46.19B,PME,50810,LA BARRE-DE-SEMILLY
50032,47.52A,PME,50810,LA BARRE-DE-SEMILLY
50032,47.54Z,PME,50810,LA BARRE-DE-SEMILLY
50032,47.64Z,PME,50810,LA BARRE-DE-SEMILLY
50032,47.89Z,PME,50810,LA BARRE-DE-SEMILLY
50032,47.99A,,50810,LA BARRE-DE-SEMILLY
50032,47.99A,PME,50810,LA BARRE-DE-SEMILLY
50032,49.32Z,,50810,LA BARRE-DE-SEMILLY
50032,49.41B,,50810,LA BARRE-DE-SEMILLY
50032,55.20Z,PME,50810,LA BARRE-DE-SEMILLY
50032,59.20Z,PME,50810,LA BARRE-DE-SEMILLY
50032,62.01Z,PME,50810,LA BARRE-DE-SEMILLY
50032,64.20Z,PME,50810,LA BARRE-DE-SEMILLY
50032,64.99Z,,50810,LA BARRE-DE-SEMILLY
50032,66.19B,,50810,LA BARRE-DE-SEMILLY
50032,66.30Z,PME,50810,LA BARRE-DE-SEMILLY
50032,68.10Z,,50810,LA BARRE-DE-SEMILLY
50032,68.20A,,50810,LA BARRE-DE-SEMILLY
50032,68.20B,,50810,LA BARRE-DE-SEMILLY
50032,68.20B,PME,50810,LA BARRE-DE-SEMILLY
50032,68.31Z,PME,50810,LA BARRE-DE-SEMILLY
50032,68.32A,,50810,LA BARRE-DE-SEMILLY
50032,70.10Z,,50810,LA BARRE-DE-SEMILLY
50032,70.10Z,PME,50810,LA BARRE-DE-SEMILLY
50032,70.21Z,,50810,LA BARRE-DE-SEMILLY
50032,70.22Z,PME,50810,LA BARRE-DE-SEMILLY
50032,71.12B,PME,50810,LA BARRE-DE-SEMILLY
50032,73.11Z,PME,50810,LA BARRE-DE-SEMILLY
50032,74.10Z,,50810,LA BARRE-DE-SEMILLY
50032,81.21Z,,50810,LA BARRE-DE-SEMILLY
50032,81.21Z,PME,50810,LA BARRE-DE-SEMILLY
50032,84.11Z,PME,50810,LA BARRE-DE-SEMILLY
50032,85.20Z,PME,50810,LA BARRE-DE-SEMILLY
50032,85.51Z,PME,50810,LA BARRE-DE-SEMILLY
50032,85.59B,PME,50810,LA BARRE-DE-SEMILLY
50032,86.90F,PME,50810,LA BARRE-DE-SEMILLY
50032,88.99B,,50810,LA BARRE-DE-SEMILLY
50032,90.03A,PME,50810,LA BARRE-DE-SEMILLY
50032,93.12Z,,50810,LA BARRE-DE-SEMILLY
50032,93.12Z,PME,50810,LA BARRE-DE-SEMILLY
50032,93.19Z,PME,50810,LA BARRE-DE-SEMILLY
50032,93.29Z,PME,50810,LA BARRE-DE-SEMILLY
50032,94.99Z,,50810,LA BARRE-DE-SEMILLY
50041,01.11Z,,50690,LA HAGUE
50041,01.41Z,,50690,LA HAGUE
50041,01.42Z,,50690,LA HAGUE
50041,01.43Z,,50690,LA HAGUE
50041,01.45Z,,50690,LA HAGUE
50041,01.62Z,,50690,LA HAGUE
50041,10.71C,,50690,LA HAGUE
50041,16.10A,PME,50690,LA HAGUE
50041,32.99Z,PME,50690,LA HAGUE
50041,35.11Z,,50690,LA HAGUE
50041,35.11Z,PME,50690,LA HAGUE
50041,41.20A,PME,50690,LA HAGUE
50041,43.12A,PME,50690,LA HAGUE
50041,43.21A,PME,50690,LA HAGUE
50041,43.32A,PME,50690,LA HAGUE
50041,43.34Z,PME,50690,LA HAGUE
50041,43.91B,,50690,LA HAGUE
50041,45.11Z,PME,50690,LA HAGUE
50041,45.20A,PME,50690,LA HAGUE
50041,46.19B,PME,50690,LA HAGUE
50041,47.91B,,50690,LA HAGUE
50041,53.20Z,PME,50690,LA HAGUE
50041,56.10A,PME,50690,LA HAGUE
50041,56.10C,,50690,LA HAGUE
50041,64.20Z,PME,50690,LA HAGUE
50041,64.30Z,PME,50690,LA HAGUE
50041,68.20B,,50690,LA HAGUE
50041,68.32A,,50690,LA HAGUE
50041,70.10Z,PME,50690,LA HAGUE
50041,75.00Z,,50690,LA HAGUE
50041,84.11Z,ETI,50690,LA HAGUE
50041,85.20Z,ETI,50690,LA HAGUE
50041,85.51Z,PME,50690,LA HAGUE
50041,90.02Z,PME,50690,LA HAGUE
50041,90.03A,PME,50690,LA HAGUE
50041,94.99Z,,50690,LA HAGUE
50041,95.29Z,,50690,LA HAGUE
50041,95.29Z,PME,50690,LA HAGUE
50041,96.09Z,PME,50690,LA HAGUE
50046,01.11Z,,50810,BERIGNY
50046,01.13Z,,50810,BERIGNY
50046,01.19Z,,50810,BERIGNY
50046,01.24Z,,50810,BERIGNY
50046,01.41Z,,50810,BERIGNY
50046,01.42Z,,50810,BERIGNY
50046,01.43Z,,50810,BERIGNY
50046,01.45Z,PME,50810,BERIGNY
50046,01.49Z,,50810,BERIGNY
50046,01.50Z,,50810,BERIGNY
50046,01.61Z,,50810,BERIGNY
50046,01.62Z,,50810,BERIGNY
50046,02.40Z,,50810,BERIGNY
50046,17.23Z,,50810,BERIGNY
50046,35.11Z,PME,50810,BERIGNY
50046,43.12A,PME,50810,BERIGNY
50046,43.21A,PME,50810,BERIGNY
50046,43.32A,PME,50810,BERIGNY
50046,43.33Z,PME,50810,BERIGNY
50046,43.34Z,PME,50810,BERIGNY
50046,45.20A,,50810,BERIGNY
50046,46.19B,,50810,BERIGNY
50046,46.90Z,PME,50810,BERIGNY
50046,47.59B,PME,50810,BERIGNY
50046,47.78B,PME,50810,BERIGNY
50046,55.20Z,PME,50810,BERIGNY
50046,56.21Z,PME,50810,BERIGNY
50046,64.20Z,PME,50810,BERIGNY
50046,68.20A,,50810,BERIGNY
50046,68.20B,,50810,BERIGNY
50046,68.20B,PME,50810,BERIGNY
50046,71.12B,PME,50810,BERIGNY
50046,73.12Z,PME,50810,BERIGNY
50046,74.10Z,PME,50810,BERIGNY
50046,81.29A,PME,50810,BERIGNY
50046,84.11Z,PME,50810,BERIGNY
50046,85.59A,PME,50810,BERIGNY
50046,86.21Z,,50810,BERIGNY
50046,86.90E,,50810,BERIGNY
50046,90.03A,PME,50810,BERIGNY
50046,93.12Z,,50810,BERIGNY
50046,93.12Z,PME,50810,BERIGNY
50046,94.99Z,,50810,BERIGNY
50046,94.99Z,PME,50810,BERIGNY
50046,96.02A,PME,50810,BERIGNY
50046,96.02B,PME,50810,BERIGNY
50046,96.09Z,PME,50810,BERIGNY
50048,01.11Z,,50800,BESLON
50048,01.11Z,PME,50800,BESLON
50048,01.24Z,,50800,BESLON
50048,01.41Z,,50800,BESLON
50048,01.42Z,,50800,BESLON
50048,01.43Z,,50800,BESLON
50048,01.46Z,,50800,BESLON
50048,01.47Z,,50800,BESLON
50048,01.49Z,,50800,BESLON
50048,01.61Z,,50800,BESLON
50048,01.62Z,,50800,BESLON
50048,35.11Z,,50800,BESLON
50048,35.11Z,PME,50800,BESLON
50048,36.00Z,PME,50800,BESLON
50048,43.12A,PME,50800,BESLON
50048,43.32B,,50800,BESLON
50048,43.33Z,PME,50800,BESLON
50048,43.34Z,,50800,BESLON
50048,43.34Z,PME,50800,BESLON
50048,43.91B,PME,50800,BESLON
50048,47.11B,PME,50800,BESLON
50048,47.91A,,50800,BESLON
50048,47.99A,PME,50800,BESLON
50048,55.20Z,,50800,BESLON
50048,55.20Z,PME,50800,BESLON
50048,56.10A,PME,50800,BESLON
50048,56.29B,PME,50800,BESLON
50048,64.20Z,PME,50800,BESLON
50048,66.30Z,PME,50800,BESLON
50048,68.20A,PME,50800,BESLON
50048,68.20B,,50800,BESLON
50048,68.20B,PME,50800,BESLON
50048,81.29B,PME,50800,BESLON
50048,84.11Z,PME,50800,BESLON
50048,85.20Z,PME,50800,BESLON
50048,90.01Z,,50800,BESLON
50048,93.12Z,,50800,BESLON
50048,93.19Z,PME,50800,BESLON
50048,93.29Z,PME,50800,BESLON
50048,94.11Z,PME,50800,BESLON
50048,94.99Z,,50800,BESLON
50048,96.09Z,PME,50800,BESLON
50058,01.11Z,,50560,BLAINVILLE-SUR-MER
50058,01.41Z,,50560,BLAINVILLE-SUR-MER
50058,01.42Z,,50560,BLAINVILLE-SUR-MER
50058,01.43Z,,50560,BLAINVILLE-SUR-MER
50058,01.45Z,,50560,BLAINVILLE-SUR-MER
50058,01.47Z,,50560,BLAINVILLE-SUR-MER
50058,01.49Z,,50560,BLAINVILLE-SUR-MER
50058,03.11Z,,50560,BLAINVILLE-SUR-MER
50058,03.21Z,,50560,BLAINVILLE-SUR-MER
50058,03.21Z,PME,50560,BLAINVILLE-SUR-MER
50058,10.20Z,PME,50560,BLAINVILLE-SUR-MER
50058,10.71C,,50560,BLAINVILLE-SUR-MER
50058,10.82Z,PME,50560,BLAINVILLE-SUR-MER
50058,13.92Z,PME,50560,BLAINVILLE-SUR-MER
50058,16.29Z,,50560,BLAINVILLE-SUR-MER
50058,16.29Z,PME,50560,BLAINVILLE-SUR-MER
50058,18.13Z,,50560,BLAINVILLE-SUR-MER
50058,18.13Z,PME,50560,BLAINVILLE-SUR-MER
50058,20.20Z,PME,50560,BLAINVILLE-SUR-MER
50058,25.11Z,PME,50560,BLAINVILLE-SUR-MER
50058,25.62B,PME,50560,BLAINVILLE-SUR-MER
50058,31.09B,PME,50560,BLAINVILLE-SUR-MER
50058,33.15Z,PME,50560,BLAINVILLE-SUR-MER
50058,35.11Z,PME,50560,BLAINVILLE-SUR-MER
50058,36.00Z,GE,50560,BLAINVILLE-SUR-MER
50058,41.10A,PME,50560,BLAINVILLE-SUR-MER
50058,41.10D,PME,50560,BLAINVILLE-SUR-MER
50058,43.12A,PME,50560,BLAINVILLE-SUR-MER
50058,43.21A,,50560,BLAINVILLE-SUR-MER
50058,43.21A,PME,50560,BLAINVILLE-SUR-MER
50058,43.22A,PME,50560,BLAINVILLE-SUR-MER
50058,43.22B,PME,50560,BLAINVILLE-SUR-MER
50058,43.31Z,PME,50560,BLAINVILLE-SUR-MER
50058,43.32A,PME,50560,BLAINVILLE-SUR-MER
50058,43.91A,PME,50560,BLAINVILLE-SUR-MER
50058,43.99C,PME,50560,BLAINVILLE-SUR-MER
50058,45.11Z,PME,50560,BLAINVILLE-SUR-MER
50058,45.20A,PME,50560,BLAINVILLE-SUR-MER
50058,46.17B,PME,50560,BLAINVILLE-SUR-MER
50058,46.19A,PME,50560,BLAINVILLE-SUR-MER
50058,46.19B,PME,50560,BLAINVILLE-SUR-MER
50058,46.38A,ETI,50560,BLAINVILLE-SUR-MER
50058,46.38A,PME,50560,BLAINVILLE-SUR-MER
50058,46.39B,,50560,BLAINVILLE-SUR-MER
50058,46.49Z,,50560,BLAINVILLE-SUR-MER
50058,46.69C,PME,50560,BLAINVILLE-SUR-MER
50058,47.11D,GE,50560,BLAINVILLE-SUR-MER
50058,47.23Z,PME,50560,BLAINVILLE-SUR-MER
50058,47.29Z,PME,50560,BLAINVILLE-SUR-MER
50058,47.54Z,PME,50560,BLAINVILLE-SUR-MER
50058,47.71Z,PME,50560,BLAINVILLE-SUR-MER
50058,47.79Z,PME,50560,BLAINVILLE-SUR-MER
50058,47.81Z,PME,50560,BLAINVILLE-SUR-MER
50058,47.89Z,PME,50560,BLAINVILLE-SUR-MER
50058,47.91A,PME,50560,BLAINVILLE-SUR-MER
50058,47.91B,PME,50560,BLAINVILLE-SUR-MER
50058,47.99A,,50560,BLAINVILLE-SUR-MER
50058,47.99A,PME,50560,BLAINVILLE-SUR-MER
50058,47.99B,PME,50560,BLAINVILLE-SUR-MER
50058,49.41B,PME,50560,BLAINVILLE-SUR-MER
50058,55.20Z,ETI,50560,BLAINVILLE-SUR-MER
50058,55.20Z,PME,50560,BLAINVILLE-SUR-MER
50058,55.30Z,PME,50560,BLAINVILLE-SUR-MER
50058,56.10A,PME,50560,BLAINVILLE-SUR-MER
50058,56.10C,,50560,BLAINVILLE-SUR-MER
50058,56.10C,PME,50560,BLAINVILLE-SUR-MER
50058,56.30Z,,50560,BLAINVILLE-SUR-MER
50058,56.30Z,PME,50560,BLAINVILLE-SUR-MER
50058,59.11A,PME,50560,BLAINVILLE-SUR-MER
50058,62.01Z,PME,50560,BLAINVILLE-SUR-MER
50058,62.02B,,50560,BLAINVILLE-SUR-MER
50058,64.20Z,,50560,BLAINVILLE-SUR-MER
50058,64.20Z,PME,50560,BLAINVILLE-SUR-MER
50058,66.30Z,,50560,BLAINVILLE-SUR-MER
50058,66.30Z,PME,50560,BLAINVILLE-SUR-MER
50058,68.10Z,,50560,BLAINVILLE-SUR-MER
50058,68.10Z,PME,50560,BLAINVILLE-SUR-MER
50058,68.20A,,50560,BLAINVILLE-SUR-MER
50058,68.20A,PME,50560,BLAINVILLE-SUR-MER
50058,68.20B,,50560,BLAINVILLE-SUR-MER
50058,68.20B,ETI,50560,BLAINVILLE-SUR-MER
50058,68.20B,PME,50560,BLAINVILLE-SUR-MER
50058,68.31Z,,50560,BLAINVILLE-SUR-MER
50058,68.32A,,50560,BLAINVILLE-SUR-MER
50058,68.32A,PME,50560,BLAINVILLE-SUR-MER
50058,70.10Z,,50560,BLAINVILLE-SUR-MER
50058,70.10Z,PME,50560,BLAINVILLE-SUR-MER
50058,70.22Z,,50560,BLAINVILLE-SUR-MER
50058,70.22Z,PME,50560,BLAINVILLE-SUR-MER
50058,71.20A,PME,50560,BLAINVILLE-SUR-MER
50058,73.11Z,PME,50560,BLAINVILLE-SUR-MER
50058,74.10Z,,50560,BLAINVILLE-SUR-MER
50058,74.10Z,PME,50560,BLAINVILLE-SUR-MER
50058,74.20Z,PME,50560,BLAINVILLE-SUR-MER
50058,74.90A,PME,50560,BLAINVILLE-SUR-MER
50058,75.00Z,PME,50560,BLAINVILLE-SUR-MER
50058,77.29Z,PME,50560,BLAINVILLE-SUR-MER
50058,78.30Z,,50560,BLAINVILLE-SUR-MER
50058,78.30Z,PME,50560,BLAINVILLE-SUR-MER
50058,79.90Z,PME,50560,BLAINVILLE-SUR-MER
50058,81.21Z,,50560,BLAINVILLE-SUR-MER
50058,81.21Z,PME,50560,BLAINVILLE-SUR-MER
50058,81.30Z,,50560,BLAINVILLE-SUR-MER
50058,81.30Z,PME,50560,BLAINVILLE-SUR-MER
50058,82.11Z,,50560,BLAINVILLE-SUR-MER
50058,82.19Z,PME,50560,BLAINVILLE-SUR-MER
50058,82.99Z,PME,50560,BLAINVILLE-SUR-MER
50058,84.11Z,PME,50560,BLAINVILLE-SUR-MER
50058,84.12Z,PME,50560,BLAINVILLE-SUR-MER
50058,85.20Z,PME,50560,BLAINVILLE-SUR-MER
50058,85.51Z,,50560,BLAINVILLE-SUR-MER
50058,85.51Z,PME,50560,BLAINVILLE-SUR-MER
50058,85.52Z,,50560,BLAINVILLE-SUR-MER
50058,85.52Z,PME,50560,BLAINVILLE-SUR-MER
50058,86.21Z,PME,50560,BLAINVILLE-SUR-MER
50058,86.90D,,50560,BLAINVILLE-SUR-MER
50058,86.90D,PME,50560,BLAINVILLE-SUR-MER
50058,86.90F,,50560,BLAINVILLE-SUR-MER
50058,86.90F,PME,50560,BLAINVILLE-SUR-MER
50058,88.99B,,50560,BLAINVILLE-SUR-MER
50058,90.01Z,,50560,BLAINVILLE-SUR-MER
50058,90.01Z,PME,50560,BLAINVILLE-SUR-MER
50058,90.03A,PME,50560,BLAINVILLE-SUR-MER
50058,90.03B,PME,50560,BLAINVILLE-SUR-MER
50058,91.03Z,,50560,BLAINVILLE-SUR-MER
50058,93.12Z,,50560,BLAINVILLE-SUR-MER
50058,93.19Z,PME,50560,BLAINVILLE-SUR-MER
50058,93.29Z,PME,50560,BLAINVILLE-SUR-MER
50058,94.99Z,,50560,BLAINVILLE-SUR-MER
50058,94.99Z,PME,50560,BLAINVILLE-SUR-MER
50058,95.29Z,PME,50560,BLAINVILLE-SUR-MER
50058,96.02A,PME,50560,BLAINVILLE-SUR-MER
50058,96.02B,PME,50560,BLAINVILLE-SUR-MER
50058,96.09Z,,50560,BLAINVILLE-SUR-MER
50058,96.09Z,PME,50560,BLAINVILLE-SUR-MER
50060,01.11Z,,50800,LA BLOUTIERE
50060,01.13Z,,50800,LA BLOUTIERE
50060,01.19Z,,50800,LA BLOUTIERE
50060,01.41Z,,50800,LA BLOUTIERE
50060,01.42Z,,50800,LA BLOUTIERE
50060,01.43Z,,50800,LA BLOUTIERE
50060,01.45Z,,50800,LA BLOUTIERE
50060,01.47Z,,50800,LA BLOUTIERE
50060,01.49Z,,50800,LA BLOUTIERE
50060,01.50Z,,50800,LA BLOUTIERE
50060,01.61Z,,50800,LA BLOUTIERE
50060,10.39B,,50800,LA BLOUTIERE
50060,35.11Z,,50800,LA BLOUTIERE
50060,43.12A,PME,50800,LA BLOUTIERE
50060,43.22A,PME,50800,LA BLOUTIERE
50060,43.34Z,PME,50800,LA BLOUTIERE
50060,45.20A,PME,50800,LA BLOUTIERE
50060,45.20B,PME,50800,LA BLOUTIERE
50060,46.19B,PME,50800,LA BLOUTIERE
50060,47.89Z,PME,50800,LA BLOUTIERE
50060,47.99A,PME,50800,LA BLOUTIERE
50060,52.10B,PME,50800,LA BLOUTIERE
50060,55.20Z,PME,50800,LA BLOUTIERE
50060,56.29B,PME,50800,LA BLOUTIERE
50060,64.20Z,PME,50800,LA BLOUTIERE
50060,64.30Z,PME,50800,LA BLOUTIERE
50060,66.22Z,PME,50800,LA BLOUTIERE
50060,66.30Z,PME,50800,LA BLOUTIERE
50060,68.20A,,50800,LA BLOUTIERE
50060,68.20B,,50800,LA BLOUTIERE
50060,68.20B,PME,50800,LA BLOUTIERE
50060,74.20Z,PME,50800,LA BLOUTIERE
50060,77.39Z,PME,50800,LA BLOUTIERE
50060,78.30Z,PME,50800,LA BLOUTIERE
50060,84.11Z,PME,50800,LA BLOUTIERE
50060,85.20Z,PME,50800,LA BLOUTIERE
50060,86.90E,PME,50800,LA BLOUTIERE
50060,86.90F,PME,50800,LA BLOUTIERE
50060,93.12Z,,50800,LA BLOUTIERE
50060,94.99Z,,50800,LA BLOUTIERE
50060,94.99Z,PME,50800,LA BLOUTIERE
50060,96.02A,PME,50800,LA BLOUTIERE
50060,96.09Z,PME,50800,LA BLOUTIERE
50062,01.11Z,,50800,BOISYVON
50062,01.19Z,,50800,BOISYVON
50062,01.41Z,,50800,BOISYVON
50062,01.42Z,,50800,BOISYVON
50062,01.49Z,,50800,BOISYVON
50062,10.72Z,PME,50800,BOISYVON
50062,47.91A,PME,50800,BOISYVON
50062,68.20A,,50800,BOISYVON
50062,68.20B,,50800,BOISYVON
50062,68.31Z,PME,50800,BOISYVON
50062,84.11Z,PME,50800,BOISYVON
50062,94.99Z,PME,50800,BOISYVON
50066,01.11Z,,50610,JULLOUVILLE
50066,01.25Z,,50610,JULLOUVILLE
50066,01.28Z,,50610,JULLOUVILLE
50066,01.41Z,,50610,JULLOUVILLE
50066,01.42Z,,50610,JULLOUVILLE
50066,01.43Z,,50610,JULLOUVILLE
50066,01.49Z,,50610,JULLOUVILLE
50066,01.61Z,,50610,JULLOUVILLE
50066,02.40Z,,50610,JULLOUVILLE
50066,03.11Z,,50610,JULLOUVILLE
50066,08.12Z,ETI,50610,JULLOUVILLE
50066,10.13B,PME,50610,JULLOUVILLE
50066,10.71C,PME,50610,JULLOUVILLE
50066,10.72Z,,50610,JULLOUVILLE
50066,11.05Z,PME,50610,JULLOUVILLE
50066,15.12Z,PME,50610,JULLOUVILLE
50066,17.23Z,PME,50610,JULLOUVILLE
50066,32.20Z,PME,50610,JULLOUVILLE
50066,32.40Z,,50610,JULLOUVILLE
50066,32.50A,PME,50610,JULLOUVILLE
50066,32.99Z,,50610,JULLOUVILLE
50066,38.11Z,PME,50610,JULLOUVILLE
50066,41.10D,PME,50610,JULLOUVILLE
50066,42.99Z,,50610,JULLOUVILLE
50066,42.99Z,PME,50610,JULLOUVILLE
50066,43.12A,,50610,JULLOUVILLE
50066,43.12A,PME,50610,JULLOUVILLE
50066,43.21A,PME,50610,JULLOUVILLE
50066,43.22A,PME,50610,JULLOUVILLE
50066,43.29A,PME,50610,JULLOUVILLE
50066,43.29B,PME,50610,JULLOUVILLE
50066,43.32A,,50610,JULLOUVILLE
50066,43.32A,PME,50610,JULLOUVILLE
50066,43.33Z,PME,50610,JULLOUVILLE
50066,43.34Z,PME,50610,JULLOUVILLE
50066,43.91B,PME,50610,JULLOUVILLE
50066,43.99C,PME,50610,JULLOUVILLE
50066,45.20A,,50610,JULLOUVILLE
50066,45.20A,PME,50610,JULLOUVILLE
50066,46.19B,PME,50610,JULLOUVILLE
50066,46.52Z,PME,50610,JULLOUVILLE
50066,46.69B,PME,50610,JULLOUVILLE
50066,46.90Z,PME,50610,JULLOUVILLE
50066,47.11D,PME,50610,JULLOUVILLE
50066,47.23Z,PME,50610,JULLOUVILLE
50066,47.52A,PME,50610,JULLOUVILLE
50066,47.59B,PME,50610,JULLOUVILLE
50066,47.62Z,,50610,JULLOUVILLE
50066,47.71Z,,50610,JULLOUVILLE
50066,47.71Z,PME,50610,JULLOUVILLE
50066,47.73Z,PME,50610,JULLOUVILLE
50066,47.74Z,PME,50610,JULLOUVILLE
50066,47.76Z,PME,50610,JULLOUVILLE
50066,47.78A,PME,50610,JULLOUVILLE
50066,47.78C,PME,50610,JULLOUVILLE
50066,47.79Z,,50610,JULLOUVILLE
50066,47.79Z,PME,50610,JULLOUVILLE
50066,47.81Z,,50610,JULLOUVILLE
50066,47.81Z,PME,50610,JULLOUVILLE
50066,47.89Z,,50610,JULLOUVILLE
50066,47.89Z,PME,50610,JULLOUVILLE
50066,47.91A,PME,50610,JULLOUVILLE
50066,47.91B,PME,50610,JULLOUVILLE
50066,47.99A,PME,50610,JULLOUVILLE
50066,52.29B,PME,50610,JULLOUVILLE
50066,53.20Z,,50610,JULLOUVILLE
50066,55.10Z,PME,50610,JULLOUVILLE
50066,55.20Z,,50610,JULLOUVILLE
50066,55.20Z,PME,50610,JULLOUVILLE
50066,55.30Z,,50610,JULLOUVILLE
50066,55.30Z,PME,50610,JULLOUVILLE
50066,56.10A,,50610,JULLOUVILLE
50066,56.10A,ETI,50610,JULLOUVILLE
50066,56.10A,PME,50610,JULLOUVILLE
50066,56.10C,PME,50610,JULLOUVILLE
50066,56.21Z,PME,50610,JULLOUVILLE
50066,56.30Z,,50610,JULLOUVILLE
50066,56.30Z,PME,50610,JULLOUVILLE
50066,58.14Z,PME,50610,JULLOUVILLE
50066,59.11A,PME,50610,JULLOUVILLE
50066,59.11B,PME,50610,JULLOUVILLE
50066,62.01Z,,50610,JULLOUVILLE
50066,62.01Z,PME,50610,JULLOUVILLE
50066,64.20Z,,50610,JULLOUVILLE
50066,64.20Z,PME,50610,JULLOUVILLE
50066,64.30Z,PME,50610,JULLOUVILLE
50066,64.99Z,PME,50610,JULLOUVILLE
50066,66.19A,PME,50610,JULLOUVILLE
50066,66.19B,PME,50610,JULLOUVILLE
50066,66.21Z,PME,50610,JULLOUVILLE
50066,66.30Z,PME,50610,JULLOUVILLE
50066,68.20A,,50610,JULLOUVILLE
50066,68.20A,PME,50610,JULLOUVILLE
50066,68.20B,,50610,JULLOUVILLE
50066,68.20B,PME,50610,JULLOUVILLE
50066,68.31Z,GE,50610,JULLOUVILLE
50066,68.31Z,PME,50610,JULLOUVILLE
50066,68.32A,,50610,JULLOUVILLE
50066,69.20Z,PME,50610,JULLOUVILLE
50066,70.10Z,,50610,JULLOUVILLE
50066,70.10Z,PME,50610,JULLOUVILLE
50066,70.21Z,PME,50610,JULLOUVILLE
50066,70.22Z,,50610,JULLOUVILLE
50066,70.22Z,PME,50610,JULLOUVILLE
50066,71.11Z,PME,50610,JULLOUVILLE
50066,71.12B,,50610,JULLOUVILLE
50066,71.12B,PME,50610,JULLOUVILLE
50066,72.19Z,PME,50610,JULLOUVILLE
50066,74.10Z,PME,50610,JULLOUVILLE
50066,74.20Z,,50610,JULLOUVILLE
50066,74.20Z,PME,50610,JULLOUVILLE
50066,74.90B,,50610,JULLOUVILLE
50066,74.90B,PME,50610,JULLOUVILLE
50066,77.21Z,PME,50610,JULLOUVILLE
50066,80.20Z,,50610,JULLOUVILLE
50066,81.10Z,,50610,JULLOUVILLE
50066,81.10Z,PME,50610,JULLOUVILLE
50066,81.21Z,,50610,JULLOUVILLE
50066,81.21Z,PME,50610,JULLOUVILLE
50066,81.30Z,PME,50610,JULLOUVILLE
50066,82.99Z,,50610,JULLOUVILLE
50066,84.11Z,PME,50610,JULLOUVILLE
50066,85.20Z,PME,50610,JULLOUVILLE
50066,85.51Z,,50610,JULLOUVILLE
50066,85.51Z,PME,50610,JULLOUVILLE
50066,85.53Z,PME,50610,JULLOUVILLE
50066,85.59A,,50610,JULLOUVILLE
50066,85.59A,PME,50610,JULLOUVILLE
50066,85.59B,PME,50610,JULLOUVILLE
50066,86.21Z,PME,50610,JULLOUVILLE
50066,86.22C,,50610,JULLOUVILLE
50066,86.90D,,50610,JULLOUVILLE
50066,86.90D,PME,50610,JULLOUVILLE
50066,86.90E,PME,50610,JULLOUVILLE
50066,86.90F,PME,50610,JULLOUVILLE
50066,87.10A,PME,50610,JULLOUVILLE
50066,88.99B,PME,50610,JULLOUVILLE
50066,90.01Z,,50610,JULLOUVILLE
50066,90.01Z,PME,50610,JULLOUVILLE
50066,90.02Z,,50610,JULLOUVILLE
50066,90.03A,,50610,JULLOUVILLE
50066,90.03A,PME,50610,JULLOUVILLE
50066,90.03B,PME,50610,JULLOUVILLE
50066,91.04Z,,50610,JULLOUVILLE
50066,93.11Z,PME,50610,JULLOUVILLE
50066,93.12Z,,50610,JULLOUVILLE
50066,93.12Z,PME,50610,JULLOUVILLE
50066,93.19Z,PME,50610,JULLOUVILLE
50066,93.29Z,,50610,JULLOUVILLE
50066,93.29Z,PME,50610,JULLOUVILLE
50066,94.91Z,,50610,JULLOUVILLE
50066,94.91Z,PME,50610,JULLOUVILLE
50066,94.99Z,,50610,JULLOUVILLE
50066,96.02A,PME,50610,JULLOUVILLE
50066,96.02B,PME,50610,JULLOUVILLE
50066,96.09Z,,50610,JULLOUVILLE
50066,96.09Z,PME,50610,JULLOUVILLE
50069,01.11Z,,50800,BOURGUENOLLES
50069,01.13Z,,50800,BOURGUENOLLES
50069,01.28Z,,50800,BOURGUENOLLES
50069,01.41Z,,50800,BOURGUENOLLES
50069,01.42Z,,50800,BOURGUENOLLES
50069,01.42Z,PME,50800,BOURGUENOLLES
50069,01.43Z,,50800,BOURGUENOLLES
50069,01.45Z,,50800,BOURGUENOLLES
50069,01.49Z,,50800,BOURGUENOLLES
50069,01.50Z,,50800,BOURGUENOLLES
50069,01.61Z,,50800,BOURGUENOLLES
50069,02.20Z,PME,50800,BOURGUENOLLES
50069,08.12Z,GE,50800,BOURGUENOLLES
50069,10.82Z,PME,50800,BOURGUENOLLES
50069,13.92Z,PME,50800,BOURGUENOLLES
50069,15.12Z,PME,50800,BOURGUENOLLES
50069,22.23Z,PME,50800,BOURGUENOLLES
50069,23.99Z,GE,50800,BOURGUENOLLES
50069,31.09B,PME,50800,BOURGUENOLLES
50069,33.12Z,PME,50800,BOURGUENOLLES
50069,43.12A,,50800,BOURGUENOLLES
50069,43.22A,,50800,BOURGUENOLLES
50069,43.22A,PME,50800,BOURGUENOLLES
50069,43.32A,PME,50800,BOURGUENOLLES
50069,43.91B,PME,50800,BOURGUENOLLES
50069,43.99C,PME,50800,BOURGUENOLLES
50069,46.61Z,PME,50800,BOURGUENOLLES
50069,46.73B,PME,50800,BOURGUENOLLES
50069,47.78C,PME,50800,BOURGUENOLLES
50069,47.79Z,,50800,BOURGUENOLLES
50069,47.99A,PME,50800,BOURGUENOLLES
50069,55.20Z,,50800,BOURGUENOLLES
50069,55.20Z,PME,50800,BOURGUENOLLES
50069,64.20Z,,50800,BOURGUENOLLES
50069,68.10Z,PME,50800,BOURGUENOLLES
50069,68.20A,,50800,BOURGUENOLLES
50069,68.20A,PME,50800,BOURGUENOLLES
50069,68.20B,,50800,BOURGUENOLLES
50069,68.20B,PME,50800,BOURGUENOLLES
50069,74.10Z,PME,50800,BOURGUENOLLES
50069,77.39Z,PME,50800,BOURGUENOLLES
50069,84.11Z,PME,50800,BOURGUENOLLES
50069,85.20Z,PME,50800,BOURGUENOLLES
50069,85.52Z,,50800,BOURGUENOLLES
50069,94.99Z,,50800,BOURGUENOLLES
50069,95.29Z,PME,50800,BOURGUENOLLES
50069,96.02A,,50800,BOURGUENOLLES
50087,01.11Z,,50700,BRIX
50087,01.19Z,,50700,BRIX
50087,01.41Z,,50700,BRIX
50087,01.42Z,,50700,BRIX
50087,01.43Z,,50700,BRIX
50087,01.45Z,,50700,BRIX
50087,01.49Z,,50700,BRIX
50087,01.50Z,,50700,BRIX
50087,01.61Z,,50700,BRIX
50087,01.62Z,,50700,BRIX
50087,02.10Z,,50700,BRIX
50087,02.40Z,,50700,BRIX
50087,08.12Z,GE,50700,BRIX
50087,10.11Z,PME,50700,BRIX
50087,10.71C,PME,50700,BRIX
50087,14.13Z,PME,50700,BRIX
50087,15.11Z,PME,50700,BRIX
50087,16.23Z,,50700,BRIX
50087,16.23Z,ETI,50700,BRIX
50087,16.29Z,PME,50700,BRIX
50087,25.11Z,PME,50700,BRIX
50087,25.62B,PME,50700,BRIX
50087,32.13Z,,50700,BRIX
50087,32.13Z,PME,50700,BRIX
50087,33.12Z,PME,50700,BRIX
50087,35.11Z,GE,50700,BRIX
50087,35.11Z,PME,50700,BRIX
50087,41.20B,ETI,50700,BRIX
50087,42.11Z,GE,50700,BRIX
50087,42.99Z,PME,50700,BRIX
50087,43.21A,PME,50700,BRIX
50087,43.22A,,50700,BRIX
50087,43.22A,PME,50700,BRIX
50087,43.29A,,50700,BRIX
50087,43.29A,PME,50700,BRIX
50087,43.32A,,50700,BRIX
50087,43.32A,PME,50700,BRIX
50087,43.33Z,,50700,BRIX
50087,43.91A,PME,50700,BRIX
50087,43.91B,PME,50700,BRIX
50087,43.99C,,50700,BRIX
50087,43.99C,PME,50700,BRIX
50087,45.11Z,,50700,BRIX
50087,45.11Z,PME,50700,BRIX
50087,45.20A,PME,50700,BRIX
50087,45.20B,PME,50700,BRIX
50087,45.32Z,PME,50700,BRIX
50087,46.13Z,PME,50700,BRIX
50087,46.18Z,PME,50700,BRIX
50087,46.19B,PME,50700,BRIX
50087,46.69B,,50700,BRIX
50087,47.22Z,PME,50700,BRIX
50087,47.64Z,PME,50700,BRIX
50087,47.73Z,PME,50700,BRIX
50087,47.76Z,PME,50700,BRIX
50087,47.78A,,50700,BRIX
50087,47.79Z,PME,50700,BRIX
50087,47.81Z,PME,50700,BRIX
50087,47.89Z,PME,50700,BRIX
50087,47.91A,PME,50700,BRIX
50087,47.91B,,50700,BRIX
50087,47.91B,PME,50700,BRIX
50087,47.99A,,50700,BRIX
50087,47.99A,PME,50700,BRIX
50087,49.41A,PME,50700,BRIX
50087,49.41B,PME,50700,BRIX
50087,53.10Z,GE,50700,BRIX
50087,53.20Z,PME,50700,BRIX
50087,55.10Z,,50700,BRIX
50087,55.10Z,PME,50700,BRIX
50087,55.20Z,,50700,BRIX
50087,55.20Z,PME,50700,BRIX
50087,56.10A,PME,50700,BRIX
50087,56.10C,,50700,BRIX
50087,56.10C,PME,50700,BRIX
50087,56.21Z,PME,50700,BRIX
50087,56.30Z,PME,50700,BRIX
50087,62.01Z,PME,50700,BRIX
50087,62.02A,,50700,BRIX
50087,62.02A,PME,50700,BRIX
50087,64.20Z,,50700,BRIX
50087,64.20Z,PME,50700,BRIX
50087,66.22Z,PME,50700,BRIX
50087,68.10Z,,50700,BRIX
50087,68.20A,,50700,BRIX
50087,68.20A,PME,50700,BRIX
50087,68.20B,,50700,BRIX
50087,68.20B,ETI,50700,BRIX
50087,68.20B,PME,50700,BRIX
50087,68.31Z,PME,50700,BRIX
50087,69.10Z,PME,50700,BRIX
50087,70.10Z,,50700,BRIX
50087,70.10Z,PME,50700,BRIX
50087,70.22Z,PME,50700,BRIX
50087,71.12B,PME,50700,BRIX
50087,73.11Z,,50700,BRIX
50087,73.11Z,ETI,50700,BRIX
50087,74.20Z,PME,50700,BRIX
50087,74.30Z,PME,50700,BRIX
50087,81.21Z,,50700,BRIX
50087,81.21Z,PME,50700,BRIX
50087,81.22Z,ETI,50700,BRIX
50087,81.30Z,PME,50700,BRIX
50087,82.19Z,,50700,BRIX
50087,82.19Z,PME,50700,BRIX
50087,82.99Z,PME,50700,BRIX
50087,84.11Z,PME,50700,BRIX
50087,85.10Z,PME,50700,BRIX
50087,85.20Z,PME,50700,BRIX
50087,85.51Z,,50700,BRIX
50087,85.51Z,PME,50700,BRIX
50087,85.59A,PME,50700,BRIX
50087,86.21Z,PME,50700,BRIX
50087,86.90D,PME,50700,BRIX
50087,86.90E,PME,50700,BRIX
50087,86.90F,,50700,BRIX
50087,86.90F,PME,50700,BRIX
50087,88.99B,,50700,BRIX
50087,88.99B,PME,50700,BRIX
50087,90.01Z,PME,50700,BRIX
50087,90.03A,PME,50700,BRIX
50087,93.12Z,,50700,BRIX
50087,93.12Z,PME,50700,BRIX
50087,93.21Z,PME,50700,BRIX
50087,93.29Z,PME,50700,BRIX
50087,94.91Z,,50700,BRIX
50087,94.99Z,,50700,BRIX
50087,94.99Z,PME,50700,BRIX
50087,95.29Z,PME,50700,BRIX
50087,96.02A,PME,50700,BRIX
50087,96.02B,,50700,BRIX
50087,96.03Z,ETI,50700,BRIX
50087,96.09Z,,50700,BRIX
50087,96.09Z,PME,50700,BRIX
50090,01.11Z,,50640,BUAIS-LES-MONTS
50090,01.13Z,,50640,BUAIS-LES-MONTS
50090,01.19Z,,50640,BUAIS-LES-MONTS
50090,01.24Z,,50640,BUAIS-LES-MONTS
50090,01.41Z,,50640,BUAIS-LES-MONTS
50090,01.42Z,,50640,BUAIS-LES-MONTS
50090,01.43Z,,50640,BUAIS-LES-MONTS
50090,01.46Z,,50640,BUAIS-LES-MONTS
50090,01.49Z,,50640,BUAIS-LES-MONTS
50090,01.50Z,,50640,BUAIS-LES-MONTS
50090,03.22Z,,50640,BUAIS-LES-MONTS
50090,10.71C,PME,50640,BUAIS-LES-MONTS
50090,31.09A,PME,50640,BUAIS-LES-MONTS
50090,32.13Z,,50640,BUAIS-LES-MONTS
50090,33.20A,PME,50640,BUAIS-LES-MONTS
50090,43.12A,PME,50640,BUAIS-LES-MONTS
50090,43.32A,PME,50640,BUAIS-LES-MONTS
50090,43.91A,PME,50640,BUAIS-LES-MONTS
50090,45.20A,PME,50640,BUAIS-LES-MONTS
50090,47.81Z,PME,50640,BUAIS-LES-MONTS
50090,47.89Z,PME,50640,BUAIS-LES-MONTS
50090,47.99A,,50640,BUAIS-LES-MONTS
50090,47.99A,PME,50640,BUAIS-LES-MONTS
50090,49.32Z,PME,50640,BUAIS-LES-MONTS
50090,55.20Z,PME,50640,BUAIS-LES-MONTS
50090,56.10C,PME,50640,BUAIS-LES-MONTS
50090,56.30Z,PME,50640,BUAIS-LES-MONTS
50090,62.01Z,PME,50640,BUAIS-LES-MONTS
50090,62.02B,,50640,BUAIS-LES-MONTS
50090,66.19B,PME,50640,BUAIS-LES-MONTS
50090,68.20A,,50640,BUAIS-LES-MONTS
50090,68.20A,PME,50640,BUAIS-LES-MONTS
50090,68.20B,,50640,BUAIS-LES-MONTS
50090,68.20B,PME,50640,BUAIS-LES-MONTS
50090,70.10Z,,50640,BUAIS-LES-MONTS
50090,71.20A,,50640,BUAIS-LES-MONTS
50090,75.00Z,PME,50640,BUAIS-LES-MONTS
50090,78.30Z,PME,50640,BUAIS-LES-MONTS
50090,79.90Z,,50640,BUAIS-LES-MONTS
50090,81.21Z,PME,50640,BUAIS-LES-MONTS
50090,81.30Z,,50640,BUAIS-LES-MONTS
50090,81.30Z,PME,50640,BUAIS-LES-MONTS
50090,84.11Z,PME,50640,BUAIS-LES-MONTS
50090,85.20Z,PME,50640,BUAIS-LES-MONTS
50090,85.51Z,,50640,BUAIS-LES-MONTS
50090,85.59B,,50640,BUAIS-LES-MONTS
50090,90.03A,PME,50640,BUAIS-LES-MONTS
50090,93.12Z,,50640,BUAIS-LES-MONTS
50090,94.91Z,,50640,BUAIS-LES-MONTS
50090,94.99Z,,50640,BUAIS-LES-MONTS
50090,95.11Z,PME,50640,BUAIS-LES-MONTS
50090,95.29Z,PME,50640,BUAIS-LES-MONTS
50090,96.02A,PME,50640,BUAIS-LES-MONTS
50090,96.09Z,PME,50640,BUAIS-LES-MONTS
50093,01.11Z,,50570,CAMETOURS
50093,01.13Z,,50570,CAMETOURS
50093,01.24Z,,50570,CAMETOURS
50093,01.41Z,,50570,CAMETOURS
50093,01.42Z,,50570,CAMETOURS
50093,01.49Z,,50570,CAMETOURS
50093,01.50Z,,50570,CAMETOURS
50093,08.11Z,GE,50570,CAMETOURS
50093,10.71C,PME,50570,CAMETOURS
50093,31.09B,PME,50570,CAMETOURS
50093,32.13Z,PME,50570,CAMETOURS
50093,35.11Z,,50570,CAMETOURS
50093,41.20B,PME,50570,CAMETOURS
50093,43.21A,PME,50570,CAMETOURS
50093,43.32A,PME,50570,CAMETOURS
50093,43.91A,PME,50570,CAMETOURS
50093,43.91B,,50570,CAMETOURS
50093,45.20A,PME,50570,CAMETOURS
50093,47.79Z,PME,50570,CAMETOURS
50093,47.81Z,PME,50570,CAMETOURS
50093,47.99A,,50570,CAMETOURS
50093,47.99A,PME,50570,CAMETOURS
50093,55.10Z,PME,50570,CAMETOURS
50093,58.14Z,,50570,CAMETOURS
50093,68.20A,,50570,CAMETOURS
50093,68.20B,,50570,CAMETOURS
50093,68.20B,PME,50570,CAMETOURS
50093,77.31Z,,50570,CAMETOURS
50093,82.11Z,PME,50570,CAMETOURS
50093,84.11Z,PME,50570,CAMETOURS
50093,85.51Z,,50570,CAMETOURS
50093,88.91A,,50570,CAMETOURS
50093,90.01Z,,50570,CAMETOURS
50093,90.03B,PME,50570,CAMETOURS
50093,93.12Z,,50570,CAMETOURS
50093,93.29Z,,50570,CAMETOURS
50093,94.99Z,,50570,CAMETOURS
50093,96.09Z,,50570,CAMETOURS
50093,96.09Z,PME,50570,CAMETOURS
50095,01.11Z,,50750,CANISY
50095,01.41Z,,50750,CANISY
50095,01.42Z,,50750,CANISY
50095,01.43Z,,50750,CANISY
50095,01.45Z,,50750,CANISY
50095,01.46Z,,50750,CANISY
50095,01.49Z,,50750,CANISY
50095,01.50Z,,50750,CANISY
50095,01.61Z,,50750,CANISY
50095,10.71C,PME,50750,CANISY
50095,14.13Z,PME,50750,CANISY
50095,14.19Z,PME,50750,CANISY
50095,16.10A,PME,50750,CANISY
50095,25.50B,PME,50750,CANISY
50095,28.29B,PME,50750,CANISY
50095,31.09B,PME,50750,CANISY
50095,33.20A,PME,50750,CANISY
50095,35.11Z,,50750,CANISY
50095,35.11Z,PME,50750,CANISY
50095,35.21Z,PME,50750,CANISY
50095,41.10A,,50750,CANISY
50095,41.20B,PME,50750,CANISY
50095,42.22Z,GE,50750,CANISY
50095,43.12A,PME,50750,CANISY
50095,43.21A,PME,50750,CANISY
50095,43.29A,PME,50750,CANISY
50095,43.29B,PME,50750,CANISY
50095,43.32A,,50750,CANISY
50095,43.32A,PME,50750,CANISY
50095,43.32C,PME,50750,CANISY
50095,43.33Z,PME,50750,CANISY
50095,43.34Z,PME,50750,CANISY
50095,43.91A,PME,50750,CANISY
50095,43.91B,,50750,CANISY
50095,43.91B,PME,50750,CANISY
50095,43.99C,,50750,CANISY
50095,45.20A,,50750,CANISY
50095,46.13Z,PME,50750,CANISY
50095,46.21Z,GE,50750,CANISY
50095,46.39B,PME,50750,CANISY
50095,46.52Z,PME,50750,CANISY
50095,47.11B,PME,50750,CANISY
50095,47.22Z,PME,50750,CANISY
50095,47.52A,PME,50750,CANISY
50095,47.62Z,PME,50750,CANISY
50095,47.73Z,PME,50750,CANISY
50095,47.76Z,,50750,CANISY
50095,47.76Z,PME,50750,CANISY
50095,47.79Z,PME,50750,CANISY
50095,47.89Z,,50750,CANISY
50095,47.89Z,PME,50750,CANISY
50095,47.99A,,50750,CANISY
50095,47.99A,PME,50750,CANISY
50095,49.32Z,PME,50750,CANISY
50095,49.41A,ETI,50750,CANISY
50095,49.41B,PME,50750,CANISY
50095,53.10Z,GE,50750,CANISY
50095,55.10Z,PME,50750,CANISY
50095,55.20Z,PME,50750,CANISY
50095,56.10A,PME,50750,CANISY
50095,56.21Z,PME,50750,CANISY
50095,56.29B,PME,50750,CANISY
50095,56.30Z,PME,50750,CANISY
50095,58.11Z,PME,50750,CANISY
50095,59.11A,PME,50750,CANISY
50095,59.11B,,50750,CANISY
50095,59.11B,PME,50750,CANISY
50095,61.10Z,PME,50750,CANISY
50095,62.01Z,PME,50750,CANISY
50095,62.02A,PME,50750,CANISY
50095,64.19Z,GE,50750,CANISY
50095,64.19Z,PME,50750,CANISY
50095,64.20Z,PME,50750,CANISY
50095,64.30Z,PME,50750,CANISY
50095,66.22Z,,50750,CANISY
50095,68.20A,,50750,CANISY
50095,68.20A,PME,50750,CANISY
50095,68.20B,,50750,CANISY
50095,68.20B,PME,50750,CANISY
50095,68.31Z,,50750,CANISY
50095,68.32A,,50750,CANISY
50095,69.10Z,PME,50750,CANISY
50095,69.20Z,,50750,CANISY
50095,70.10Z,,50750,CANISY
50095,70.10Z,PME,50750,CANISY
50095,70.22Z,PME,50750,CANISY
50095,71.20B,PME,50750,CANISY
50095,73.11Z,PME,50750,CANISY
50095,74.10Z,PME,50750,CANISY
50095,74.20Z,PME,50750,CANISY
50095,74.30Z,PME,50750,CANISY
50095,75.00Z,PME,50750,CANISY
50095,79.11Z,,50750,CANISY
50095,81.21Z,PME,50750,CANISY
50095,81.29A,PME,50750,CANISY
50095,81.30Z,,50750,CANISY
50095,81.30Z,PME,50750,CANISY
50095,82.11Z,PME,50750,CANISY
50095,84.11Z,PME,50750,CANISY
50095,85.10Z,PME,50750,CANISY
50095,85.20Z,PME,50750,CANISY
50095,85.31Z,PME,50750,CANISY
50095,85.53Z,PME,50750,CANISY
50095,85.59A,PME,50750,CANISY
50095,86.21Z,PME,50750,CANISY
50095,86.23Z,PME,50750,CANISY
50095,86.90D,PME,50750,CANISY
50095,86.90E,,50750,CANISY
50095,86.90E,PME,50750,CANISY
50095,87.10A,PME,50750,CANISY
50095,88.99B,,50750,CANISY
50095,90.01Z,,50750,CANISY
50095,90.03A,PME,50750,CANISY
50095,90.03B,PME,50750,CANISY
50095,91.01Z,,50750,CANISY
50095,91.03Z,PME,50750,CANISY
50095,93.12Z,,50750,CANISY
50095,93.12Z,PME,50750,CANISY
50095,93.29Z,PME,50750,CANISY
50095,94.91Z,,50750,CANISY
50095,94.91Z,PME,50750,CANISY
50095,94.92Z,PME,50750,CANISY
50095,94.99Z,,50750,CANISY
50095,94.99Z,PME,50750,CANISY
50095,95.29Z,PME,50750,CANISY
50095,96.02A,PME,50750,CANISY
50095,96.03Z,PME,50750,CANISY
50095,96.09Z,PME,50750,CANISY
50097,01.11Z,,50580,CANVILLE-LA-ROCQUE
50097,01.41Z,,50580,CANVILLE-LA-ROCQUE
50097,01.61Z,,50580,CANVILLE-LA-ROCQUE
50097,47.81Z,PME,50580,CANVILLE-LA-ROCQUE
50097,47.82Z,PME,50580,CANVILLE-LA-ROCQUE
50097,55.20Z,PME,50580,CANVILLE-LA-ROCQUE
50097,68.20A,PME,50580,CANVILLE-LA-ROCQUE
50097,68.20B,,50580,CANVILLE-LA-ROCQUE
50097,84.11Z,PME,50580,CANVILLE-LA-ROCQUE
50097,86.90D,PME,50580,CANVILLE-LA-ROCQUE
50097,90.03B,PME,50580,CANVILLE-LA-ROCQUE
50097,93.29Z,PME,50580,CANVILLE-LA-ROCQUE
50097,96.02B,,50580,CANVILLE-LA-ROCQUE
50098,01.11Z,,50570,CARANTILLY
50098,01.13Z,,50570,CARANTILLY
50098,01.41Z,,50570,CARANTILLY
50098,01.42Z,,50570,CARANTILLY
50098,01.43Z,,50570,CARANTILLY
50098,01.45Z,,50570,CARANTILLY
50098,01.49Z,,50570,CARANTILLY
50098,01.49Z,PME,50570,CARANTILLY
50098,01.61Z,,50570,CARANTILLY
50098,02.10Z,,50570,CARANTILLY
50098,02.40Z,,50570,CARANTILLY
50098,10.13A,PME,50570,CARANTILLY
50098,25.12Z,PME,50570,CARANTILLY
50098,32.99Z,,50570,CARANTILLY
50098,33.12Z,PME,50570,CARANTILLY
50098,35.11Z,,50570,CARANTILLY
50098,35.11Z,PME,50570,CARANTILLY
50098,38.11Z,PME,50570,CARANTILLY
50098,43.21A,PME,50570,CARANTILLY
50098,43.33Z,PME,50570,CARANTILLY
50098,43.34Z,PME,50570,CARANTILLY
50098,43.39Z,PME,50570,CARANTILLY
50098,43.91B,PME,50570,CARANTILLY
50098,43.99C,PME,50570,CARANTILLY
50098,47.89Z,PME,50570,CARANTILLY
50098,47.99A,,50570,CARANTILLY
50098,47.99A,PME,50570,CARANTILLY
50098,56.10A,PME,50570,CARANTILLY
50098,56.10C,,50570,CARANTILLY
50098,56.30Z,PME,50570,CARANTILLY
50098,64.20Z,PME,50570,CARANTILLY
50098,68.20B,,50570,CARANTILLY
50098,68.20B,PME,50570,CARANTILLY
50098,68.32A,,50570,CARANTILLY
50098,73.11Z,,50570,CARANTILLY
50098,81.30Z,,50570,CARANTILLY
50098,81.30Z,PME,50570,CARANTILLY
50098,84.11Z,PME,50570,CARANTILLY
50098,85.20Z,PME,50570,CARANTILLY
50098,85.59A,PME,50570,CARANTILLY
50098,85.59B,,50570,CARANTILLY
50098,86.90D,PME,50570,CARANTILLY
50098,90.03A,PME,50570,CARANTILLY
50098,90.04Z,PME,50570,CARANTILLY
50098,93.12Z,PME,50570,CARANTILLY
50098,93.19Z,,50570,CARANTILLY
50098,93.19Z,PME,50570,CARANTILLY
50098,94.99Z,,50570,CARANTILLY
50098,96.02A,PME,50570,CARANTILLY
50099,01.11Z,,50620,CARENTAN-LES-MARAIS
50099,01.41Z,,50620,CARENTAN-LES-MARAIS
50099,01.42Z,,50620,CARENTAN-LES-MARAIS
50099,01.45Z,,50620,CARENTAN-LES-MARAIS
50099,01.49Z,,50620,CARENTAN-LES-MARAIS
50099,01.50Z,,50620,CARENTAN-LES-MARAIS
50099,01.62Z,,50620,CARENTAN-LES-MARAIS
50099,02.10Z,,50620,CARENTAN-LES-MARAIS
50099,10.11Z,PME,50620,CARENTAN-LES-MARAIS
50099,33.20A,,50620,CARENTAN-LES-MARAIS
50099,43.22A,PME,50620,CARENTAN-LES-MARAIS
50099,43.22B,PME,50620,CARENTAN-LES-MARAIS
50099,43.32A,PME,50620,CARENTAN-LES-MARAIS
50099,43.91B,PME,50620,CARENTAN-LES-MARAIS
50099,43.99C,PME,50620,CARENTAN-LES-MARAIS
50099,45.11Z,,50620,CARENTAN-LES-MARAIS
50099,46.19B,,50620,CARENTAN-LES-MARAIS
50099,46.61Z,PME,50620,CARENTAN-LES-MARAIS
50099,47.11B,,50620,CARENTAN-LES-MARAIS
50099,47.52B,PME,50620,CARENTAN-LES-MARAIS
50099,47.81Z,,50620,CARENTAN-LES-MARAIS
50099,47.99A,PME,50620,CARENTAN-LES-MARAIS
50099,49.41A,PME,50620,CARENTAN-LES-MARAIS
50099,56.10A,PME,50620,CARENTAN-LES-MARAIS
50099,56.30Z,PME,50620,CARENTAN-LES-MARAIS
50099,64.20Z,PME,50620,CARENTAN-LES-MARAIS
50099,68.20A,,50620,CARENTAN-LES-MARAIS
50099,68.20B,,50620,CARENTAN-LES-MARAIS
50099,68.20B,PME,50620,CARENTAN-LES-MARAIS
50099,70.10Z,PME,50620,CARENTAN-LES-MARAIS
50099,74.90B,PME,50620,CARENTAN-LES-MARAIS
50099,77.21Z,PME,50620,CARENTAN-LES-MARAIS
50099,78.30Z,PME,50620,CARENTAN-LES-MARAIS
50099,84.11Z,PME,50620,CARENTAN-LES-MARAIS
50099,85.51Z,,50620,CARENTAN-LES-MARAIS
50099,93.12Z,,50620,CARENTAN-LES-MARAIS
50099,93.29Z,PME,50620,CARENTAN-LES-MARAIS
50099,94.99Z,,50620,CARENTAN-LES-MARAIS
50099,95.29Z,,50620,CARENTAN-LES-MARAIS
50099,95.29Z,PME,50620,CARENTAN-LES-MARAIS
50099,96.09Z,PME,50620,CARENTAN-LES-MARAIS
50102,01.11Z,,50740,CAROLLES
50102,01.13Z,,50740,CAROLLES
50102,01.41Z,,50740,CAROLLES
50102,01.42Z,,50740,CAROLLES
50102,01.43Z,,50740,CAROLLES
50102,10.71C,PME,50740,CAROLLES
50102,31.09B,PME,50740,CAROLLES
50102,32.99Z,,50740,CAROLLES
50102,32.99Z,PME,50740,CAROLLES
50102,33.20A,PME,50740,CAROLLES
50102,42.99Z,,50740,CAROLLES
50102,43.21A,PME,50740,CAROLLES
50102,43.22B,PME,50740,CAROLLES
50102,43.32A,PME,50740,CAROLLES
50102,43.91B,PME,50740,CAROLLES
50102,45.20A,,50740,CAROLLES
50102,45.20A,PME,50740,CAROLLES
50102,47.11B,PME,50740,CAROLLES
50102,47.22Z,PME,50740,CAROLLES
50102,47.59B,PME,50740,CAROLLES
50102,47.78C,PME,50740,CAROLLES
50102,47.79Z,PME,50740,CAROLLES
50102,47.99A,PME,50740,CAROLLES
50102,49.32Z,,50740,CAROLLES
50102,55.20Z,,50740,CAROLLES
50102,55.20Z,ETI,50740,CAROLLES
50102,55.20Z,PME,50740,CAROLLES
50102,55.30Z,PME,50740,CAROLLES
50102,56.10A,,50740,CAROLLES
50102,56.10A,PME,50740,CAROLLES
50102,56.10C,PME,50740,CAROLLES
50102,56.21Z,PME,50740,CAROLLES
50102,56.29A,ETI,50740,CAROLLES
50102,56.30Z,,50740,CAROLLES
50102,58.19Z,PME,50740,CAROLLES
50102,62.02A,PME,50740,CAROLLES
50102,66.19A,PME,50740,CAROLLES
50102,66.30Z,PME,50740,CAROLLES
50102,68.10Z,PME,50740,CAROLLES
50102,68.20A,,50740,CAROLLES
50102,68.20A,PME,50740,CAROLLES
50102,68.20B,,50740,CAROLLES
50102,68.20B,PME,50740,CAROLLES
50102,68.31Z,PME,50740,CAROLLES
50102,70.10Z,,50740,CAROLLES
50102,70.10Z,PME,50740,CAROLLES
50102,70.21Z,PME,50740,CAROLLES
50102,70.22Z,PME,50740,CAROLLES
50102,71.11Z,PME,50740,CAROLLES
50102,71.12B,PME,50740,CAROLLES
50102,74.20Z,,50740,CAROLLES
50102,74.20Z,PME,50740,CAROLLES
50102,74.90B,PME,50740,CAROLLES
50102,79.90Z,,50740,CAROLLES
50102,79.90Z,PME,50740,CAROLLES
50102,81.10Z,,50740,CAROLLES
50102,81.21Z,,50740,CAROLLES
50102,81.30Z,PME,50740,CAROLLES
50102,82.19Z,,50740,CAROLLES
50102,84.11Z,PME,50740,CAROLLES
50102,85.20Z,PME,50740,CAROLLES
50102,85.51Z,PME,50740,CAROLLES
50102,85.52Z,PME,50740,CAROLLES
50102,85.59B,,50740,CAROLLES
50102,85.59B,PME,50740,CAROLLES
50102,86.21Z,PME,50740,CAROLLES
50102,86.90D,PME,50740,CAROLLES
50102,86.90E,PME,50740,CAROLLES
50102,88.10A,,50740,CAROLLES
50102,88.10A,PME,50740,CAROLLES
50102,90.01Z,,50740,CAROLLES
50102,90.01Z,PME,50740,CAROLLES
50102,90.02Z,,50740,CAROLLES
50102,90.03A,PME,50740,CAROLLES
50102,91.02Z,,50740,CAROLLES
50102,93.12Z,,50740,CAROLLES
50102,93.19Z,,50740,CAROLLES
50102,93.19Z,PME,50740,CAROLLES
50102,94.91Z,,50740,CAROLLES
50102,94.99Z,,50740,CAROLLES
50102,95.29Z,PME,50740,CAROLLES
50102,96.02A,PME,50740,CAROLLES
50102,96.02B,,50740,CAROLLES
50102,96.09Z,,50740,CAROLLES
50102,96.09Z,PME,50740,CAROLLES
50106,01.41Z,,50620,CAVIGNY
50106,01.42Z,,50620,CAVIGNY
50106,01.45Z,,50620,CAVIGNY
50106,01.49Z,,50620,CAVIGNY
50106,01.61Z,,50620,CAVIGNY
50106,35.11Z,PME,50620,CAVIGNY
50106,41.10D,PME,50620,CAVIGNY
50106,43.29A,PME,50620,CAVIGNY
50106,46.19B,PME,50620,CAVIGNY
50106,47.89Z,,50620,CAVIGNY
50106,47.91A,,50620,CAVIGNY
50106,55.20Z,PME,50620,CAVIGNY
50106,68.20B,,50620,CAVIGNY
50106,68.20B,PME,50620,CAVIGNY
50106,77.22Z,,50620,CAVIGNY
50106,81.30Z,,50620,CAVIGNY
50106,81.30Z,PME,50620,CAVIGNY
50106,84.11Z,PME,50620,CAVIGNY
50106,85.59A,PME,50620,CAVIGNY
50106,86.90F,PME,50620,CAVIGNY
50106,93.29Z,PME,50620,CAVIGNY
50106,95.29Z,PME,50620,CAVIGNY
50106,96.02A,PME,50620,CAVIGNY
50106,96.09Z,PME,50620,CAVIGNY
50109,01.11Z,,50510,CERENCES
50109,01.11Z,PME,50510,CERENCES
50109,01.19Z,,50510,CERENCES
50109,01.24Z,ETI,50510,CERENCES
50109,01.30Z,,50510,CERENCES
50109,01.41Z,,50510,CERENCES
50109,01.42Z,,50510,CERENCES
50109,01.43Z,,50510,CERENCES
50109,01.43Z,PME,50510,CERENCES
50109,01.45Z,,50510,CERENCES
50109,01.46Z,,50510,CERENCES
50109,01.47Z,,50510,CERENCES
50109,01.49Z,,50510,CERENCES
50109,01.50Z,,50510,CERENCES
50109,01.61Z,,50510,CERENCES
50109,01.62Z,,50510,CERENCES
50109,02.10Z,,50510,CERENCES
50109,03.11Z,,50510,CERENCES
50109,10.13B,PME,50510,CERENCES
50109,10.71C,PME,50510,CERENCES
50109,10.89Z,ETI,50510,CERENCES
50109,14.19Z,PME,50510,CERENCES
50109,15.12Z,PME,50510,CERENCES
50109,25.91Z,,50510,CERENCES
50109,25.91Z,ETI,50510,CERENCES
50109,29.20Z,ETI,50510,CERENCES
50109,31.09B,PME,50510,CERENCES
50109,35.11Z,GE,50510,CERENCES
50109,35.11Z,PME,50510,CERENCES
50109,37.00Z,PME,50510,CERENCES
50109,43.12A,PME,50510,CERENCES
50109,43.21A,PME,50510,CERENCES
50109,43.22A,,50510,CERENCES
50109,43.22A,PME,50510,CERENCES
50109,43.22B,,50510,CERENCES
50109,43.32A,,50510,CERENCES
50109,43.32A,PME,50510,CERENCES
50109,43.32B,PME,50510,CERENCES
50109,43.34Z,,50510,CERENCES
50109,43.34Z,PME,50510,CERENCES
50109,43.39Z,PME,50510,CERENCES
50109,43.91B,,50510,CERENCES
50109,43.91B,PME,50510,CERENCES
50109,43.99C,PME,50510,CERENCES
50109,45.11Z,,50510,CERENCES
50109,45.11Z,PME,50510,CERENCES
50109,45.19Z,PME,50510,CERENCES
50109,45.20A,PME,50510,CERENCES
50109,45.40Z,PME,50510,CERENCES
50109,46.11Z,PME,50510,CERENCES
50109,46.23Z,PME,50510,CERENCES
50109,46.61Z,PME,50510,CERENCES
50109,46.73A,PME,50510,CERENCES
50109,46.76Z,PME,50510,CERENCES
50109,47.11B,PME,50510,CERENCES
50109,47.11D,PME,50510,CERENCES
50109,47.22Z,PME,50510,CERENCES
50109,47.64Z,PME,50510,CERENCES
50109,47.71Z,,50510,CERENCES
50109,47.73Z,PME,50510,CERENCES
50109,47.76Z,,50510,CERENCES
50109,47.76Z,PME,50510,CERENCES
50109,47.78A,PME,50510,CERENCES
50109,47.79Z,PME,50510,CERENCES
50109,47.81Z,PME,50510,CERENCES
50109,47.91A,,50510,CERENCES
50109,47.91B,,50510,CERENCES
50109,47.99A,PME,50510,CERENCES
50109,49.32Z,,50510,CERENCES
50109,55.20Z,,50510,CERENCES
50109,55.20Z,PME,50510,CERENCES
50109,56.10A,,50510,CERENCES
50109,56.10A,PME,50510,CERENCES
50109,56.10C,PME,50510,CERENCES
50109,56.30Z,PME,50510,CERENCES
50109,63.12Z,PME,50510,CERENCES
50109,64.19Z,GE,50510,CERENCES
50109,64.20Z,PME,50510,CERENCES
50109,66.19A,,50510,CERENCES
50109,66.19A,PME,50510,CERENCES
50109,68.10Z,,50510,CERENCES
50109,68.10Z,PME,50510,CERENCES
50109,68.20A,,50510,CERENCES
50109,68.20A,PME,50510,CERENCES
50109,68.20B,,50510,CERENCES
50109,68.20B,PME,50510,CERENCES
50109,70.10Z,,50510,CERENCES
50109,70.21Z,PME,50510,CERENCES
50109,70.22Z,PME,50510,CERENCES
50109,74.10Z,,50510,CERENCES
50109,74.20Z,PME,50510,CERENCES
50109,74.30Z,PME,50510,CERENCES
50109,75.00Z,PME,50510,CERENCES
50109,78.30Z,PME,50510,CERENCES
50109,79.11Z,,50510,CERENCES
50109,81.10Z,,50510,CERENCES
50109,81.21Z,,50510,CERENCES
50109,82.11Z,,50510,CERENCES
50109,84.11Z,PME,50510,CERENCES
50109,85.20Z,PME,50510,CERENCES
50109,85.51Z,,50510,CERENCES
50109,85.51Z,PME,50510,CERENCES
50109,85.52Z,PME,50510,CERENCES
50109,85.53Z,PME,50510,CERENCES
50109,85.59A,PME,50510,CERENCES
50109,85.59B,,50510,CERENCES
50109,86.21Z,,50510,CERENCES
50109,86.21Z,PME,50510,CERENCES
50109,86.23Z,PME,50510,CERENCES
50109,86.90A,PME,50510,CERENCES
50109,86.90D,PME,50510,CERENCES
50109,86.90E,PME,50510,CERENCES
50109,86.90F,,50510,CERENCES
50109,86.90F,PME,50510,CERENCES
50109,87.10A,PME,50510,CERENCES
50109,88.10A,PME,50510,CERENCES
50109,88.99B,,50510,CERENCES
50109,88.99B,PME,50510,CERENCES
50109,90.01Z,,50510,CERENCES
50109,90.01Z,PME,50510,CERENCES
50109,90.03A,,50510,CERENCES
50109,90.03A,PME,50510,CERENCES
50109,90.03B,PME,50510,CERENCES
50109,93.11Z,,50510,CERENCES
50109,93.12Z,,50510,CERENCES
50109,93.12Z,PME,50510,CERENCES
50109,93.29Z,PME,50510,CERENCES
50109,94.91Z,,50510,CERENCES
50109,94.99Z,,50510,CERENCES
50109,94.99Z,PME,50510,CERENCES
50109,95.29Z,PME,50510,CERENCES
50109,96.02A,PME,50510,CERENCES
50109,96.02B,,50510,CERENCES
50109,96.03Z,PME,50510,CERENCES
50109,96.04Z,,50510,CERENCES
50109,96.09Z,PME,50510,CERENCES
50110,01.11Z,,50680,CERISY-LA-FORET
50110,01.30Z,,50680,CERISY-LA-FORET
50110,01.41Z,,50680,CERISY-LA-FORET
50110,01.42Z,,50680,CERISY-LA-FORET
50110,01.43Z,,50680,CERISY-LA-FORET
50110,01.45Z,,50680,CERISY-LA-FORET
50110,01.49Z,,50680,CERISY-LA-FORET
50110,01.61Z,,50680,CERISY-LA-FORET
50110,01.62Z,,50680,CERISY-LA-FORET
50110,03.22Z,,50680,CERISY-LA-FORET
50110,10.71C,PME,50680,CERISY-LA-FORET
50110,11.03Z,,50680,CERISY-LA-FORET
50110,14.13Z,PME,50680,CERISY-LA-FORET
50110,35.11Z,ETI,50680,CERISY-LA-FORET
50110,35.11Z,PME,50680,CERISY-LA-FORET
50110,42.22Z,PME,50680,CERISY-LA-FORET
50110,43.21A,PME,50680,CERISY-LA-FORET
50110,43.31Z,PME,50680,CERISY-LA-FORET
50110,43.32A,PME,50680,CERISY-LA-FORET
50110,43.33Z,PME,50680,CERISY-LA-FORET
50110,43.34Z,PME,50680,CERISY-LA-FORET
50110,43.91A,PME,50680,CERISY-LA-FORET
50110,43.91B,PME,50680,CERISY-LA-FORET
50110,45.11Z,PME,50680,CERISY-LA-FORET
50110,46.19B,PME,50680,CERISY-LA-FORET
50110,46.23Z,PME,50680,CERISY-LA-FORET
50110,46.61Z,PME,50680,CERISY-LA-FORET
50110,47.11B,PME,50680,CERISY-LA-FORET
50110,47.22Z,,50680,CERISY-LA-FORET
50110,47.73Z,PME,50680,CERISY-LA-FORET
50110,47.81Z,,50680,CERISY-LA-FORET
50110,47.99A,PME,50680,CERISY-LA-FORET
50110,55.20Z,,50680,CERISY-LA-FORET
50110,55.30Z,PME,50680,CERISY-LA-FORET
50110,56.10A,PME,50680,CERISY-LA-FORET
50110,56.10C,PME,50680,CERISY-LA-FORET
50110,56.21Z,PME,50680,CERISY-LA-FORET
50110,56.29B,GE,50680,CERISY-LA-FORET
50110,56.30Z,PME,50680,CERISY-LA-FORET
50110,62.01Z,PME,50680,CERISY-LA-FORET
50110,62.02A,PME,50680,CERISY-LA-FORET
50110,64.19Z,GE,50680,CERISY-LA-FORET
50110,64.19Z,PME,50680,CERISY-LA-FORET
50110,64.30Z,PME,50680,CERISY-LA-FORET
50110,66.19B,PME,50680,CERISY-LA-FORET
50110,66.30Z,PME,50680,CERISY-LA-FORET
50110,68.10Z,PME,50680,CERISY-LA-FORET
50110,68.20A,,50680,CERISY-LA-FORET
50110,68.20A,PME,50680,CERISY-LA-FORET
50110,68.20B,,50680,CERISY-LA-FORET
50110,68.20B,PME,50680,CERISY-LA-FORET
50110,70.21Z,,50680,CERISY-LA-FORET
50110,70.22Z,PME,50680,CERISY-LA-FORET
50110,74.10Z,,50680,CERISY-LA-FORET
50110,74.20Z,PME,50680,CERISY-LA-FORET
50110,74.30Z,PME,50680,CERISY-LA-FORET
50110,81.21Z,,50680,CERISY-LA-FORET
50110,81.21Z,PME,50680,CERISY-LA-FORET
50110,81.29A,,50680,CERISY-LA-FORET
50110,81.30Z,PME,50680,CERISY-LA-FORET
50110,82.11Z,PME,50680,CERISY-LA-FORET
50110,82.30Z,PME,50680,CERISY-LA-FORET
50110,82.99Z,PME,50680,CERISY-LA-FORET
50110,84.11Z,PME,50680,CERISY-LA-FORET
50110,85.20Z,PME,50680,CERISY-LA-FORET
50110,85.51Z,,50680,CERISY-LA-FORET
50110,86.90D,,50680,CERISY-LA-FORET
50110,86.90D,PME,50680,CERISY-LA-FORET
50110,86.90F,PME,50680,CERISY-LA-FORET
50110,87.10A,GE,50680,CERISY-LA-FORET
50110,88.91A,,50680,CERISY-LA-FORET
50110,90.01Z,PME,50680,CERISY-LA-FORET
50110,90.03B,PME,50680,CERISY-LA-FORET
50110,91.03Z,PME,50680,CERISY-LA-FORET
50110,93.11Z,,50680,CERISY-LA-FORET
50110,93.12Z,PME,50680,CERISY-LA-FORET
50110,93.19Z,,50680,CERISY-LA-FORET
50110,93.29Z,,50680,CERISY-LA-FORET
50110,94.91Z,,50680,CERISY-LA-FORET
50110,94.99Z,,50680,CERISY-LA-FORET
50110,95.25Z,PME,50680,CERISY-LA-FORET
50110,96.02A,PME,50680,CERISY-LA-FORET
50110,96.04Z,PME,50680,CERISY-LA-FORET
50110,96.09Z,,50680,CERISY-LA-FORET
50117,01.11Z,,50530,CHAMPEAUX
50117,01.19Z,,50530,CHAMPEAUX
50117,01.41Z,,50530,CHAMPEAUX
50117,01.42Z,,50530,CHAMPEAUX
50117,01.43Z,,50530,CHAMPEAUX
50117,01.62Z,,50530,CHAMPEAUX
50117,29.20Z,PME,50530,CHAMPEAUX
50117,31.09B,PME,50530,CHAMPEAUX
50117,37.00Z,PME,50530,CHAMPEAUX
50117,43.21A,PME,50530,CHAMPEAUX
50117,43.99C,PME,50530,CHAMPEAUX
50117,49.42Z,,50530,CHAMPEAUX
50117,55.20Z,,50530,CHAMPEAUX
50117,55.20Z,PME,50530,CHAMPEAUX
50117,56.10A,PME,50530,CHAMPEAUX
50117,62.02B,PME,50530,CHAMPEAUX
50117,66.19B,PME,50530,CHAMPEAUX
50117,68.20A,,50530,CHAMPEAUX
50117,68.20A,PME,50530,CHAMPEAUX
50117,68.20B,,50530,CHAMPEAUX
50117,68.20B,PME,50530,CHAMPEAUX
50117,71.12B,PME,50530,CHAMPEAUX
50117,73.11Z,PME,50530,CHAMPEAUX
50117,79.11Z,,50530,CHAMPEAUX
50117,81.30Z,PME,50530,CHAMPEAUX
50117,84.11Z,PME,50530,CHAMPEAUX
50117,88.99B,,50530,CHAMPEAUX
50117,90.03A,PME,50530,CHAMPEAUX
50117,90.03B,PME,50530,CHAMPEAUX
50117,94.91Z,,50530,CHAMPEAUX
50117,94.99Z,,50530,CHAMPEAUX
50117,96.02A,PME,50530,CHAMPEAUX
50118,01.11Z,,50800,CHAMPREPUS
50118,01.13Z,,50800,CHAMPREPUS
50118,01.25Z,,50800,CHAMPREPUS
50118,01.41Z,,50800,CHAMPREPUS
50118,01.42Z,,50800,CHAMPREPUS
50118,01.43Z,,50800,CHAMPREPUS
50118,01.45Z,,50800,CHAMPREPUS
50118,01.49Z,,50800,CHAMPREPUS
50118,31.09B,PME,50800,CHAMPREPUS
50118,43.21A,,50800,CHAMPREPUS
50118,43.21A,PME,50800,CHAMPREPUS
50118,43.31Z,,50800,CHAMPREPUS
50118,43.32A,PME,50800,CHAMPREPUS
50118,43.34Z,PME,50800,CHAMPREPUS
50118,43.99C,PME,50800,CHAMPREPUS
50118,45.32Z,PME,50800,CHAMPREPUS
50118,46.19B,,50800,CHAMPREPUS
50118,46.19B,PME,50800,CHAMPREPUS
50118,47.71Z,PME,50800,CHAMPREPUS
50118,47.81Z,PME,50800,CHAMPREPUS
50118,47.89Z,PME,50800,CHAMPREPUS
50118,55.20Z,,50800,CHAMPREPUS
50118,55.20Z,PME,50800,CHAMPREPUS
50118,56.10A,PME,50800,CHAMPREPUS
50118,56.30Z,,50800,CHAMPREPUS
50118,66.30Z,PME,50800,CHAMPREPUS
50118,68.20A,,50800,CHAMPREPUS
50118,68.20B,,50800,CHAMPREPUS
50118,68.20B,PME,50800,CHAMPREPUS
50118,70.10Z,PME,50800,CHAMPREPUS
50118,74.20Z,PME,50800,CHAMPREPUS
50118,81.30Z,PME,50800,CHAMPREPUS
50118,84.11Z,PME,50800,CHAMPREPUS
50118,86.90F,PME,50800,CHAMPREPUS
50118,90.01Z,PME,50800,CHAMPREPUS
50118,91.04Z,PME,50800,CHAMPREPUS
50118,93.19Z,PME,50800,CHAMPREPUS
50118,94.99Z,,50800,CHAMPREPUS
50118,94.99Z,PME,50800,CHAMPREPUS
50118,95.29Z,PME,50800,CHAMPREPUS
50118,96.09Z,,50800,CHAMPREPUS
50120,01.11Z,,50510,CHANTELOUP
50120,01.41Z,,50510,CHANTELOUP
50120,01.42Z,,50510,CHANTELOUP
50120,01.49Z,,50510,CHANTELOUP
50120,01.61Z,,50510,CHANTELOUP
50120,14.13Z,PME,50510,CHANTELOUP
50120,25.99B,PME,50510,CHANTELOUP
50120,43.12A,PME,50510,CHANTELOUP
50120,43.21A,PME,50510,CHANTELOUP
50120,43.31Z,,50510,CHANTELOUP
50120,43.32A,PME,50510,CHANTELOUP
50120,43.34Z,PME,50510,CHANTELOUP
50120,46.19B,PME,50510,CHANTELOUP
50120,46.34Z,,50510,CHANTELOUP
50120,47.81Z,PME,50510,CHANTELOUP
50120,47.91B,,50510,CHANTELOUP
50120,47.99A,PME,50510,CHANTELOUP
50120,68.20B,,50510,CHANTELOUP
50120,74.10Z,PME,50510,CHANTELOUP
50120,74.90B,,50510,CHANTELOUP
50120,81.30Z,PME,50510,CHANTELOUP
50120,84.11Z,PME,50510,CHANTELOUP
50120,85.51Z,,50510,CHANTELOUP
50120,88.99B,,50510,CHANTELOUP
50120,94.99Z,,50510,CHANTELOUP
50120,95.11Z,PME,50510,CHANTELOUP
50120,96.09Z,,50510,CHANTELOUP
50120,96.09Z,PME,50510,CHANTELOUP
50121,01.11Z,,50800,LA CHAPELLE-CECELIN
50121,01.41Z,,50800,LA CHAPELLE-CECELIN
50121,01.42Z,,50800,LA CHAPELLE-CECELIN
50121,01.43Z,,50800,LA CHAPELLE-CECELIN
50121,01.61Z,,50800,LA CHAPELLE-CECELIN
50121,01.62Z,,50800,LA CHAPELLE-CECELIN
50121,33.13Z,PME,50800,LA CHAPELLE-CECELIN
50121,43.91B,PME,50800,LA CHAPELLE-CECELIN
50121,43.99C,PME,50800,LA CHAPELLE-CECELIN
50121,46.19B,PME,50800,LA CHAPELLE-CECELIN
50121,47.99A,,50800,LA CHAPELLE-CECELIN
50121,47.99A,PME,50800,LA CHAPELLE-CECELIN
50121,55.20Z,PME,50800,LA CHAPELLE-CECELIN
50121,56.10C,PME,50800,LA CHAPELLE-CECELIN
50121,56.30Z,,50800,LA CHAPELLE-CECELIN
50121,68.20A,,50800,LA CHAPELLE-CECELIN
50121,68.20B,,50800,LA CHAPELLE-CECELIN
50121,68.20B,PME,50800,LA CHAPELLE-CECELIN
50121,70.10Z,,50800,LA CHAPELLE-CECELIN
50121,74.10Z,,50800,LA CHAPELLE-CECELIN
50121,84.11Z,PME,50800,LA CHAPELLE-CECELIN
50121,85.51Z,PME,50800,LA CHAPELLE-CECELIN
50121,85.59B,PME,50800,LA CHAPELLE-CECELIN
50121,93.12Z,,50800,LA CHAPELLE-CECELIN
50121,93.19Z,,50800,LA CHAPELLE-CECELIN
50121,96.04Z,PME,50800,LA CHAPELLE-CECELIN
50121,96.09Z,PME,50800,LA CHAPELLE-CECELIN
50126,01.11Z,,50870,CHAVOY
50126,01.41Z,,50870,CHAVOY
50126,01.42Z,,50870,CHAVOY
50126,01.43Z,,50870,CHAVOY
50126,32.13Z,PME,50870,CHAVOY
50126,47.72B,PME,50870,CHAVOY
50126,47.99A,PME,50870,CHAVOY
50126,55.20Z,PME,50870,CHAVOY
50126,68.20B,,50870,CHAVOY
50126,68.20B,PME,50870,CHAVOY
50126,73.11Z,PME,50870,CHAVOY
50126,84.11Z,PME,50870,CHAVOY
50126,93.19Z,PME,50870,CHAVOY
50130,01.11Z,,50800,CHERENCE-LE-HERON
50130,01.41Z,,50800,CHERENCE-LE-HERON
50130,01.42Z,,50800,CHERENCE-LE-HERON
50130,01.43Z,,50800,CHERENCE-LE-HERON
50130,01.45Z,,50800,CHERENCE-LE-HERON
50130,01.46Z,,50800,CHERENCE-LE-HERON
50130,01.47Z,,50800,CHERENCE-LE-HERON
50130,01.49Z,,50800,CHERENCE-LE-HERON
50130,01.50Z,,50800,CHERENCE-LE-HERON
50130,27.40Z,PME,50800,CHERENCE-LE-HERON
50130,31.09B,,50800,CHERENCE-LE-HERON
50130,37.00Z,PME,50800,CHERENCE-LE-HERON
50130,43.21A,PME,50800,CHERENCE-LE-HERON
50130,43.22A,PME,50800,CHERENCE-LE-HERON
50130,43.32B,PME,50800,CHERENCE-LE-HERON
50130,47.22Z,PME,50800,CHERENCE-LE-HERON
50130,47.82Z,,50800,CHERENCE-LE-HERON
50130,47.99A,,50800,CHERENCE-LE-HERON
50130,47.99A,PME,50800,CHERENCE-LE-HERON
50130,49.32Z,,50800,CHERENCE-LE-HERON
50130,56.21Z,PME,50800,CHERENCE-LE-HERON
50130,56.30Z,,50800,CHERENCE-LE-HERON
50130,68.20B,,50800,CHERENCE-LE-HERON
50130,73.20Z,,50800,CHERENCE-LE-HERON
50130,74.10Z,,50800,CHERENCE-LE-HERON
50130,74.30Z,PME,50800,CHERENCE-LE-HERON
50130,77.34Z,PME,50800,CHERENCE-LE-HERON
50130,81.21Z,PME,50800,CHERENCE-LE-HERON
50130,81.30Z,,50800,CHERENCE-LE-HERON
50130,84.11Z,PME,50800,CHERENCE-LE-HERON
50130,84.12Z,PME,50800,CHERENCE-LE-HERON
50130,85.20Z,PME,50800,CHERENCE-LE-HERON
50130,85.59B,PME,50800,CHERENCE-LE-HERON
50130,94.91Z,,50800,CHERENCE-LE-HERON
50130,94.99Z,,50800,CHERENCE-LE-HERON
50130,96.02B,,50800,CHERENCE-LE-HERON
50130,96.09Z,,50800,CHERENCE-LE-HERON
50130,96.09Z,PME,50800,CHERENCE-LE-HERON
50137,01.11Z,,50800,LA COLOMBE
50137,01.19Z,,50800,LA COLOMBE
50137,01.24Z,,50800,LA COLOMBE
50137,01.41Z,,50800,LA COLOMBE
50137,01.42Z,,50800,LA COLOMBE
50137,01.43Z,,50800,LA COLOMBE
50137,01.45Z,,50800,LA COLOMBE
50137,01.46Z,,50800,LA COLOMBE
50137,01.47Z,,50800,LA COLOMBE
50137,01.49Z,,50800,LA COLOMBE
50137,01.62Z,,50800,LA COLOMBE
50137,25.50B,PME,50800,LA COLOMBE
50137,25.62B,PME,50800,LA COLOMBE
50137,32.13Z,PME,50800,LA COLOMBE
50137,35.11Z,,50800,LA COLOMBE
50137,37.00Z,PME,50800,LA COLOMBE
50137,41.20A,PME,50800,LA COLOMBE
50137,43.21A,PME,50800,LA COLOMBE
50137,43.29A,PME,50800,LA COLOMBE
50137,43.32A,PME,50800,LA COLOMBE
50137,43.34Z,PME,50800,LA COLOMBE
50137,43.39Z,,50800,LA COLOMBE
50137,43.39Z,PME,50800,LA COLOMBE
50137,43.91A,PME,50800,LA COLOMBE
50137,43.91B,PME,50800,LA COLOMBE
50137,43.99C,PME,50800,LA COLOMBE
50137,45.20A,PME,50800,LA COLOMBE
50137,46.13Z,PME,50800,LA COLOMBE
50137,46.19B,PME,50800,LA COLOMBE
50137,46.23Z,PME,50800,LA COLOMBE
50137,46.61Z,PME,50800,LA COLOMBE
50137,47.11D,GE,50800,LA COLOMBE
50137,47.52B,PME,50800,LA COLOMBE
50137,47.54Z,PME,50800,LA COLOMBE
50137,47.81Z,PME,50800,LA COLOMBE
50137,47.82Z,PME,50800,LA COLOMBE
50137,47.99A,,50800,LA COLOMBE
50137,47.99A,PME,50800,LA COLOMBE
50137,49.41A,PME,50800,LA COLOMBE
50137,53.10Z,GE,50800,LA COLOMBE
50137,55.20Z,PME,50800,LA COLOMBE
50137,56.10A,PME,50800,LA COLOMBE
50137,56.10C,,50800,LA COLOMBE
50137,56.21Z,PME,50800,LA COLOMBE
50137,56.29B,,50800,LA COLOMBE
50137,56.30Z,,50800,LA COLOMBE
50137,56.30Z,PME,50800,LA COLOMBE
50137,64.20Z,PME,50800,LA COLOMBE
50137,66.22Z,PME,50800,LA COLOMBE
50137,66.30Z,PME,50800,LA COLOMBE
50137,68.20A,,50800,LA COLOMBE
50137,68.20B,,50800,LA COLOMBE
50137,68.20B,PME,50800,LA COLOMBE
50137,68.31Z,PME,50800,LA COLOMBE
50137,68.32A,,50800,LA COLOMBE
50137,69.10Z,PME,50800,LA COLOMBE
50137,70.22Z,PME,50800,LA COLOMBE
50137,75.00Z,PME,50800,LA COLOMBE
50137,77.29Z,PME,50800,LA COLOMBE
50137,79.90Z,PME,50800,LA COLOMBE
50137,81.21Z,,50800,LA COLOMBE
50137,81.30Z,PME,50800,LA COLOMBE
50137,82.11Z,PME,50800,LA COLOMBE
50137,84.11Z,PME,50800,LA COLOMBE
50137,86.90D,PME,50800,LA COLOMBE
50137,88.91A,PME,50800,LA COLOMBE
50137,93.12Z,,50800,LA COLOMBE
50137,93.13Z,,50800,LA COLOMBE
50137,94.99Z,,50800,LA COLOMBE
50137,94.99Z,PME,50800,LA COLOMBE
50137,95.11Z,PME,50800,LA COLOMBE
50138,01.11Z,,50700,COLOMBY
50138,01.13Z,,50700,COLOMBY
50138,01.41Z,,50700,COLOMBY
50138,01.42Z,,50700,COLOMBY
50138,01.43Z,,50700,COLOMBY
50138,01.45Z,,50700,COLOMBY
50138,01.47Z,,50700,COLOMBY
50138,01.49Z,,50700,COLOMBY
50138,01.50Z,,50700,COLOMBY
50138,01.61Z,,50700,COLOMBY
50138,33.20A,,50700,COLOMBY
50138,35.11Z,,50700,COLOMBY
50138,35.11Z,PME,50700,COLOMBY
50138,43.12A,PME,50700,COLOMBY
50138,43.22B,PME,50700,COLOMBY
50138,43.32A,,50700,COLOMBY
50138,43.91B,PME,50700,COLOMBY
50138,43.99C,,50700,COLOMBY
50138,43.99C,PME,50700,COLOMBY
50138,45.11Z,PME,50700,COLOMBY
50138,45.19Z,,50700,COLOMBY
50138,46.19A,PME,50700,COLOMBY
50138,47.89Z,PME,50700,COLOMBY
50138,47.91A,PME,50700,COLOMBY
50138,49.32Z,PME,50700,COLOMBY
50138,64.20Z,PME,50700,COLOMBY
50138,68.20A,,50700,COLOMBY
50138,68.20B,,50700,COLOMBY
50138,68.20B,PME,50700,COLOMBY
50138,68.31Z,PME,50700,COLOMBY
50138,70.10Z,,50700,COLOMBY
50138,70.10Z,PME,50700,COLOMBY
50138,70.22Z,PME,50700,COLOMBY
50138,71.12B,PME,50700,COLOMBY
50138,81.30Z,PME,50700,COLOMBY
50138,84.11Z,PME,50700,COLOMBY
50138,85.20Z,PME,50700,COLOMBY
50138,86.90D,PME,50700,COLOMBY
50138,90.03A,PME,50700,COLOMBY
50138,94.99Z,,50700,COLOMBY
50139,01.11Z,,50890,CONDE-SUR-VIRE
50139,01.13Z,,50890,CONDE-SUR-VIRE
50139,01.19Z,,50890,CONDE-SUR-VIRE
50139,01.21Z,,50890,CONDE-SUR-VIRE
50139,01.24Z,,50890,CONDE-SUR-VIRE
50139,01.30Z,,50890,CONDE-SUR-VIRE
50139,01.41Z,,50890,CONDE-SUR-VIRE
50139,01.42Z,,50890,CONDE-SUR-VIRE
50139,01.43Z,,50890,CONDE-SUR-VIRE
50139,01.45Z,,50890,CONDE-SUR-VIRE
50139,01.47Z,,50890,CONDE-SUR-VIRE
50139,01.49Z,,50890,CONDE-SUR-VIRE
50139,01.50Z,,50890,CONDE-SUR-VIRE
50139,01.50Z,PME,50890,CONDE-SUR-VIRE
50139,01.61Z,,50890,CONDE-SUR-VIRE
50139,08.11Z,PME,50890,CONDE-SUR-VIRE
50139,08.99Z,PME,50890,CONDE-SUR-VIRE
50139,10.13B,PME,50890,CONDE-SUR-VIRE
50139,10.51A,GE,50890,CONDE-SUR-VIRE
50139,10.51B,GE,50890,CONDE-SUR-VIRE
50139,10.71C,PME,50890,CONDE-SUR-VIRE
50139,10.91Z,GE,50890,CONDE-SUR-VIRE
50139,11.03Z,PME,50890,CONDE-SUR-VIRE
50139,13.30Z,PME,50890,CONDE-SUR-VIRE
50139,14.13Z,ETI,50890,CONDE-SUR-VIRE
50139,16.29Z,PME,50890,CONDE-SUR-VIRE
50139,24.53Z,,50890,CONDE-SUR-VIRE
50139,25.62B,PME,50890,CONDE-SUR-VIRE
50139,26.20Z,PME,50890,CONDE-SUR-VIRE
50139,28.25Z,PME,50890,CONDE-SUR-VIRE
50139,28.29B,ETI,50890,CONDE-SUR-VIRE
50139,33.20C,GE,50890,CONDE-SUR-VIRE
50139,33.20D,,50890,CONDE-SUR-VIRE
50139,35.11Z,,50890,CONDE-SUR-VIRE
50139,35.11Z,PME,50890,CONDE-SUR-VIRE
50139,38.21Z,GE,50890,CONDE-SUR-VIRE
50139,38.21Z,PME,50890,CONDE-SUR-VIRE
50139,41.20A,,50890,CONDE-SUR-VIRE
50139,42.11Z,PME,50890,CONDE-SUR-VIRE
50139,43.12A,,50890,CONDE-SUR-VIRE
50139,43.12A,PME,50890,CONDE-SUR-VIRE
50139,43.21A,PME,50890,CONDE-SUR-VIRE
50139,43.22A,PME,50890,CONDE-SUR-VIRE
50139,43.22B,ETI,50890,CONDE-SUR-VIRE
50139,43.22B,PME,50890,CONDE-SUR-VIRE
50139,43.29A,PME,50890,CONDE-SUR-VIRE
50139,43.32A,PME,50890,CONDE-SUR-VIRE
50139,43.33Z,PME,50890,CONDE-SUR-VIRE
50139,43.34Z,,50890,CONDE-SUR-VIRE
50139,43.34Z,PME,50890,CONDE-SUR-VIRE
50139,43.39Z,PME,50890,CONDE-SUR-VIRE
50139,43.91B,PME,50890,CONDE-SUR-VIRE
50139,43.99C,,50890,CONDE-SUR-VIRE
50139,43.99C,PME,50890,CONDE-SUR-VIRE
50139,45.11Z,PME,50890,CONDE-SUR-VIRE
50139,45.19Z,PME,50890,CONDE-SUR-VIRE
50139,45.20A,,50890,CONDE-SUR-VIRE
50139,45.20A,PME,50890,CONDE-SUR-VIRE
50139,45.32Z,PME,50890,CONDE-SUR-VIRE
50139,46.13Z,PME,50890,CONDE-SUR-VIRE
50139,46.19B,PME,50890,CONDE-SUR-VIRE
50139,46.21Z,ETI,50890,CONDE-SUR-VIRE
50139,46.21Z,GE,50890,CONDE-SUR-VIRE
50139,46.23Z,PME,50890,CONDE-SUR-VIRE
50139,46.33Z,GE,50890,CONDE-SUR-VIRE
50139,46.46Z,,50890,CONDE-SUR-VIRE
50139,46.61Z,ETI,50890,CONDE-SUR-VIRE
50139,46.61Z,PME,50890,CONDE-SUR-VIRE
50139,46.73B,PME,50890,CONDE-SUR-VIRE
50139,47.11C,PME,50890,CONDE-SUR-VIRE
50139,47.11D,PME,50890,CONDE-SUR-VIRE
50139,47.22Z,PME,50890,CONDE-SUR-VIRE
50139,47.25Z,PME,50890,CONDE-SUR-VIRE
50139,47.71Z,PME,50890,CONDE-SUR-VIRE
50139,47.73Z,PME,50890,CONDE-SUR-VIRE
50139,47.76Z,PME,50890,CONDE-SUR-VIRE
50139,47.78A,PME,50890,CONDE-SUR-VIRE
50139,47.89Z,PME,50890,CONDE-SUR-VIRE
50139,47.91A,,50890,CONDE-SUR-VIRE
50139,47.99A,,50890,CONDE-SUR-VIRE
50139,47.99A,PME,50890,CONDE-SUR-VIRE
50139,47.99B,PME,50890,CONDE-SUR-VIRE
50139,49.32Z,PME,50890,CONDE-SUR-VIRE
50139,49.41A,GE,50890,CONDE-SUR-VIRE
50139,49.41A,PME,50890,CONDE-SUR-VIRE
50139,49.41B,PME,50890,CONDE-SUR-VIRE
50139,52.10A,,50890,CONDE-SUR-VIRE
50139,52.10A,GE,50890,CONDE-SUR-VIRE
50139,53.10Z,GE,50890,CONDE-SUR-VIRE
50139,53.20Z,,50890,CONDE-SUR-VIRE
50139,55.20Z,PME,50890,CONDE-SUR-VIRE
50139,56.10A,PME,50890,CONDE-SUR-VIRE
50139,56.10C,,50890,CONDE-SUR-VIRE
50139,56.10C,PME,50890,CONDE-SUR-VIRE
50139,56.29A,GE,50890,CONDE-SUR-VIRE
50139,56.30Z,,50890,CONDE-SUR-VIRE
50139,56.30Z,PME,50890,CONDE-SUR-VIRE
50139,62.01Z,PME,50890,CONDE-SUR-VIRE
50139,62.02A,PME,50890,CONDE-SUR-VIRE
50139,63.11Z,,50890,CONDE-SUR-VIRE
50139,63.91Z,PME,50890,CONDE-SUR-VIRE
50139,64.19Z,GE,50890,CONDE-SUR-VIRE
50139,64.19Z,PME,50890,CONDE-SUR-VIRE
50139,64.20Z,PME,50890,CONDE-SUR-VIRE
50139,66.22Z,PME,50890,CONDE-SUR-VIRE
50139,66.30Z,PME,50890,CONDE-SUR-VIRE
50139,68.10Z,PME,50890,CONDE-SUR-VIRE
50139,68.20A,,50890,CONDE-SUR-VIRE
50139,68.20A,PME,50890,CONDE-SUR-VIRE
50139,68.20B,,50890,CONDE-SUR-VIRE
50139,68.20B,PME,50890,CONDE-SUR-VIRE
50139,68.31Z,PME,50890,CONDE-SUR-VIRE
50139,69.10Z,,50890,CONDE-SUR-VIRE
50139,70.10Z,,50890,CONDE-SUR-VIRE
50139,70.10Z,GE,50890,CONDE-SUR-VIRE
50139,70.10Z,PME,50890,CONDE-SUR-VIRE
50139,70.21Z,PME,50890,CONDE-SUR-VIRE
50139,70.22Z,,50890,CONDE-SUR-VIRE
50139,70.22Z,PME,50890,CONDE-SUR-VIRE
50139,71.20A,PME,50890,CONDE-SUR-VIRE
50139,73.11Z,PME,50890,CONDE-SUR-VIRE
50139,74.10Z,,50890,CONDE-SUR-VIRE
50139,74.90A,PME,50890,CONDE-SUR-VIRE
50139,74.90B,GE,50890,CONDE-SUR-VIRE
50139,74.90B,PME,50890,CONDE-SUR-VIRE
50139,75.00Z,,50890,CONDE-SUR-VIRE
50139,75.00Z,PME,50890,CONDE-SUR-VIRE
50139,77.11A,,50890,CONDE-SUR-VIRE
50139,77.31Z,PME,50890,CONDE-SUR-VIRE
50139,77.39Z,,50890,CONDE-SUR-VIRE
50139,81.21Z,,50890,CONDE-SUR-VIRE
50139,81.21Z,PME,50890,CONDE-SUR-VIRE
50139,81.22Z,PME,50890,CONDE-SUR-VIRE
50139,81.30Z,PME,50890,CONDE-SUR-VIRE
50139,82.11Z,,50890,CONDE-SUR-VIRE
50139,82.11Z,PME,50890,CONDE-SUR-VIRE
50139,82.19Z,,50890,CONDE-SUR-VIRE
50139,82.19Z,PME,50890,CONDE-SUR-VIRE
50139,85.32Z,PME,50890,CONDE-SUR-VIRE
50139,85.51Z,PME,50890,CONDE-SUR-VIRE
50139,85.52Z,PME,50890,CONDE-SUR-VIRE
50139,85.53Z,PME,50890,CONDE-SUR-VIRE
50139,85.59B,,50890,CONDE-SUR-VIRE
50139,86.21Z,PME,50890,CONDE-SUR-VIRE
50139,86.90D,PME,50890,CONDE-SUR-VIRE
50139,86.90E,,50890,CONDE-SUR-VIRE
50139,86.90E,PME,50890,CONDE-SUR-VIRE
50139,86.90F,,50890,CONDE-SUR-VIRE
50139,86.90F,PME,50890,CONDE-SUR-VIRE
50139,87.20A,ETI,50890,CONDE-SUR-VIRE
50139,88.10A,ETI,50890,CONDE-SUR-VIRE
50139,88.10C,ETI,50890,CONDE-SUR-VIRE
50139,88.91A,ETI,50890,CONDE-SUR-VIRE
50139,90.03B,PME,50890,CONDE-SUR-VIRE
50139,91.01Z,,50890,CONDE-SUR-VIRE
50139,93.12Z,,50890,CONDE-SUR-VIRE
50139,93.12Z,PME,50890,CONDE-SUR-VIRE
50139,93.19Z,,50890,CONDE-SUR-VIRE
50139,93.19Z,PME,50890,CONDE-SUR-VIRE
50139,93.29Z,,50890,CONDE-SUR-VIRE
50139,93.29Z,PME,50890,CONDE-SUR-VIRE
50139,94.12Z,,50890,CONDE-SUR-VIRE
50139,94.20Z,PME,50890,CONDE-SUR-VIRE
50139,94.91Z,,50890,CONDE-SUR-VIRE
50139,94.91Z,PME,50890,CONDE-SUR-VIRE
50139,94.99Z,,50890,CONDE-SUR-VIRE
50139,94.99Z,PME,50890,CONDE-SUR-VIRE
50139,95.11Z,PME,50890,CONDE-SUR-VIRE
50139,95.22Z,PME,50890,CONDE-SUR-VIRE
50139,95.29Z,PME,50890,CONDE-SUR-VIRE
50139,96.02A,PME,50890,CONDE-SUR-VIRE
50139,96.02B,PME,50890,CONDE-SUR-VIRE
50139,96.04Z,,50890,CONDE-SUR-VIRE
50144,01.11Z,,50670,COULOUVRAY-BOISBENATRE
50144,01.19Z,,50670,COULOUVRAY-BOISBENATRE
50144,01.41Z,,50670,COULOUVRAY-BOISBENATRE
50144,01.42Z,,50670,COULOUVRAY-BOISBENATRE
50144,01.43Z,,50670,COULOUVRAY-BOISBENATRE
50144,01.45Z,,50670,COULOUVRAY-BOISBENATRE
50144,01.46Z,,50670,COULOUVRAY-BOISBENATRE
50144,01.50Z,,50670,COULOUVRAY-BOISBENATRE
50144,01.61Z,,50670,COULOUVRAY-BOISBENATRE
50144,16.10A,PME,50670,COULOUVRAY-BOISBENATRE
50144,23.70Z,PME,50670,COULOUVRAY-BOISBENATRE
50144,35.11Z,,50670,COULOUVRAY-BOISBENATRE
50144,35.11Z,PME,50670,COULOUVRAY-BOISBENATRE
50144,37.00Z,PME,50670,COULOUVRAY-BOISBENATRE
50144,43.12B,PME,50670,COULOUVRAY-BOISBENATRE
50144,43.22A,PME,50670,COULOUVRAY-BOISBENATRE
50144,43.34Z,PME,50670,COULOUVRAY-BOISBENATRE
50144,43.39Z,PME,50670,COULOUVRAY-BOISBENATRE
50144,43.99C,PME,50670,COULOUVRAY-BOISBENATRE
50144,46.19B,PME,50670,COULOUVRAY-BOISBENATRE
50144,47.11B,PME,50670,COULOUVRAY-BOISBENATRE
50144,47.19B,PME,50670,COULOUVRAY-BOISBENATRE
50144,55.20Z,PME,50670,COULOUVRAY-BOISBENATRE
50144,56.10A,PME,50670,COULOUVRAY-BOISBENATRE
50144,56.10C,PME,50670,COULOUVRAY-BOISBENATRE
50144,68.20B,,50670,COULOUVRAY-BOISBENATRE
50144,68.20B,PME,50670,COULOUVRAY-BOISBENATRE
50144,70.21Z,PME,50670,COULOUVRAY-BOISBENATRE
50144,74.20Z,,50670,COULOUVRAY-BOISBENATRE
50144,81.21Z,PME,50670,COULOUVRAY-BOISBENATRE
50144,82.20Z,PME,50670,COULOUVRAY-BOISBENATRE
50144,84.11Z,PME,50670,COULOUVRAY-BOISBENATRE
50144,85.20Z,PME,50670,COULOUVRAY-BOISBENATRE
50144,85.59A,,50670,COULOUVRAY-BOISBENATRE
50144,85.59B,,50670,COULOUVRAY-BOISBENATRE
50144,86.90D,,50670,COULOUVRAY-BOISBENATRE
50144,86.90F,PME,50670,COULOUVRAY-BOISBENATRE
50144,90.03A,PME,50670,COULOUVRAY-BOISBENATRE
50144,93.12Z,,50670,COULOUVRAY-BOISBENATRE
50144,94.99Z,,50670,COULOUVRAY-BOISBENATRE
50144,96.09Z,PME,50670,COULOUVRAY-BOISBENATRE
50148,01.11Z,,50680,COUVAINS
50148,01.19Z,,50680,COUVAINS
50148,01.19Z,PME,50680,COUVAINS
50148,01.41Z,,50680,COUVAINS
50148,01.42Z,,50680,COUVAINS
50148,01.43Z,,50680,COUVAINS
50148,01.45Z,,50680,COUVAINS
50148,01.49Z,,50680,COUVAINS
50148,01.50Z,,50680,COUVAINS
50148,02.10Z,,50680,COUVAINS
50148,10.13B,,50680,COUVAINS
50148,10.71C,PME,50680,COUVAINS
50148,15.12Z,PME,50680,COUVAINS
50148,16.29Z,PME,50680,COUVAINS
50148,25.11Z,PME,50680,COUVAINS
50148,33.20A,PME,50680,COUVAINS
50148,36.00Z,GE,50680,COUVAINS
50148,43.12A,PME,50680,COUVAINS
50148,43.22A,PME,50680,COUVAINS
50148,43.32A,PME,50680,COUVAINS
50148,43.99C,PME,50680,COUVAINS
50148,45.32Z,PME,50680,COUVAINS
50148,47.81Z,,50680,COUVAINS
50148,47.81Z,PME,50680,COUVAINS
50148,47.91A,PME,50680,COUVAINS
50148,47.99A,,50680,COUVAINS
50148,49.41A,PME,50680,COUVAINS
50148,55.20Z,,50680,COUVAINS
50148,56.30Z,PME,50680,COUVAINS
50148,64.20Z,PME,50680,COUVAINS
50148,68.10Z,PME,50680,COUVAINS
50148,68.20B,,50680,COUVAINS
50148,68.20B,PME,50680,COUVAINS
50148,70.10Z,,50680,COUVAINS
50148,70.10Z,PME,50680,COUVAINS
50148,73.11Z,PME,50680,COUVAINS
50148,74.90B,,50680,COUVAINS
50148,74.90B,PME,50680,COUVAINS
50148,82.19Z,,50680,COUVAINS
50148,82.30Z,PME,50680,COUVAINS
50148,84.11Z,PME,50680,COUVAINS
50148,90.03A,PME,50680,COUVAINS
50148,93.12Z,,50680,COUVAINS
50148,94.99Z,,50680,COUVAINS
50149,01.11Z,,50690,COUVILLE
50149,01.13Z,,50690,COUVILLE
50149,01.41Z,,50690,COUVILLE
50149,01.41Z,PME,50690,COUVILLE
50149,01.42Z,,50690,COUVILLE
50149,01.43Z,,50690,COUVILLE
50149,01.45Z,,50690,COUVILLE
50149,01.45Z,PME,50690,COUVILLE
50149,01.49Z,,50690,COUVILLE
50149,10.71C,PME,50690,COUVILLE
50149,14.13Z,PME,50690,COUVILLE
50149,25.62B,PME,50690,COUVILLE
50149,25.99B,PME,50690,COUVILLE
50149,32.30Z,,50690,COUVILLE
50149,41.20A,PME,50690,COUVILLE
50149,43.12A,PME,50690,COUVILLE
50149,43.21A,PME,50690,COUVILLE
50149,43.22B,,50690,COUVILLE
50149,43.22B,PME,50690,COUVILLE
50149,43.32A,PME,50690,COUVILLE
50149,43.34Z,PME,50690,COUVILLE
50149,43.91B,PME,50690,COUVILLE
50149,45.20A,PME,50690,COUVILLE
50149,46.19B,PME,50690,COUVILLE
50149,46.23Z,PME,50690,COUVILLE
50149,47.30Z,PME,50690,COUVILLE
50149,47.81Z,PME,50690,COUVILLE
50149,47.89Z,PME,50690,COUVILLE
50149,47.91A,,50690,COUVILLE
50149,47.99A,,50690,COUVILLE
50149,47.99A,PME,50690,COUVILLE
50149,49.32Z,PME,50690,COUVILLE
50149,50.10Z,PME,50690,COUVILLE
50149,55.20Z,PME,50690,COUVILLE
50149,56.10A,PME,50690,COUVILLE
50149,56.10C,PME,50690,COUVILLE
50149,62.03Z,PME,50690,COUVILLE
50149,64.20Z,PME,50690,COUVILLE
50149,68.20A,,50690,COUVILLE
50149,68.20B,,50690,COUVILLE
50149,68.20B,PME,50690,COUVILLE
50149,70.10Z,,50690,COUVILLE
50149,70.10Z,PME,50690,COUVILLE
50149,70.22Z,,50690,COUVILLE
50149,71.20B,PME,50690,COUVILLE
50149,74.20Z,PME,50690,COUVILLE
50149,78.30Z,PME,50690,COUVILLE
50149,81.30Z,PME,50690,COUVILLE
50149,82.11Z,,50690,COUVILLE
50149,82.19Z,PME,50690,COUVILLE
50149,84.11Z,PME,50690,COUVILLE
50149,85.20Z,PME,50690,COUVILLE
50149,85.60Z,,50690,COUVILLE
50149,86.90D,PME,50690,COUVILLE
50149,88.99B,,50690,COUVILLE
50149,90.01Z,PME,50690,COUVILLE
50149,90.03A,PME,50690,COUVILLE
50149,93.19Z,PME,50690,COUVILLE
50149,93.29Z,PME,50690,COUVILLE
50149,94.91Z,PME,50690,COUVILLE
50149,94.99Z,,50690,COUVILLE
50149,94.99Z,PME,50690,COUVILLE
50149,96.02B,PME,50690,COUVILLE
50150,01.11Z,,50630,CRASVILLE
50150,01.13Z,,50630,CRASVILLE
50150,01.41Z,,50630,CRASVILLE
50150,01.42Z,,50630,CRASVILLE
50150,01.43Z,,50630,CRASVILLE
50150,01.49Z,,50630,CRASVILLE
50150,01.62Z,,50630,CRASVILLE
50150,03.11Z,,50630,CRASVILLE
50150,03.21Z,,50630,CRASVILLE
50150,43.22B,PME,50630,CRASVILLE
50150,43.33Z,,50630,CRASVILLE
50150,53.20Z,PME,50630,CRASVILLE
50150,55.20Z,PME,50630,CRASVILLE
50150,68.20A,,50630,CRASVILLE
50150,68.20B,,50630,CRASVILLE
50150,68.20B,PME,50630,CRASVILLE
50150,68.31Z,,50630,CRASVILLE
50150,68.31Z,PME,50630,CRASVILLE
50150,74.90A,,50630,CRASVILLE
50150,84.11Z,PME,50630,CRASVILLE
50150,85.59A,PME,50630,CRASVILLE
50151,01.11Z,,50710,CREANCES
50151,01.13Z,,50710,CREANCES
50151,01.13Z,GE,50710,CREANCES
50151,01.41Z,,50710,CREANCES
50151,01.42Z,,50710,CREANCES
50151,01.49Z,,50710,CREANCES
50151,01.49Z,PME,50710,CREANCES
50151,01.50Z,,50710,CREANCES
50151,01.61Z,,50710,CREANCES
50151,02.10Z,,50710,CREANCES
50151,03.11Z,,50710,CREANCES
50151,10.13B,PME,50710,CREANCES
50151,10.39A,PME,50710,CREANCES
50151,10.71C,PME,50710,CREANCES
50151,14.13Z,PME,50710,CREANCES
50151,16.29Z,PME,50710,CREANCES
50151,18.13Z,PME,50710,CREANCES
50151,25.62B,PME,50710,CREANCES
50151,28.30Z,PME,50710,CREANCES
50151,30.12Z,PME,50710,CREANCES
50151,33.12Z,PME,50710,CREANCES
50151,33.20B,PME,50710,CREANCES
50151,35.11Z,,50710,CREANCES
50151,35.11Z,PME,50710,CREANCES
50151,41.10A,PME,50710,CREANCES
50151,41.10D,PME,50710,CREANCES
50151,41.20B,PME,50710,CREANCES
50151,42.99Z,,50710,CREANCES
50151,42.99Z,PME,50710,CREANCES
50151,43.12A,PME,50710,CREANCES
50151,43.13Z,PME,50710,CREANCES
50151,43.21A,PME,50710,CREANCES
50151,43.22A,PME,50710,CREANCES
50151,43.31Z,PME,50710,CREANCES
50151,43.32A,PME,50710,CREANCES
50151,43.34Z,PME,50710,CREANCES
50151,43.91B,,50710,CREANCES
50151,43.91B,PME,50710,CREANCES
50151,43.99C,PME,50710,CREANCES
50151,43.99D,,50710,CREANCES
50151,45.11Z,PME,50710,CREANCES
50151,45.20A,PME,50710,CREANCES
50151,45.40Z,PME,50710,CREANCES
50151,46.19B,,50710,CREANCES
50151,46.21Z,GE,50710,CREANCES
50151,46.31Z,GE,50710,CREANCES
50151,46.31Z,PME,50710,CREANCES
50151,46.43Z,PME,50710,CREANCES
50151,46.71Z,PME,50710,CREANCES
50151,47.11D,PME,50710,CREANCES
50151,47.22Z,PME,50710,CREANCES
50151,47.26Z,PME,50710,CREANCES
50151,47.30Z,PME,50710,CREANCES
50151,47.52A,GE,50710,CREANCES
50151,47.64Z,PME,50710,CREANCES
50151,47.71Z,PME,50710,CREANCES
50151,47.73Z,,50710,CREANCES
50151,47.76Z,,50710,CREANCES
50151,47.76Z,PME,50710,CREANCES
50151,47.78C,,50710,CREANCES
50151,47.78C,PME,50710,CREANCES
50151,47.79Z,PME,50710,CREANCES
50151,47.81Z,,50710,CREANCES
50151,47.81Z,PME,50710,CREANCES
50151,47.89Z,,50710,CREANCES
50151,47.89Z,PME,50710,CREANCES
50151,47.91B,,50710,CREANCES
50151,47.91B,PME,50710,CREANCES
50151,47.99A,,50710,CREANCES
50151,47.99A,PME,50710,CREANCES
50151,47.99B,,50710,CREANCES
50151,49.41A,,50710,CREANCES
50151,49.41B,,50710,CREANCES
50151,53.10Z,GE,50710,CREANCES
50151,55.20Z,PME,50710,CREANCES
50151,55.30Z,PME,50710,CREANCES
50151,56.10A,,50710,CREANCES
50151,56.10A,PME,50710,CREANCES
50151,56.10C,PME,50710,CREANCES
50151,56.29B,ETI,50710,CREANCES
50151,56.29B,GE,50710,CREANCES
50151,56.30Z,,50710,CREANCES
50151,56.30Z,PME,50710,CREANCES
50151,59.11A,PME,50710,CREANCES
50151,59.20Z,PME,50710,CREANCES
50151,62.01Z,PME,50710,CREANCES
50151,64.19Z,GE,50710,CREANCES
50151,64.20Z,PME,50710,CREANCES
50151,64.30Z,,50710,CREANCES
50151,65.12Z,GE,50710,CREANCES
50151,66.22Z,PME,50710,CREANCES
50151,66.30Z,,50710,CREANCES
50151,68.20A,,50710,CREANCES
50151,68.20A,PME,50710,CREANCES
50151,68.20B,,50710,CREANCES
50151,68.20B,GE,50710,CREANCES
50151,68.20B,PME,50710,CREANCES
50151,68.31Z,PME,50710,CREANCES
50151,68.32A,,50710,CREANCES
50151,69.10Z,PME,50710,CREANCES
50151,70.10Z,,50710,CREANCES
50151,70.10Z,PME,50710,CREANCES
50151,70.21Z,PME,50710,CREANCES
50151,70.22Z,GE,50710,CREANCES
50151,74.20Z,,50710,CREANCES
50151,74.90B,PME,50710,CREANCES
50151,75.00Z,PME,50710,CREANCES
50151,77.21Z,PME,50710,CREANCES
50151,81.10Z,PME,50710,CREANCES
50151,81.21Z,,50710,CREANCES
50151,81.21Z,PME,50710,CREANCES
50151,82.30Z,PME,50710,CREANCES
50151,82.92Z,PME,50710,CREANCES
50151,82.99Z,PME,50710,CREANCES
50151,84.11Z,PME,50710,CREANCES
50151,84.12Z,PME,50710,CREANCES
50151,85.10Z,PME,50710,CREANCES
50151,85.20Z,PME,50710,CREANCES
50151,85.53Z,PME,50710,CREANCES
50151,86.21Z,PME,50710,CREANCES
50151,86.90A,PME,50710,CREANCES
50151,86.90D,PME,50710,CREANCES
50151,86.90E,PME,50710,CREANCES
50151,86.90F,PME,50710,CREANCES
50151,87.10A,PME,50710,CREANCES
50151,88.99B,,50710,CREANCES
50151,90.01Z,PME,50710,CREANCES
50151,90.03A,PME,50710,CREANCES
50151,93.12Z,,50710,CREANCES
50151,94.12Z,PME,50710,CREANCES
50151,94.91Z,,50710,CREANCES
50151,94.91Z,PME,50710,CREANCES
50151,94.99Z,,50710,CREANCES
50151,96.02A,PME,50710,CREANCES
50151,96.02B,PME,50710,CREANCES
50151,96.03Z,,50710,CREANCES
50151,96.03Z,PME,50710,CREANCES
50151,96.09Z,,50710,CREANCES
50151,96.09Z,PME,50710,CREANCES
50158,01.11Z,,50670,CUVES
50158,01.24Z,,50670,CUVES
50158,01.41Z,,50670,CUVES
50158,01.42Z,,50670,CUVES
50158,01.43Z,,50670,CUVES
50158,01.45Z,,50670,CUVES
50158,01.46Z,,50670,CUVES
50158,01.49Z,,50670,CUVES
50158,01.50Z,,50670,CUVES
50158,01.61Z,,50670,CUVES
50158,01.62Z,,50670,CUVES
50158,14.13Z,,50670,CUVES
50158,32.13Z,PME,50670,CUVES
50158,35.11Z,PME,50670,CUVES
50158,38.21Z,PME,50670,CUVES
50158,38.32Z,PME,50670,CUVES
50158,43.31Z,PME,50670,CUVES
50158,43.91A,PME,50670,CUVES
50158,56.10A,,50670,CUVES
50158,56.10A,PME,50670,CUVES
50158,64.20Z,PME,50670,CUVES
50158,68.20B,,50670,CUVES
50158,68.20B,PME,50670,CUVES
50158,74.10Z,PME,50670,CUVES
50158,78.30Z,PME,50670,CUVES
50158,84.11Z,PME,50670,CUVES
50158,85.20Z,PME,50670,CUVES
50158,88.10A,PME,50670,CUVES
50158,88.99B,,50670,CUVES
50158,93.12Z,,50670,CUVES
50158,93.29Z,PME,50670,CUVES
50158,94.99Z,,50670,CUVES
50158,96.09Z,PME,50670,CUVES
50159,01.11Z,,50750,DANGY
50159,01.19Z,,50750,DANGY
50159,01.41Z,,50750,DANGY
50159,01.42Z,,50750,DANGY
50159,01.43Z,,50750,DANGY
50159,01.45Z,,50750,DANGY
50159,01.50Z,,50750,DANGY
50159,01.61Z,,50750,DANGY
50159,01.62Z,,50750,DANGY
50159,03.11Z,,50750,DANGY
50159,10.13A,PME,50750,DANGY
50159,10.71C,PME,50750,DANGY
50159,25.62B,PME,50750,DANGY
50159,43.21A,,50750,DANGY
50159,43.31Z,PME,50750,DANGY
50159,43.32A,PME,50750,DANGY
50159,43.39Z,,50750,DANGY
50159,43.99D,PME,50750,DANGY
50159,45.20A,,50750,DANGY
50159,47.11B,PME,50750,DANGY
50159,47.79Z,PME,50750,DANGY
50159,47.89Z,PME,50750,DANGY
50159,47.91B,,50750,DANGY
50159,47.99A,PME,50750,DANGY
50159,49.32Z,PME,50750,DANGY
50159,49.41B,PME,50750,DANGY
50159,55.20Z,PME,50750,DANGY
50159,56.10C,PME,50750,DANGY
50159,56.21Z,PME,50750,DANGY
50159,56.30Z,PME,50750,DANGY
50159,61.90Z,PME,50750,DANGY
50159,62.01Z,PME,50750,DANGY
50159,68.20A,,50750,DANGY
50159,68.20A,PME,50750,DANGY
50159,68.20B,,50750,DANGY
50159,68.20B,PME,50750,DANGY
50159,68.32A,,50750,DANGY
50159,70.10Z,,50750,DANGY
50159,70.10Z,PME,50750,DANGY
50159,81.30Z,PME,50750,DANGY
50159,84.11Z,PME,50750,DANGY
50159,84.12Z,PME,50750,DANGY
50159,85.20Z,PME,50750,DANGY
50159,86.90E,PME,50750,DANGY
50159,87.30A,PME,50750,DANGY
50159,88.91A,,50750,DANGY
50159,90.01Z,PME,50750,DANGY
50159,90.02Z,PME,50750,DANGY
50159,91.03Z,,50750,DANGY
50159,93.12Z,,50750,DANGY
50159,93.12Z,PME,50750,DANGY
50159,93.19Z,,50750,DANGY
50159,93.19Z,PME,50750,DANGY
50159,94.99Z,,50750,DANGY
50159,96.02B,PME,50750,DANGY
50159,96.09Z,PME,50750,DANGY
50161,01.11Z,,50620,LE DEZERT
50161,01.41Z,,50620,LE DEZERT
50161,01.42Z,,50620,LE DEZERT
50161,01.43Z,,50620,LE DEZERT
50161,01.50Z,,50620,LE DEZERT
50161,01.62Z,,50620,LE DEZERT
50161,10.71C,PME,50620,LE DEZERT
50161,18.20Z,PME,50620,LE DEZERT
50161,25.62B,,50620,LE DEZERT
50161,27.33Z,PME,50620,LE DEZERT
50161,33.20A,PME,50620,LE DEZERT
50161,35.11Z,PME,50620,LE DEZERT
50161,36.00Z,GE,50620,LE DEZERT
50161,42.11Z,PME,50620,LE DEZERT
50161,43.32A,,50620,LE DEZERT
50161,43.34Z,PME,50620,LE DEZERT
50161,43.91B,PME,50620,LE DEZERT
50161,45.20A,PME,50620,LE DEZERT
50161,47.75Z,PME,50620,LE DEZERT
50161,47.81Z,PME,50620,LE DEZERT
50161,47.89Z,PME,50620,LE DEZERT
50161,47.99B,PME,50620,LE DEZERT
50161,56.10A,PME,50620,LE DEZERT
50161,64.20Z,PME,50620,LE DEZERT
50161,66.19B,PME,50620,LE DEZERT
50161,68.20B,,50620,LE DEZERT
50161,68.20B,PME,50620,LE DEZERT
50161,70.22Z,PME,50620,LE DEZERT
50161,74.20Z,PME,50620,LE DEZERT
50161,74.90B,PME,50620,LE DEZERT
50161,82.99Z,PME,50620,LE DEZERT
50161,84.11Z,PME,50620,LE DEZERT
50161,85.20Z,PME,50620,LE DEZERT
50161,85.51Z,PME,50620,LE DEZERT
50161,87.10A,PME,50620,LE DEZERT
50161,88.99B,,50620,LE DEZERT
50161,90.01Z,,50620,LE DEZERT
50161,93.12Z,,50620,LE DEZERT
50161,93.19Z,PME,50620,LE DEZERT
50161,94.99Z,,50620,LE DEZERT
50161,96.02B,PME,50620,LE DEZERT
50161,96.09Z,PME,50620,LE DEZERT
50167,01.11Z,,50530,DRAGEY-RONTHON
50167,01.13Z,,50530,DRAGEY-RONTHON
50167,01.24Z,,50530,DRAGEY-RONTHON
50167,01.24Z,PME,50530,DRAGEY-RONTHON
50167,01.41Z,,50530,DRAGEY-RONTHON
50167,01.42Z,,50530,DRAGEY-RONTHON
50167,01.43Z,,50530,DRAGEY-RONTHON
50167,01.43Z,PME,50530,DRAGEY-RONTHON
50167,01.47Z,,50530,DRAGEY-RONTHON
50167,01.49Z,,50530,DRAGEY-RONTHON
50167,01.49Z,PME,50530,DRAGEY-RONTHON
50167,01.50Z,,50530,DRAGEY-RONTHON
50167,01.62Z,,50530,DRAGEY-RONTHON
50167,10.71C,,50530,DRAGEY-RONTHON
50167,31.09B,PME,50530,DRAGEY-RONTHON
50167,32.50A,,50530,DRAGEY-RONTHON
50167,33.11Z,PME,50530,DRAGEY-RONTHON
50167,33.20B,,50530,DRAGEY-RONTHON
50167,37.00Z,PME,50530,DRAGEY-RONTHON
50167,43.12A,,50530,DRAGEY-RONTHON
50167,43.12A,PME,50530,DRAGEY-RONTHON
50167,43.32C,PME,50530,DRAGEY-RONTHON
50167,43.34Z,PME,50530,DRAGEY-RONTHON
50167,43.91B,PME,50530,DRAGEY-RONTHON
50167,43.99B,PME,50530,DRAGEY-RONTHON
50167,43.99C,PME,50530,DRAGEY-RONTHON
50167,46.34Z,PME,50530,DRAGEY-RONTHON
50167,46.38A,PME,50530,DRAGEY-RONTHON
50167,47.30Z,PME,50530,DRAGEY-RONTHON
50167,47.71Z,PME,50530,DRAGEY-RONTHON
50167,47.79Z,,50530,DRAGEY-RONTHON
50167,47.89Z,,50530,DRAGEY-RONTHON
50167,47.89Z,PME,50530,DRAGEY-RONTHON
50167,47.91B,,50530,DRAGEY-RONTHON
50167,47.99A,PME,50530,DRAGEY-RONTHON
50167,49.39B,PME,50530,DRAGEY-RONTHON
50167,51.10Z,PME,50530,DRAGEY-RONTHON
50167,55.20Z,PME,50530,DRAGEY-RONTHON
50167,55.30Z,PME,50530,DRAGEY-RONTHON
50167,56.10A,,50530,DRAGEY-RONTHON
50167,56.10A,PME,50530,DRAGEY-RONTHON
50167,56.10C,PME,50530,DRAGEY-RONTHON
50167,56.29B,PME,50530,DRAGEY-RONTHON
50167,59.12Z,PME,50530,DRAGEY-RONTHON
50167,64.20Z,PME,50530,DRAGEY-RONTHON
50167,68.10Z,,50530,DRAGEY-RONTHON
50167,68.20A,,50530,DRAGEY-RONTHON
50167,68.20A,PME,50530,DRAGEY-RONTHON
50167,68.20B,,50530,DRAGEY-RONTHON
50167,68.20B,PME,50530,DRAGEY-RONTHON
50167,68.31Z,,50530,DRAGEY-RONTHON
50167,68.32A,,50530,DRAGEY-RONTHON
50167,68.32A,PME,50530,DRAGEY-RONTHON
50167,69.10Z,PME,50530,DRAGEY-RONTHON
50167,69.20Z,PME,50530,DRAGEY-RONTHON
50167,70.10Z,PME,50530,DRAGEY-RONTHON
50167,70.22Z,PME,50530,DRAGEY-RONTHON
50167,71.11Z,PME,50530,DRAGEY-RONTHON
50167,71.12B,PME,50530,DRAGEY-RONTHON
50167,75.00Z,PME,50530,DRAGEY-RONTHON
50167,79.90Z,,50530,DRAGEY-RONTHON
50167,79.90Z,PME,50530,DRAGEY-RONTHON
50167,81.30Z,PME,50530,DRAGEY-RONTHON
50167,82.30Z,PME,50530,DRAGEY-RONTHON
50167,84.11Z,,50530,DRAGEY-RONTHON
50167,84.11Z,PME,50530,DRAGEY-RONTHON
50167,84.12Z,PME,50530,DRAGEY-RONTHON
50167,85.20Z,PME,50530,DRAGEY-RONTHON
50167,85.51Z,PME,50530,DRAGEY-RONTHON
50167,85.52Z,,50530,DRAGEY-RONTHON
50167,86.90D,PME,50530,DRAGEY-RONTHON
50167,86.90E,PME,50530,DRAGEY-RONTHON
50167,86.90F,PME,50530,DRAGEY-RONTHON
50167,90.01Z,,50530,DRAGEY-RONTHON
50167,91.03Z,,50530,DRAGEY-RONTHON
50167,93.11Z,PME,50530,DRAGEY-RONTHON
50167,93.12Z,,50530,DRAGEY-RONTHON
50167,93.19Z,,50530,DRAGEY-RONTHON
50167,93.19Z,PME,50530,DRAGEY-RONTHON
50167,93.29Z,,50530,DRAGEY-RONTHON
50167,93.29Z,PME,50530,DRAGEY-RONTHON
50167,94.91Z,PME,50530,DRAGEY-RONTHON
50167,94.99Z,,50530,DRAGEY-RONTHON
50167,94.99Z,PME,50530,DRAGEY-RONTHON
50167,95.11Z,,50530,DRAGEY-RONTHON
50167,95.29Z,PME,50530,DRAGEY-RONTHON
50167,96.02A,PME,50530,DRAGEY-RONTHON
50167,96.09Z,,50530,DRAGEY-RONTHON
50167,96.09Z,PME,50530,DRAGEY-RONTHON
50178,01.11Z,,50840,FERMANVILLE
50178,01.13Z,,50840,FERMANVILLE
50178,01.28Z,,50840,FERMANVILLE
50178,01.41Z,,50840,FERMANVILLE
50178,01.42Z,,50840,FERMANVILLE
50178,01.43Z,,50840,FERMANVILLE
50178,01.45Z,,50840,FERMANVILLE
50178,01.49Z,,50840,FERMANVILLE
50178,03.11Z,,50840,FERMANVILLE
50178,03.21Z,,50840,FERMANVILLE
50178,10.71C,PME,50840,FERMANVILLE
50178,13.92Z,,50840,FERMANVILLE
50178,14.13Z,PME,50840,FERMANVILLE
50178,16.29Z,PME,50840,FERMANVILLE
50178,31.01Z,,50840,FERMANVILLE
50178,32.99Z,PME,50840,FERMANVILLE
50178,33.12Z,PME,50840,FERMANVILLE
50178,42.99Z,,50840,FERMANVILLE
50178,43.21A,PME,50840,FERMANVILLE
50178,43.22A,PME,50840,FERMANVILLE
50178,43.32A,,50840,FERMANVILLE
50178,43.32A,PME,50840,FERMANVILLE
50178,43.33Z,PME,50840,FERMANVILLE
50178,46.19B,PME,50840,FERMANVILLE
50178,46.22Z,PME,50840,FERMANVILLE
50178,46.69B,,50840,FERMANVILLE
50178,46.73A,PME,50840,FERMANVILLE
50178,47.81Z,PME,50840,FERMANVILLE
50178,47.89Z,PME,50840,FERMANVILLE
50178,47.99A,PME,50840,FERMANVILLE
50178,55.10Z,PME,50840,FERMANVILLE
50178,55.20Z,,50840,FERMANVILLE
50178,55.20Z,PME,50840,FERMANVILLE
50178,55.30Z,PME,50840,FERMANVILLE
50178,56.10A,PME,50840,FERMANVILLE
50178,56.21Z,PME,50840,FERMANVILLE
50178,56.30Z,PME,50840,FERMANVILLE
50178,62.01Z,,50840,FERMANVILLE
50178,64.20Z,PME,50840,FERMANVILLE
50178,64.30Z,PME,50840,FERMANVILLE
50178,66.19A,PME,50840,FERMANVILLE
50178,68.20A,,50840,FERMANVILLE
50178,68.20B,,50840,FERMANVILLE
50178,68.20B,PME,50840,FERMANVILLE
50178,68.31Z,,50840,FERMANVILLE
50178,68.32A,,50840,FERMANVILLE
50178,70.10Z,,50840,FERMANVILLE
50178,70.10Z,PME,50840,FERMANVILLE
50178,70.22Z,PME,50840,FERMANVILLE
50178,71.12B,,50840,FERMANVILLE
50178,73.11Z,PME,50840,FERMANVILLE
50178,74.20Z,PME,50840,FERMANVILLE
50178,79.11Z,PME,50840,FERMANVILLE
50178,79.90Z,,50840,FERMANVILLE
50178,81.21Z,PME,50840,FERMANVILLE
50178,84.11Z,PME,50840,FERMANVILLE
50178,85.20Z,PME,50840,FERMANVILLE
50178,86.21Z,PME,50840,FERMANVILLE
50178,86.90D,PME,50840,FERMANVILLE
50178,86.90F,PME,50840,FERMANVILLE
50178,88.99B,PME,50840,FERMANVILLE
50178,90.01Z,,50840,FERMANVILLE
50178,90.01Z,PME,50840,FERMANVILLE
50178,90.02Z,,50840,FERMANVILLE
50178,90.03A,PME,50840,FERMANVILLE
50178,90.03B,PME,50840,FERMANVILLE
50178,93.12Z,,50840,FERMANVILLE
50178,93.19Z,PME,50840,FERMANVILLE
50178,93.29Z,,50840,FERMANVILLE
50178,93.29Z,PME,50840,FERMANVILLE
50178,94.99Z,,50840,FERMANVILLE
50178,94.99Z,PME,50840,FERMANVILLE
50178,95.11Z,PME,50840,FERMANVILLE
50178,95.29Z,,50840,FERMANVILLE
50178,96.03Z,PME,50840,FERMANVILLE
50178,96.04Z,,50840,FERMANVILLE
50178,96.09Z,,50840,FERMANVILLE
50178,96.09Z,PME,50840,FERMANVILLE
50183,01.11Z,,50580,FIERVILLE-LES-MINES
50183,01.24Z,,50580,FIERVILLE-LES-MINES
50183,01.29Z,,50580,FIERVILLE-LES-MINES
50183,01.41Z,,50580,FIERVILLE-LES-MINES
50183,01.42Z,,50580,FIERVILLE-LES-MINES
50183,01.43Z,,50580,FIERVILLE-LES-MINES
50183,01.45Z,,50580,FIERVILLE-LES-MINES
50183,01.49Z,,50580,FIERVILLE-LES-MINES
50183,01.62Z,,50580,FIERVILLE-LES-MINES
50183,03.11Z,,50580,FIERVILLE-LES-MINES
50183,10.39B,PME,50580,FIERVILLE-LES-MINES
50183,14.39Z,PME,50580,FIERVILLE-LES-MINES
50183,41.10D,PME,50580,FIERVILLE-LES-MINES
50183,43.22A,PME,50580,FIERVILLE-LES-MINES
50183,43.32A,PME,50580,FIERVILLE-LES-MINES
50183,47.99A,,50580,FIERVILLE-LES-MINES
50183,47.99A,PME,50580,FIERVILLE-LES-MINES
50183,49.41B,PME,50580,FIERVILLE-LES-MINES
50183,49.41C,PME,50580,FIERVILLE-LES-MINES
50183,55.20Z,PME,50580,FIERVILLE-LES-MINES
50183,56.10A,PME,50580,FIERVILLE-LES-MINES
50183,56.10C,PME,50580,FIERVILLE-LES-MINES
50183,64.20Z,PME,50580,FIERVILLE-LES-MINES
50183,68.20A,,50580,FIERVILLE-LES-MINES
50183,68.20A,PME,50580,FIERVILLE-LES-MINES
50183,68.20B,,50580,FIERVILLE-LES-MINES
50183,68.20B,PME,50580,FIERVILLE-LES-MINES
50183,70.10Z,,50580,FIERVILLE-LES-MINES
50183,70.10Z,PME,50580,FIERVILLE-LES-MINES
50183,84.11Z,PME,50580,FIERVILLE-LES-MINES
50183,85.59A,PME,50580,FIERVILLE-LES-MINES
50183,93.29Z,PME,50580,FIERVILLE-LES-MINES
50183,94.99Z,,50580,FIERVILLE-LES-MINES
50183,96.02A,PME,50580,FIERVILLE-LES-MINES
50183,96.09Z,,50580,FIERVILLE-LES-MINES
50185,01.11Z,,50800,FLEURY
50185,01.24Z,,50800,FLEURY
50185,01.41Z,,50800,FLEURY
50185,01.42Z,,50800,FLEURY
50185,01.43Z,,50800,FLEURY
50185,01.45Z,,50800,FLEURY
50185,01.46Z,,50800,FLEURY
50185,01.49Z,,50800,FLEURY
50185,01.61Z,,50800,FLEURY
50185,10.71C,,50800,FLEURY
50185,10.71C,PME,50800,FLEURY
50185,14.19Z,PME,50800,FLEURY
50185,32.99Z,,50800,FLEURY
50185,33.20A,PME,50800,FLEURY
50185,41.10A,PME,50800,FLEURY
50185,41.20A,PME,50800,FLEURY
50185,43.13Z,PME,50800,FLEURY
50185,43.21A,PME,50800,FLEURY
50185,43.22A,PME,50800,FLEURY
50185,43.29B,,50800,FLEURY
50185,43.31Z,PME,50800,FLEURY
50185,43.32A,PME,50800,FLEURY
50185,43.33Z,PME,50800,FLEURY
50185,43.34Z,,50800,FLEURY
50185,43.39Z,,50800,FLEURY
50185,43.91B,PME,50800,FLEURY
50185,43.99C,PME,50800,FLEURY
50185,45.11Z,,50800,FLEURY
50185,45.11Z,PME,50800,FLEURY
50185,45.20A,PME,50800,FLEURY
50185,46.61Z,GE,50800,FLEURY
50185,46.61Z,PME,50800,FLEURY
50185,47.91A,PME,50800,FLEURY
50185,47.99A,PME,50800,FLEURY
50185,49.41B,PME,50800,FLEURY
50185,55.20Z,PME,50800,FLEURY
50185,56.10A,PME,50800,FLEURY
50185,56.10C,PME,50800,FLEURY
50185,62.01Z,,50800,FLEURY
50185,64.20Z,PME,50800,FLEURY
50185,66.30Z,PME,50800,FLEURY
50185,68.10Z,PME,50800,FLEURY
50185,68.20A,,50800,FLEURY
50185,68.20A,PME,50800,FLEURY
50185,68.20B,,50800,FLEURY
50185,68.20B,PME,50800,FLEURY
50185,70.10Z,,50800,FLEURY
50185,70.10Z,PME,50800,FLEURY
50185,71.11Z,PME,50800,FLEURY
50185,71.12B,PME,50800,FLEURY
50185,71.20B,PME,50800,FLEURY
50185,81.21Z,PME,50800,FLEURY
50185,81.30Z,,50800,FLEURY
50185,81.30Z,PME,50800,FLEURY
50185,84.11Z,PME,50800,FLEURY
50185,84.13Z,ETI,50800,FLEURY
50185,85.20Z,PME,50800,FLEURY
50185,85.51Z,PME,50800,FLEURY
50185,85.52Z,PME,50800,FLEURY
50185,85.59B,,50800,FLEURY
50185,85.59B,PME,50800,FLEURY
50185,86.90E,PME,50800,FLEURY
50185,86.90F,PME,50800,FLEURY
50185,90.01Z,,50800,FLEURY
50185,90.03A,PME,50800,FLEURY
50185,93.12Z,,50800,FLEURY
50185,94.99Z,,50800,FLEURY
50185,95.29Z,PME,50800,FLEURY
50185,96.02B,PME,50800,FLEURY
50185,96.04Z,PME,50800,FLEURY
50185,96.09Z,PME,50800,FLEURY
50186,01.11Z,,50700,FLOTTEMANVILLE
50186,01.41Z,,50700,FLOTTEMANVILLE
50186,01.42Z,,50700,FLOTTEMANVILLE
50186,01.49Z,,50700,FLOTTEMANVILLE
50186,01.61Z,,50700,FLOTTEMANVILLE
50186,43.32A,,50700,FLOTTEMANVILLE
50186,43.32A,PME,50700,FLOTTEMANVILLE
50186,45.11Z,PME,50700,FLOTTEMANVILLE
50186,47.99A,PME,50700,FLOTTEMANVILLE
50186,55.20Z,PME,50700,FLOTTEMANVILLE
50186,56.30Z,PME,50700,FLOTTEMANVILLE
50186,68.20A,,50700,FLOTTEMANVILLE
50186,68.20B,,50700,FLOTTEMANVILLE
50186,68.20B,PME,50700,FLOTTEMANVILLE
50186,68.31Z,PME,50700,FLOTTEMANVILLE
50186,74.20Z,PME,50700,FLOTTEMANVILLE
50186,81.22Z,PME,50700,FLOTTEMANVILLE
50186,81.30Z,PME,50700,FLOTTEMANVILLE
50186,84.11Z,PME,50700,FLOTTEMANVILLE
50186,86.21Z,PME,50700,FLOTTEMANVILLE
50186,93.19Z,PME,50700,FLOTTEMANVILLE
50186,94.99Z,,50700,FLOTTEMANVILLE
50193,01.11Z,,50850,LE FRESNE-PORET
50193,01.19Z,,50850,LE FRESNE-PORET
50193,01.41Z,,50850,LE FRESNE-PORET
50193,01.42Z,,50850,LE FRESNE-PORET
50193,01.42Z,PME,50850,LE FRESNE-PORET
50193,01.47Z,,50850,LE FRESNE-PORET
50193,01.61Z,,50850,LE FRESNE-PORET
50193,02.10Z,,50850,LE FRESNE-PORET
50193,10.71C,PME,50850,LE FRESNE-PORET
50193,25.73B,PME,50850,LE FRESNE-PORET
50193,43.12A,PME,50850,LE FRESNE-PORET
50193,43.91A,PME,50850,LE FRESNE-PORET
50193,47.79Z,PME,50850,LE FRESNE-PORET
50193,47.81Z,PME,50850,LE FRESNE-PORET
50193,47.99A,PME,50850,LE FRESNE-PORET
50193,56.10A,PME,50850,LE FRESNE-PORET
50193,68.20A,,50850,LE FRESNE-PORET
50193,68.20B,PME,50850,LE FRESNE-PORET
50193,70.22Z,,50850,LE FRESNE-PORET
50193,73.11Z,PME,50850,LE FRESNE-PORET
50193,74.10Z,PME,50850,LE FRESNE-PORET
50193,84.11Z,PME,50850,LE FRESNE-PORET
50193,88.99B,,50850,LE FRESNE-PORET
50193,94.99Z,,50850,LE FRESNE-PORET
50193,96.09Z,,50850,LE FRESNE-PORET
50193,96.09Z,PME,50850,LE FRESNE-PORET
50196,01.13Z,,50760,GATTEVILLE-LE-PHARE
50196,01.41Z,,50760,GATTEVILLE-LE-PHARE
50196,01.42Z,,50760,GATTEVILLE-LE-PHARE
50196,01.43Z,,50760,GATTEVILLE-LE-PHARE
50196,01.45Z,,50760,GATTEVILLE-LE-PHARE
50196,01.49Z,,50760,GATTEVILLE-LE-PHARE
50196,03.11Z,,50760,GATTEVILLE-LE-PHARE
50196,03.21Z,,50760,GATTEVILLE-LE-PHARE
50196,10.71C,PME,50760,GATTEVILLE-LE-PHARE
50196,16.29Z,,50760,GATTEVILLE-LE-PHARE
50196,43.91B,PME,50760,GATTEVILLE-LE-PHARE
50196,46.19B,PME,50760,GATTEVILLE-LE-PHARE
50196,49.41A,PME,50760,GATTEVILLE-LE-PHARE
50196,49.41B,PME,50760,GATTEVILLE-LE-PHARE
50196,55.20Z,,50760,GATTEVILLE-LE-PHARE
50196,55.20Z,PME,50760,GATTEVILLE-LE-PHARE
50196,55.30Z,PME,50760,GATTEVILLE-LE-PHARE
50196,56.10A,,50760,GATTEVILLE-LE-PHARE
50196,64.20Z,PME,50760,GATTEVILLE-LE-PHARE
50196,66.30Z,PME,50760,GATTEVILLE-LE-PHARE
50196,68.20A,,50760,GATTEVILLE-LE-PHARE
50196,68.20A,PME,50760,GATTEVILLE-LE-PHARE
50196,68.20B,,50760,GATTEVILLE-LE-PHARE
50196,68.20B,PME,50760,GATTEVILLE-LE-PHARE
50196,70.10Z,PME,50760,GATTEVILLE-LE-PHARE
50196,70.22Z,PME,50760,GATTEVILLE-LE-PHARE
50196,72.19Z,ETI,50760,GATTEVILLE-LE-PHARE
50196,74.20Z,PME,50760,GATTEVILLE-LE-PHARE
50196,75.00Z,PME,50760,GATTEVILLE-LE-PHARE
50196,78.30Z,PME,50760,GATTEVILLE-LE-PHARE
50196,81.30Z,PME,50760,GATTEVILLE-LE-PHARE
50196,84.11Z,PME,50760,GATTEVILLE-LE-PHARE
50196,86.90F,PME,50760,GATTEVILLE-LE-PHARE
50196,90.03A,PME,50760,GATTEVILLE-LE-PHARE
50196,93.12Z,PME,50760,GATTEVILLE-LE-PHARE
50196,93.29Z,,50760,GATTEVILLE-LE-PHARE
50196,94.91Z,,50760,GATTEVILLE-LE-PHARE
50196,94.91Z,PME,50760,GATTEVILLE-LE-PHARE
50196,94.99Z,,50760,GATTEVILLE-LE-PHARE
50196,96.09Z,,50760,GATTEVILLE-LE-PHARE
50196,96.09Z,PME,50760,GATTEVILLE-LE-PHARE
50198,01.11Z,,50560,GEFFOSSES
50198,01.13Z,,50560,GEFFOSSES
50198,01.41Z,,50560,GEFFOSSES
50198,01.42Z,,50560,GEFFOSSES
50198,01.43Z,,50560,GEFFOSSES
50198,01.49Z,,50560,GEFFOSSES
50198,01.50Z,,50560,GEFFOSSES
50198,10.71C,PME,50560,GEFFOSSES
50198,14.19Z,PME,50560,GEFFOSSES
50198,16.29Z,PME,50560,GEFFOSSES
50198,38.12Z,PME,50560,GEFFOSSES
50198,42.99Z,,50560,GEFFOSSES
50198,43.12A,,50560,GEFFOSSES
50198,43.22A,PME,50560,GEFFOSSES
50198,43.22B,PME,50560,GEFFOSSES
50198,43.34Z,PME,50560,GEFFOSSES
50198,43.91B,,50560,GEFFOSSES
50198,43.91B,PME,50560,GEFFOSSES
50198,43.99C,PME,50560,GEFFOSSES
50198,45.11Z,PME,50560,GEFFOSSES
50198,46.13Z,PME,50560,GEFFOSSES
50198,47.81Z,PME,50560,GEFFOSSES
50198,47.99A,PME,50560,GEFFOSSES
50198,49.41A,PME,50560,GEFFOSSES
50198,53.20Z,,50560,GEFFOSSES
50198,53.20Z,PME,50560,GEFFOSSES
50198,55.30Z,PME,50560,GEFFOSSES
50198,56.10A,PME,50560,GEFFOSSES
50198,59.20Z,,50560,GEFFOSSES
50198,62.02A,PME,50560,GEFFOSSES
50198,64.20Z,PME,50560,GEFFOSSES
50198,66.30Z,PME,50560,GEFFOSSES
50198,68.20A,,50560,GEFFOSSES
50198,68.20B,,50560,GEFFOSSES
50198,68.20B,PME,50560,GEFFOSSES
50198,68.31Z,PME,50560,GEFFOSSES
50198,68.32A,,50560,GEFFOSSES
50198,71.11Z,PME,50560,GEFFOSSES
50198,81.21Z,,50560,GEFFOSSES
50198,82.99Z,PME,50560,GEFFOSSES
50198,84.11Z,PME,50560,GEFFOSSES
50198,85.20Z,PME,50560,GEFFOSSES
50198,86.90D,,50560,GEFFOSSES
50198,90.03A,PME,50560,GEFFOSSES
50198,93.29Z,,50560,GEFFOSSES
50198,94.91Z,,50560,GEFFOSSES
50198,94.99Z,,50560,GEFFOSSES
50199,01.11Z,,50530,GENETS
50199,01.13Z,,50530,GENETS
50199,01.13Z,PME,50530,GENETS
50199,01.21Z,PME,50530,GENETS
50199,01.41Z,,50530,GENETS
50199,01.42Z,,50530,GENETS
50199,01.43Z,,50530,GENETS
50199,01.45Z,,50530,GENETS
50199,02.10Z,,50530,GENETS
50199,03.11Z,,50530,GENETS
50199,03.21Z,,50530,GENETS
50199,10.71C,PME,50530,GENETS
50199,14.13Z,PME,50530,GENETS
50199,37.00Z,PME,50530,GENETS
50199,41.10D,PME,50530,GENETS
50199,43.12A,PME,50530,GENETS
50199,43.22A,PME,50530,GENETS
50199,43.32A,PME,50530,GENETS
50199,43.33Z,PME,50530,GENETS
50199,45.11Z,,50530,GENETS
50199,45.20A,PME,50530,GENETS
50199,46.19B,PME,50530,GENETS
50199,46.49Z,PME,50530,GENETS
50199,47.11B,,50530,GENETS
50199,47.23Z,PME,50530,GENETS
50199,47.64Z,PME,50530,GENETS
50199,47.79Z,PME,50530,GENETS
50199,47.81Z,PME,50530,GENETS
50199,47.99A,PME,50530,GENETS
50199,49.32Z,PME,50530,GENETS
50199,55.20Z,,50530,GENETS
50199,55.20Z,PME,50530,GENETS
50199,55.30Z,PME,50530,GENETS
50199,56.10A,PME,50530,GENETS
50199,56.10C,PME,50530,GENETS
50199,56.30Z,,50530,GENETS
50199,56.30Z,PME,50530,GENETS
50199,62.01Z,,50530,GENETS
50199,64.20Z,PME,50530,GENETS
50199,64.99Z,PME,50530,GENETS
50199,66.22Z,PME,50530,GENETS
50199,68.20A,,50530,GENETS
50199,68.20B,,50530,GENETS
50199,68.20B,PME,50530,GENETS
50199,72.19Z,,50530,GENETS
50199,74.90B,PME,50530,GENETS
50199,77.32Z,PME,50530,GENETS
50199,79.90Z,,50530,GENETS
50199,79.90Z,PME,50530,GENETS
50199,81.22Z,PME,50530,GENETS
50199,84.11Z,PME,50530,GENETS
50199,85.51Z,PME,50530,GENETS
50199,86.90D,PME,50530,GENETS
50199,86.90E,PME,50530,GENETS
50199,88.99B,,50530,GENETS
50199,90.01Z,,50530,GENETS
50199,90.01Z,PME,50530,GENETS
50199,90.03A,PME,50530,GENETS
50199,90.03B,PME,50530,GENETS
50199,93.12Z,,50530,GENETS
50199,93.19Z,PME,50530,GENETS
50199,93.29Z,PME,50530,GENETS
50199,94.99Z,,50530,GENETS
50199,95.11Z,PME,50530,GENETS
50199,96.02A,PME,50530,GENETS
50199,96.09Z,,50530,GENETS
50199,96.09Z,PME,50530,GENETS
50200,01.11Z,,50850,GER
50200,01.19Z,,50850,GER
50200,01.24Z,,50850,GER
50200,01.41Z,,50850,GER
50200,01.42Z,,50850,GER
50200,01.43Z,,50850,GER
50200,01.45Z,,50850,GER
50200,01.46Z,,50850,GER
50200,01.47Z,,50850,GER
50200,01.49Z,,50850,GER
50200,01.50Z,,50850,GER
50200,01.61Z,,50850,GER
50200,02.10Z,,50850,GER
50200,02.20Z,PME,50850,GER
50200,10.39B,,50850,GER
50200,10.71C,PME,50850,GER
50200,18.13Z,PME,50850,GER
50200,23.41Z,PME,50850,GER
50200,35.11Z,,50850,GER
50200,35.11Z,GE,50850,GER
50200,35.11Z,PME,50850,GER
50200,35.14Z,PME,50850,GER
50200,42.99Z,PME,50850,GER
50200,43.21A,PME,50850,GER
50200,43.29A,,50850,GER
50200,43.32A,PME,50850,GER
50200,43.34Z,PME,50850,GER
50200,43.39Z,PME,50850,GER
50200,43.99C,,50850,GER
50200,43.99C,PME,50850,GER
50200,45.20A,PME,50850,GER
50200,46.21Z,PME,50850,GER
50200,46.45Z,PME,50850,GER
50200,46.77Z,PME,50850,GER
50200,47.11C,PME,50850,GER
50200,47.52A,PME,50850,GER
50200,47.79Z,PME,50850,GER
50200,47.99A,PME,50850,GER
50200,53.10Z,GE,50850,GER
50200,55.20Z,,50850,GER
50200,55.20Z,PME,50850,GER
50200,56.10A,PME,50850,GER
50200,56.30Z,PME,50850,GER
50200,66.30Z,PME,50850,GER
50200,68.10Z,,50850,GER
50200,68.20A,,50850,GER
50200,68.20B,,50850,GER
50200,68.20B,PME,50850,GER
50200,70.10Z,PME,50850,GER
50200,74.30Z,PME,50850,GER
50200,77.39Z,,50850,GER
50200,81.21Z,,50850,GER
50200,81.21Z,PME,50850,GER
50200,81.30Z,PME,50850,GER
50200,82.99Z,,50850,GER
50200,84.11Z,PME,50850,GER
50200,85.20Z,,50850,GER
50200,85.20Z,PME,50850,GER
50200,85.52Z,PME,50850,GER
50200,85.60Z,PME,50850,GER
50200,86.21Z,,50850,GER
50200,86.90D,PME,50850,GER
50200,86.90E,PME,50850,GER
50200,88.10A,PME,50850,GER
50200,90.01Z,,50850,GER
50200,90.03A,PME,50850,GER
50200,90.03B,PME,50850,GER
50200,93.12Z,,50850,GER
50200,93.19Z,,50850,GER
50200,93.29Z,PME,50850,GER
50200,94.91Z,PME,50850,GER
50200,94.99Z,,50850,GER
50200,96.02A,PME,50850,GER
50200,96.09Z,,50850,GER
50200,96.09Z,PME,50850,GER
50215,01.11Z,,50560,GOUVILLE-SUR-MER
50215,01.13Z,,50560,GOUVILLE-SUR-MER
50215,01.19Z,,50560,GOUVILLE-SUR-MER
50215,01.30Z,,50560,GOUVILLE-SUR-MER
50215,01.41Z,,50560,GOUVILLE-SUR-MER
50215,01.42Z,,50560,GOUVILLE-SUR-MER
50215,01.43Z,,50560,GOUVILLE-SUR-MER
50215,01.49Z,,50560,GOUVILLE-SUR-MER
50215,01.49Z,PME,50560,GOUVILLE-SUR-MER
50215,01.62Z,,50560,GOUVILLE-SUR-MER
50215,02.40Z,,50560,GOUVILLE-SUR-MER
50215,03.11Z,,50560,GOUVILLE-SUR-MER
50215,03.21Z,,50560,GOUVILLE-SUR-MER
50215,10.20Z,PME,50560,GOUVILLE-SUR-MER
50215,10.71C,,50560,GOUVILLE-SUR-MER
50215,10.71C,PME,50560,GOUVILLE-SUR-MER
50215,10.72Z,,50560,GOUVILLE-SUR-MER
50215,10.89Z,PME,50560,GOUVILLE-SUR-MER
50215,13.92Z,,50560,GOUVILLE-SUR-MER
50215,13.92Z,PME,50560,GOUVILLE-SUR-MER
50215,15.12Z,,50560,GOUVILLE-SUR-MER
50215,17.23Z,PME,50560,GOUVILLE-SUR-MER
50215,25.50A,PME,50560,GOUVILLE-SUR-MER
50215,25.99B,PME,50560,GOUVILLE-SUR-MER
50215,35.11Z,PME,50560,GOUVILLE-SUR-MER
50215,35.21Z,,50560,GOUVILLE-SUR-MER
50215,36.00Z,PME,50560,GOUVILLE-SUR-MER
50215,38.32Z,PME,50560,GOUVILLE-SUR-MER
50215,41.10D,PME,50560,GOUVILLE-SUR-MER
50215,41.20A,PME,50560,GOUVILLE-SUR-MER
50215,42.99Z,,50560,GOUVILLE-SUR-MER
50215,43.22A,PME,50560,GOUVILLE-SUR-MER
50215,43.22B,PME,50560,GOUVILLE-SUR-MER
50215,43.32A,,50560,GOUVILLE-SUR-MER
50215,43.32A,PME,50560,GOUVILLE-SUR-MER
50215,43.32B,PME,50560,GOUVILLE-SUR-MER
50215,43.33Z,PME,50560,GOUVILLE-SUR-MER
50215,43.34Z,,50560,GOUVILLE-SUR-MER
50215,43.34Z,PME,50560,GOUVILLE-SUR-MER
50215,43.91A,PME,50560,GOUVILLE-SUR-MER
50215,43.91B,PME,50560,GOUVILLE-SUR-MER
50215,43.99C,PME,50560,GOUVILLE-SUR-MER
50215,45.11Z,,50560,GOUVILLE-SUR-MER
50215,45.11Z,PME,50560,GOUVILLE-SUR-MER
50215,45.20A,PME,50560,GOUVILLE-SUR-MER
50215,46.19B,,50560,GOUVILLE-SUR-MER
50215,46.31Z,PME,50560,GOUVILLE-SUR-MER
50215,46.38A,PME,50560,GOUVILLE-SUR-MER
50215,46.62Z,PME,50560,GOUVILLE-SUR-MER
50215,46.69A,PME,50560,GOUVILLE-SUR-MER
50215,46.76Z,PME,50560,GOUVILLE-SUR-MER
50215,47.11B,,50560,GOUVILLE-SUR-MER
50215,47.11C,PME,50560,GOUVILLE-SUR-MER
50215,47.22Z,PME,50560,GOUVILLE-SUR-MER
50215,47.23Z,PME,50560,GOUVILLE-SUR-MER
50215,47.24Z,PME,50560,GOUVILLE-SUR-MER
50215,47.52A,PME,50560,GOUVILLE-SUR-MER
50215,47.62Z,PME,50560,GOUVILLE-SUR-MER
50215,47.64Z,PME,50560,GOUVILLE-SUR-MER
50215,47.76Z,PME,50560,GOUVILLE-SUR-MER
50215,47.78A,PME,50560,GOUVILLE-SUR-MER
50215,47.79Z,PME,50560,GOUVILLE-SUR-MER
50215,47.81Z,,50560,GOUVILLE-SUR-MER
50215,47.81Z,PME,50560,GOUVILLE-SUR-MER
50215,47.89Z,,50560,GOUVILLE-SUR-MER
50215,47.89Z,PME,50560,GOUVILLE-SUR-MER
50215,47.91B,PME,50560,GOUVILLE-SUR-MER
50215,47.99A,PME,50560,GOUVILLE-SUR-MER
50215,52.10B,PME,50560,GOUVILLE-SUR-MER
50215,53.10Z,GE,50560,GOUVILLE-SUR-MER
50215,53.20Z,,50560,GOUVILLE-SUR-MER
50215,55.20Z,PME,50560,GOUVILLE-SUR-MER
50215,55.30Z,,50560,GOUVILLE-SUR-MER
50215,55.30Z,PME,50560,GOUVILLE-SUR-MER
50215,56.10A,PME,50560,GOUVILLE-SUR-MER
50215,56.10C,PME,50560,GOUVILLE-SUR-MER
50215,56.21Z,,50560,GOUVILLE-SUR-MER
50215,56.21Z,PME,50560,GOUVILLE-SUR-MER
50215,56.30Z,PME,50560,GOUVILLE-SUR-MER
50215,58.11Z,PME,50560,GOUVILLE-SUR-MER
50215,58.19Z,,50560,GOUVILLE-SUR-MER
50215,59.11A,PME,50560,GOUVILLE-SUR-MER
50215,62.01Z,PME,50560,GOUVILLE-SUR-MER
50215,62.02A,PME,50560,GOUVILLE-SUR-MER
50215,63.12Z,PME,50560,GOUVILLE-SUR-MER
50215,64.19Z,GE,50560,GOUVILLE-SUR-MER
50215,64.20Z,PME,50560,GOUVILLE-SUR-MER
50215,64.30Z,PME,50560,GOUVILLE-SUR-MER
50215,66.22Z,PME,50560,GOUVILLE-SUR-MER
50215,66.30Z,PME,50560,GOUVILLE-SUR-MER
50215,68.10Z,PME,50560,GOUVILLE-SUR-MER
50215,68.20A,,50560,GOUVILLE-SUR-MER
50215,68.20A,PME,50560,GOUVILLE-SUR-MER
50215,68.20B,,50560,GOUVILLE-SUR-MER
50215,68.20B,PME,50560,GOUVILLE-SUR-MER
50215,68.31Z,PME,50560,GOUVILLE-SUR-MER
50215,68.32A,,50560,GOUVILLE-SUR-MER
50215,69.10Z,PME,50560,GOUVILLE-SUR-MER
50215,70.10Z,,50560,GOUVILLE-SUR-MER
50215,70.10Z,PME,50560,GOUVILLE-SUR-MER
50215,70.21Z,PME,50560,GOUVILLE-SUR-MER
50215,70.22Z,,50560,GOUVILLE-SUR-MER
50215,70.22Z,PME,50560,GOUVILLE-SUR-MER
50215,71.12B,PME,50560,GOUVILLE-SUR-MER
50215,71.20B,PME,50560,GOUVILLE-SUR-MER
50215,74.10Z,,50560,GOUVILLE-SUR-MER
50215,74.10Z,PME,50560,GOUVILLE-SUR-MER
50215,74.20Z,,50560,GOUVILLE-SUR-MER
50215,74.20Z,PME,50560,GOUVILLE-SUR-MER
50215,74.90A,,50560,GOUVILLE-SUR-MER
50215,74.90A,PME,50560,GOUVILLE-SUR-MER
50215,74.90B,,50560,GOUVILLE-SUR-MER
50215,74.90B,PME,50560,GOUVILLE-SUR-MER
50215,77.29Z,PME,50560,GOUVILLE-SUR-MER
50215,79.90Z,PME,50560,GOUVILLE-SUR-MER
50215,81.21Z,,50560,GOUVILLE-SUR-MER
50215,81.21Z,PME,50560,GOUVILLE-SUR-MER
50215,81.22Z,PME,50560,GOUVILLE-SUR-MER
50215,81.30Z,PME,50560,GOUVILLE-SUR-MER
50215,82.30Z,,50560,GOUVILLE-SUR-MER
50215,82.99Z,PME,50560,GOUVILLE-SUR-MER
50215,84.11Z,PME,50560,GOUVILLE-SUR-MER
50215,85.51Z,PME,50560,GOUVILLE-SUR-MER
50215,85.52Z,PME,50560,GOUVILLE-SUR-MER
50215,85.53Z,,50560,GOUVILLE-SUR-MER
50215,85.59B,,50560,GOUVILLE-SUR-MER
50215,85.59B,PME,50560,GOUVILLE-SUR-MER
50215,86.21Z,PME,50560,GOUVILLE-SUR-MER
50215,86.22C,PME,50560,GOUVILLE-SUR-MER
50215,86.90D,,50560,GOUVILLE-SUR-MER
50215,86.90D,PME,50560,GOUVILLE-SUR-MER
50215,86.90E,PME,50560,GOUVILLE-SUR-MER
50215,86.90F,PME,50560,GOUVILLE-SUR-MER
50215,87.90B,ETI,50560,GOUVILLE-SUR-MER
50215,88.10A,ETI,50560,GOUVILLE-SUR-MER
50215,88.91A,PME,50560,GOUVILLE-SUR-MER
50215,88.99B,PME,50560,GOUVILLE-SUR-MER
50215,90.01Z,PME,50560,GOUVILLE-SUR-MER
50215,90.03A,,50560,GOUVILLE-SUR-MER
50215,90.03A,PME,50560,GOUVILLE-SUR-MER
50215,93.11Z,PME,50560,GOUVILLE-SUR-MER
50215,93.12Z,,50560,GOUVILLE-SUR-MER
50215,93.12Z,PME,50560,GOUVILLE-SUR-MER
50215,93.19Z,PME,50560,GOUVILLE-SUR-MER
50215,93.29Z,PME,50560,GOUVILLE-SUR-MER
50215,94.12Z,PME,50560,GOUVILLE-SUR-MER
50215,94.99Z,,50560,GOUVILLE-SUR-MER
50215,94.99Z,PME,50560,GOUVILLE-SUR-MER
50215,95.24Z,,50560,GOUVILLE-SUR-MER
50215,95.29Z,,50560,GOUVILLE-SUR-MER
50215,95.29Z,PME,50560,GOUVILLE-SUR-MER
50215,96.02A,PME,50560,GOUVILLE-SUR-MER
50215,96.02B,PME,50560,GOUVILLE-SUR-MER
50215,96.04Z,,50560,GOUVILLE-SUR-MER
50215,96.09Z,PME,50560,GOUVILLE-SUR-MER
50216,01.11Z,,50620,GRAIGNES-MESNIL-ANGOT
50216,01.19Z,,50620,GRAIGNES-MESNIL-ANGOT
50216,01.41Z,,50620,GRAIGNES-MESNIL-ANGOT
50216,01.42Z,,50620,GRAIGNES-MESNIL-ANGOT
50216,01.43Z,,50620,GRAIGNES-MESNIL-ANGOT
50216,01.49Z,,50620,GRAIGNES-MESNIL-ANGOT
50216,01.50Z,,50620,GRAIGNES-MESNIL-ANGOT
50216,01.61Z,,50620,GRAIGNES-MESNIL-ANGOT
50216,02.40Z,,50620,GRAIGNES-MESNIL-ANGOT
50216,03.11Z,,50620,GRAIGNES-MESNIL-ANGOT
50216,10.71C,PME,50620,GRAIGNES-MESNIL-ANGOT
50216,13.92Z,PME,50620,GRAIGNES-MESNIL-ANGOT
50216,26.12Z,PME,50620,GRAIGNES-MESNIL-ANGOT
50216,35.11Z,,50620,GRAIGNES-MESNIL-ANGOT
50216,36.00Z,PME,50620,GRAIGNES-MESNIL-ANGOT
50216,37.00Z,PME,50620,GRAIGNES-MESNIL-ANGOT
50216,41.20B,PME,50620,GRAIGNES-MESNIL-ANGOT
50216,43.12A,PME,50620,GRAIGNES-MESNIL-ANGOT
50216,43.21A,PME,50620,GRAIGNES-MESNIL-ANGOT
50216,43.31Z,PME,50620,GRAIGNES-MESNIL-ANGOT
50216,43.32A,,50620,GRAIGNES-MESNIL-ANGOT
50216,43.32A,PME,50620,GRAIGNES-MESNIL-ANGOT
50216,43.91A,PME,50620,GRAIGNES-MESNIL-ANGOT
50216,43.91B,PME,50620,GRAIGNES-MESNIL-ANGOT
50216,43.99C,PME,50620,GRAIGNES-MESNIL-ANGOT
50216,43.99D,,50620,GRAIGNES-MESNIL-ANGOT
50216,47.81Z,,50620,GRAIGNES-MESNIL-ANGOT
50216,47.99A,,50620,GRAIGNES-MESNIL-ANGOT
50216,47.99A,PME,50620,GRAIGNES-MESNIL-ANGOT
50216,49.41A,PME,50620,GRAIGNES-MESNIL-ANGOT
50216,49.41B,PME,50620,GRAIGNES-MESNIL-ANGOT
50216,55.20Z,PME,50620,GRAIGNES-MESNIL-ANGOT
50216,56.10A,PME,50620,GRAIGNES-MESNIL-ANGOT
50216,56.10C,PME,50620,GRAIGNES-MESNIL-ANGOT
50216,56.29B,GE,50620,GRAIGNES-MESNIL-ANGOT
50216,56.30Z,PME,50620,GRAIGNES-MESNIL-ANGOT
50216,59.20Z,PME,50620,GRAIGNES-MESNIL-ANGOT
50216,64.20Z,,50620,GRAIGNES-MESNIL-ANGOT
50216,64.20Z,PME,50620,GRAIGNES-MESNIL-ANGOT
50216,68.20A,,50620,GRAIGNES-MESNIL-ANGOT
50216,68.20B,,50620,GRAIGNES-MESNIL-ANGOT
50216,68.20B,PME,50620,GRAIGNES-MESNIL-ANGOT
50216,68.32A,,50620,GRAIGNES-MESNIL-ANGOT
50216,70.10Z,,50620,GRAIGNES-MESNIL-ANGOT
50216,70.10Z,PME,50620,GRAIGNES-MESNIL-ANGOT
50216,73.11Z,PME,50620,GRAIGNES-MESNIL-ANGOT
50216,81.29B,PME,50620,GRAIGNES-MESNIL-ANGOT
50216,81.30Z,PME,50620,GRAIGNES-MESNIL-ANGOT
50216,84.11Z,PME,50620,GRAIGNES-MESNIL-ANGOT
50216,85.20Z,PME,50620,GRAIGNES-MESNIL-ANGOT
50216,85.32Z,PME,50620,GRAIGNES-MESNIL-ANGOT
50216,85.51Z,PME,50620,GRAIGNES-MESNIL-ANGOT
50216,85.59A,PME,50620,GRAIGNES-MESNIL-ANGOT
50216,85.59B,PME,50620,GRAIGNES-MESNIL-ANGOT
50216,86.90A,PME,50620,GRAIGNES-MESNIL-ANGOT
50216,87.10A,PME,50620,GRAIGNES-MESNIL-ANGOT
50216,87.30A,PME,50620,GRAIGNES-MESNIL-ANGOT
50216,88.99B,PME,50620,GRAIGNES-MESNIL-ANGOT
50216,90.01Z,,50620,GRAIGNES-MESNIL-ANGOT
50216,93.12Z,,50620,GRAIGNES-MESNIL-ANGOT
50216,93.29Z,PME,50620,GRAIGNES-MESNIL-ANGOT
50216,94.99Z,,50620,GRAIGNES-MESNIL-ANGOT
50216,94.99Z,PME,50620,GRAIGNES-MESNIL-ANGOT
50216,95.29Z,PME,50620,GRAIGNES-MESNIL-ANGOT
50229,01.11Z,,50730,HAMELIN
50229,01.41Z,,50730,HAMELIN
50229,01.42Z,,50730,HAMELIN
50229,01.50Z,,50730,HAMELIN
50229,01.61Z,,50730,HAMELIN
50229,10.61A,PME,50730,HAMELIN
50229,35.11Z,,50730,HAMELIN
50229,43.34Z,PME,50730,HAMELIN
50229,47.22Z,PME,50730,HAMELIN
50229,47.81Z,PME,50730,HAMELIN
50229,68.20B,PME,50730,HAMELIN
50229,70.10Z,PME,50730,HAMELIN
50229,81.30Z,PME,50730,HAMELIN
50229,84.11Z,PME,50730,HAMELIN
50229,94.99Z,,50730,HAMELIN
50230,01.11Z,,50690,HARDINVAST
50230,01.11Z,PME,50690,HARDINVAST
50230,01.19Z,,50690,HARDINVAST
50230,01.41Z,,50690,HARDINVAST
50230,01.43Z,,50690,HARDINVAST
50230,01.45Z,,50690,HARDINVAST
50230,01.47Z,,50690,HARDINVAST
50230,01.49Z,,50690,HARDINVAST
50230,01.61Z,,50690,HARDINVAST
50230,02.20Z,PME,50690,HARDINVAST
50230,03.11Z,,50690,HARDINVAST
50230,10.72Z,PME,50690,HARDINVAST
50230,16.29Z,PME,50690,HARDINVAST
50230,35.11Z,PME,50690,HARDINVAST
50230,41.10D,PME,50690,HARDINVAST
50230,43.32A,PME,50690,HARDINVAST
50230,43.32C,PME,50690,HARDINVAST
50230,45.20A,PME,50690,HARDINVAST
50230,46.19B,PME,50690,HARDINVAST
50230,46.21Z,PME,50690,HARDINVAST
50230,47.81Z,PME,50690,HARDINVAST
50230,47.91A,PME,50690,HARDINVAST
50230,47.99A,,50690,HARDINVAST
50230,47.99A,PME,50690,HARDINVAST
50230,56.21Z,PME,50690,HARDINVAST
50230,62.01Z,,50690,HARDINVAST
50230,64.20Z,,50690,HARDINVAST
50230,64.20Z,PME,50690,HARDINVAST
50230,66.19A,PME,50690,HARDINVAST
50230,66.22Z,PME,50690,HARDINVAST
50230,66.30Z,,50690,HARDINVAST
50230,66.30Z,PME,50690,HARDINVAST
50230,68.20A,,50690,HARDINVAST
50230,68.20A,PME,50690,HARDINVAST
50230,68.20B,,50690,HARDINVAST
50230,68.20B,PME,50690,HARDINVAST
50230,68.32A,,50690,HARDINVAST
50230,70.21Z,,50690,HARDINVAST
50230,71.12B,,50690,HARDINVAST
50230,71.20B,,50690,HARDINVAST
50230,74.20Z,PME,50690,HARDINVAST
50230,74.30Z,PME,50690,HARDINVAST
50230,81.22Z,PME,50690,HARDINVAST
50230,81.30Z,PME,50690,HARDINVAST
50230,82.99Z,PME,50690,HARDINVAST
50230,84.11Z,PME,50690,HARDINVAST
50230,85.20Z,PME,50690,HARDINVAST
50230,85.59B,PME,50690,HARDINVAST
50230,86.90D,PME,50690,HARDINVAST
50230,88.10A,PME,50690,HARDINVAST
50230,90.01Z,PME,50690,HARDINVAST
50230,90.03A,,50690,HARDINVAST
50230,90.03A,PME,50690,HARDINVAST
50230,93.12Z,PME,50690,HARDINVAST
50230,94.99Z,,50690,HARDINVAST
50230,96.02B,PME,50690,HARDINVAST
50230,96.09Z,PME,50690,HARDINVAST
50231,01.11Z,,50590,HAUTEVILLE-SUR-MER
50231,01.13Z,,50590,HAUTEVILLE-SUR-MER
50231,01.41Z,,50590,HAUTEVILLE-SUR-MER
50231,01.42Z,,50590,HAUTEVILLE-SUR-MER
50231,01.43Z,,50590,HAUTEVILLE-SUR-MER
50231,01.43Z,PME,50590,HAUTEVILLE-SUR-MER
50231,01.50Z,,50590,HAUTEVILLE-SUR-MER
50231,01.61Z,,50590,HAUTEVILLE-SUR-MER
50231,03.11Z,,50590,HAUTEVILLE-SUR-MER
50231,03.21Z,,50590,HAUTEVILLE-SUR-MER
50231,10.71C,PME,50590,HAUTEVILLE-SUR-MER
50231,11.05Z,PME,50590,HAUTEVILLE-SUR-MER
50231,13.92Z,,50590,HAUTEVILLE-SUR-MER
50231,14.13Z,PME,50590,HAUTEVILLE-SUR-MER
50231,32.99Z,PME,50590,HAUTEVILLE-SUR-MER
50231,33.15Z,,50590,HAUTEVILLE-SUR-MER
50231,41.10A,PME,50590,HAUTEVILLE-SUR-MER
50231,42.99Z,,50590,HAUTEVILLE-SUR-MER
50231,42.99Z,PME,50590,HAUTEVILLE-SUR-MER
50231,43.21A,PME,50590,HAUTEVILLE-SUR-MER
50231,43.22A,,50590,HAUTEVILLE-SUR-MER
50231,43.22A,PME,50590,HAUTEVILLE-SUR-MER
50231,43.32B,PME,50590,HAUTEVILLE-SUR-MER
50231,43.91B,PME,50590,HAUTEVILLE-SUR-MER
50231,45.11Z,PME,50590,HAUTEVILLE-SUR-MER
50231,46.19B,PME,50590,HAUTEVILLE-SUR-MER
50231,46.38A,PME,50590,HAUTEVILLE-SUR-MER
50231,46.76Z,PME,50590,HAUTEVILLE-SUR-MER
50231,47.11B,,50590,HAUTEVILLE-SUR-MER
50231,47.23Z,PME,50590,HAUTEVILLE-SUR-MER
50231,47.71Z,PME,50590,HAUTEVILLE-SUR-MER
50231,47.78C,PME,50590,HAUTEVILLE-SUR-MER
50231,47.81Z,PME,50590,HAUTEVILLE-SUR-MER
50231,47.99A,PME,50590,HAUTEVILLE-SUR-MER
50231,47.99B,PME,50590,HAUTEVILLE-SUR-MER
50231,53.20Z,,50590,HAUTEVILLE-SUR-MER
50231,55.20Z,,50590,HAUTEVILLE-SUR-MER
50231,55.20Z,ETI,50590,HAUTEVILLE-SUR-MER
50231,55.20Z,PME,50590,HAUTEVILLE-SUR-MER
50231,55.30Z,,50590,HAUTEVILLE-SUR-MER
50231,55.30Z,PME,50590,HAUTEVILLE-SUR-MER
50231,56.10A,,50590,HAUTEVILLE-SUR-MER
50231,56.10A,PME,50590,HAUTEVILLE-SUR-MER
50231,56.10C,,50590,HAUTEVILLE-SUR-MER
50231,56.10C,PME,50590,HAUTEVILLE-SUR-MER
50231,56.30Z,PME,50590,HAUTEVILLE-SUR-MER
50231,59.14Z,PME,50590,HAUTEVILLE-SUR-MER
50231,64.20Z,PME,50590,HAUTEVILLE-SUR-MER
50231,66.30Z,PME,50590,HAUTEVILLE-SUR-MER
50231,68.20A,,50590,HAUTEVILLE-SUR-MER
50231,68.20A,PME,50590,HAUTEVILLE-SUR-MER
50231,68.20B,,50590,HAUTEVILLE-SUR-MER
50231,68.20B,PME,50590,HAUTEVILLE-SUR-MER
50231,68.31Z,PME,50590,HAUTEVILLE-SUR-MER
50231,68.32A,PME,50590,HAUTEVILLE-SUR-MER
50231,68.32B,,50590,HAUTEVILLE-SUR-MER
50231,70.10Z,,50590,HAUTEVILLE-SUR-MER
50231,70.21Z,,50590,HAUTEVILLE-SUR-MER
50231,71.20B,PME,50590,HAUTEVILLE-SUR-MER
50231,74.20Z,,50590,HAUTEVILLE-SUR-MER
50231,74.20Z,PME,50590,HAUTEVILLE-SUR-MER
50231,77.21Z,PME,50590,HAUTEVILLE-SUR-MER
50231,79.11Z,,50590,HAUTEVILLE-SUR-MER
50231,79.90Z,PME,50590,HAUTEVILLE-SUR-MER
50231,81.10Z,PME,50590,HAUTEVILLE-SUR-MER
50231,82.30Z,,50590,HAUTEVILLE-SUR-MER
50231,82.99Z,PME,50590,HAUTEVILLE-SUR-MER
50231,84.11Z,PME,50590,HAUTEVILLE-SUR-MER
50231,84.12Z,PME,50590,HAUTEVILLE-SUR-MER
50231,85.20Z,PME,50590,HAUTEVILLE-SUR-MER
50231,86.90D,PME,50590,HAUTEVILLE-SUR-MER
50231,86.90F,PME,50590,HAUTEVILLE-SUR-MER
50231,90.01Z,,50590,HAUTEVILLE-SUR-MER
50231,90.03A,,50590,HAUTEVILLE-SUR-MER
50231,90.03A,PME,50590,HAUTEVILLE-SUR-MER
50231,90.03B,,50590,HAUTEVILLE-SUR-MER
50231,90.03B,PME,50590,HAUTEVILLE-SUR-MER
50231,91.01Z,,50590,HAUTEVILLE-SUR-MER
50231,93.12Z,,50590,HAUTEVILLE-SUR-MER
50231,93.12Z,PME,50590,HAUTEVILLE-SUR-MER
50231,93.19Z,,50590,HAUTEVILLE-SUR-MER
50231,93.19Z,PME,50590,HAUTEVILLE-SUR-MER
50231,93.29Z,PME,50590,HAUTEVILLE-SUR-MER
50231,94.99Z,,50590,HAUTEVILLE-SUR-MER
50231,94.99Z,PME,50590,HAUTEVILLE-SUR-MER
50231,95.21Z,PME,50590,HAUTEVILLE-SUR-MER
50231,96.01B,PME,50590,HAUTEVILLE-SUR-MER
50231,96.02A,PME,50590,HAUTEVILLE-SUR-MER
50231,96.04Z,,50590,HAUTEVILLE-SUR-MER
50231,96.09Z,,50590,HAUTEVILLE-SUR-MER
50232,01.11Z,,50570,HAUTEVILLE-LA-GUICHARD
50232,01.41Z,,50570,HAUTEVILLE-LA-GUICHARD
50232,01.42Z,,50570,HAUTEVILLE-LA-GUICHARD
50232,01.43Z,,50570,HAUTEVILLE-LA-GUICHARD
50232,01.43Z,PME,50570,HAUTEVILLE-LA-GUICHARD
50232,01.47Z,,50570,HAUTEVILLE-LA-GUICHARD
50232,01.49Z,,50570,HAUTEVILLE-LA-GUICHARD
50232,01.50Z,,50570,HAUTEVILLE-LA-GUICHARD
50232,01.61Z,,50570,HAUTEVILLE-LA-GUICHARD
50232,16.29Z,PME,50570,HAUTEVILLE-LA-GUICHARD
50232,25.62B,PME,50570,HAUTEVILLE-LA-GUICHARD
50232,28.29B,PME,50570,HAUTEVILLE-LA-GUICHARD
50232,35.11Z,,50570,HAUTEVILLE-LA-GUICHARD
50232,43.22A,PME,50570,HAUTEVILLE-LA-GUICHARD
50232,43.22B,PME,50570,HAUTEVILLE-LA-GUICHARD
50232,45.20A,PME,50570,HAUTEVILLE-LA-GUICHARD
50232,46.61Z,PME,50570,HAUTEVILLE-LA-GUICHARD
50232,46.69B,PME,50570,HAUTEVILLE-LA-GUICHARD
50232,47.11B,,50570,HAUTEVILLE-LA-GUICHARD
50232,47.11B,PME,50570,HAUTEVILLE-LA-GUICHARD
50232,55.20Z,PME,50570,HAUTEVILLE-LA-GUICHARD
50232,56.29B,,50570,HAUTEVILLE-LA-GUICHARD
50232,64.20Z,,50570,HAUTEVILLE-LA-GUICHARD
50232,66.30Z,PME,50570,HAUTEVILLE-LA-GUICHARD
50232,68.20B,,50570,HAUTEVILLE-LA-GUICHARD
50232,68.20B,PME,50570,HAUTEVILLE-LA-GUICHARD
50232,68.31Z,,50570,HAUTEVILLE-LA-GUICHARD
50232,71.11Z,PME,50570,HAUTEVILLE-LA-GUICHARD
50232,74.10Z,PME,50570,HAUTEVILLE-LA-GUICHARD
50232,81.21Z,PME,50570,HAUTEVILLE-LA-GUICHARD
50232,81.30Z,PME,50570,HAUTEVILLE-LA-GUICHARD
50232,84.11Z,PME,50570,HAUTEVILLE-LA-GUICHARD
50232,85.20Z,PME,50570,HAUTEVILLE-LA-GUICHARD
50232,86.90D,,50570,HAUTEVILLE-LA-GUICHARD
50232,88.99B,,50570,HAUTEVILLE-LA-GUICHARD
50232,90.03A,PME,50570,HAUTEVILLE-LA-GUICHARD
50232,90.03B,PME,50570,HAUTEVILLE-LA-GUICHARD
50232,93.12Z,,50570,HAUTEVILLE-LA-GUICHARD
50232,93.29Z,PME,50570,HAUTEVILLE-LA-GUICHARD
50232,94.11Z,,50570,HAUTEVILLE-LA-GUICHARD
50232,94.99Z,,50570,HAUTEVILLE-LA-GUICHARD
50232,95.29Z,,50570,HAUTEVILLE-LA-GUICHARD
50232,96.02A,PME,50570,HAUTEVILLE-LA-GUICHARD
50232,96.02B,PME,50570,HAUTEVILLE-LA-GUICHARD
50236,01.11Z,,50580,LA HAYE
50236,01.13Z,,50580,LA HAYE
50236,01.19Z,,50580,LA HAYE
50236,01.41Z,,50580,LA HAYE
50236,01.42Z,,50580,LA HAYE
50236,01.43Z,,50580,LA HAYE
50236,01.46Z,,50580,LA HAYE
50236,01.49Z,,50580,LA HAYE
50236,32.99Z,PME,50580,LA HAYE
50236,43.22A,PME,50580,LA HAYE
50236,46.31Z,,50580,LA HAYE
50236,56.10C,PME,50580,LA HAYE
50236,66.30Z,,50580,LA HAYE
50236,68.20A,,50580,LA HAYE
50236,68.20B,,50580,LA HAYE
50236,68.20B,PME,50580,LA HAYE
50236,84.11Z,PME,50580,LA HAYE
50236,95.29Z,PME,50580,LA HAYE
50236,96.09Z,PME,50580,LA HAYE
50239,01.11Z,,50570,THEREVAL
50239,01.19Z,,50570,THEREVAL
50239,01.24Z,,50570,THEREVAL
50239,01.41Z,,50570,THEREVAL
50239,01.42Z,,50570,THEREVAL
50239,01.43Z,,50570,THEREVAL
50239,01.45Z,,50570,THEREVAL
50239,01.46Z,,50570,THEREVAL
50239,01.49Z,,50570,THEREVAL
50239,01.50Z,,50570,THEREVAL
50239,01.62Z,,50570,THEREVAL
50239,10.13A,PME,50570,THEREVAL
50239,10.71C,PME,50570,THEREVAL
50239,32.13Z,PME,50570,THEREVAL
50239,35.11Z,PME,50570,THEREVAL
50239,41.10A,PME,50570,THEREVAL
50239,43.12A,PME,50570,THEREVAL
50239,43.32A,PME,50570,THEREVAL
50239,43.34Z,PME,50570,THEREVAL
50239,43.91A,,50570,THEREVAL
50239,43.91B,,50570,THEREVAL
50239,43.99A,PME,50570,THEREVAL
50239,45.20A,,50570,THEREVAL
50239,47.79Z,PME,50570,THEREVAL
50239,47.99A,,50570,THEREVAL
50239,47.99A,PME,50570,THEREVAL
50239,49.41A,,50570,THEREVAL
50239,56.10C,,50570,THEREVAL
50239,58.11Z,PME,50570,THEREVAL
50239,68.20A,,50570,THEREVAL
50239,68.20B,,50570,THEREVAL
50239,68.20B,PME,50570,THEREVAL
50239,70.22Z,,50570,THEREVAL
50239,71.12B,PME,50570,THEREVAL
50239,74.20Z,,50570,THEREVAL
50239,75.00Z,PME,50570,THEREVAL
50239,81.21Z,PME,50570,THEREVAL
50239,84.11Z,PME,50570,THEREVAL
50239,85.20Z,PME,50570,THEREVAL
50239,85.51Z,,50570,THEREVAL
50239,85.59B,PME,50570,THEREVAL
50239,86.90D,PME,50570,THEREVAL
50239,86.90F,PME,50570,THEREVAL
50239,93.12Z,,50570,THEREVAL
50239,93.19Z,PME,50570,THEREVAL
50239,94.91Z,,50570,THEREVAL
50239,94.99Z,,50570,THEREVAL
50239,96.04Z,,50570,THEREVAL
50239,96.09Z,,50570,THEREVAL
50239,99.00Z,PME,50570,THEREVAL
50241,01.41Z,,50700,HEMEVEZ
50241,01.42Z,,50700,HEMEVEZ
50241,43.12A,PME,50700,HEMEVEZ
50241,43.32A,,50700,HEMEVEZ
50241,43.32A,PME,50700,HEMEVEZ
50241,43.32B,PME,50700,HEMEVEZ
50241,47.25Z,PME,50700,HEMEVEZ
50241,47.99A,PME,50700,HEMEVEZ
50241,55.20Z,PME,50700,HEMEVEZ
50241,63.11Z,PME,50700,HEMEVEZ
50241,68.20A,,50700,HEMEVEZ
50241,68.20B,,50700,HEMEVEZ
50241,70.10Z,,50700,HEMEVEZ
50241,70.21Z,,50700,HEMEVEZ
50241,70.21Z,PME,50700,HEMEVEZ
50241,81.22Z,PME,50700,HEMEVEZ
50241,84.11Z,PME,50700,HEMEVEZ
50241,86.90F,PME,50700,HEMEVEZ
50241,90.01Z,,50700,HEMEVEZ
50241,95.29Z,PME,50700,HEMEVEZ
50251,01.11Z,,50700,HUBERVILLE
50251,01.41Z,,50700,HUBERVILLE
50251,01.42Z,,50700,HUBERVILLE
50251,01.43Z,,50700,HUBERVILLE
50251,01.45Z,,50700,HUBERVILLE
50251,01.49Z,,50700,HUBERVILLE
50251,01.50Z,PME,50700,HUBERVILLE
50251,43.31Z,PME,50700,HUBERVILLE
50251,43.99C,PME,50700,HUBERVILLE
50251,45.11Z,PME,50700,HUBERVILLE
50251,47.75Z,PME,50700,HUBERVILLE
50251,47.99A,PME,50700,HUBERVILLE
50251,56.10A,PME,50700,HUBERVILLE
50251,56.10C,PME,50700,HUBERVILLE
50251,68.20B,,50700,HUBERVILLE
50251,68.20B,PME,50700,HUBERVILLE
50251,70.10Z,,50700,HUBERVILLE
50251,71.11Z,PME,50700,HUBERVILLE
50251,74.20Z,PME,50700,HUBERVILLE
50251,84.11Z,PME,50700,HUBERVILLE
50251,94.99Z,,50700,HUBERVILLE
50251,96.02A,PME,50700,HUBERVILLE
50252,01.11Z,,50510,HUDIMESNIL
50252,01.13Z,,50510,HUDIMESNIL
50252,01.19Z,,50510,HUDIMESNIL
50252,01.25Z,,50510,HUDIMESNIL
50252,01.41Z,,50510,HUDIMESNIL
50252,01.42Z,,50510,HUDIMESNIL
50252,01.43Z,,50510,HUDIMESNIL
50252,01.45Z,,50510,HUDIMESNIL
50252,01.47Z,,50510,HUDIMESNIL
50252,01.49Z,,50510,HUDIMESNIL
50252,01.50Z,,50510,HUDIMESNIL
50252,01.61Z,,50510,HUDIMESNIL
50252,02.10Z,,50510,HUDIMESNIL
50252,10.39A,,50510,HUDIMESNIL
50252,13.99Z,PME,50510,HUDIMESNIL
50252,23.41Z,PME,50510,HUDIMESNIL
50252,31.09B,,50510,HUDIMESNIL
50252,35.11Z,PME,50510,HUDIMESNIL
50252,38.32Z,PME,50510,HUDIMESNIL
50252,42.99Z,PME,50510,HUDIMESNIL
50252,43.21A,,50510,HUDIMESNIL
50252,43.22B,PME,50510,HUDIMESNIL
50252,43.31Z,,50510,HUDIMESNIL
50252,43.31Z,PME,50510,HUDIMESNIL
50252,43.32A,PME,50510,HUDIMESNIL
50252,43.39Z,,50510,HUDIMESNIL
50252,43.91B,PME,50510,HUDIMESNIL
50252,43.99C,PME,50510,HUDIMESNIL
50252,46.21Z,ETI,50510,HUDIMESNIL
50252,47.11B,PME,50510,HUDIMESNIL
50252,47.54Z,PME,50510,HUDIMESNIL
50252,47.77Z,PME,50510,HUDIMESNIL
50252,47.79Z,PME,50510,HUDIMESNIL
50252,47.81Z,PME,50510,HUDIMESNIL
50252,47.89Z,PME,50510,HUDIMESNIL
50252,47.91A,,50510,HUDIMESNIL
50252,47.99A,,50510,HUDIMESNIL
50252,47.99A,PME,50510,HUDIMESNIL
50252,47.99B,PME,50510,HUDIMESNIL
50252,55.20Z,PME,50510,HUDIMESNIL
50252,55.30Z,PME,50510,HUDIMESNIL
50252,56.10A,PME,50510,HUDIMESNIL
50252,64.20Z,,50510,HUDIMESNIL
50252,64.20Z,PME,50510,HUDIMESNIL
50252,66.30Z,,50510,HUDIMESNIL
50252,66.30Z,PME,50510,HUDIMESNIL
50252,68.20A,,50510,HUDIMESNIL
50252,68.20A,PME,50510,HUDIMESNIL
50252,68.20B,,50510,HUDIMESNIL
50252,68.20B,PME,50510,HUDIMESNIL
50252,68.32B,,50510,HUDIMESNIL
50252,69.20Z,PME,50510,HUDIMESNIL
50252,70.10Z,PME,50510,HUDIMESNIL
50252,70.22Z,,50510,HUDIMESNIL
50252,74.10Z,PME,50510,HUDIMESNIL
50252,77.21Z,PME,50510,HUDIMESNIL
50252,79.90Z,PME,50510,HUDIMESNIL
50252,81.29B,,50510,HUDIMESNIL
50252,81.30Z,PME,50510,HUDIMESNIL
50252,82.19Z,PME,50510,HUDIMESNIL
50252,84.11Z,PME,50510,HUDIMESNIL
50252,84.12Z,PME,50510,HUDIMESNIL
50252,85.20Z,PME,50510,HUDIMESNIL
50252,85.52Z,PME,50510,HUDIMESNIL
50252,86.90E,PME,50510,HUDIMESNIL
50252,86.90F,,50510,HUDIMESNIL
50252,86.90F,PME,50510,HUDIMESNIL
50252,90.01Z,PME,50510,HUDIMESNIL
50252,90.02Z,PME,50510,HUDIMESNIL
50252,90.03A,PME,50510,HUDIMESNIL
50252,93.19Z,PME,50510,HUDIMESNIL
50252,93.29Z,,50510,HUDIMESNIL
50252,94.99Z,,50510,HUDIMESNIL
50252,94.99Z,PME,50510,HUDIMESNIL
50252,95.29Z,PME,50510,HUDIMESNIL
50252,96.02A,PME,50510,HUDIMESNIL
50252,96.09Z,,50510,HUDIMESNIL
50252,96.09Z,PME,50510,HUDIMESNIL
50256,01.11Z,,50540,ISIGNY-LE-BUAT
50256,01.11Z,PME,50540,ISIGNY-LE-BUAT
50256,01.13Z,,50540,ISIGNY-LE-BUAT
50256,01.19Z,,50540,ISIGNY-LE-BUAT
50256,01.24Z,,50540,ISIGNY-LE-BUAT
50256,01.28Z,,50540,ISIGNY-LE-BUAT
50256,01.41Z,,50540,ISIGNY-LE-BUAT
50256,01.42Z,,50540,ISIGNY-LE-BUAT
50256,01.43Z,,50540,ISIGNY-LE-BUAT
50256,01.45Z,,50540,ISIGNY-LE-BUAT
50256,01.46Z,,50540,ISIGNY-LE-BUAT
50256,01.47Z,,50540,ISIGNY-LE-BUAT
50256,01.49Z,,50540,ISIGNY-LE-BUAT
50256,01.50Z,,50540,ISIGNY-LE-BUAT
50256,01.61Z,,50540,ISIGNY-LE-BUAT
50256,01.62Z,,50540,ISIGNY-LE-BUAT
50256,02.20Z,PME,50540,ISIGNY-LE-BUAT
50256,10.51B,GE,50540,ISIGNY-LE-BUAT
50256,10.51C,PME,50540,ISIGNY-LE-BUAT
50256,10.71C,PME,50540,ISIGNY-LE-BUAT
50256,14.19Z,PME,50540,ISIGNY-LE-BUAT
50256,16.29Z,PME,50540,ISIGNY-LE-BUAT
50256,22.19Z,PME,50540,ISIGNY-LE-BUAT
50256,22.29A,PME,50540,ISIGNY-LE-BUAT
50256,25.61Z,PME,50540,ISIGNY-LE-BUAT
50256,25.62B,PME,50540,ISIGNY-LE-BUAT
50256,28.99B,PME,50540,ISIGNY-LE-BUAT
50256,31.09B,PME,50540,ISIGNY-LE-BUAT
50256,32.13Z,,50540,ISIGNY-LE-BUAT
50256,33.12Z,PME,50540,ISIGNY-LE-BUAT
50256,35.11Z,,50540,ISIGNY-LE-BUAT
50256,35.11Z,PME,50540,ISIGNY-LE-BUAT
50256,35.13Z,GE,50540,ISIGNY-LE-BUAT
50256,35.21Z,,50540,ISIGNY-LE-BUAT
50256,36.00Z,PME,50540,ISIGNY-LE-BUAT
50256,37.00Z,PME,50540,ISIGNY-LE-BUAT
50256,38.11Z,GE,50540,ISIGNY-LE-BUAT
50256,38.21Z,,50540,ISIGNY-LE-BUAT
50256,38.32Z,GE,50540,ISIGNY-LE-BUAT
50256,38.32Z,PME,50540,ISIGNY-LE-BUAT
50256,41.10D,PME,50540,ISIGNY-LE-BUAT
50256,41.20A,PME,50540,ISIGNY-LE-BUAT
50256,43.12A,,50540,ISIGNY-LE-BUAT
50256,43.12A,PME,50540,ISIGNY-LE-BUAT
50256,43.21A,,50540,ISIGNY-LE-BUAT
50256,43.22A,PME,50540,ISIGNY-LE-BUAT
50256,43.32A,PME,50540,ISIGNY-LE-BUAT
50256,43.33Z,PME,50540,ISIGNY-LE-BUAT
50256,43.34Z,,50540,ISIGNY-LE-BUAT
50256,43.34Z,PME,50540,ISIGNY-LE-BUAT
50256,43.91A,PME,50540,ISIGNY-LE-BUAT
50256,43.91B,,50540,ISIGNY-LE-BUAT
50256,43.91B,PME,50540,ISIGNY-LE-BUAT
50256,43.99C,,50540,ISIGNY-LE-BUAT
50256,43.99C,PME,50540,ISIGNY-LE-BUAT
50256,45.11Z,,50540,ISIGNY-LE-BUAT
50256,45.20A,,50540,ISIGNY-LE-BUAT
50256,45.20A,PME,50540,ISIGNY-LE-BUAT
50256,45.20B,PME,50540,ISIGNY-LE-BUAT
50256,45.32Z,PME,50540,ISIGNY-LE-BUAT
50256,45.40Z,PME,50540,ISIGNY-LE-BUAT
50256,46.17B,PME,50540,ISIGNY-LE-BUAT
50256,46.19B,PME,50540,ISIGNY-LE-BUAT
50256,46.21Z,ETI,50540,ISIGNY-LE-BUAT
50256,46.21Z,PME,50540,ISIGNY-LE-BUAT
50256,46.23Z,PME,50540,ISIGNY-LE-BUAT
50256,46.49Z,PME,50540,ISIGNY-LE-BUAT
50256,46.61Z,,50540,ISIGNY-LE-BUAT
50256,46.61Z,ETI,50540,ISIGNY-LE-BUAT
50256,46.61Z,PME,50540,ISIGNY-LE-BUAT
50256,46.72Z,PME,50540,ISIGNY-LE-BUAT
50256,46.73A,PME,50540,ISIGNY-LE-BUAT
50256,47.11B,PME,50540,ISIGNY-LE-BUAT
50256,47.11C,PME,50540,ISIGNY-LE-BUAT
50256,47.71Z,PME,50540,ISIGNY-LE-BUAT
50256,47.73Z,PME,50540,ISIGNY-LE-BUAT
50256,47.76Z,PME,50540,ISIGNY-LE-BUAT
50256,47.79Z,PME,50540,ISIGNY-LE-BUAT
50256,47.89Z,PME,50540,ISIGNY-LE-BUAT
50256,47.91B,PME,50540,ISIGNY-LE-BUAT
50256,47.99A,,50540,ISIGNY-LE-BUAT
50256,47.99A,PME,50540,ISIGNY-LE-BUAT
50256,49.32Z,PME,50540,ISIGNY-LE-BUAT
50256,49.41A,PME,50540,ISIGNY-LE-BUAT
50256,49.41B,PME,50540,ISIGNY-LE-BUAT
50256,52.29A,PME,50540,ISIGNY-LE-BUAT
50256,53.20Z,,50540,ISIGNY-LE-BUAT
50256,55.20Z,,50540,ISIGNY-LE-BUAT
50256,55.20Z,PME,50540,ISIGNY-LE-BUAT
50256,55.90Z,PME,50540,ISIGNY-LE-BUAT
50256,56.10A,,50540,ISIGNY-LE-BUAT
50256,56.10A,PME,50540,ISIGNY-LE-BUAT
50256,56.10C,PME,50540,ISIGNY-LE-BUAT
50256,56.30Z,,50540,ISIGNY-LE-BUAT
50256,56.30Z,PME,50540,ISIGNY-LE-BUAT
50256,62.01Z,,50540,ISIGNY-LE-BUAT
50256,64.19Z,GE,50540,ISIGNY-LE-BUAT
50256,64.20Z,,50540,ISIGNY-LE-BUAT
50256,64.20Z,PME,50540,ISIGNY-LE-BUAT
50256,64.30Z,PME,50540,ISIGNY-LE-BUAT
50256,66.30Z,PME,50540,ISIGNY-LE-BUAT
50256,68.20A,,50540,ISIGNY-LE-BUAT
50256,68.20A,GE,50540,ISIGNY-LE-BUAT
50256,68.20A,PME,50540,ISIGNY-LE-BUAT
50256,68.20B,,50540,ISIGNY-LE-BUAT
50256,68.20B,PME,50540,ISIGNY-LE-BUAT
50256,69.10Z,PME,50540,ISIGNY-LE-BUAT
50256,70.10Z,,50540,ISIGNY-LE-BUAT
50256,70.21Z,,50540,ISIGNY-LE-BUAT
50256,70.21Z,PME,50540,ISIGNY-LE-BUAT
50256,70.22Z,,50540,ISIGNY-LE-BUAT
50256,70.22Z,PME,50540,ISIGNY-LE-BUAT
50256,71.11Z,,50540,ISIGNY-LE-BUAT
50256,71.12B,GE,50540,ISIGNY-LE-BUAT
50256,71.12B,PME,50540,ISIGNY-LE-BUAT
50256,71.20B,PME,50540,ISIGNY-LE-BUAT
50256,74.10Z,PME,50540,ISIGNY-LE-BUAT
50256,74.20Z,PME,50540,ISIGNY-LE-BUAT
50256,74.90B,PME,50540,ISIGNY-LE-BUAT
50256,75.00Z,PME,50540,ISIGNY-LE-BUAT
50256,77.11A,PME,50540,ISIGNY-LE-BUAT
50256,77.31Z,PME,50540,ISIGNY-LE-BUAT
50256,77.39Z,ETI,50540,ISIGNY-LE-BUAT
50256,79.11Z,,50540,ISIGNY-LE-BUAT
50256,80.10Z,PME,50540,ISIGNY-LE-BUAT
50256,81.21Z,PME,50540,ISIGNY-LE-BUAT
50256,81.22Z,,50540,ISIGNY-LE-BUAT
50256,81.30Z,,50540,ISIGNY-LE-BUAT
50256,81.30Z,PME,50540,ISIGNY-LE-BUAT
50256,82.19Z,PME,50540,ISIGNY-LE-BUAT
50256,84.11Z,,50540,ISIGNY-LE-BUAT
50256,84.11Z,PME,50540,ISIGNY-LE-BUAT
50256,84.12Z,PME,50540,ISIGNY-LE-BUAT
50256,85.10Z,PME,50540,ISIGNY-LE-BUAT
50256,85.20Z,PME,50540,ISIGNY-LE-BUAT
50256,85.31Z,PME,50540,ISIGNY-LE-BUAT
50256,85.51Z,PME,50540,ISIGNY-LE-BUAT
50256,85.52Z,,50540,ISIGNY-LE-BUAT
50256,85.52Z,PME,50540,ISIGNY-LE-BUAT
50256,85.53Z,PME,50540,ISIGNY-LE-BUAT
50256,85.59B,PME,50540,ISIGNY-LE-BUAT
50256,86.21Z,PME,50540,ISIGNY-LE-BUAT
50256,86.23Z,PME,50540,ISIGNY-LE-BUAT
50256,86.90D,PME,50540,ISIGNY-LE-BUAT
50256,86.90E,,50540,ISIGNY-LE-BUAT
50256,86.90E,PME,50540,ISIGNY-LE-BUAT
50256,86.90F,PME,50540,ISIGNY-LE-BUAT
50256,87.90A,PME,50540,ISIGNY-LE-BUAT
50256,88.91A,ETI,50540,ISIGNY-LE-BUAT
50256,88.99B,,50540,ISIGNY-LE-BUAT
50256,90.01Z,,50540,ISIGNY-LE-BUAT
50256,90.01Z,PME,50540,ISIGNY-LE-BUAT
50256,90.02Z,PME,50540,ISIGNY-LE-BUAT
50256,90.03A,,50540,ISIGNY-LE-BUAT
50256,90.03A,PME,50540,ISIGNY-LE-BUAT
50256,90.03B,,50540,ISIGNY-LE-BUAT
50256,91.01Z,,50540,ISIGNY-LE-BUAT
50256,91.03Z,PME,50540,ISIGNY-LE-BUAT
50256,91.04Z,PME,50540,ISIGNY-LE-BUAT
50256,93.12Z,,50540,ISIGNY-LE-BUAT
50256,93.12Z,PME,50540,ISIGNY-LE-BUAT
50256,93.19Z,,50540,ISIGNY-LE-BUAT
50256,93.29Z,,50540,ISIGNY-LE-BUAT
50256,93.29Z,PME,50540,ISIGNY-LE-BUAT
50256,94.91Z,,50540,ISIGNY-LE-BUAT
50256,94.91Z,PME,50540,ISIGNY-LE-BUAT
50256,94.99Z,,50540,ISIGNY-LE-BUAT
50256,94.99Z,PME,50540,ISIGNY-LE-BUAT
50256,95.29Z,PME,50540,ISIGNY-LE-BUAT
50256,96.02A,PME,50540,ISIGNY-LE-BUAT
50256,96.02B,PME,50540,ISIGNY-LE-BUAT
50256,96.09Z,,50540,ISIGNY-LE-BUAT
50256,96.09Z,PME,50540,ISIGNY-LE-BUAT
50260,01.11Z,,50520,JUVIGNY LES VALLEES
50260,01.13Z,,50520,JUVIGNY LES VALLEES
50260,01.19Z,,50520,JUVIGNY LES VALLEES
50260,01.24Z,,50520,JUVIGNY LES VALLEES
50260,01.30Z,,50520,JUVIGNY LES VALLEES
50260,01.41Z,,50520,JUVIGNY LES VALLEES
50260,01.42Z,,50520,JUVIGNY LES VALLEES
50260,01.43Z,,50520,JUVIGNY LES VALLEES
50260,01.45Z,,50520,JUVIGNY LES VALLEES
50260,01.46Z,,50520,JUVIGNY LES VALLEES
50260,01.47Z,,50520,JUVIGNY LES VALLEES
50260,01.49Z,,50520,JUVIGNY LES VALLEES
50260,01.49Z,PME,50520,JUVIGNY LES VALLEES
50260,01.50Z,,50520,JUVIGNY LES VALLEES
50260,01.50Z,PME,50520,JUVIGNY LES VALLEES
50260,01.61Z,,50520,JUVIGNY LES VALLEES
50260,08.12Z,ETI,50520,JUVIGNY LES VALLEES
50260,10.71C,,50520,JUVIGNY LES VALLEES
50260,10.71C,PME,50520,JUVIGNY LES VALLEES
50260,10.91Z,PME,50520,JUVIGNY LES VALLEES
50260,16.24Z,ETI,50520,JUVIGNY LES VALLEES
50260,23.70Z,PME,50520,JUVIGNY LES VALLEES
50260,29.20Z,PME,50520,JUVIGNY LES VALLEES
50260,31.09B,PME,50520,JUVIGNY LES VALLEES
50260,35.11Z,ETI,50520,JUVIGNY LES VALLEES
50260,35.11Z,PME,50520,JUVIGNY LES VALLEES
50260,35.21Z,PME,50520,JUVIGNY LES VALLEES
50260,38.21Z,PME,50520,JUVIGNY LES VALLEES
50260,43.12A,PME,50520,JUVIGNY LES VALLEES
50260,43.21A,PME,50520,JUVIGNY LES VALLEES
50260,43.22A,,50520,JUVIGNY LES VALLEES
50260,43.22A,PME,50520,JUVIGNY LES VALLEES
50260,43.32A,PME,50520,JUVIGNY LES VALLEES
50260,43.34Z,PME,50520,JUVIGNY LES VALLEES
50260,43.91A,,50520,JUVIGNY LES VALLEES
50260,43.91A,PME,50520,JUVIGNY LES VALLEES
50260,43.91B,PME,50520,JUVIGNY LES VALLEES
50260,43.99C,PME,50520,JUVIGNY LES VALLEES
50260,45.11Z,PME,50520,JUVIGNY LES VALLEES
50260,45.20A,,50520,JUVIGNY LES VALLEES
50260,45.20A,PME,50520,JUVIGNY LES VALLEES
50260,46.12B,PME,50520,JUVIGNY LES VALLEES
50260,46.19B,PME,50520,JUVIGNY LES VALLEES
50260,46.21Z,PME,50520,JUVIGNY LES VALLEES
50260,46.23Z,PME,50520,JUVIGNY LES VALLEES
50260,46.61Z,PME,50520,JUVIGNY LES VALLEES
50260,47.11B,PME,50520,JUVIGNY LES VALLEES
50260,47.22Z,PME,50520,JUVIGNY LES VALLEES
50260,47.29Z,PME,50520,JUVIGNY LES VALLEES
50260,47.52B,PME,50520,JUVIGNY LES VALLEES
50260,47.73Z,PME,50520,JUVIGNY LES VALLEES
50260,47.79Z,PME,50520,JUVIGNY LES VALLEES
50260,47.82Z,PME,50520,JUVIGNY LES VALLEES
50260,47.89Z,PME,50520,JUVIGNY LES VALLEES
50260,47.91B,PME,50520,JUVIGNY LES VALLEES
50260,47.99A,,50520,JUVIGNY LES VALLEES
50260,47.99A,PME,50520,JUVIGNY LES VALLEES
50260,49.41A,PME,50520,JUVIGNY LES VALLEES
50260,52.10B,PME,50520,JUVIGNY LES VALLEES
50260,55.20Z,PME,50520,JUVIGNY LES VALLEES
50260,55.30Z,PME,50520,JUVIGNY LES VALLEES
50260,56.10A,PME,50520,JUVIGNY LES VALLEES
50260,56.10C,PME,50520,JUVIGNY LES VALLEES
50260,56.21Z,PME,50520,JUVIGNY LES VALLEES
50260,56.30Z,PME,50520,JUVIGNY LES VALLEES
50260,64.20Z,PME,50520,JUVIGNY LES VALLEES
50260,66.30Z,,50520,JUVIGNY LES VALLEES
50260,68.20A,,50520,JUVIGNY LES VALLEES
50260,68.20B,,50520,JUVIGNY LES VALLEES
50260,68.20B,PME,50520,JUVIGNY LES VALLEES
50260,68.32A,PME,50520,JUVIGNY LES VALLEES
50260,69.20Z,PME,50520,JUVIGNY LES VALLEES
50260,70.10Z,,50520,JUVIGNY LES VALLEES
50260,70.10Z,PME,50520,JUVIGNY LES VALLEES
50260,70.22Z,PME,50520,JUVIGNY LES VALLEES
50260,71.11Z,PME,50520,JUVIGNY LES VALLEES
50260,74.10Z,,50520,JUVIGNY LES VALLEES
50260,74.20Z,PME,50520,JUVIGNY LES VALLEES
50260,74.90B,,50520,JUVIGNY LES VALLEES
50260,75.00Z,PME,50520,JUVIGNY LES VALLEES
50260,77.29Z,,50520,JUVIGNY LES VALLEES
50260,78.30Z,PME,50520,JUVIGNY LES VALLEES
50260,81.10Z,PME,50520,JUVIGNY LES VALLEES
50260,81.21Z,,50520,JUVIGNY LES VALLEES
50260,81.21Z,PME,50520,JUVIGNY LES VALLEES
50260,81.30Z,,50520,JUVIGNY LES VALLEES
50260,81.30Z,PME,50520,JUVIGNY LES VALLEES
50260,82.19Z,PME,50520,JUVIGNY LES VALLEES
50260,84.11Z,PME,50520,JUVIGNY LES VALLEES
50260,85.20Z,PME,50520,JUVIGNY LES VALLEES
50260,85.31Z,PME,50520,JUVIGNY LES VALLEES
50260,85.52Z,PME,50520,JUVIGNY LES VALLEES
50260,85.59A,PME,50520,JUVIGNY LES VALLEES
50260,85.59B,PME,50520,JUVIGNY LES VALLEES
50260,86.21Z,PME,50520,JUVIGNY LES VALLEES
50260,86.90D,PME,50520,JUVIGNY LES VALLEES
50260,87.10C,PME,50520,JUVIGNY LES VALLEES
50260,88.10A,,50520,JUVIGNY LES VALLEES
50260,88.91A,PME,50520,JUVIGNY LES VALLEES
50260,88.99B,,50520,JUVIGNY LES VALLEES
50260,90.01Z,,50520,JUVIGNY LES VALLEES
50260,90.02Z,,50520,JUVIGNY LES VALLEES
50260,90.02Z,PME,50520,JUVIGNY LES VALLEES
50260,90.03A,PME,50520,JUVIGNY LES VALLEES
50260,90.03B,PME,50520,JUVIGNY LES VALLEES
50260,93.11Z,ETI,50520,JUVIGNY LES VALLEES
50260,93.12Z,,50520,JUVIGNY LES VALLEES
50260,93.12Z,PME,50520,JUVIGNY LES VALLEES
50260,93.19Z,,50520,JUVIGNY LES VALLEES
50260,93.21Z,ETI,50520,JUVIGNY LES VALLEES
50260,93.21Z,PME,50520,JUVIGNY LES VALLEES
50260,93.29Z,,50520,JUVIGNY LES VALLEES
50260,94.91Z,,50520,JUVIGNY LES VALLEES
50260,94.99Z,,50520,JUVIGNY LES VALLEES
50260,94.99Z,PME,50520,JUVIGNY LES VALLEES
50260,95.24Z,PME,50520,JUVIGNY LES VALLEES
50260,95.29Z,,50520,JUVIGNY LES VALLEES
50260,95.29Z,PME,50520,JUVIGNY LES VALLEES
50260,96.02A,PME,50520,JUVIGNY LES VALLEES
50260,96.02B,PME,50520,JUVIGNY LES VALLEES
50260,96.09Z,,50520,JUVIGNY LES VALLEES
50260,96.09Z,PME,50520,JUVIGNY LES VALLEES
50262,01.11Z,,50800,LA LANDE D'AIROU
50262,01.41Z,,50800,LA LANDE D'AIROU
50262,01.42Z,,50800,LA LANDE D'AIROU
50262,01.43Z,,50800,LA LANDE D'AIROU
50262,01.49Z,,50800,LA LANDE D'AIROU
50262,14.13Z,,50800,LA LANDE D'AIROU
50262,32.99Z,PME,50800,LA LANDE D'AIROU
50262,33.12Z,,50800,LA LANDE D'AIROU
50262,35.11Z,PME,50800,LA LANDE D'AIROU
50262,35.21Z,,50800,LA LANDE D'AIROU
50262,41.20A,,50800,LA LANDE D'AIROU
50262,42.99Z,,50800,LA LANDE D'AIROU
50262,43.12A,,50800,LA LANDE D'AIROU
50262,43.34Z,PME,50800,LA LANDE D'AIROU
50262,43.91B,PME,50800,LA LANDE D'AIROU
50262,43.99C,PME,50800,LA LANDE D'AIROU
50262,45.11Z,PME,50800,LA LANDE D'AIROU
50262,45.20A,PME,50800,LA LANDE D'AIROU
50262,46.19B,PME,50800,LA LANDE D'AIROU
50262,46.34Z,,50800,LA LANDE D'AIROU
50262,47.30Z,PME,50800,LA LANDE D'AIROU
50262,47.89Z,PME,50800,LA LANDE D'AIROU
50262,47.91A,PME,50800,LA LANDE D'AIROU
50262,52.10B,PME,50800,LA LANDE D'AIROU
50262,55.20Z,,50800,LA LANDE D'AIROU
50262,56.10A,PME,50800,LA LANDE D'AIROU
50262,56.29B,PME,50800,LA LANDE D'AIROU
50262,62.01Z,,50800,LA LANDE D'AIROU
50262,64.20Z,PME,50800,LA LANDE D'AIROU
50262,68.20A,,50800,LA LANDE D'AIROU
50262,68.20B,,50800,LA LANDE D'AIROU
50262,68.20B,PME,50800,LA LANDE D'AIROU
50262,69.20Z,PME,50800,LA LANDE D'AIROU
50262,70.10Z,,50800,LA LANDE D'AIROU
50262,70.22Z,PME,50800,LA LANDE D'AIROU
50262,71.12B,,50800,LA LANDE D'AIROU
50262,74.20Z,PME,50800,LA LANDE D'AIROU
50262,81.30Z,PME,50800,LA LANDE D'AIROU
50262,84.11Z,PME,50800,LA LANDE D'AIROU
50262,85.20Z,PME,50800,LA LANDE D'AIROU
50262,85.59B,PME,50800,LA LANDE D'AIROU
50262,86.90F,PME,50800,LA LANDE D'AIROU
50262,90.01Z,PME,50800,LA LANDE D'AIROU
50262,93.12Z,,50800,LA LANDE D'AIROU
50262,93.19Z,PME,50800,LA LANDE D'AIROU
50262,94.99Z,,50800,LA LANDE D'AIROU
50262,96.02A,PME,50800,LA LANDE D'AIROU
50262,96.02B,,50800,LA LANDE D'AIROU
50262,96.09Z,PME,50800,LA LANDE D'AIROU
50263,01.11Z,,50600,LAPENTY
50263,01.24Z,,50600,LAPENTY
50263,01.41Z,,50600,LAPENTY
50263,01.42Z,,50600,LAPENTY
50263,01.43Z,,50600,LAPENTY
50263,01.49Z,,50600,LAPENTY
50263,01.50Z,,50600,LAPENTY
50263,01.61Z,,50600,LAPENTY
50263,43.21A,PME,50600,LAPENTY
50263,43.39Z,PME,50600,LAPENTY
50263,47.89Z,PME,50600,LAPENTY
50263,47.99A,,50600,LAPENTY
50263,47.99A,PME,50600,LAPENTY
50263,55.10Z,,50600,LAPENTY
50263,56.10A,PME,50600,LAPENTY
50263,68.20A,,50600,LAPENTY
50263,68.20A,PME,50600,LAPENTY
50263,68.20B,,50600,LAPENTY
50263,68.20B,PME,50600,LAPENTY
50263,78.30Z,PME,50600,LAPENTY
50263,81.21Z,,50600,LAPENTY
50263,81.30Z,PME,50600,LAPENTY
50263,84.11Z,PME,50600,LAPENTY
50263,85.10Z,PME,50600,LAPENTY
50263,85.59B,PME,50600,LAPENTY
50263,86.90F,PME,50600,LAPENTY
50263,90.03A,PME,50600,LAPENTY
50263,93.12Z,,50600,LAPENTY
50263,94.99Z,,50600,LAPENTY
50263,96.02A,PME,50600,LAPENTY
50263,96.09Z,PME,50600,LAPENTY
50270,01.11Z,,50700,LIEUSAINT
50270,01.41Z,,50700,LIEUSAINT
50270,01.43Z,,50700,LIEUSAINT
50270,01.49Z,,50700,LIEUSAINT
50270,08.12Z,PME,50700,LIEUSAINT
50270,16.29Z,PME,50700,LIEUSAINT
50270,33.12Z,PME,50700,LIEUSAINT
50270,38.11Z,PME,50700,LIEUSAINT
50270,38.32Z,PME,50700,LIEUSAINT
50270,43.21A,PME,50700,LIEUSAINT
50270,43.32A,,50700,LIEUSAINT
50270,43.32A,PME,50700,LIEUSAINT
50270,45.11Z,PME,50700,LIEUSAINT
50270,46.61Z,ETI,50700,LIEUSAINT
50270,46.71Z,,50700,LIEUSAINT
50270,47.75Z,PME,50700,LIEUSAINT
50270,47.99A,PME,50700,LIEUSAINT
50270,64.20Z,PME,50700,LIEUSAINT
50270,68.20B,,50700,LIEUSAINT
50270,68.20B,PME,50700,LIEUSAINT
50270,70.22Z,PME,50700,LIEUSAINT
50270,81.30Z,PME,50700,LIEUSAINT
50270,84.11Z,PME,50700,LIEUSAINT
50270,85.59A,PME,50700,LIEUSAINT
50270,86.90F,PME,50700,LIEUSAINT
50270,95.22Z,PME,50700,LIEUSAINT
50270,96.02B,PME,50700,LIEUSAINT
50270,96.09Z,PME,50700,LIEUSAINT
50271,01.11Z,,50670,LINGEARD
50271,01.24Z,,50670,LINGEARD
50271,01.41Z,,50670,LINGEARD
50271,01.42Z,,50670,LINGEARD
50271,35.11Z,,50670,LINGEARD
50271,43.32B,PME,50670,LINGEARD
50271,55.20Z,PME,50670,LINGEARD
50271,68.20B,,50670,LINGEARD
50271,74.30Z,PME,50670,LINGEARD
50271,84.11Z,PME,50670,LINGEARD
50271,85.51Z,PME,50670,LINGEARD
50271,95.29Z,PME,50670,LINGEARD
50272,01.11Z,,50660,LINGREVILLE
50272,01.13Z,,50660,LINGREVILLE
50272,01.24Z,,50660,LINGREVILLE
50272,01.30Z,,50660,LINGREVILLE
50272,01.41Z,,50660,LINGREVILLE
50272,01.42Z,,50660,LINGREVILLE
50272,01.43Z,,50660,LINGREVILLE
50272,01.43Z,PME,50660,LINGREVILLE
50272,01.45Z,,50660,LINGREVILLE
50272,01.46Z,,50660,LINGREVILLE
50272,01.49Z,,50660,LINGREVILLE
50272,01.50Z,,50660,LINGREVILLE
50272,01.61Z,,50660,LINGREVILLE
50272,03.11Z,,50660,LINGREVILLE
50272,03.21Z,,50660,LINGREVILLE
50272,10.11Z,,50660,LINGREVILLE
50272,10.71C,PME,50660,LINGREVILLE
50272,11.01Z,,50660,LINGREVILLE
50272,13.92Z,PME,50660,LINGREVILLE
50272,16.23Z,,50660,LINGREVILLE
50272,18.12Z,PME,50660,LINGREVILLE
50272,18.13Z,PME,50660,LINGREVILLE
50272,25.73A,PME,50660,LINGREVILLE
50272,31.09B,PME,50660,LINGREVILLE
50272,33.12Z,PME,50660,LINGREVILLE
50272,33.15Z,PME,50660,LINGREVILLE
50272,35.11Z,PME,50660,LINGREVILLE
50272,37.00Z,PME,50660,LINGREVILLE
50272,42.99Z,PME,50660,LINGREVILLE
50272,43.22A,PME,50660,LINGREVILLE
50272,43.91B,PME,50660,LINGREVILLE
50272,43.99C,PME,50660,LINGREVILLE
50272,43.99D,,50660,LINGREVILLE
50272,45.20A,PME,50660,LINGREVILLE
50272,46.11Z,PME,50660,LINGREVILLE
50272,46.19B,PME,50660,LINGREVILLE
50272,46.38A,PME,50660,LINGREVILLE
50272,46.49Z,PME,50660,LINGREVILLE
50272,46.90Z,PME,50660,LINGREVILLE
50272,47.11C,PME,50660,LINGREVILLE
50272,47.19B,PME,50660,LINGREVILLE
50272,47.23Z,PME,50660,LINGREVILLE
50272,47.59B,PME,50660,LINGREVILLE
50272,47.73Z,,50660,LINGREVILLE
50272,47.78C,,50660,LINGREVILLE
50272,47.78C,PME,50660,LINGREVILLE
50272,47.81Z,,50660,LINGREVILLE
50272,47.81Z,PME,50660,LINGREVILLE
50272,47.99A,PME,50660,LINGREVILLE
50272,49.41A,PME,50660,LINGREVILLE
50272,49.41B,PME,50660,LINGREVILLE
50272,52.10A,GE,50660,LINGREVILLE
50272,53.10Z,GE,50660,LINGREVILLE
50272,55.20Z,PME,50660,LINGREVILLE
50272,55.30Z,PME,50660,LINGREVILLE
50272,56.30Z,PME,50660,LINGREVILLE
50272,64.20Z,PME,50660,LINGREVILLE
50272,64.30Z,PME,50660,LINGREVILLE
50272,66.19A,,50660,LINGREVILLE
50272,66.30Z,,50660,LINGREVILLE
50272,66.30Z,PME,50660,LINGREVILLE
50272,68.20A,,50660,LINGREVILLE
50272,68.20B,,50660,LINGREVILLE
50272,68.20B,PME,50660,LINGREVILLE
50272,70.10Z,PME,50660,LINGREVILLE
50272,70.22Z,PME,50660,LINGREVILLE
50272,74.10Z,PME,50660,LINGREVILLE
50272,77.11B,PME,50660,LINGREVILLE
50272,77.21Z,PME,50660,LINGREVILLE
50272,81.21Z,,50660,LINGREVILLE
50272,82.30Z,PME,50660,LINGREVILLE
50272,84.11Z,,50660,LINGREVILLE
50272,84.11Z,PME,50660,LINGREVILLE
50272,84.12Z,PME,50660,LINGREVILLE
50272,85.20Z,,50660,LINGREVILLE
50272,85.20Z,PME,50660,LINGREVILLE
50272,85.51Z,PME,50660,LINGREVILLE
50272,85.53Z,PME,50660,LINGREVILLE
50272,85.59A,PME,50660,LINGREVILLE
50272,85.60Z,,50660,LINGREVILLE
50272,86.21Z,PME,50660,LINGREVILLE
50272,86.90D,PME,50660,LINGREVILLE
50272,86.90E,PME,50660,LINGREVILLE
50272,86.90F,,50660,LINGREVILLE
50272,86.90F,PME,50660,LINGREVILLE
50272,88.99B,,50660,LINGREVILLE
50272,90.04Z,PME,50660,LINGREVILLE
50272,93.12Z,,50660,LINGREVILLE
50272,93.19Z,PME,50660,LINGREVILLE
50272,93.29Z,,50660,LINGREVILLE
50272,93.29Z,PME,50660,LINGREVILLE
50272,94.91Z,,50660,LINGREVILLE
50272,94.99Z,,50660,LINGREVILLE
50272,94.99Z,PME,50660,LINGREVILLE
50272,95.29Z,PME,50660,LINGREVILLE
50272,96.02A,PME,50660,LINGREVILLE
50272,96.04Z,PME,50660,LINGREVILLE
50272,96.09Z,,50660,LINGREVILLE
50272,96.09Z,PME,50660,LINGREVILLE
50274,01.11Z,,50600,LES LOGES-MARCHIS
50274,01.19Z,,50600,LES LOGES-MARCHIS
50274,01.24Z,,50600,LES LOGES-MARCHIS
50274,01.41Z,,50600,LES LOGES-MARCHIS
50274,01.42Z,,50600,LES LOGES-MARCHIS
50274,01.42Z,PME,50600,LES LOGES-MARCHIS
50274,01.43Z,,50600,LES LOGES-MARCHIS
50274,01.45Z,,50600,LES LOGES-MARCHIS
50274,01.46Z,,50600,LES LOGES-MARCHIS
50274,01.49Z,,50600,LES LOGES-MARCHIS
50274,01.50Z,,50600,LES LOGES-MARCHIS
50274,01.61Z,,50600,LES LOGES-MARCHIS
50274,02.10Z,,50600,LES LOGES-MARCHIS
50274,02.20Z,,50600,LES LOGES-MARCHIS
50274,10.11Z,PME,50600,LES LOGES-MARCHIS
50274,14.19Z,,50600,LES LOGES-MARCHIS
50274,16.29Z,PME,50600,LES LOGES-MARCHIS
50274,25.62B,PME,50600,LES LOGES-MARCHIS
50274,25.72Z,PME,50600,LES LOGES-MARCHIS
50274,29.20Z,,50600,LES LOGES-MARCHIS
50274,32.13Z,,50600,LES LOGES-MARCHIS
50274,32.13Z,PME,50600,LES LOGES-MARCHIS
50274,33.20D,,50600,LES LOGES-MARCHIS
50274,43.21A,,50600,LES LOGES-MARCHIS
50274,43.21A,PME,50600,LES LOGES-MARCHIS
50274,43.22A,PME,50600,LES LOGES-MARCHIS
50274,43.32A,PME,50600,LES LOGES-MARCHIS
50274,43.34Z,PME,50600,LES LOGES-MARCHIS
50274,43.91A,PME,50600,LES LOGES-MARCHIS
50274,43.91B,PME,50600,LES LOGES-MARCHIS
50274,43.99C,PME,50600,LES LOGES-MARCHIS
50274,45.11Z,PME,50600,LES LOGES-MARCHIS
50274,46.19B,PME,50600,LES LOGES-MARCHIS
50274,46.21Z,PME,50600,LES LOGES-MARCHIS
50274,47.59A,PME,50600,LES LOGES-MARCHIS
50274,47.99A,PME,50600,LES LOGES-MARCHIS
50274,49.32Z,,50600,LES LOGES-MARCHIS
50274,49.32Z,PME,50600,LES LOGES-MARCHIS
50274,55.20Z,PME,50600,LES LOGES-MARCHIS
50274,56.21Z,PME,50600,LES LOGES-MARCHIS
50274,56.30Z,PME,50600,LES LOGES-MARCHIS
50274,64.20Z,PME,50600,LES LOGES-MARCHIS
50274,66.19B,,50600,LES LOGES-MARCHIS
50274,66.30Z,PME,50600,LES LOGES-MARCHIS
50274,68.20A,,50600,LES LOGES-MARCHIS
50274,68.20A,PME,50600,LES LOGES-MARCHIS
50274,68.20B,,50600,LES LOGES-MARCHIS
50274,68.20B,PME,50600,LES LOGES-MARCHIS
50274,68.32A,,50600,LES LOGES-MARCHIS
50274,70.10Z,,50600,LES LOGES-MARCHIS
50274,70.10Z,PME,50600,LES LOGES-MARCHIS
50274,74.10Z,PME,50600,LES LOGES-MARCHIS
50274,74.90A,,50600,LES LOGES-MARCHIS
50274,81.22Z,PME,50600,LES LOGES-MARCHIS
50274,82.11Z,PME,50600,LES LOGES-MARCHIS
50274,84.11Z,PME,50600,LES LOGES-MARCHIS
50274,85.20Z,PME,50600,LES LOGES-MARCHIS
50274,85.59B,PME,50600,LES LOGES-MARCHIS
50274,86.90D,,50600,LES LOGES-MARCHIS
50274,86.90D,PME,50600,LES LOGES-MARCHIS
50274,86.90E,PME,50600,LES LOGES-MARCHIS
50274,90.03A,PME,50600,LES LOGES-MARCHIS
50274,93.12Z,,50600,LES LOGES-MARCHIS
50274,93.12Z,PME,50600,LES LOGES-MARCHIS
50274,94.91Z,PME,50600,LES LOGES-MARCHIS
50274,94.99Z,,50600,LES LOGES-MARCHIS
50274,96.01B,PME,50600,LES LOGES-MARCHIS
50274,96.02A,PME,50600,LES LOGES-MARCHIS
50274,96.09Z,PME,50600,LES LOGES-MARCHIS
50276,01.11Z,,50530,LOLIF
50276,01.19Z,PME,50530,LOLIF
50276,01.41Z,,50530,LOLIF
50276,01.42Z,,50530,LOLIF
50276,01.43Z,,50530,LOLIF
50276,01.45Z,,50530,LOLIF
50276,01.47Z,,50530,LOLIF
50276,01.49Z,,50530,LOLIF
50276,01.50Z,,50530,LOLIF
50276,01.61Z,,50530,LOLIF
50276,14.19Z,PME,50530,LOLIF
50276,33.12Z,PME,50530,LOLIF
50276,42.99Z,PME,50530,LOLIF
50276,43.29A,PME,50530,LOLIF
50276,43.32A,PME,50530,LOLIF
50276,43.39Z,PME,50530,LOLIF
50276,43.99C,PME,50530,LOLIF
50276,46.69B,PME,50530,LOLIF
50276,47.11D,PME,50530,LOLIF
50276,47.79Z,PME,50530,LOLIF
50276,47.99A,PME,50530,LOLIF
50276,52.22Z,PME,50530,LOLIF
50276,55.20Z,PME,50530,LOLIF
50276,56.10A,PME,50530,LOLIF
50276,64.20Z,PME,50530,LOLIF
50276,68.20A,,50530,LOLIF
50276,68.20B,,50530,LOLIF
50276,68.20B,PME,50530,LOLIF
50276,68.31Z,PME,50530,LOLIF
50276,70.10Z,PME,50530,LOLIF
50276,70.22Z,PME,50530,LOLIF
50276,71.12B,PME,50530,LOLIF
50276,79.90Z,,50530,LOLIF
50276,81.22Z,PME,50530,LOLIF
50276,81.30Z,PME,50530,LOLIF
50276,84.11Z,PME,50530,LOLIF
50276,85.59B,,50530,LOLIF
50276,86.90F,PME,50530,LOLIF
50276,88.10A,PME,50530,LOLIF
50276,90.03B,PME,50530,LOLIF
50276,93.12Z,,50530,LOLIF
50276,93.29Z,,50530,LOLIF
50276,94.99Z,,50530,LOLIF
50276,95.29Z,PME,50530,LOLIF
50278,01.11Z,,50510,LE LOREUR
50278,01.41Z,,50510,LE LOREUR
50278,01.42Z,,50510,LE LOREUR
50278,01.43Z,,50510,LE LOREUR
50278,01.50Z,,50510,LE LOREUR
50278,03.21Z,,50510,LE LOREUR
50278,14.13Z,PME,50510,LE LOREUR
50278,43.12A,PME,50510,LE LOREUR
50278,43.34Z,,50510,LE LOREUR
50278,43.34Z,PME,50510,LE LOREUR
50278,43.99E,PME,50510,LE LOREUR
50278,46.19B,PME,50510,LE LOREUR
50278,46.23Z,PME,50510,LE LOREUR
50278,47.81Z,PME,50510,LE LOREUR
50278,47.99A,PME,50510,LE LOREUR
50278,68.20B,,50510,LE LOREUR
50278,68.20B,PME,50510,LE LOREUR
50278,81.21Z,,50510,LE LOREUR
50278,81.30Z,PME,50510,LE LOREUR
50278,84.11Z,PME,50510,LE LOREUR
50278,85.20Z,PME,50510,LE LOREUR
50278,93.12Z,PME,50510,LE LOREUR
50278,94.99Z,,50510,LE LOREUR
50279,01.11Z,,50570,LE LOREY
50279,01.19Z,,50570,LE LOREY
50279,01.41Z,,50570,LE LOREY
50279,01.42Z,,50570,LE LOREY
50279,01.45Z,,50570,LE LOREY
50279,01.49Z,,50570,LE LOREY
50279,01.50Z,,50570,LE LOREY
50279,01.61Z,,50570,LE LOREY
50279,10.32Z,,50570,LE LOREY
50279,14.13Z,PME,50570,LE LOREY
50279,20.41Z,PME,50570,LE LOREY
50279,25.11Z,,50570,LE LOREY
50279,32.13Z,,50570,LE LOREY
50279,35.11Z,,50570,LE LOREY
50279,43.12A,PME,50570,LE LOREY
50279,43.22A,,50570,LE LOREY
50279,43.32A,PME,50570,LE LOREY
50279,43.32B,PME,50570,LE LOREY
50279,43.33Z,PME,50570,LE LOREY
50279,43.91B,,50570,LE LOREY
50279,45.20A,PME,50570,LE LOREY
50279,46.21Z,PME,50570,LE LOREY
50279,47.22Z,PME,50570,LE LOREY
50279,47.81Z,PME,50570,LE LOREY
50279,55.10Z,PME,50570,LE LOREY
50279,55.20Z,PME,50570,LE LOREY
50279,56.10C,,50570,LE LOREY
50279,56.10C,PME,50570,LE LOREY
50279,56.30Z,PME,50570,LE LOREY
50279,63.91Z,PME,50570,LE LOREY
50279,68.20A,,50570,LE LOREY
50279,68.20A,PME,50570,LE LOREY
50279,68.20B,,50570,LE LOREY
50279,68.20B,PME,50570,LE LOREY
50279,82.30Z,PME,50570,LE LOREY
50279,84.11Z,PME,50570,LE LOREY
50279,85.10Z,PME,50570,LE LOREY
50279,85.59B,PME,50570,LE LOREY
50279,88.99B,,50570,LE LOREY
50279,90.03A,PME,50570,LE LOREY
50279,93.12Z,,50570,LE LOREY
50279,93.19Z,,50570,LE LOREY
50279,93.19Z,PME,50570,LE LOREY
50279,93.29Z,PME,50570,LE LOREY
50279,94.99Z,,50570,LE LOREY
50279,95.29Z,PME,50570,LE LOREY
50279,96.09Z,,50570,LE LOREY
50282,01.11Z,,50870,LE LUOT
50282,01.41Z,,50870,LE LUOT
50282,01.42Z,,50870,LE LUOT
50282,01.43Z,,50870,LE LUOT
50282,01.45Z,,50870,LE LUOT
50282,01.49Z,,50870,LE LUOT
50282,01.50Z,,50870,LE LUOT
50282,31.09B,PME,50870,LE LUOT
50282,35.11Z,,50870,LE LUOT
50282,41.10A,PME,50870,LE LUOT
50282,43.32A,PME,50870,LE LUOT
50282,43.99C,PME,50870,LE LUOT
50282,46.19B,,50870,LE LUOT
50282,55.20Z,PME,50870,LE LUOT
50282,56.30Z,,50870,LE LUOT
50282,66.30Z,,50870,LE LUOT
50282,68.20B,,50870,LE LUOT
50282,68.20B,PME,50870,LE LUOT
50282,84.11Z,PME,50870,LE LUOT
50282,90.03A,PME,50870,LE LUOT
50282,93.19Z,PME,50870,LE LUOT
50282,94.99Z,,50870,LE LUOT
50282,96.09Z,PME,50870,LE LUOT
50283,01.11Z,,50680,LA LUZERNE
50283,01.41Z,,50680,LA LUZERNE
50283,01.42Z,,50680,LA LUZERNE
50283,01.47Z,,50680,LA LUZERNE
50283,01.50Z,,50680,LA LUZERNE
50283,01.61Z,,50680,LA LUZERNE
50283,55.20Z,PME,50680,LA LUZERNE
50283,62.02A,,50680,LA LUZERNE
50283,68.20A,,50680,LA LUZERNE
50283,68.20B,,50680,LA LUZERNE
50283,68.20B,PME,50680,LA LUZERNE
50283,84.11Z,PME,50680,LA LUZERNE
50283,88.99B,,50680,LA LUZERNE
50292,01.11Z,,50570,MARIGNY-LE-LOZON
50292,01.19Z,,50570,MARIGNY-LE-LOZON
50292,01.41Z,,50570,MARIGNY-LE-LOZON
50292,01.42Z,,50570,MARIGNY-LE-LOZON
50292,01.43Z,,50570,MARIGNY-LE-LOZON
50292,01.45Z,,50570,MARIGNY-LE-LOZON
50292,01.47Z,,50570,MARIGNY-LE-LOZON
50292,01.49Z,,50570,MARIGNY-LE-LOZON
50292,01.50Z,,50570,MARIGNY-LE-LOZON
50292,02.40Z,,50570,MARIGNY-LE-LOZON
50292,10.13A,PME,50570,MARIGNY-LE-LOZON
50292,10.71C,PME,50570,MARIGNY-LE-LOZON
50292,10.91Z,ETI,50570,MARIGNY-LE-LOZON
50292,13.30Z,PME,50570,MARIGNY-LE-LOZON
50292,14.13Z,PME,50570,MARIGNY-LE-LOZON
50292,16.29Z,PME,50570,MARIGNY-LE-LOZON
50292,18.12Z,PME,50570,MARIGNY-LE-LOZON
50292,22.23Z,PME,50570,MARIGNY-LE-LOZON
50292,23.41Z,PME,50570,MARIGNY-LE-LOZON
50292,25.11Z,PME,50570,MARIGNY-LE-LOZON
50292,28.29B,PME,50570,MARIGNY-LE-LOZON
50292,31.09A,PME,50570,MARIGNY-LE-LOZON
50292,32.13Z,,50570,MARIGNY-LE-LOZON
50292,33.20B,PME,50570,MARIGNY-LE-LOZON
50292,33.20C,PME,50570,MARIGNY-LE-LOZON
50292,33.20D,PME,50570,MARIGNY-LE-LOZON
50292,35.11Z,PME,50570,MARIGNY-LE-LOZON
50292,41.10D,PME,50570,MARIGNY-LE-LOZON
50292,43.12A,PME,50570,MARIGNY-LE-LOZON
50292,43.21A,,50570,MARIGNY-LE-LOZON
50292,43.21A,PME,50570,MARIGNY-LE-LOZON
50292,43.22A,PME,50570,MARIGNY-LE-LOZON
50292,43.29A,,50570,MARIGNY-LE-LOZON
50292,43.32A,,50570,MARIGNY-LE-LOZON
50292,43.32A,PME,50570,MARIGNY-LE-LOZON
50292,43.33Z,PME,50570,MARIGNY-LE-LOZON
50292,43.34Z,PME,50570,MARIGNY-LE-LOZON
50292,43.91B,PME,50570,MARIGNY-LE-LOZON
50292,43.99C,PME,50570,MARIGNY-LE-LOZON
50292,45.11Z,PME,50570,MARIGNY-LE-LOZON
50292,45.20A,,50570,MARIGNY-LE-LOZON
50292,45.20A,PME,50570,MARIGNY-LE-LOZON
50292,45.40Z,PME,50570,MARIGNY-LE-LOZON
50292,46.19B,,50570,MARIGNY-LE-LOZON
50292,46.19B,PME,50570,MARIGNY-LE-LOZON
50292,46.21Z,GE,50570,MARIGNY-LE-LOZON
50292,47.11B,,50570,MARIGNY-LE-LOZON
50292,47.11B,PME,50570,MARIGNY-LE-LOZON
50292,47.11D,PME,50570,MARIGNY-LE-LOZON
50292,47.22Z,,50570,MARIGNY-LE-LOZON
50292,47.29Z,,50570,MARIGNY-LE-LOZON
50292,47.52A,GE,50570,MARIGNY-LE-LOZON
50292,47.54Z,PME,50570,MARIGNY-LE-LOZON
50292,47.59A,PME,50570,MARIGNY-LE-LOZON
50292,47.73Z,PME,50570,MARIGNY-LE-LOZON
50292,47.76Z,PME,50570,MARIGNY-LE-LOZON
50292,47.78A,,50570,MARIGNY-LE-LOZON
50292,47.78C,PME,50570,MARIGNY-LE-LOZON
50292,47.79Z,PME,50570,MARIGNY-LE-LOZON
50292,47.81Z,PME,50570,MARIGNY-LE-LOZON
50292,47.82Z,PME,50570,MARIGNY-LE-LOZON
50292,47.89Z,,50570,MARIGNY-LE-LOZON
50292,47.91A,PME,50570,MARIGNY-LE-LOZON
50292,47.91B,,50570,MARIGNY-LE-LOZON
50292,47.91B,PME,50570,MARIGNY-LE-LOZON
50292,47.99A,,50570,MARIGNY-LE-LOZON
50292,47.99A,PME,50570,MARIGNY-LE-LOZON
50292,47.99B,PME,50570,MARIGNY-LE-LOZON
50292,49.32Z,PME,50570,MARIGNY-LE-LOZON
50292,49.41B,PME,50570,MARIGNY-LE-LOZON
50292,52.21Z,PME,50570,MARIGNY-LE-LOZON
50292,53.10Z,GE,50570,MARIGNY-LE-LOZON
50292,53.20Z,PME,50570,MARIGNY-LE-LOZON
50292,56.10A,PME,50570,MARIGNY-LE-LOZON
50292,56.10C,PME,50570,MARIGNY-LE-LOZON
50292,56.29B,,50570,MARIGNY-LE-LOZON
50292,56.30Z,PME,50570,MARIGNY-LE-LOZON
50292,62.01Z,PME,50570,MARIGNY-LE-LOZON
50292,64.19Z,GE,50570,MARIGNY-LE-LOZON
50292,64.19Z,PME,50570,MARIGNY-LE-LOZON
50292,64.20Z,PME,50570,MARIGNY-LE-LOZON
50292,65.12Z,GE,50570,MARIGNY-LE-LOZON
50292,66.19B,PME,50570,MARIGNY-LE-LOZON
50292,66.22Z,PME,50570,MARIGNY-LE-LOZON
50292,66.30Z,PME,50570,MARIGNY-LE-LOZON
50292,68.20A,,50570,MARIGNY-LE-LOZON
50292,68.20A,PME,50570,MARIGNY-LE-LOZON
50292,68.20B,,50570,MARIGNY-LE-LOZON
50292,68.20B,PME,50570,MARIGNY-LE-LOZON
50292,68.31Z,,50570,MARIGNY-LE-LOZON
50292,68.31Z,PME,50570,MARIGNY-LE-LOZON
50292,68.32A,,50570,MARIGNY-LE-LOZON
50292,68.32A,PME,50570,MARIGNY-LE-LOZON
50292,69.10Z,PME,50570,MARIGNY-LE-LOZON
50292,70.10Z,,50570,MARIGNY-LE-LOZON
50292,70.21Z,PME,50570,MARIGNY-LE-LOZON
50292,70.22Z,,50570,MARIGNY-LE-LOZON
50292,70.22Z,PME,50570,MARIGNY-LE-LOZON
50292,71.11Z,PME,50570,MARIGNY-LE-LOZON
50292,71.12B,PME,50570,MARIGNY-LE-LOZON
50292,71.20A,,50570,MARIGNY-LE-LOZON
50292,71.20A,PME,50570,MARIGNY-LE-LOZON
50292,71.20B,PME,50570,MARIGNY-LE-LOZON
50292,73.11Z,PME,50570,MARIGNY-LE-LOZON
50292,73.12Z,PME,50570,MARIGNY-LE-LOZON
50292,74.10Z,,50570,MARIGNY-LE-LOZON
50292,74.10Z,PME,50570,MARIGNY-LE-LOZON
50292,74.20Z,,50570,MARIGNY-LE-LOZON
50292,74.20Z,PME,50570,MARIGNY-LE-LOZON
50292,75.00Z,PME,50570,MARIGNY-LE-LOZON
50292,77.32Z,,50570,MARIGNY-LE-LOZON
50292,78.30Z,PME,50570,MARIGNY-LE-LOZON
50292,79.11Z,PME,50570,MARIGNY-LE-LOZON
50292,81.30Z,PME,50570,MARIGNY-LE-LOZON
50292,82.19Z,PME,50570,MARIGNY-LE-LOZON
50292,82.99Z,PME,50570,MARIGNY-LE-LOZON
50292,84.11Z,PME,50570,MARIGNY-LE-LOZON
50292,85.20Z,PME,50570,MARIGNY-LE-LOZON
50292,85.31Z,PME,50570,MARIGNY-LE-LOZON
50292,85.53Z,PME,50570,MARIGNY-LE-LOZON
50292,85.59A,PME,50570,MARIGNY-LE-LOZON
50292,86.10Z,PME,50570,MARIGNY-LE-LOZON
50292,86.21Z,PME,50570,MARIGNY-LE-LOZON
50292,86.23Z,PME,50570,MARIGNY-LE-LOZON
50292,86.90A,PME,50570,MARIGNY-LE-LOZON
50292,86.90D,PME,50570,MARIGNY-LE-LOZON
50292,86.90E,PME,50570,MARIGNY-LE-LOZON
50292,86.90F,PME,50570,MARIGNY-LE-LOZON
50292,87.10A,PME,50570,MARIGNY-LE-LOZON
50292,87.10B,ETI,50570,MARIGNY-LE-LOZON
50292,88.10A,PME,50570,MARIGNY-LE-LOZON
50292,88.91A,PME,50570,MARIGNY-LE-LOZON
50292,88.99B,,50570,MARIGNY-LE-LOZON
50292,90.01Z,,50570,MARIGNY-LE-LOZON
50292,90.02Z,PME,50570,MARIGNY-LE-LOZON
50292,90.03A,,50570,MARIGNY-LE-LOZON
50292,90.03B,PME,50570,MARIGNY-LE-LOZON
50292,91.01Z,,50570,MARIGNY-LE-LOZON
50292,93.12Z,,50570,MARIGNY-LE-LOZON
50292,93.12Z,PME,50570,MARIGNY-LE-LOZON
50292,93.19Z,PME,50570,MARIGNY-LE-LOZON
50292,93.29Z,,50570,MARIGNY-LE-LOZON
50292,93.29Z,PME,50570,MARIGNY-LE-LOZON
50292,94.91Z,PME,50570,MARIGNY-LE-LOZON
50292,94.99Z,,50570,MARIGNY-LE-LOZON
50292,94.99Z,PME,50570,MARIGNY-LE-LOZON
50292,95.11Z,PME,50570,MARIGNY-LE-LOZON
50292,95.24Z,PME,50570,MARIGNY-LE-LOZON
50292,96.02A,PME,50570,MARIGNY-LE-LOZON
50292,96.02B,,50570,MARIGNY-LE-LOZON
50292,96.02B,PME,50570,MARIGNY-LE-LOZON
50292,96.03Z,PME,50570,MARIGNY-LE-LOZON
50292,96.04Z,PME,50570,MARIGNY-LE-LOZON
50292,96.09Z,,50570,MARIGNY-LE-LOZON
50292,96.09Z,PME,50570,MARIGNY-LE-LOZON
50294,01.11Z,,50690,MARTINVAST
50294,01.19Z,PME,50690,MARTINVAST
50294,01.41Z,,50690,MARTINVAST
50294,01.42Z,,50690,MARTINVAST
50294,01.43Z,,50690,MARTINVAST
50294,01.45Z,,50690,MARTINVAST
50294,01.49Z,,50690,MARTINVAST
50294,01.50Z,,50690,MARTINVAST
50294,01.61Z,,50690,MARTINVAST
50294,10.71C,,50690,MARTINVAST
50294,10.71C,PME,50690,MARTINVAST
50294,10.85Z,PME,50690,MARTINVAST
50294,16.24Z,PME,50690,MARTINVAST
50294,25.61Z,PME,50690,MARTINVAST
50294,35.11Z,PME,50690,MARTINVAST
50294,41.10A,PME,50690,MARTINVAST
50294,41.10D,PME,50690,MARTINVAST
50294,41.20A,PME,50690,MARTINVAST
50294,43.12A,PME,50690,MARTINVAST
50294,43.22A,PME,50690,MARTINVAST
50294,43.22B,PME,50690,MARTINVAST
50294,43.29A,ETI,50690,MARTINVAST
50294,43.32A,PME,50690,MARTINVAST
50294,43.32B,PME,50690,MARTINVAST
50294,43.33Z,PME,50690,MARTINVAST
50294,43.34Z,PME,50690,MARTINVAST
50294,43.91B,,50690,MARTINVAST
50294,43.91B,PME,50690,MARTINVAST
50294,43.99C,PME,50690,MARTINVAST
50294,45.11Z,,50690,MARTINVAST
50294,45.11Z,PME,50690,MARTINVAST
50294,45.20A,PME,50690,MARTINVAST
50294,46.69B,PME,50690,MARTINVAST
50294,46.71Z,,50690,MARTINVAST
50294,47.11B,,50690,MARTINVAST
50294,47.11C,PME,50690,MARTINVAST
50294,47.30Z,PME,50690,MARTINVAST
50294,47.64Z,PME,50690,MARTINVAST
50294,47.73Z,PME,50690,MARTINVAST
50294,47.76Z,,50690,MARTINVAST
50294,47.89Z,PME,50690,MARTINVAST
50294,47.99A,PME,50690,MARTINVAST
50294,52.10B,,50690,MARTINVAST
50294,52.10B,ETI,50690,MARTINVAST
50294,53.20Z,PME,50690,MARTINVAST
50294,55.20Z,,50690,MARTINVAST
50294,56.10A,PME,50690,MARTINVAST
50294,56.29B,,50690,MARTINVAST
50294,56.30Z,,50690,MARTINVAST
50294,61.90Z,ETI,50690,MARTINVAST
50294,62.01Z,PME,50690,MARTINVAST
50294,62.09Z,,50690,MARTINVAST
50294,64.20Z,,50690,MARTINVAST
50294,64.20Z,PME,50690,MARTINVAST
50294,68.10Z,,50690,MARTINVAST
50294,68.20A,,50690,MARTINVAST
50294,68.20A,PME,50690,MARTINVAST
50294,68.20B,,50690,MARTINVAST
50294,68.20B,PME,50690,MARTINVAST
50294,69.20Z,,50690,MARTINVAST
50294,70.10Z,,50690,MARTINVAST
50294,70.10Z,PME,50690,MARTINVAST
50294,70.22Z,,50690,MARTINVAST
50294,70.22Z,PME,50690,MARTINVAST
50294,71.11Z,PME,50690,MARTINVAST
50294,71.12B,ETI,50690,MARTINVAST
50294,71.20A,PME,50690,MARTINVAST
50294,77.29Z,PME,50690,MARTINVAST
50294,77.31Z,PME,50690,MARTINVAST
50294,77.32Z,,50690,MARTINVAST
50294,77.39Z,,50690,MARTINVAST
50294,81.29A,,50690,MARTINVAST
50294,82.19Z,PME,50690,MARTINVAST
50294,84.11Z,PME,50690,MARTINVAST
50294,85.20Z,PME,50690,MARTINVAST
50294,85.51Z,PME,50690,MARTINVAST
50294,85.52Z,PME,50690,MARTINVAST
50294,85.59B,PME,50690,MARTINVAST
50294,86.21Z,,50690,MARTINVAST
50294,86.21Z,PME,50690,MARTINVAST
50294,86.23Z,PME,50690,MARTINVAST
50294,86.90A,PME,50690,MARTINVAST
50294,86.90D,,50690,MARTINVAST
50294,86.90D,PME,50690,MARTINVAST
50294,86.90E,PME,50690,MARTINVAST
50294,86.90F,,50690,MARTINVAST
50294,86.90F,PME,50690,MARTINVAST
50294,87.30A,ETI,50690,MARTINVAST
50294,90.01Z,PME,50690,MARTINVAST
50294,90.03B,PME,50690,MARTINVAST
50294,90.04Z,PME,50690,MARTINVAST
50294,91.03Z,PME,50690,MARTINVAST
50294,93.12Z,,50690,MARTINVAST
50294,93.12Z,PME,50690,MARTINVAST
50294,93.19Z,,50690,MARTINVAST
50294,93.19Z,PME,50690,MARTINVAST
50294,94.99Z,,50690,MARTINVAST
50294,94.99Z,PME,50690,MARTINVAST
50294,96.02A,PME,50690,MARTINVAST
50294,96.02B,PME,50690,MARTINVAST
50294,96.03Z,,50690,MARTINVAST
50294,96.03Z,GE,50690,MARTINVAST
50294,96.04Z,,50690,MARTINVAST
50294,96.09Z,,50690,MARTINVAST
50297,01.11Z,,50880,LA MEAUFFE
50297,01.41Z,,50880,LA MEAUFFE
50297,01.42Z,,50880,LA MEAUFFE
50297,01.43Z,,50880,LA MEAUFFE
50297,01.43Z,PME,50880,LA MEAUFFE
50297,01.45Z,,50880,LA MEAUFFE
50297,01.49Z,,50880,LA MEAUFFE
50297,10.71C,PME,50880,LA MEAUFFE
50297,18.13Z,PME,50880,LA MEAUFFE
50297,23.70Z,PME,50880,LA MEAUFFE
50297,43.12A,PME,50880,LA MEAUFFE
50297,43.21A,PME,50880,LA MEAUFFE
50297,43.22A,PME,50880,LA MEAUFFE
50297,43.22B,,50880,LA MEAUFFE
50297,43.22B,PME,50880,LA MEAUFFE
50297,43.32A,PME,50880,LA MEAUFFE
50297,43.99C,PME,50880,LA MEAUFFE
50297,45.11Z,PME,50880,LA MEAUFFE
50297,45.20A,PME,50880,LA MEAUFFE
50297,45.32Z,,50880,LA MEAUFFE
50297,46.19B,PME,50880,LA MEAUFFE
50297,46.49Z,PME,50880,LA MEAUFFE
50297,46.76Z,PME,50880,LA MEAUFFE
50297,47.91A,PME,50880,LA MEAUFFE
50297,47.91B,PME,50880,LA MEAUFFE
50297,47.99A,PME,50880,LA MEAUFFE
50297,49.41A,,50880,LA MEAUFFE
50297,58.13Z,,50880,LA MEAUFFE
50297,58.13Z,PME,50880,LA MEAUFFE
50297,59.11A,,50880,LA MEAUFFE
50297,62.02A,PME,50880,LA MEAUFFE
50297,66.19A,PME,50880,LA MEAUFFE
50297,66.22Z,PME,50880,LA MEAUFFE
50297,66.30Z,PME,50880,LA MEAUFFE
50297,68.10Z,,50880,LA MEAUFFE
50297,68.20A,,50880,LA MEAUFFE
50297,68.20B,,50880,LA MEAUFFE
50297,68.20B,PME,50880,LA MEAUFFE
50297,70.10Z,,50880,LA MEAUFFE
50297,81.30Z,PME,50880,LA MEAUFFE
50297,82.92Z,PME,50880,LA MEAUFFE
50297,82.99Z,PME,50880,LA MEAUFFE
50297,84.11Z,PME,50880,LA MEAUFFE
50297,85.10Z,PME,50880,LA MEAUFFE
50297,85.20Z,PME,50880,LA MEAUFFE
50297,86.90E,PME,50880,LA MEAUFFE
50297,90.01Z,PME,50880,LA MEAUFFE
50297,90.03A,,50880,LA MEAUFFE
50297,93.12Z,,50880,LA MEAUFFE
50297,93.12Z,PME,50880,LA MEAUFFE
50297,93.19Z,PME,50880,LA MEAUFFE
50297,94.99Z,,50880,LA MEAUFFE
50297,96.01B,PME,50880,LA MEAUFFE
50299,01.11Z,,50580,LE MESNIL
50299,01.13Z,,50580,LE MESNIL
50299,01.28Z,PME,50580,LE MESNIL
50299,01.29Z,,50580,LE MESNIL
50299,01.41Z,,50580,LE MESNIL
50299,01.42Z,,50580,LE MESNIL
50299,01.49Z,,50580,LE MESNIL
50299,10.71C,PME,50580,LE MESNIL
50299,35.11Z,,50580,LE MESNIL
50299,43.99C,PME,50580,LE MESNIL
50299,45.11Z,PME,50580,LE MESNIL
50299,47.89Z,PME,50580,LE MESNIL
50299,47.99A,PME,50580,LE MESNIL
50299,68.20A,,50580,LE MESNIL
50299,68.20B,,50580,LE MESNIL
50299,68.20B,PME,50580,LE MESNIL
50299,74.10Z,,50580,LE MESNIL
50299,81.30Z,PME,50580,LE MESNIL
50299,84.11Z,PME,50580,LE MESNIL
50299,86.90F,PME,50580,LE MESNIL
50299,90.03B,PME,50580,LE MESNIL
50300,01.11Z,,50520,LE MESNIL-ADELEE
50300,01.41Z,,50520,LE MESNIL-ADELEE
50300,01.42Z,,50520,LE MESNIL-ADELEE
50300,01.43Z,,50520,LE MESNIL-ADELEE
50300,01.46Z,,50520,LE MESNIL-ADELEE
50300,01.47Z,,50520,LE MESNIL-ADELEE
50300,01.49Z,,50520,LE MESNIL-ADELEE
50300,01.61Z,,50520,LE MESNIL-ADELEE
50300,11.03Z,PME,50520,LE MESNIL-ADELEE
50300,14.19Z,PME,50520,LE MESNIL-ADELEE
50300,35.11Z,PME,50520,LE MESNIL-ADELEE
50300,43.34Z,PME,50520,LE MESNIL-ADELEE
50300,43.91B,PME,50520,LE MESNIL-ADELEE
50300,43.99C,PME,50520,LE MESNIL-ADELEE
50300,68.20A,,50520,LE MESNIL-ADELEE
50300,68.20B,,50520,LE MESNIL-ADELEE
50300,70.10Z,PME,50520,LE MESNIL-ADELEE
50300,81.21Z,PME,50520,LE MESNIL-ADELEE
50300,84.11Z,PME,50520,LE MESNIL-ADELEE
50300,88.99B,,50520,LE MESNIL-ADELEE
50300,94.99Z,,50520,LE MESNIL-ADELEE
50300,96.02A,PME,50520,LE MESNIL-ADELEE
50300,96.09Z,PME,50520,LE MESNIL-ADELEE
50302,01.11Z,,50570,LE MESNIL-AMEY
50302,01.41Z,,50570,LE MESNIL-AMEY
50302,14.13Z,PME,50570,LE MESNIL-AMEY
50302,14.19Z,PME,50570,LE MESNIL-AMEY
50302,43.32A,,50570,LE MESNIL-AMEY
50302,47.79Z,,50570,LE MESNIL-AMEY
50302,47.99A,PME,50570,LE MESNIL-AMEY
50302,55.20Z,PME,50570,LE MESNIL-AMEY
50302,61.20Z,GE,50570,LE MESNIL-AMEY
50302,62.01Z,,50570,LE MESNIL-AMEY
50302,66.22Z,PME,50570,LE MESNIL-AMEY
50302,66.30Z,PME,50570,LE MESNIL-AMEY
50302,68.20A,,50570,LE MESNIL-AMEY
50302,68.20B,,50570,LE MESNIL-AMEY
50302,84.11Z,PME,50570,LE MESNIL-AMEY
50302,85.52Z,PME,50570,LE MESNIL-AMEY
50302,90.01Z,,50570,LE MESNIL-AMEY
50302,90.01Z,PME,50570,LE MESNIL-AMEY
50302,90.03A,PME,50570,LE MESNIL-AMEY
50302,93.12Z,,50570,LE MESNIL-AMEY
50302,93.29Z,PME,50570,LE MESNIL-AMEY
50302,94.99Z,,50570,LE MESNIL-AMEY
50302,96.09Z,PME,50570,LE MESNIL-AMEY
50304,01.11Z,,50510,LE MESNIL-AUBERT
50304,01.24Z,,50510,LE MESNIL-AUBERT
50304,01.41Z,,50510,LE MESNIL-AUBERT
50304,01.42Z,,50510,LE MESNIL-AUBERT
50304,01.45Z,,50510,LE MESNIL-AUBERT
50304,14.13Z,PME,50510,LE MESNIL-AUBERT
50304,55.20Z,PME,50510,LE MESNIL-AUBERT
50304,66.30Z,,50510,LE MESNIL-AUBERT
50304,68.20B,,50510,LE MESNIL-AUBERT
50304,68.20B,PME,50510,LE MESNIL-AUBERT
50304,84.11Z,PME,50510,LE MESNIL-AUBERT
50304,88.10A,PME,50510,LE MESNIL-AUBERT
50304,90.01Z,PME,50510,LE MESNIL-AUBERT
50304,90.03A,PME,50510,LE MESNIL-AUBERT
50310,01.11Z,,50570,LE MESNIL-EURY
50310,01.41Z,,50570,LE MESNIL-EURY
50310,01.42Z,,50570,LE MESNIL-EURY
50310,01.43Z,,50570,LE MESNIL-EURY
50310,33.12Z,PME,50570,LE MESNIL-EURY
50310,47.75Z,PME,50570,LE MESNIL-EURY
50310,47.91B,,50570,LE MESNIL-EURY
50310,68.20B,,50570,LE MESNIL-EURY
50310,68.20B,PME,50570,LE MESNIL-EURY
50310,68.31Z,PME,50570,LE MESNIL-EURY
50310,84.11Z,PME,50570,LE MESNIL-EURY
50310,85.59A,PME,50570,LE MESNIL-EURY
50312,01.11Z,,50670,LE MESNIL-GILBERT
50312,01.19Z,,50670,LE MESNIL-GILBERT
50312,01.24Z,,50670,LE MESNIL-GILBERT
50312,01.41Z,,50670,LE MESNIL-GILBERT
50312,01.42Z,,50670,LE MESNIL-GILBERT
50312,01.43Z,,50670,LE MESNIL-GILBERT
50312,01.45Z,,50670,LE MESNIL-GILBERT
50312,01.46Z,,50670,LE MESNIL-GILBERT
50312,01.50Z,,50670,LE MESNIL-GILBERT
50312,35.11Z,,50670,LE MESNIL-GILBERT
50312,42.99Z,,50670,LE MESNIL-GILBERT
50312,43.22A,PME,50670,LE MESNIL-GILBERT
50312,47.99A,PME,50670,LE MESNIL-GILBERT
50312,55.20Z,PME,50670,LE MESNIL-GILBERT
50312,68.20B,,50670,LE MESNIL-GILBERT
50312,68.20B,PME,50670,LE MESNIL-GILBERT
50312,84.11Z,PME,50670,LE MESNIL-GILBERT
50312,85.51Z,PME,50670,LE MESNIL-GILBERT
50312,94.99Z,,50670,LE MESNIL-GILBERT
50315,01.11Z,,50600,LE MESNILLARD
50315,01.13Z,,50600,LE MESNILLARD
50315,01.24Z,,50600,LE MESNILLARD
50315,01.30Z,,50600,LE MESNILLARD
50315,01.41Z,,50600,LE MESNILLARD
50315,01.42Z,,50600,LE MESNILLARD
50315,01.45Z,,50600,LE MESNILLARD
50315,01.46Z,,50600,LE MESNILLARD
50315,01.47Z,,50600,LE MESNILLARD
50315,01.49Z,,50600,LE MESNILLARD
50315,01.50Z,,50600,LE MESNILLARD
50315,01.61Z,,50600,LE MESNILLARD
50315,32.13Z,PME,50600,LE MESNILLARD
50315,43.91B,,50600,LE MESNILLARD
50315,43.99C,PME,50600,LE MESNILLARD
50315,47.91B,,50600,LE MESNILLARD
50315,47.99A,PME,50600,LE MESNILLARD
50315,62.02A,PME,50600,LE MESNILLARD
50315,68.20B,,50600,LE MESNILLARD
50315,68.20B,PME,50600,LE MESNILLARD
50315,81.10Z,PME,50600,LE MESNILLARD
50315,81.30Z,PME,50600,LE MESNILLARD
50315,84.11Z,PME,50600,LE MESNILLARD
50315,85.20Z,PME,50600,LE MESNILLARD
50315,85.59A,PME,50600,LE MESNILLARD
50315,88.99B,,50600,LE MESNILLARD
50315,94.99Z,,50600,LE MESNILLARD
50315,96.09Z,PME,50600,LE MESNILLARD
50324,01.11Z,,50620,LE MESNIL-VENERON
50324,01.41Z,,50620,LE MESNIL-VENERON
50324,01.42Z,,50620,LE MESNIL-VENERON
50324,01.49Z,,50620,LE MESNIL-VENERON
50324,01.49Z,PME,50620,LE MESNIL-VENERON
50324,33.20A,PME,50620,LE MESNIL-VENERON
50324,43.99C,PME,50620,LE MESNIL-VENERON
50324,47.99A,PME,50620,LE MESNIL-VENERON
50324,55.20Z,,50620,LE MESNIL-VENERON
50324,68.20B,,50620,LE MESNIL-VENERON
50324,70.10Z,,50620,LE MESNIL-VENERON
50324,82.99Z,PME,50620,LE MESNIL-VENERON
50324,84.11Z,PME,50620,LE MESNIL-VENERON
50324,85.51Z,PME,50620,LE MESNIL-VENERON
50324,93.19Z,PME,50620,LE MESNIL-VENERON
50324,96.04Z,PME,50620,LE MESNIL-VENERON
50324,96.09Z,PME,50620,LE MESNIL-VENERON
50327,01.11Z,,50510,LA MEURDRAQUIERE
50327,01.24Z,,50510,LA MEURDRAQUIERE
50327,01.41Z,,50510,LA MEURDRAQUIERE
50327,01.42Z,,50510,LA MEURDRAQUIERE
50327,01.45Z,,50510,LA MEURDRAQUIERE
50327,01.47Z,,50510,LA MEURDRAQUIERE
50327,01.49Z,,50510,LA MEURDRAQUIERE
50327,01.50Z,,50510,LA MEURDRAQUIERE
50327,03.11Z,,50510,LA MEURDRAQUIERE
50327,26.52Z,PME,50510,LA MEURDRAQUIERE
50327,43.99C,,50510,LA MEURDRAQUIERE
50327,47.22Z,PME,50510,LA MEURDRAQUIERE
50327,47.23Z,PME,50510,LA MEURDRAQUIERE
50327,47.99A,PME,50510,LA MEURDRAQUIERE
50327,68.20A,PME,50510,LA MEURDRAQUIERE
50327,68.20B,,50510,LA MEURDRAQUIERE
50327,68.20B,PME,50510,LA MEURDRAQUIERE
50327,84.11Z,PME,50510,LA MEURDRAQUIERE
50327,85.52Z,PME,50510,LA MEURDRAQUIERE
50327,88.99B,,50510,LA MEURDRAQUIERE
50327,90.02Z,PME,50510,LA MEURDRAQUIERE
50327,94.99Z,,50510,LA MEURDRAQUIERE
50327,94.99Z,PME,50510,LA MEURDRAQUIERE
50335,01.11Z,,50700,MONTAIGU-LA-BRISETTE
50335,01.29Z,PME,50700,MONTAIGU-LA-BRISETTE
50335,01.41Z,,50700,MONTAIGU-LA-BRISETTE
50335,01.42Z,,50700,MONTAIGU-LA-BRISETTE
50335,01.49Z,,50700,MONTAIGU-LA-BRISETTE
50335,01.50Z,,50700,MONTAIGU-LA-BRISETTE
50335,02.10Z,,50700,MONTAIGU-LA-BRISETTE
50335,02.20Z,PME,50700,MONTAIGU-LA-BRISETTE
50335,14.13Z,PME,50700,MONTAIGU-LA-BRISETTE
50335,33.12Z,PME,50700,MONTAIGU-LA-BRISETTE
50335,43.31Z,PME,50700,MONTAIGU-LA-BRISETTE
50335,43.99C,,50700,MONTAIGU-LA-BRISETTE
50335,45.11Z,PME,50700,MONTAIGU-LA-BRISETTE
50335,47.61Z,PME,50700,MONTAIGU-LA-BRISETTE
50335,47.81Z,PME,50700,MONTAIGU-LA-BRISETTE
50335,55.20Z,,50700,MONTAIGU-LA-BRISETTE
50335,68.20A,,50700,MONTAIGU-LA-BRISETTE
50335,68.20B,,50700,MONTAIGU-LA-BRISETTE
50335,74.90B,,50700,MONTAIGU-LA-BRISETTE
50335,81.30Z,PME,50700,MONTAIGU-LA-BRISETTE
50335,82.19Z,PME,50700,MONTAIGU-LA-BRISETTE
50335,84.11Z,PME,50700,MONTAIGU-LA-BRISETTE
50335,85.20Z,PME,50700,MONTAIGU-LA-BRISETTE
50335,88.91A,,50700,MONTAIGU-LA-BRISETTE
50335,90.03B,PME,50700,MONTAIGU-LA-BRISETTE
50335,91.04Z,PME,50700,MONTAIGU-LA-BRISETTE
50335,93.12Z,,50700,MONTAIGU-LA-BRISETTE
50335,93.29Z,,50700,MONTAIGU-LA-BRISETTE
50335,94.99Z,,50700,MONTAIGU-LA-BRISETTE
50335,95.29Z,PME,50700,MONTAIGU-LA-BRISETTE
50335,96.02A,PME,50700,MONTAIGU-LA-BRISETTE
50335,96.09Z,PME,50700,MONTAIGU-LA-BRISETTE
50342,01.11Z,,50760,MONTFARVILLE
50342,01.13Z,,50760,MONTFARVILLE
50342,01.41Z,,50760,MONTFARVILLE
50342,01.49Z,,50760,MONTFARVILLE
50342,01.61Z,,50760,MONTFARVILLE
50342,03.11Z,,50760,MONTFARVILLE
50342,03.12Z,,50760,MONTFARVILLE
50342,16.29Z,PME,50760,MONTFARVILLE
50342,32.99Z,,50760,MONTFARVILLE
50342,43.22A,PME,50760,MONTFARVILLE
50342,43.29A,PME,50760,MONTFARVILLE
50342,43.32A,PME,50760,MONTFARVILLE
50342,46.31Z,PME,50760,MONTFARVILLE
50342,47.81Z,,50760,MONTFARVILLE
50342,47.99A,,50760,MONTFARVILLE
50342,47.99A,PME,50760,MONTFARVILLE
50342,50.10Z,PME,50760,MONTFARVILLE
50342,55.20Z,,50760,MONTFARVILLE
50342,55.20Z,PME,50760,MONTFARVILLE
50342,59.11A,PME,50760,MONTFARVILLE
50342,62.02A,PME,50760,MONTFARVILLE
50342,64.20Z,PME,50760,MONTFARVILLE
50342,66.30Z,,50760,MONTFARVILLE
50342,68.20A,,50760,MONTFARVILLE
50342,68.20A,PME,50760,MONTFARVILLE
50342,68.20B,,50760,MONTFARVILLE
50342,68.20B,PME,50760,MONTFARVILLE
50342,69.10Z,PME,50760,MONTFARVILLE
50342,70.10Z,PME,50760,MONTFARVILLE
50342,70.21Z,PME,50760,MONTFARVILLE
50342,70.22Z,PME,50760,MONTFARVILLE
50342,71.12B,PME,50760,MONTFARVILLE
50342,72.11Z,PME,50760,MONTFARVILLE
50342,74.10Z,PME,50760,MONTFARVILLE
50342,74.90B,PME,50760,MONTFARVILLE
50342,81.10Z,PME,50760,MONTFARVILLE
50342,84.11Z,PME,50760,MONTFARVILLE
50342,84.12Z,PME,50760,MONTFARVILLE
50342,85.20Z,PME,50760,MONTFARVILLE
50342,86.21Z,PME,50760,MONTFARVILLE
50342,86.90D,PME,50760,MONTFARVILLE
50342,86.90E,PME,50760,MONTFARVILLE
50342,90.03A,PME,50760,MONTFARVILLE
50342,90.03B,PME,50760,MONTFARVILLE
50342,91.02Z,,50760,MONTFARVILLE
50342,91.03Z,,50760,MONTFARVILLE
50342,93.12Z,,50760,MONTFARVILLE
50342,93.12Z,PME,50760,MONTFARVILLE
50342,93.19Z,,50760,MONTFARVILLE
50342,93.29Z,,50760,MONTFARVILLE
50342,94.99Z,,50760,MONTFARVILLE
50342,94.99Z,PME,50760,MONTFARVILLE
50342,96.02A,PME,50760,MONTFARVILLE
50342,96.09Z,PME,50760,MONTFARVILLE
50349,01.11Z,,50590,MONTMARTIN-SUR-MER
50349,01.13Z,,50590,MONTMARTIN-SUR-MER
50349,01.19Z,,50590,MONTMARTIN-SUR-MER
50349,01.41Z,,50590,MONTMARTIN-SUR-MER
50349,01.42Z,,50590,MONTMARTIN-SUR-MER
50349,01.45Z,,50590,MONTMARTIN-SUR-MER
50349,01.49Z,,50590,MONTMARTIN-SUR-MER
50349,01.61Z,,50590,MONTMARTIN-SUR-MER
50349,02.20Z,PME,50590,MONTMARTIN-SUR-MER
50349,10.71C,PME,50590,MONTMARTIN-SUR-MER
50349,23.41Z,,50590,MONTMARTIN-SUR-MER
50349,23.61Z,PME,50590,MONTMARTIN-SUR-MER
50349,35.11Z,,50590,MONTMARTIN-SUR-MER
50349,35.11Z,PME,50590,MONTMARTIN-SUR-MER
50349,37.00Z,PME,50590,MONTMARTIN-SUR-MER
50349,41.10D,PME,50590,MONTMARTIN-SUR-MER
50349,42.99Z,PME,50590,MONTMARTIN-SUR-MER
50349,43.21A,PME,50590,MONTMARTIN-SUR-MER
50349,43.32A,PME,50590,MONTMARTIN-SUR-MER
50349,43.34Z,PME,50590,MONTMARTIN-SUR-MER
50349,43.91B,,50590,MONTMARTIN-SUR-MER
50349,43.99C,,50590,MONTMARTIN-SUR-MER
50349,43.99D,PME,50590,MONTMARTIN-SUR-MER
50349,45.11Z,,50590,MONTMARTIN-SUR-MER
50349,45.11Z,PME,50590,MONTMARTIN-SUR-MER
50349,45.20A,PME,50590,MONTMARTIN-SUR-MER
50349,45.20B,PME,50590,MONTMARTIN-SUR-MER
50349,46.38A,PME,50590,MONTMARTIN-SUR-MER
50349,46.46Z,PME,50590,MONTMARTIN-SUR-MER
50349,46.49Z,PME,50590,MONTMARTIN-SUR-MER
50349,46.61Z,PME,50590,MONTMARTIN-SUR-MER
50349,47.11D,,50590,MONTMARTIN-SUR-MER
50349,47.19B,PME,50590,MONTMARTIN-SUR-MER
50349,47.21Z,,50590,MONTMARTIN-SUR-MER
50349,47.22Z,PME,50590,MONTMARTIN-SUR-MER
50349,47.23Z,PME,50590,MONTMARTIN-SUR-MER
50349,47.62Z,PME,50590,MONTMARTIN-SUR-MER
50349,47.64Z,PME,50590,MONTMARTIN-SUR-MER
50349,47.73Z,,50590,MONTMARTIN-SUR-MER
50349,47.73Z,PME,50590,MONTMARTIN-SUR-MER
50349,47.76Z,PME,50590,MONTMARTIN-SUR-MER
50349,47.79Z,PME,50590,MONTMARTIN-SUR-MER
50349,47.81Z,PME,50590,MONTMARTIN-SUR-MER
50349,47.89Z,PME,50590,MONTMARTIN-SUR-MER
50349,47.99A,PME,50590,MONTMARTIN-SUR-MER
50349,53.10Z,GE,50590,MONTMARTIN-SUR-MER
50349,55.20Z,PME,50590,MONTMARTIN-SUR-MER
50349,55.30Z,PME,50590,MONTMARTIN-SUR-MER
50349,56.10C,,50590,MONTMARTIN-SUR-MER
50349,56.10C,PME,50590,MONTMARTIN-SUR-MER
50349,58.14Z,PME,50590,MONTMARTIN-SUR-MER
50349,62.01Z,,50590,MONTMARTIN-SUR-MER
50349,62.01Z,PME,50590,MONTMARTIN-SUR-MER
50349,64.19Z,GE,50590,MONTMARTIN-SUR-MER
50349,64.20Z,,50590,MONTMARTIN-SUR-MER
50349,64.20Z,PME,50590,MONTMARTIN-SUR-MER
50349,65.11Z,PME,50590,MONTMARTIN-SUR-MER
50349,66.22Z,PME,50590,MONTMARTIN-SUR-MER
50349,68.20A,,50590,MONTMARTIN-SUR-MER
50349,68.20A,PME,50590,MONTMARTIN-SUR-MER
50349,68.20B,,50590,MONTMARTIN-SUR-MER
50349,68.20B,GE,50590,MONTMARTIN-SUR-MER
50349,68.20B,PME,50590,MONTMARTIN-SUR-MER
50349,68.31Z,,50590,MONTMARTIN-SUR-MER
50349,68.31Z,PME,50590,MONTMARTIN-SUR-MER
50349,68.32A,,50590,MONTMARTIN-SUR-MER
50349,69.10Z,PME,50590,MONTMARTIN-SUR-MER
50349,70.10Z,,50590,MONTMARTIN-SUR-MER
50349,70.10Z,PME,50590,MONTMARTIN-SUR-MER
50349,70.22Z,PME,50590,MONTMARTIN-SUR-MER
50349,71.11Z,PME,50590,MONTMARTIN-SUR-MER
50349,74.10Z,,50590,MONTMARTIN-SUR-MER
50349,74.10Z,PME,50590,MONTMARTIN-SUR-MER
50349,74.90A,PME,50590,MONTMARTIN-SUR-MER
50349,81.10Z,PME,50590,MONTMARTIN-SUR-MER
50349,81.21Z,,50590,MONTMARTIN-SUR-MER
50349,82.30Z,,50590,MONTMARTIN-SUR-MER
50349,82.30Z,PME,50590,MONTMARTIN-SUR-MER
50349,84.11Z,PME,50590,MONTMARTIN-SUR-MER
50349,84.12Z,PME,50590,MONTMARTIN-SUR-MER
50349,84.13Z,PME,50590,MONTMARTIN-SUR-MER
50349,85.20Z,PME,50590,MONTMARTIN-SUR-MER
50349,85.31Z,PME,50590,MONTMARTIN-SUR-MER
50349,85.52Z,,50590,MONTMARTIN-SUR-MER
50349,85.59B,,50590,MONTMARTIN-SUR-MER
50349,86.21Z,PME,50590,MONTMARTIN-SUR-MER
50349,86.23Z,,50590,MONTMARTIN-SUR-MER
50349,86.23Z,PME,50590,MONTMARTIN-SUR-MER
50349,86.90A,PME,50590,MONTMARTIN-SUR-MER
50349,86.90D,,50590,MONTMARTIN-SUR-MER
50349,86.90D,PME,50590,MONTMARTIN-SUR-MER
50349,86.90E,,50590,MONTMARTIN-SUR-MER
50349,86.90E,PME,50590,MONTMARTIN-SUR-MER
50349,87.10A,GE,50590,MONTMARTIN-SUR-MER
50349,88.91A,,50590,MONTMARTIN-SUR-MER
50349,88.91A,PME,50590,MONTMARTIN-SUR-MER
50349,88.99B,,50590,MONTMARTIN-SUR-MER
50349,90.01Z,PME,50590,MONTMARTIN-SUR-MER
50349,90.03A,,50590,MONTMARTIN-SUR-MER
50349,90.03A,PME,50590,MONTMARTIN-SUR-MER
50349,90.03B,PME,50590,MONTMARTIN-SUR-MER
50349,93.12Z,,50590,MONTMARTIN-SUR-MER
50349,93.12Z,PME,50590,MONTMARTIN-SUR-MER
50349,93.19Z,,50590,MONTMARTIN-SUR-MER
50349,93.29Z,,50590,MONTMARTIN-SUR-MER
50349,94.91Z,PME,50590,MONTMARTIN-SUR-MER
50349,94.99Z,,50590,MONTMARTIN-SUR-MER
50349,95.11Z,,50590,MONTMARTIN-SUR-MER
50349,96.02A,PME,50590,MONTMARTIN-SUR-MER
50349,96.02B,PME,50590,MONTMARTIN-SUR-MER
50349,96.04Z,,50590,MONTMARTIN-SUR-MER
50349,96.09Z,,50590,MONTMARTIN-SUR-MER
50349,96.09Z,PME,50590,MONTMARTIN-SUR-MER
50351,01.13Z,,50810,MONTRABOT
50351,01.41Z,,50810,MONTRABOT
50351,01.47Z,,50810,MONTRABOT
50351,16.29Z,,50810,MONTRABOT
50351,43.91A,PME,50810,MONTRABOT
50351,47.79Z,PME,50810,MONTRABOT
50351,49.32Z,,50810,MONTRABOT
50351,68.20B,,50810,MONTRABOT
50351,72.11Z,PME,50810,MONTRABOT
50351,84.11Z,PME,50810,MONTRABOT
50351,90.03B,PME,50810,MONTRABOT
50352,01.25Z,,50570,MONTREUIL-SUR-LOZON
50352,01.41Z,,50570,MONTREUIL-SUR-LOZON
50352,01.42Z,,50570,MONTREUIL-SUR-LOZON
50352,01.45Z,,50570,MONTREUIL-SUR-LOZON
50352,01.47Z,,50570,MONTREUIL-SUR-LOZON
50352,01.49Z,,50570,MONTREUIL-SUR-LOZON
50352,01.61Z,,50570,MONTREUIL-SUR-LOZON
50352,01.62Z,,50570,MONTREUIL-SUR-LOZON
50352,10.71C,PME,50570,MONTREUIL-SUR-LOZON
50352,35.11Z,PME,50570,MONTREUIL-SUR-LOZON
50352,38.11Z,PME,50570,MONTREUIL-SUR-LOZON
50352,41.20B,PME,50570,MONTREUIL-SUR-LOZON
50352,43.32A,PME,50570,MONTREUIL-SUR-LOZON
50352,43.99C,PME,50570,MONTREUIL-SUR-LOZON
50352,46.19B,PME,50570,MONTREUIL-SUR-LOZON
50352,47.81Z,PME,50570,MONTREUIL-SUR-LOZON
50352,59.11B,,50570,MONTREUIL-SUR-LOZON
50352,64.20Z,PME,50570,MONTREUIL-SUR-LOZON
50352,66.30Z,PME,50570,MONTREUIL-SUR-LOZON
50352,68.20A,,50570,MONTREUIL-SUR-LOZON
50352,68.20A,PME,50570,MONTREUIL-SUR-LOZON
50352,68.20B,,50570,MONTREUIL-SUR-LOZON
50352,68.20B,PME,50570,MONTREUIL-SUR-LOZON
50352,68.31Z,,50570,MONTREUIL-SUR-LOZON
50352,70.10Z,,50570,MONTREUIL-SUR-LOZON
50352,70.10Z,PME,50570,MONTREUIL-SUR-LOZON
50352,81.30Z,PME,50570,MONTREUIL-SUR-LOZON
50352,84.11Z,PME,50570,MONTREUIL-SUR-LOZON
50352,88.99B,,50570,MONTREUIL-SUR-LOZON
50352,90.02Z,,50570,MONTREUIL-SUR-LOZON
50352,90.03A,PME,50570,MONTREUIL-SUR-LOZON
50352,93.29Z,PME,50570,MONTREUIL-SUR-LOZON
50352,96.02B,PME,50570,MONTREUIL-SUR-LOZON
50356,01.11Z,,50680,MOON-SUR-ELLE
50356,01.19Z,PME,50680,MOON-SUR-ELLE
50356,01.41Z,,50680,MOON-SUR-ELLE
50356,01.42Z,,50680,MOON-SUR-ELLE
50356,01.43Z,,50680,MOON-SUR-ELLE
50356,01.46Z,,50680,MOON-SUR-ELLE
50356,03.11Z,,50680,MOON-SUR-ELLE
50356,03.21Z,,50680,MOON-SUR-ELLE
50356,10.71C,PME,50680,MOON-SUR-ELLE
50356,11.05Z,PME,50680,MOON-SUR-ELLE
50356,14.39Z,PME,50680,MOON-SUR-ELLE
50356,23.31Z,ETI,50680,MOON-SUR-ELLE
50356,25.62B,,50680,MOON-SUR-ELLE
50356,43.12A,PME,50680,MOON-SUR-ELLE
50356,43.91A,PME,50680,MOON-SUR-ELLE
50356,45.11Z,,50680,MOON-SUR-ELLE
50356,46.19B,PME,50680,MOON-SUR-ELLE
50356,47.22Z,PME,50680,MOON-SUR-ELLE
50356,47.29Z,PME,50680,MOON-SUR-ELLE
50356,47.89Z,PME,50680,MOON-SUR-ELLE
50356,47.99A,,50680,MOON-SUR-ELLE
50356,55.20Z,PME,50680,MOON-SUR-ELLE
50356,56.10C,,50680,MOON-SUR-ELLE
50356,56.30Z,PME,50680,MOON-SUR-ELLE
50356,68.20B,,50680,MOON-SUR-ELLE
50356,68.20B,PME,50680,MOON-SUR-ELLE
50356,69.10Z,PME,50680,MOON-SUR-ELLE
50356,70.10Z,,50680,MOON-SUR-ELLE
50356,70.10Z,PME,50680,MOON-SUR-ELLE
50356,70.21Z,,50680,MOON-SUR-ELLE
50356,71.11Z,PME,50680,MOON-SUR-ELLE
50356,81.30Z,PME,50680,MOON-SUR-ELLE
50356,84.11Z,PME,50680,MOON-SUR-ELLE
50356,85.20Z,PME,50680,MOON-SUR-ELLE
50356,90.01Z,PME,50680,MOON-SUR-ELLE
50356,90.03A,PME,50680,MOON-SUR-ELLE
50356,90.03B,,50680,MOON-SUR-ELLE
50356,94.99Z,,50680,MOON-SUR-ELLE
50356,95.29Z,PME,50680,MOON-SUR-ELLE
50356,96.02A,PME,50680,MOON-SUR-ELLE
50360,01.11Z,,50700,MORVILLE
50360,01.19Z,,50700,MORVILLE
50360,01.41Z,,50700,MORVILLE
50360,01.42Z,,50700,MORVILLE
50360,01.42Z,PME,50700,MORVILLE
50360,01.43Z,,50700,MORVILLE
50360,01.45Z,,50700,MORVILLE
50360,01.49Z,,50700,MORVILLE
50360,01.50Z,,50700,MORVILLE
50360,23.70Z,PME,50700,MORVILLE
50360,45.20A,,50700,MORVILLE
50360,47.89Z,PME,50700,MORVILLE
50360,47.99A,PME,50700,MORVILLE
50360,55.20Z,PME,50700,MORVILLE
50360,68.10Z,,50700,MORVILLE
50360,68.20A,PME,50700,MORVILLE
50360,68.20B,,50700,MORVILLE
50360,68.20B,PME,50700,MORVILLE
50360,84.11Z,PME,50700,MORVILLE
50360,85.20Z,PME,50700,MORVILLE
50360,90.01Z,PME,50700,MORVILLE
50360,90.03A,PME,50700,MORVILLE
50360,96.02A,PME,50700,MORVILLE
50360,96.09Z,PME,50700,MORVILLE
50362,01.11Z,,50600,MOULINES
50362,01.41Z,,50600,MOULINES
50362,01.42Z,,50600,MOULINES
50362,01.46Z,,50600,MOULINES
50362,01.47Z,,50600,MOULINES
50362,01.61Z,,50600,MOULINES
50362,28.30Z,PME,50600,MOULINES
50362,35.11Z,,50600,MOULINES
50362,35.11Z,PME,50600,MOULINES
50362,43.22A,PME,50600,MOULINES
50362,43.91A,,50600,MOULINES
50362,43.91B,PME,50600,MOULINES
50362,45.19Z,PME,50600,MOULINES
50362,45.20B,PME,50600,MOULINES
50362,47.22Z,PME,50600,MOULINES
50362,56.10C,PME,50600,MOULINES
50362,64.19Z,GE,50600,MOULINES
50362,68.20B,,50600,MOULINES
50362,68.20B,PME,50600,MOULINES
50362,70.10Z,PME,50600,MOULINES
50362,78.30Z,PME,50600,MOULINES
50362,84.11Z,PME,50600,MOULINES
50362,93.12Z,,50600,MOULINES
50362,94.99Z,,50600,MOULINES
50363,01.11Z,,50860,MOYON VILLAGES
50363,01.24Z,,50860,MOYON VILLAGES
50363,01.41Z,,50860,MOYON VILLAGES
50363,01.42Z,,50860,MOYON VILLAGES
50363,01.42Z,PME,50860,MOYON VILLAGES
50363,01.43Z,,50860,MOYON VILLAGES
50363,01.43Z,PME,50860,MOYON VILLAGES
50363,01.45Z,,50860,MOYON VILLAGES
50363,01.46Z,GE,50860,MOYON VILLAGES
50363,01.47Z,,50860,MOYON VILLAGES
50363,01.49Z,,50860,MOYON VILLAGES
50363,01.50Z,,50860,MOYON VILLAGES
50363,01.61Z,,50860,MOYON VILLAGES
50363,01.62Z,,50860,MOYON VILLAGES
50363,01.62Z,PME,50860,MOYON VILLAGES
50363,10.51A,GE,50860,MOYON VILLAGES
50363,10.51A,PME,50860,MOYON VILLAGES
50363,10.71C,PME,50860,MOYON VILLAGES
50363,10.82Z,PME,50860,MOYON VILLAGES
50363,11.05Z,PME,50860,MOYON VILLAGES
50363,14.19Z,,50860,MOYON VILLAGES
50363,16.29Z,PME,50860,MOYON VILLAGES
50363,25.61Z,PME,50860,MOYON VILLAGES
50363,32.99Z,PME,50860,MOYON VILLAGES
50363,35.11Z,,50860,MOYON VILLAGES
50363,35.11Z,PME,50860,MOYON VILLAGES
50363,35.13Z,PME,50860,MOYON VILLAGES
50363,35.21Z,PME,50860,MOYON VILLAGES
50363,41.10A,PME,50860,MOYON VILLAGES
50363,41.10D,PME,50860,MOYON VILLAGES
50363,43.12A,PME,50860,MOYON VILLAGES
50363,43.21A,,50860,MOYON VILLAGES
50363,43.21A,PME,50860,MOYON VILLAGES
50363,43.22B,,50860,MOYON VILLAGES
50363,43.22B,PME,50860,MOYON VILLAGES
50363,43.32A,PME,50860,MOYON VILLAGES
50363,43.32B,PME,50860,MOYON VILLAGES
50363,43.34Z,,50860,MOYON VILLAGES
50363,43.34Z,PME,50860,MOYON VILLAGES
50363,43.91B,,50860,MOYON VILLAGES
50363,43.91B,PME,50860,MOYON VILLAGES
50363,43.99C,PME,50860,MOYON VILLAGES
50363,45.11Z,PME,50860,MOYON VILLAGES
50363,45.20A,,50860,MOYON VILLAGES
50363,45.20A,PME,50860,MOYON VILLAGES
50363,46.11Z,PME,50860,MOYON VILLAGES
50363,46.19B,PME,50860,MOYON VILLAGES
50363,46.21Z,GE,50860,MOYON VILLAGES
50363,46.22Z,PME,50860,MOYON VILLAGES
50363,46.23Z,PME,50860,MOYON VILLAGES
50363,47.11B,PME,50860,MOYON VILLAGES
50363,47.19B,PME,50860,MOYON VILLAGES
50363,47.22Z,PME,50860,MOYON VILLAGES
50363,47.24Z,PME,50860,MOYON VILLAGES
50363,47.52A,GE,50860,MOYON VILLAGES
50363,47.52B,PME,50860,MOYON VILLAGES
50363,47.54Z,PME,50860,MOYON VILLAGES
50363,47.81Z,PME,50860,MOYON VILLAGES
50363,47.89Z,PME,50860,MOYON VILLAGES
50363,47.99A,PME,50860,MOYON VILLAGES
50363,47.99B,PME,50860,MOYON VILLAGES
50363,55.20Z,PME,50860,MOYON VILLAGES
50363,56.10A,PME,50860,MOYON VILLAGES
50363,58.14Z,PME,50860,MOYON VILLAGES
50363,62.09Z,PME,50860,MOYON VILLAGES
50363,64.19Z,GE,50860,MOYON VILLAGES
50363,64.19Z,PME,50860,MOYON VILLAGES
50363,64.20Z,PME,50860,MOYON VILLAGES
50363,66.30Z,PME,50860,MOYON VILLAGES
50363,68.20A,,50860,MOYON VILLAGES
50363,68.20A,PME,50860,MOYON VILLAGES
50363,68.20B,,50860,MOYON VILLAGES
50363,68.20B,PME,50860,MOYON VILLAGES
50363,68.32B,,50860,MOYON VILLAGES
50363,70.10Z,,50860,MOYON VILLAGES
50363,70.21Z,,50860,MOYON VILLAGES
50363,70.22Z,PME,50860,MOYON VILLAGES
50363,81.21Z,PME,50860,MOYON VILLAGES
50363,81.22Z,,50860,MOYON VILLAGES
50363,81.30Z,PME,50860,MOYON VILLAGES
50363,82.11Z,,50860,MOYON VILLAGES
50363,82.19Z,PME,50860,MOYON VILLAGES
50363,82.99Z,PME,50860,MOYON VILLAGES
50363,84.11Z,PME,50860,MOYON VILLAGES
50363,85.51Z,PME,50860,MOYON VILLAGES
50363,85.52Z,PME,50860,MOYON VILLAGES
50363,85.53Z,,50860,MOYON VILLAGES
50363,86.21Z,PME,50860,MOYON VILLAGES
50363,86.90D,,50860,MOYON VILLAGES
50363,86.90D,PME,50860,MOYON VILLAGES
50363,86.90E,,50860,MOYON VILLAGES
50363,86.90E,PME,50860,MOYON VILLAGES
50363,86.90F,PME,50860,MOYON VILLAGES
50363,90.01Z,,50860,MOYON VILLAGES
50363,91.01Z,PME,50860,MOYON VILLAGES
50363,93.12Z,PME,50860,MOYON VILLAGES
50363,93.19Z,PME,50860,MOYON VILLAGES
50363,94.20Z,,50860,MOYON VILLAGES
50363,94.99Z,,50860,MOYON VILLAGES
50363,94.99Z,PME,50860,MOYON VILLAGES
50363,96.02B,,50860,MOYON VILLAGES
50363,96.09Z,PME,50860,MOYON VILLAGES
50382,01.11Z,,50690,NOUAINVILLE
50382,01.41Z,,50690,NOUAINVILLE
50382,01.42Z,,50690,NOUAINVILLE
50382,01.43Z,,50690,NOUAINVILLE
50382,01.49Z,,50690,NOUAINVILLE
50382,03.11Z,,50690,NOUAINVILLE
50382,14.13Z,,50690,NOUAINVILLE
50382,14.13Z,PME,50690,NOUAINVILLE
50382,16.29Z,PME,50690,NOUAINVILLE
50382,22.29B,,50690,NOUAINVILLE
50382,23.49Z,PME,50690,NOUAINVILLE
50382,43.32A,PME,50690,NOUAINVILLE
50382,43.34Z,,50690,NOUAINVILLE
50382,45.11Z,PME,50690,NOUAINVILLE
50382,46.19B,,50690,NOUAINVILLE
50382,46.34Z,PME,50690,NOUAINVILLE
50382,47.89Z,PME,50690,NOUAINVILLE
50382,47.99A,,50690,NOUAINVILLE
50382,47.99A,PME,50690,NOUAINVILLE
50382,52.29B,PME,50690,NOUAINVILLE
50382,53.20Z,PME,50690,NOUAINVILLE
50382,64.20Z,,50690,NOUAINVILLE
50382,66.30Z,PME,50690,NOUAINVILLE
50382,68.20A,PME,50690,NOUAINVILLE
50382,68.20B,,50690,NOUAINVILLE
50382,68.20B,PME,50690,NOUAINVILLE
50382,70.22Z,PME,50690,NOUAINVILLE
50382,71.12B,PME,50690,NOUAINVILLE
50382,71.20B,,50690,NOUAINVILLE
50382,73.11Z,PME,50690,NOUAINVILLE
50382,74.10Z,PME,50690,NOUAINVILLE
50382,74.20Z,PME,50690,NOUAINVILLE
50382,84.11Z,PME,50690,NOUAINVILLE
50382,85.51Z,PME,50690,NOUAINVILLE
50382,85.52Z,PME,50690,NOUAINVILLE
50382,86.90F,PME,50690,NOUAINVILLE
50382,90.03B,PME,50690,NOUAINVILLE
50382,93.11Z,PME,50690,NOUAINVILLE
50382,93.19Z,PME,50690,NOUAINVILLE
50382,94.99Z,,50690,NOUAINVILLE
50382,96.09Z,PME,50690,NOUAINVILLE
50384,01.11Z,,50630,OCTEVILLE L'AVENEL
50384,01.24Z,,50630,OCTEVILLE L'AVENEL
50384,01.25Z,,50630,OCTEVILLE L'AVENEL
50384,01.41Z,,50630,OCTEVILLE L'AVENEL
50384,01.42Z,,50630,OCTEVILLE L'AVENEL
50384,01.47Z,PME,50630,OCTEVILLE L'AVENEL
50384,01.49Z,,50630,OCTEVILLE L'AVENEL
50384,35.11Z,GE,50630,OCTEVILLE L'AVENEL
50384,43.21A,PME,50630,OCTEVILLE L'AVENEL
50384,43.91B,PME,50630,OCTEVILLE L'AVENEL
50384,66.30Z,PME,50630,OCTEVILLE L'AVENEL
50384,68.20B,,50630,OCTEVILLE L'AVENEL
50384,68.20B,PME,50630,OCTEVILLE L'AVENEL
50384,73.20Z,,50630,OCTEVILLE L'AVENEL
50384,84.11Z,PME,50630,OCTEVILLE L'AVENEL
50384,86.90F,PME,50630,OCTEVILLE L'AVENEL
50384,94.91Z,,50630,OCTEVILLE L'AVENEL
50384,94.99Z,PME,50630,OCTEVILLE L'AVENEL
50384,96.02A,PME,50630,OCTEVILLE L'AVENEL
50384,96.09Z,PME,50630,OCTEVILLE L'AVENEL
50388,01.11Z,,50660,ORVAL SUR SIENNE
50388,01.13Z,,50660,ORVAL SUR SIENNE
50388,01.19Z,,50660,ORVAL SUR SIENNE
50388,01.24Z,,50660,ORVAL SUR SIENNE
50388,01.28Z,,50660,ORVAL SUR SIENNE
50388,01.41Z,,50660,ORVAL SUR SIENNE
50388,01.42Z,,50660,ORVAL SUR SIENNE
50388,01.42Z,PME,50660,ORVAL SUR SIENNE
50388,01.43Z,,50660,ORVAL SUR SIENNE
50388,01.43Z,PME,50660,ORVAL SUR SIENNE
50388,01.47Z,,50660,ORVAL SUR SIENNE
50388,01.49Z,,50660,ORVAL SUR SIENNE
50388,01.50Z,,50660,ORVAL SUR SIENNE
50388,01.61Z,,50660,ORVAL SUR SIENNE
50388,01.62Z,,50660,ORVAL SUR SIENNE
50388,02.10Z,,50660,ORVAL SUR SIENNE
50388,03.21Z,,50660,ORVAL SUR SIENNE
50388,11.01Z,,50660,ORVAL SUR SIENNE
50388,14.19Z,,50660,ORVAL SUR SIENNE
50388,17.22Z,PME,50660,ORVAL SUR SIENNE
50388,18.13Z,PME,50660,ORVAL SUR SIENNE
50388,23.63Z,,50660,ORVAL SUR SIENNE
50388,29.20Z,PME,50660,ORVAL SUR SIENNE
50388,35.11Z,PME,50660,ORVAL SUR SIENNE
50388,37.00Z,PME,50660,ORVAL SUR SIENNE
50388,43.12A,PME,50660,ORVAL SUR SIENNE
50388,43.21A,PME,50660,ORVAL SUR SIENNE
50388,43.22A,,50660,ORVAL SUR SIENNE
50388,43.22A,PME,50660,ORVAL SUR SIENNE
50388,43.31Z,PME,50660,ORVAL SUR SIENNE
50388,43.32A,PME,50660,ORVAL SUR SIENNE
50388,43.34Z,PME,50660,ORVAL SUR SIENNE
50388,43.39Z,PME,50660,ORVAL SUR SIENNE
50388,43.91B,PME,50660,ORVAL SUR SIENNE
50388,45.11Z,PME,50660,ORVAL SUR SIENNE
50388,45.20A,PME,50660,ORVAL SUR SIENNE
50388,46.19B,,50660,ORVAL SUR SIENNE
50388,46.19B,PME,50660,ORVAL SUR SIENNE
50388,46.21Z,PME,50660,ORVAL SUR SIENNE
50388,46.22Z,,50660,ORVAL SUR SIENNE
50388,46.23Z,PME,50660,ORVAL SUR SIENNE
50388,47.79Z,PME,50660,ORVAL SUR SIENNE
50388,47.81Z,PME,50660,ORVAL SUR SIENNE
50388,47.89Z,,50660,ORVAL SUR SIENNE
50388,47.89Z,PME,50660,ORVAL SUR SIENNE
50388,47.91B,,50660,ORVAL SUR SIENNE
50388,47.99A,PME,50660,ORVAL SUR SIENNE
50388,49.41A,PME,50660,ORVAL SUR SIENNE
50388,49.41B,PME,50660,ORVAL SUR SIENNE
50388,55.20Z,PME,50660,ORVAL SUR SIENNE
50388,56.30Z,,50660,ORVAL SUR SIENNE
50388,58.11Z,PME,50660,ORVAL SUR SIENNE
50388,63.12Z,PME,50660,ORVAL SUR SIENNE
50388,63.91Z,PME,50660,ORVAL SUR SIENNE
50388,64.20Z,PME,50660,ORVAL SUR SIENNE
50388,66.19A,,50660,ORVAL SUR SIENNE
50388,68.20A,,50660,ORVAL SUR SIENNE
50388,68.20B,,50660,ORVAL SUR SIENNE
50388,68.20B,PME,50660,ORVAL SUR SIENNE
50388,68.32A,,50660,ORVAL SUR SIENNE
50388,70.10Z,,50660,ORVAL SUR SIENNE
50388,70.10Z,PME,50660,ORVAL SUR SIENNE
50388,70.22Z,PME,50660,ORVAL SUR SIENNE
50388,71.12B,PME,50660,ORVAL SUR SIENNE
50388,72.19Z,PME,50660,ORVAL SUR SIENNE
50388,74.20Z,,50660,ORVAL SUR SIENNE
50388,74.20Z,PME,50660,ORVAL SUR SIENNE
50388,77.12Z,PME,50660,ORVAL SUR SIENNE
50388,81.21Z,PME,50660,ORVAL SUR SIENNE
50388,81.30Z,,50660,ORVAL SUR SIENNE
50388,82.11Z,,50660,ORVAL SUR SIENNE
50388,82.11Z,PME,50660,ORVAL SUR SIENNE
50388,82.30Z,PME,50660,ORVAL SUR SIENNE
50388,84.11Z,PME,50660,ORVAL SUR SIENNE
50388,85.20Z,PME,50660,ORVAL SUR SIENNE
50388,85.51Z,,50660,ORVAL SUR SIENNE
50388,85.59B,PME,50660,ORVAL SUR SIENNE
50388,86.90D,PME,50660,ORVAL SUR SIENNE
50388,86.90F,PME,50660,ORVAL SUR SIENNE
50388,88.99B,,50660,ORVAL SUR SIENNE
50388,90.02Z,PME,50660,ORVAL SUR SIENNE
50388,90.03A,PME,50660,ORVAL SUR SIENNE
50388,90.03B,PME,50660,ORVAL SUR SIENNE
50388,91.03Z,,50660,ORVAL SUR SIENNE
50388,93.12Z,,50660,ORVAL SUR SIENNE
50388,93.29Z,PME,50660,ORVAL SUR SIENNE
50388,94.91Z,,50660,ORVAL SUR SIENNE
50388,94.99Z,,50660,ORVAL SUR SIENNE
50388,94.99Z,PME,50660,ORVAL SUR SIENNE
50388,95.22Z,,50660,ORVAL SUR SIENNE
50388,95.29Z,PME,50660,ORVAL SUR SIENNE
50388,96.02A,PME,50660,ORVAL SUR SIENNE
50388,96.02B,PME,50660,ORVAL SUR SIENNE
50388,96.04Z,PME,50660,ORVAL SUR SIENNE
50388,96.09Z,,50660,ORVAL SUR SIENNE
50391,01.11Z,,50600,GRANDPARIGNY
50391,01.19Z,,50600,GRANDPARIGNY
50391,01.24Z,,50600,GRANDPARIGNY
50391,01.30Z,,50600,GRANDPARIGNY
50391,01.41Z,,50600,GRANDPARIGNY
50391,01.42Z,,50600,GRANDPARIGNY
50391,01.43Z,,50600,GRANDPARIGNY
50391,01.45Z,,50600,GRANDPARIGNY
50391,01.46Z,,50600,GRANDPARIGNY
50391,01.49Z,,50600,GRANDPARIGNY
50391,01.50Z,,50600,GRANDPARIGNY
50391,01.61Z,,50600,GRANDPARIGNY
50391,01.62Z,,50600,GRANDPARIGNY
50391,02.10Z,,50600,GRANDPARIGNY
50391,02.40Z,,50600,GRANDPARIGNY
50391,10.11Z,PME,50600,GRANDPARIGNY
50391,10.13B,PME,50600,GRANDPARIGNY
50391,10.39B,PME,50600,GRANDPARIGNY
50391,11.01Z,PME,50600,GRANDPARIGNY
50391,14.19Z,,50600,GRANDPARIGNY
50391,15.12Z,PME,50600,GRANDPARIGNY
50391,17.29Z,PME,50600,GRANDPARIGNY
50391,18.12Z,PME,50600,GRANDPARIGNY
50391,18.13Z,PME,50600,GRANDPARIGNY
50391,23.70Z,PME,50600,GRANDPARIGNY
50391,35.11Z,PME,50600,GRANDPARIGNY
50391,41.10B,PME,50600,GRANDPARIGNY
50391,41.10D,PME,50600,GRANDPARIGNY
50391,42.99Z,,50600,GRANDPARIGNY
50391,43.12A,ETI,50600,GRANDPARIGNY
50391,43.21A,PME,50600,GRANDPARIGNY
50391,43.31Z,PME,50600,GRANDPARIGNY
50391,43.32A,PME,50600,GRANDPARIGNY
50391,43.32B,PME,50600,GRANDPARIGNY
50391,43.33Z,PME,50600,GRANDPARIGNY
50391,43.34Z,PME,50600,GRANDPARIGNY
50391,43.39Z,,50600,GRANDPARIGNY
50391,43.91A,PME,50600,GRANDPARIGNY
50391,43.91B,PME,50600,GRANDPARIGNY
50391,43.99C,PME,50600,GRANDPARIGNY
50391,45.11Z,,50600,GRANDPARIGNY
50391,45.11Z,ETI,50600,GRANDPARIGNY
50391,45.11Z,PME,50600,GRANDPARIGNY
50391,45.20A,,50600,GRANDPARIGNY
50391,45.20A,PME,50600,GRANDPARIGNY
50391,45.31Z,PME,50600,GRANDPARIGNY
50391,45.32Z,PME,50600,GRANDPARIGNY
50391,46.21Z,PME,50600,GRANDPARIGNY
50391,46.22Z,PME,50600,GRANDPARIGNY
50391,46.23Z,PME,50600,GRANDPARIGNY
50391,46.61Z,PME,50600,GRANDPARIGNY
50391,46.73A,PME,50600,GRANDPARIGNY
50391,47.11B,PME,50600,GRANDPARIGNY
50391,47.11D,,50600,GRANDPARIGNY
50391,47.51Z,PME,50600,GRANDPARIGNY
50391,47.52B,PME,50600,GRANDPARIGNY
50391,47.59A,PME,50600,GRANDPARIGNY
50391,47.73Z,PME,50600,GRANDPARIGNY
50391,47.78C,PME,50600,GRANDPARIGNY
50391,47.79Z,PME,50600,GRANDPARIGNY
50391,47.81Z,PME,50600,GRANDPARIGNY
50391,47.82Z,PME,50600,GRANDPARIGNY
50391,47.89Z,PME,50600,GRANDPARIGNY
50391,47.91A,PME,50600,GRANDPARIGNY
50391,47.91B,,50600,GRANDPARIGNY
50391,47.91B,PME,50600,GRANDPARIGNY
50391,47.99A,,50600,GRANDPARIGNY
50391,47.99A,PME,50600,GRANDPARIGNY
50391,52.10B,PME,50600,GRANDPARIGNY
50391,55.20Z,PME,50600,GRANDPARIGNY
50391,56.10A,PME,50600,GRANDPARIGNY
50391,56.10C,,50600,GRANDPARIGNY
50391,56.30Z,PME,50600,GRANDPARIGNY
50391,59.20Z,,50600,GRANDPARIGNY
50391,62.01Z,PME,50600,GRANDPARIGNY
50391,62.02A,,50600,GRANDPARIGNY
50391,63.91Z,PME,50600,GRANDPARIGNY
50391,64.20Z,,50600,GRANDPARIGNY
50391,64.20Z,PME,50600,GRANDPARIGNY
50391,66.19A,PME,50600,GRANDPARIGNY
50391,66.30Z,,50600,GRANDPARIGNY
50391,66.30Z,PME,50600,GRANDPARIGNY
50391,68.10Z,PME,50600,GRANDPARIGNY
50391,68.20A,,50600,GRANDPARIGNY
50391,68.20B,,50600,GRANDPARIGNY
50391,68.20B,GE,50600,GRANDPARIGNY
50391,68.20B,PME,50600,GRANDPARIGNY
50391,69.20Z,PME,50600,GRANDPARIGNY
50391,70.10Z,,50600,GRANDPARIGNY
50391,70.10Z,PME,50600,GRANDPARIGNY
50391,70.21Z,PME,50600,GRANDPARIGNY
50391,70.22Z,PME,50600,GRANDPARIGNY
50391,71.12B,PME,50600,GRANDPARIGNY
50391,71.20A,PME,50600,GRANDPARIGNY
50391,74.20Z,,50600,GRANDPARIGNY
50391,74.90B,PME,50600,GRANDPARIGNY
50391,81.21Z,,50600,GRANDPARIGNY
50391,81.21Z,PME,50600,GRANDPARIGNY
50391,81.29A,PME,50600,GRANDPARIGNY
50391,81.30Z,PME,50600,GRANDPARIGNY
50391,82.19Z,PME,50600,GRANDPARIGNY
50391,84.11Z,PME,50600,GRANDPARIGNY
50391,85.20Z,PME,50600,GRANDPARIGNY
50391,86.21Z,PME,50600,GRANDPARIGNY
50391,86.90A,PME,50600,GRANDPARIGNY
50391,86.90D,,50600,GRANDPARIGNY
50391,86.90D,PME,50600,GRANDPARIGNY
50391,86.90F,PME,50600,GRANDPARIGNY
50391,87.30A,PME,50600,GRANDPARIGNY
50391,88.91A,,50600,GRANDPARIGNY
50391,88.99B,,50600,GRANDPARIGNY
50391,90.01Z,,50600,GRANDPARIGNY
50391,90.03A,PME,50600,GRANDPARIGNY
50391,93.12Z,,50600,GRANDPARIGNY
50391,93.12Z,PME,50600,GRANDPARIGNY
50391,93.19Z,PME,50600,GRANDPARIGNY
50391,93.29Z,,50600,GRANDPARIGNY
50391,93.29Z,PME,50600,GRANDPARIGNY
50391,94.99Z,,50600,GRANDPARIGNY
50391,94.99Z,PME,50600,GRANDPARIGNY
50391,95.11Z,PME,50600,GRANDPARIGNY
50391,95.29Z,PME,50600,GRANDPARIGNY
50391,96.02A,PME,50600,GRANDPARIGNY
50391,96.09Z,PME,50600,GRANDPARIGNY
50395,01.13Z,,50630,LA PERNELLE
50395,01.41Z,,50630,LA PERNELLE
50395,01.42Z,,50630,LA PERNELLE
50395,01.43Z,,50630,LA PERNELLE
50395,01.45Z,,50630,LA PERNELLE
50395,01.50Z,,50630,LA PERNELLE
50395,01.61Z,,50630,LA PERNELLE
50395,08.12Z,GE,50630,LA PERNELLE
50395,23.63Z,PME,50630,LA PERNELLE
50395,43.12B,PME,50630,LA PERNELLE
50395,45.20A,PME,50630,LA PERNELLE
50395,46.19B,PME,50630,LA PERNELLE
50395,47.81Z,PME,50630,LA PERNELLE
50395,55.20Z,PME,50630,LA PERNELLE
50395,56.10A,PME,50630,LA PERNELLE
50395,63.91Z,PME,50630,LA PERNELLE
50395,64.20Z,PME,50630,LA PERNELLE
50395,66.22Z,,50630,LA PERNELLE
50395,68.20A,,50630,LA PERNELLE
50395,68.20B,,50630,LA PERNELLE
50395,68.20B,PME,50630,LA PERNELLE
50395,70.10Z,,50630,LA PERNELLE
50395,70.10Z,PME,50630,LA PERNELLE
50395,70.21Z,PME,50630,LA PERNELLE
50395,77.39Z,,50630,LA PERNELLE
50395,84.11Z,PME,50630,LA PERNELLE
50395,94.99Z,,50630,LA PERNELLE
50403,01.11Z,,50770,PIROU
50403,01.13Z,,50770,PIROU
50403,01.19Z,,50770,PIROU
50403,01.41Z,,50770,PIROU
50403,01.42Z,,50770,PIROU
50403,01.43Z,,50770,PIROU
50403,01.43Z,PME,50770,PIROU
50403,01.49Z,,50770,PIROU
50403,01.50Z,,50770,PIROU
50403,01.61Z,,50770,PIROU
50403,03.11Z,,50770,PIROU
50403,03.21Z,,50770,PIROU
50403,03.21Z,PME,50770,PIROU
50403,10.71C,PME,50770,PIROU
50403,20.42Z,PME,50770,PIROU
50403,23.41Z,PME,50770,PIROU
50403,25.11Z,,50770,PIROU
50403,33.12Z,PME,50770,PIROU
50403,35.11Z,PME,50770,PIROU
50403,35.21Z,PME,50770,PIROU
50403,38.32Z,PME,50770,PIROU
50403,41.10D,PME,50770,PIROU
50403,42.99Z,PME,50770,PIROU
50403,43.12A,PME,50770,PIROU
50403,43.21A,PME,50770,PIROU
50403,43.31Z,PME,50770,PIROU
50403,43.34Z,PME,50770,PIROU
50403,43.99C,,50770,PIROU
50403,43.99C,PME,50770,PIROU
50403,45.11Z,PME,50770,PIROU
50403,45.19Z,,50770,PIROU
50403,45.20A,PME,50770,PIROU
50403,46.19B,,50770,PIROU
50403,46.19B,PME,50770,PIROU
50403,46.38A,PME,50770,PIROU
50403,46.90Z,PME,50770,PIROU
50403,47.11B,,50770,PIROU
50403,47.19B,PME,50770,PIROU
50403,47.22Z,PME,50770,PIROU
50403,47.24Z,PME,50770,PIROU
50403,47.76Z,PME,50770,PIROU
50403,47.81Z,,50770,PIROU
50403,47.81Z,PME,50770,PIROU
50403,47.89Z,,50770,PIROU
50403,47.89Z,PME,50770,PIROU
50403,47.91A,PME,50770,PIROU
50403,47.99A,PME,50770,PIROU
50403,49.41A,PME,50770,PIROU
50403,49.41B,PME,50770,PIROU
50403,52.24A,PME,50770,PIROU
50403,55.10Z,PME,50770,PIROU
50403,55.20Z,,50770,PIROU
50403,55.20Z,PME,50770,PIROU
50403,55.30Z,PME,50770,PIROU
50403,56.10A,PME,50770,PIROU
50403,56.10C,,50770,PIROU
50403,56.10C,PME,50770,PIROU
50403,56.30Z,,50770,PIROU
50403,56.30Z,PME,50770,PIROU
50403,59.14Z,PME,50770,PIROU
50403,62.02A,,50770,PIROU
50403,64.20Z,PME,50770,PIROU
50403,66.22Z,,50770,PIROU
50403,66.30Z,PME,50770,PIROU
50403,68.20A,,50770,PIROU
50403,68.20A,PME,50770,PIROU
50403,68.20B,,50770,PIROU
50403,68.20B,PME,50770,PIROU
50403,68.31Z,PME,50770,PIROU
50403,68.32A,,50770,PIROU
50403,68.32A,PME,50770,PIROU
50403,68.32B,,50770,PIROU
50403,70.10Z,,50770,PIROU
50403,70.10Z,PME,50770,PIROU
50403,71.12B,PME,50770,PIROU
50403,74.20Z,PME,50770,PIROU
50403,74.90B,PME,50770,PIROU
50403,78.30Z,,50770,PIROU
50403,81.10Z,,50770,PIROU
50403,81.21Z,PME,50770,PIROU
50403,81.30Z,PME,50770,PIROU
50403,82.19Z,,50770,PIROU
50403,82.19Z,PME,50770,PIROU
50403,82.99Z,PME,50770,PIROU
50403,84.11Z,PME,50770,PIROU
50403,84.12Z,PME,50770,PIROU
50403,85.20Z,PME,50770,PIROU
50403,85.51Z,,50770,PIROU
50403,85.59A,,50770,PIROU
50403,86.90D,,50770,PIROU
50403,86.90D,PME,50770,PIROU
50403,86.90F,PME,50770,PIROU
50403,88.99B,,50770,PIROU
50403,90.01Z,,50770,PIROU
50403,90.01Z,PME,50770,PIROU
50403,90.03B,,50770,PIROU
50403,91.03Z,PME,50770,PIROU
50403,93.12Z,,50770,PIROU
50403,93.19Z,,50770,PIROU
50403,93.29Z,PME,50770,PIROU
50403,94.91Z,,50770,PIROU
50403,94.99Z,,50770,PIROU
50403,96.02A,PME,50770,PIROU
50403,96.02B,PME,50770,PIROU
50403,96.09Z,,50770,PIROU
50403,96.09Z,PME,50770,PIROU
50409,01.11Z,,50620,PONT-HEBERT
50409,01.11Z,,50880,PONT-HEBERT
50409,01.11Z,PME,50880,PONT-HEBERT
50409,01.13Z,,50620,PONT-HEBERT
50409,01.19Z,,50880,PONT-HEBERT
50409,01.41Z,,50620,PONT-HEBERT
50409,01.41Z,,50880,PONT-HEBERT
50409,01.42Z,,50620,PONT-HEBERT
50409,01.42Z,,50880,PONT-HEBERT
50409,01.43Z,,50620,PONT-HEBERT
50409,01.43Z,,50880,PONT-HEBERT
50409,01.45Z,,50620,PONT-HEBERT
50409,01.46Z,PME,50620,PONT-HEBERT
50409,01.49Z,,50620,PONT-HEBERT
50409,01.49Z,,50880,PONT-HEBERT
50409,01.49Z,PME,50880,PONT-HEBERT
50409,01.50Z,,50620,PONT-HEBERT
50409,01.50Z,,50880,PONT-HEBERT
50409,01.61Z,,50880,PONT-HEBERT
50409,01.62Z,,50880,PONT-HEBERT
50409,03.11Z,,50620,PONT-HEBERT
50409,10.71C,PME,50880,PONT-HEBERT
50409,14.13Z,PME,50880,PONT-HEBERT
50409,16.23Z,PME,50880,PONT-HEBERT
50409,32.13Z,PME,50620,PONT-HEBERT
50409,33.19Z,PME,50880,PONT-HEBERT
50409,35.11Z,PME,50880,PONT-HEBERT
50409,41.20A,PME,50620,PONT-HEBERT
50409,43.12A,,50620,PONT-HEBERT
50409,43.21A,,50880,PONT-HEBERT
50409,43.21A,PME,50880,PONT-HEBERT
50409,43.22A,PME,50880,PONT-HEBERT
50409,43.22B,PME,50880,PONT-HEBERT
50409,43.32A,PME,50880,PONT-HEBERT
50409,43.32B,PME,50880,PONT-HEBERT
50409,43.33Z,PME,50880,PONT-HEBERT
50409,43.91B,PME,50880,PONT-HEBERT
50409,45.11Z,PME,50880,PONT-HEBERT
50409,45.20A,PME,50880,PONT-HEBERT
50409,46.18Z,PME,50880,PONT-HEBERT
50409,46.49Z,,50880,PONT-HEBERT
50409,46.69A,PME,50880,PONT-HEBERT
50409,47.11B,PME,50880,PONT-HEBERT
50409,47.21Z,PME,50880,PONT-HEBERT
50409,47.22Z,PME,50880,PONT-HEBERT
50409,47.25Z,PME,50880,PONT-HEBERT
50409,47.30Z,PME,50880,PONT-HEBERT
50409,47.54Z,PME,50880,PONT-HEBERT
50409,47.73Z,PME,50880,PONT-HEBERT
50409,47.76Z,PME,50880,PONT-HEBERT
50409,47.78C,,50620,PONT-HEBERT
50409,47.81Z,PME,50880,PONT-HEBERT
50409,47.89Z,PME,50880,PONT-HEBERT
50409,47.99A,,50880,PONT-HEBERT
50409,47.99A,PME,50880,PONT-HEBERT
50409,49.32Z,PME,50880,PONT-HEBERT
50409,49.39A,,50620,PONT-HEBERT
50409,49.39A,PME,50880,PONT-HEBERT
50409,53.10Z,GE,50880,PONT-HEBERT
50409,56.10A,PME,50620,PONT-HEBERT
50409,56.10C,PME,50880,PONT-HEBERT
50409,56.30Z,PME,50880,PONT-HEBERT
50409,61.20Z,GE,50880,PONT-HEBERT
50409,64.19Z,GE,50880,PONT-HEBERT
50409,64.19Z,PME,50880,PONT-HEBERT
50409,64.20Z,,50620,PONT-HEBERT
50409,64.20Z,PME,50620,PONT-HEBERT
50409,64.20Z,PME,50880,PONT-HEBERT
50409,66.22Z,PME,50880,PONT-HEBERT
50409,66.30Z,PME,50880,PONT-HEBERT
50409,68.20A,,50620,PONT-HEBERT
50409,68.20A,,50880,PONT-HEBERT
50409,68.20A,PME,50880,PONT-HEBERT
50409,68.20B,,50620,PONT-HEBERT
50409,68.20B,,50880,PONT-HEBERT
50409,68.20B,PME,50620,PONT-HEBERT
50409,68.20B,PME,50880,PONT-HEBERT
50409,69.10Z,PME,50880,PONT-HEBERT
50409,70.10Z,,50880,PONT-HEBERT
50409,70.10Z,PME,50880,PONT-HEBERT
50409,70.22Z,PME,50880,PONT-HEBERT
50409,71.12B,,50880,PONT-HEBERT
50409,71.12B,PME,50880,PONT-HEBERT
50409,71.20B,PME,50880,PONT-HEBERT
50409,77.29Z,,50880,PONT-HEBERT
50409,77.31Z,PME,50620,PONT-HEBERT
50409,81.10Z,,50880,PONT-HEBERT
50409,81.10Z,PME,50880,PONT-HEBERT
50409,81.21Z,PME,50880,PONT-HEBERT
50409,82.11Z,,50620,PONT-HEBERT
50409,82.11Z,PME,50880,PONT-HEBERT
50409,84.11Z,PME,50620,PONT-HEBERT
50409,85.20Z,PME,50620,PONT-HEBERT
50409,85.32Z,PME,50620,PONT-HEBERT
50409,85.51Z,PME,50880,PONT-HEBERT
50409,85.52Z,,50880,PONT-HEBERT
50409,85.52Z,PME,50880,PONT-HEBERT
50409,85.53Z,PME,50880,PONT-HEBERT
50409,85.59A,PME,50620,PONT-HEBERT
50409,86.21Z,PME,50880,PONT-HEBERT
50409,86.90D,,50880,PONT-HEBERT
50409,86.90D,PME,50620,PONT-HEBERT
50409,86.90D,PME,50880,PONT-HEBERT
50409,86.90E,PME,50880,PONT-HEBERT
50409,88.10A,ETI,50880,PONT-HEBERT
50409,88.10A,PME,50880,PONT-HEBERT
50409,88.99B,,50620,PONT-HEBERT
50409,88.99B,,50880,PONT-HEBERT
50409,90.03B,PME,50880,PONT-HEBERT
50409,93.12Z,,50880,PONT-HEBERT
50409,93.12Z,PME,50880,PONT-HEBERT
50409,93.19Z,,50880,PONT-HEBERT
50409,93.19Z,PME,50880,PONT-HEBERT
50409,93.29Z,PME,50880,PONT-HEBERT
50409,94.91Z,PME,50880,PONT-HEBERT
50409,94.99Z,,50620,PONT-HEBERT
50409,94.99Z,,50880,PONT-HEBERT
50409,94.99Z,PME,50880,PONT-HEBERT
50409,95.24Z,PME,50620,PONT-HEBERT
50409,95.29Z,PME,50880,PONT-HEBERT
50409,96.02A,,50880,PONT-HEBERT
50409,96.02A,PME,50880,PONT-HEBERT
50409,96.02B,,50880,PONT-HEBERT
50409,96.02B,PME,50880,PONT-HEBERT
50409,96.04Z,,50880,PONT-HEBERT
50409,96.09Z,,50620,PONT-HEBERT
50409,96.09Z,,50880,PONT-HEBERT
50409,96.09Z,PME,50880,PONT-HEBERT
50412,01.11Z,,50580,PORT-BAIL-SUR-MER
50412,01.13Z,,50580,PORT-BAIL-SUR-MER
50412,01.19Z,,50580,PORT-BAIL-SUR-MER
50412,01.24Z,,50580,PORT-BAIL-SUR-MER
50412,01.41Z,,50580,PORT-BAIL-SUR-MER
50412,01.42Z,,50580,PORT-BAIL-SUR-MER
50412,01.42Z,PME,50580,PORT-BAIL-SUR-MER
50412,01.43Z,,50580,PORT-BAIL-SUR-MER
50412,01.45Z,,50580,PORT-BAIL-SUR-MER
50412,01.46Z,,50580,PORT-BAIL-SUR-MER
50412,01.50Z,,50580,PORT-BAIL-SUR-MER
50412,01.61Z,,50580,PORT-BAIL-SUR-MER
50412,01.62Z,,50580,PORT-BAIL-SUR-MER
50412,03.11Z,,50580,PORT-BAIL-SUR-MER
50412,03.21Z,,50580,PORT-BAIL-SUR-MER
50412,10.13B,PME,50580,PORT-BAIL-SUR-MER
50412,10.71C,PME,50580,PORT-BAIL-SUR-MER
50412,13.92Z,PME,50580,PORT-BAIL-SUR-MER
50412,18.12Z,PME,50580,PORT-BAIL-SUR-MER
50412,18.13Z,PME,50580,PORT-BAIL-SUR-MER
50412,23.61Z,ETI,50580,PORT-BAIL-SUR-MER
50412,26.30Z,PME,50580,PORT-BAIL-SUR-MER
50412,30.11Z,PME,50580,PORT-BAIL-SUR-MER
50412,31.09B,PME,50580,PORT-BAIL-SUR-MER
50412,32.13Z,PME,50580,PORT-BAIL-SUR-MER
50412,33.15Z,PME,50580,PORT-BAIL-SUR-MER
50412,33.19Z,PME,50580,PORT-BAIL-SUR-MER
50412,33.20A,PME,50580,PORT-BAIL-SUR-MER
50412,35.11Z,,50580,PORT-BAIL-SUR-MER
50412,35.21Z,,50580,PORT-BAIL-SUR-MER
50412,41.10D,PME,50580,PORT-BAIL-SUR-MER
50412,41.20A,PME,50580,PORT-BAIL-SUR-MER
50412,42.99Z,,50580,PORT-BAIL-SUR-MER
50412,43.12A,PME,50580,PORT-BAIL-SUR-MER
50412,43.21A,PME,50580,PORT-BAIL-SUR-MER
50412,43.22A,PME,50580,PORT-BAIL-SUR-MER
50412,43.32A,,50580,PORT-BAIL-SUR-MER
50412,43.32A,PME,50580,PORT-BAIL-SUR-MER
50412,43.34Z,PME,50580,PORT-BAIL-SUR-MER
50412,43.39Z,PME,50580,PORT-BAIL-SUR-MER
50412,43.91B,PME,50580,PORT-BAIL-SUR-MER
50412,43.99B,PME,50580,PORT-BAIL-SUR-MER
50412,43.99C,PME,50580,PORT-BAIL-SUR-MER
50412,45.11Z,PME,50580,PORT-BAIL-SUR-MER
50412,45.20A,,50580,PORT-BAIL-SUR-MER
50412,45.20A,PME,50580,PORT-BAIL-SUR-MER
50412,46.19B,PME,50580,PORT-BAIL-SUR-MER
50412,46.39B,,50580,PORT-BAIL-SUR-MER
50412,46.42Z,PME,50580,PORT-BAIL-SUR-MER
50412,46.73A,ETI,50580,PORT-BAIL-SUR-MER
50412,46.73A,GE,50580,PORT-BAIL-SUR-MER
50412,47.11D,PME,50580,PORT-BAIL-SUR-MER
50412,47.22Z,PME,50580,PORT-BAIL-SUR-MER
50412,47.25Z,PME,50580,PORT-BAIL-SUR-MER
50412,47.41Z,PME,50580,PORT-BAIL-SUR-MER
50412,47.52A,PME,50580,PORT-BAIL-SUR-MER
50412,47.54Z,PME,50580,PORT-BAIL-SUR-MER
50412,47.59B,PME,50580,PORT-BAIL-SUR-MER
50412,47.62Z,PME,50580,PORT-BAIL-SUR-MER
50412,47.64Z,PME,50580,PORT-BAIL-SUR-MER
50412,47.71Z,PME,50580,PORT-BAIL-SUR-MER
50412,47.72A,PME,50580,PORT-BAIL-SUR-MER
50412,47.73Z,PME,50580,PORT-BAIL-SUR-MER
50412,47.75Z,PME,50580,PORT-BAIL-SUR-MER
50412,47.76Z,PME,50580,PORT-BAIL-SUR-MER
50412,47.78A,PME,50580,PORT-BAIL-SUR-MER
50412,47.78C,,50580,PORT-BAIL-SUR-MER
50412,47.78C,PME,50580,PORT-BAIL-SUR-MER
50412,47.79Z,PME,50580,PORT-BAIL-SUR-MER
50412,47.81Z,PME,50580,PORT-BAIL-SUR-MER
50412,47.89Z,,50580,PORT-BAIL-SUR-MER
50412,47.91A,PME,50580,PORT-BAIL-SUR-MER
50412,47.91B,PME,50580,PORT-BAIL-SUR-MER
50412,47.99A,PME,50580,PORT-BAIL-SUR-MER
50412,49.32Z,PME,50580,PORT-BAIL-SUR-MER
50412,52.10A,GE,50580,PORT-BAIL-SUR-MER
50412,52.22Z,PME,50580,PORT-BAIL-SUR-MER
50412,53.10Z,GE,50580,PORT-BAIL-SUR-MER
50412,53.20Z,PME,50580,PORT-BAIL-SUR-MER
50412,55.10Z,,50580,PORT-BAIL-SUR-MER
50412,55.10Z,ETI,50580,PORT-BAIL-SUR-MER
50412,55.10Z,PME,50580,PORT-BAIL-SUR-MER
50412,55.20Z,PME,50580,PORT-BAIL-SUR-MER
50412,55.30Z,,50580,PORT-BAIL-SUR-MER
50412,55.30Z,PME,50580,PORT-BAIL-SUR-MER
50412,56.10A,,50580,PORT-BAIL-SUR-MER
50412,56.10A,PME,50580,PORT-BAIL-SUR-MER
50412,56.10C,PME,50580,PORT-BAIL-SUR-MER
50412,56.30Z,PME,50580,PORT-BAIL-SUR-MER
50412,58.14Z,PME,50580,PORT-BAIL-SUR-MER
50412,58.19Z,PME,50580,PORT-BAIL-SUR-MER
50412,64.19Z,GE,50580,PORT-BAIL-SUR-MER
50412,64.20Z,,50580,PORT-BAIL-SUR-MER
50412,64.20Z,PME,50580,PORT-BAIL-SUR-MER
50412,66.22Z,PME,50580,PORT-BAIL-SUR-MER
50412,66.30Z,PME,50580,PORT-BAIL-SUR-MER
50412,68.10Z,PME,50580,PORT-BAIL-SUR-MER
50412,68.20A,,50580,PORT-BAIL-SUR-MER
50412,68.20A,PME,50580,PORT-BAIL-SUR-MER
50412,68.20B,,50580,PORT-BAIL-SUR-MER
50412,68.20B,PME,50580,PORT-BAIL-SUR-MER
50412,68.31Z,PME,50580,PORT-BAIL-SUR-MER
50412,68.32A,,50580,PORT-BAIL-SUR-MER
50412,69.20Z,ETI,50580,PORT-BAIL-SUR-MER
50412,70.10Z,,50580,PORT-BAIL-SUR-MER
50412,70.10Z,PME,50580,PORT-BAIL-SUR-MER
50412,70.21Z,PME,50580,PORT-BAIL-SUR-MER
50412,70.22Z,,50580,PORT-BAIL-SUR-MER
50412,70.22Z,PME,50580,PORT-BAIL-SUR-MER
50412,73.11Z,PME,50580,PORT-BAIL-SUR-MER
50412,74.10Z,,50580,PORT-BAIL-SUR-MER
50412,74.10Z,PME,50580,PORT-BAIL-SUR-MER
50412,74.20Z,PME,50580,PORT-BAIL-SUR-MER
50412,74.90B,,50580,PORT-BAIL-SUR-MER
50412,74.90B,PME,50580,PORT-BAIL-SUR-MER
50412,75.00Z,PME,50580,PORT-BAIL-SUR-MER
50412,77.39Z,,50580,PORT-BAIL-SUR-MER
50412,77.40Z,PME,50580,PORT-BAIL-SUR-MER
50412,78.30Z,PME,50580,PORT-BAIL-SUR-MER
50412,79.90Z,PME,50580,PORT-BAIL-SUR-MER
50412,81.21Z,PME,50580,PORT-BAIL-SUR-MER
50412,81.30Z,,50580,PORT-BAIL-SUR-MER
50412,81.30Z,PME,50580,PORT-BAIL-SUR-MER
50412,82.11Z,,50580,PORT-BAIL-SUR-MER
50412,82.19Z,PME,50580,PORT-BAIL-SUR-MER
50412,82.30Z,PME,50580,PORT-BAIL-SUR-MER
50412,82.99Z,PME,50580,PORT-BAIL-SUR-MER
50412,84.11Z,PME,50580,PORT-BAIL-SUR-MER
50412,85.20Z,PME,50580,PORT-BAIL-SUR-MER
50412,85.31Z,PME,50580,PORT-BAIL-SUR-MER
50412,85.51Z,PME,50580,PORT-BAIL-SUR-MER
50412,85.53Z,PME,50580,PORT-BAIL-SUR-MER
50412,85.59A,PME,50580,PORT-BAIL-SUR-MER
50412,85.59B,PME,50580,PORT-BAIL-SUR-MER
50412,86.21Z,,50580,PORT-BAIL-SUR-MER
50412,86.21Z,PME,50580,PORT-BAIL-SUR-MER
50412,86.90A,PME,50580,PORT-BAIL-SUR-MER
50412,86.90D,PME,50580,PORT-BAIL-SUR-MER
50412,86.90E,PME,50580,PORT-BAIL-SUR-MER
50412,86.90F,,50580,PORT-BAIL-SUR-MER
50412,86.90F,PME,50580,PORT-BAIL-SUR-MER
50412,88.10A,PME,50580,PORT-BAIL-SUR-MER
50412,88.91A,,50580,PORT-BAIL-SUR-MER
50412,88.99B,,50580,PORT-BAIL-SUR-MER
50412,90.01Z,,50580,PORT-BAIL-SUR-MER
50412,90.01Z,PME,50580,PORT-BAIL-SUR-MER
50412,90.03A,,50580,PORT-BAIL-SUR-MER
50412,90.03A,PME,50580,PORT-BAIL-SUR-MER
50412,90.03B,PME,50580,PORT-BAIL-SUR-MER
50412,90.04Z,,50580,PORT-BAIL-SUR-MER
50412,93.11Z,PME,50580,PORT-BAIL-SUR-MER
50412,93.12Z,,50580,PORT-BAIL-SUR-MER
50412,93.12Z,PME,50580,PORT-BAIL-SUR-MER
50412,93.19Z,,50580,PORT-BAIL-SUR-MER
50412,93.19Z,PME,50580,PORT-BAIL-SUR-MER
50412,93.29Z,PME,50580,PORT-BAIL-SUR-MER
50412,94.91Z,PME,50580,PORT-BAIL-SUR-MER
50412,94.99Z,,50580,PORT-BAIL-SUR-MER
50412,94.99Z,PME,50580,PORT-BAIL-SUR-MER
50412,95.11Z,,50580,PORT-BAIL-SUR-MER
50412,95.11Z,PME,50580,PORT-BAIL-SUR-MER
50412,95.24Z,PME,50580,PORT-BAIL-SUR-MER
50412,95.25Z,PME,50580,PORT-BAIL-SUR-MER
50412,95.29Z,,50580,PORT-BAIL-SUR-MER
50412,96.02A,PME,50580,PORT-BAIL-SUR-MER
50412,96.02B,,50580,PORT-BAIL-SUR-MER
50412,96.02B,PME,50580,PORT-BAIL-SUR-MER
50412,96.09Z,,50580,PORT-BAIL-SUR-MER
50412,96.09Z,PME,50580,PORT-BAIL-SUR-MER
50417,01.11Z,,50630,QUETTEHOU
50417,01.11Z,PME,50630,QUETTEHOU
50417,01.13Z,,50630,QUETTEHOU
50417,01.41Z,,50630,QUETTEHOU
50417,01.42Z,,50630,QUETTEHOU
50417,01.43Z,,50630,QUETTEHOU
50417,01.43Z,PME,50630,QUETTEHOU
50417,01.45Z,,50630,QUETTEHOU
50417,01.49Z,,50630,QUETTEHOU
50417,01.50Z,,50630,QUETTEHOU
50417,01.61Z,,50630,QUETTEHOU
50417,02.40Z,,50630,QUETTEHOU
50417,03.11Z,,50630,QUETTEHOU
50417,03.21Z,,50630,QUETTEHOU
50417,10.71C,,50630,QUETTEHOU
50417,10.71C,PME,50630,QUETTEHOU
50417,13.94Z,,50630,QUETTEHOU
50417,14.13Z,PME,50630,QUETTEHOU
50417,17.29Z,PME,50630,QUETTEHOU
50417,18.13Z,PME,50630,QUETTEHOU
50417,23.41Z,PME,50630,QUETTEHOU
50417,23.49Z,PME,50630,QUETTEHOU
50417,29.20Z,PME,50630,QUETTEHOU
50417,33.15Z,PME,50630,QUETTEHOU
50417,35.11Z,,50630,QUETTEHOU
50417,35.11Z,PME,50630,QUETTEHOU
50417,41.20B,PME,50630,QUETTEHOU
50417,43.21A,PME,50630,QUETTEHOU
50417,43.22B,ETI,50630,QUETTEHOU
50417,43.29A,PME,50630,QUETTEHOU
50417,43.32A,PME,50630,QUETTEHOU
50417,43.34Z,PME,50630,QUETTEHOU
50417,43.91B,PME,50630,QUETTEHOU
50417,43.99C,PME,50630,QUETTEHOU
50417,45.11Z,PME,50630,QUETTEHOU
50417,45.20A,PME,50630,QUETTEHOU
50417,45.20B,PME,50630,QUETTEHOU
50417,45.40Z,PME,50630,QUETTEHOU
50417,46.21Z,GE,50630,QUETTEHOU
50417,46.61Z,ETI,50630,QUETTEHOU
50417,46.69A,,50630,QUETTEHOU
50417,47.11B,,50630,QUETTEHOU
50417,47.11F,PME,50630,QUETTEHOU
50417,47.22Z,PME,50630,QUETTEHOU
50417,47.52A,PME,50630,QUETTEHOU
50417,47.52B,GE,50630,QUETTEHOU
50417,47.53Z,PME,50630,QUETTEHOU
50417,47.54Z,PME,50630,QUETTEHOU
50417,47.62Z,PME,50630,QUETTEHOU
50417,47.64Z,PME,50630,QUETTEHOU
50417,47.72A,PME,50630,QUETTEHOU
50417,47.73Z,PME,50630,QUETTEHOU
50417,47.76Z,PME,50630,QUETTEHOU
50417,47.78A,,50630,QUETTEHOU
50417,47.78A,PME,50630,QUETTEHOU
50417,47.78C,PME,50630,QUETTEHOU
50417,47.79Z,,50630,QUETTEHOU
50417,47.81Z,,50630,QUETTEHOU
50417,47.81Z,PME,50630,QUETTEHOU
50417,47.91A,,50630,QUETTEHOU
50417,47.91A,PME,50630,QUETTEHOU
50417,47.99A,,50630,QUETTEHOU
50417,47.99A,PME,50630,QUETTEHOU
50417,52.10B,PME,50630,QUETTEHOU
50417,52.24B,PME,50630,QUETTEHOU
50417,53.10Z,GE,50630,QUETTEHOU
50417,55.10Z,PME,50630,QUETTEHOU
50417,55.20Z,PME,50630,QUETTEHOU
50417,56.10A,PME,50630,QUETTEHOU
50417,56.10C,PME,50630,QUETTEHOU
50417,56.30Z,PME,50630,QUETTEHOU
50417,58.29B,PME,50630,QUETTEHOU
50417,62.01Z,PME,50630,QUETTEHOU
50417,62.02A,PME,50630,QUETTEHOU
50417,62.09Z,PME,50630,QUETTEHOU
50417,63.91Z,PME,50630,QUETTEHOU
50417,64.19Z,GE,50630,QUETTEHOU
50417,64.20Z,,50630,QUETTEHOU
50417,64.20Z,PME,50630,QUETTEHOU
50417,65.12Z,GE,50630,QUETTEHOU
50417,66.19A,,50630,QUETTEHOU
50417,66.30Z,PME,50630,QUETTEHOU
50417,68.10Z,,50630,QUETTEHOU
50417,68.20A,,50630,QUETTEHOU
50417,68.20A,PME,50630,QUETTEHOU
50417,68.20B,,50630,QUETTEHOU
50417,68.20B,PME,50630,QUETTEHOU
50417,68.31Z,PME,50630,QUETTEHOU
50417,69.10Z,PME,50630,QUETTEHOU
50417,70.10Z,PME,50630,QUETTEHOU
50417,71.11Z,PME,50630,QUETTEHOU
50417,71.20A,PME,50630,QUETTEHOU
50417,74.10Z,,50630,QUETTEHOU
50417,74.10Z,PME,50630,QUETTEHOU
50417,75.00Z,PME,50630,QUETTEHOU
50417,81.10Z,PME,50630,QUETTEHOU
50417,81.21Z,,50630,QUETTEHOU
50417,82.19Z,,50630,QUETTEHOU
50417,82.99Z,,50630,QUETTEHOU
50417,84.11Z,ETI,50630,QUETTEHOU
50417,84.11Z,PME,50630,QUETTEHOU
50417,85.20Z,PME,50630,QUETTEHOU
50417,85.52Z,,50630,QUETTEHOU
50417,85.53Z,,50630,QUETTEHOU
50417,85.53Z,PME,50630,QUETTEHOU
50417,86.21Z,PME,50630,QUETTEHOU
50417,86.90A,PME,50630,QUETTEHOU
50417,86.90D,,50630,QUETTEHOU
50417,86.90D,PME,50630,QUETTEHOU
50417,86.90E,,50630,QUETTEHOU
50417,86.90E,PME,50630,QUETTEHOU
50417,86.90F,PME,50630,QUETTEHOU
50417,88.10A,ETI,50630,QUETTEHOU
50417,88.10A,PME,50630,QUETTEHOU
50417,88.99B,,50630,QUETTEHOU
50417,90.01Z,,50630,QUETTEHOU
50417,90.01Z,PME,50630,QUETTEHOU
50417,90.03A,PME,50630,QUETTEHOU
50417,90.03B,PME,50630,QUETTEHOU
50417,93.12Z,,50630,QUETTEHOU
50417,93.12Z,PME,50630,QUETTEHOU
50417,93.29Z,,50630,QUETTEHOU
50417,94.91Z,,50630,QUETTEHOU
50417,94.99Z,,50630,QUETTEHOU
50417,94.99Z,PME,50630,QUETTEHOU
50417,95.23Z,PME,50630,QUETTEHOU
50417,96.01B,PME,50630,QUETTEHOU
50417,96.02A,PME,50630,QUETTEHOU
50417,96.03Z,PME,50630,QUETTEHOU
50417,96.09Z,PME,50630,QUETTEHOU
50419,01.11Z,,50660,QUETTREVILLE-SUR-SIENNE
50419,01.11Z,PME,50660,QUETTREVILLE-SUR-SIENNE
50419,01.13Z,,50660,QUETTREVILLE-SUR-SIENNE
50419,01.19Z,,50660,QUETTREVILLE-SUR-SIENNE
50419,01.24Z,,50660,QUETTREVILLE-SUR-SIENNE
50419,01.30Z,,50660,QUETTREVILLE-SUR-SIENNE
50419,01.41Z,,50660,QUETTREVILLE-SUR-SIENNE
50419,01.42Z,,50660,QUETTREVILLE-SUR-SIENNE
50419,01.43Z,,50660,QUETTREVILLE-SUR-SIENNE
50419,01.45Z,,50660,QUETTREVILLE-SUR-SIENNE
50419,01.46Z,,50660,QUETTREVILLE-SUR-SIENNE
50419,01.49Z,,50660,QUETTREVILLE-SUR-SIENNE
50419,01.50Z,,50660,QUETTREVILLE-SUR-SIENNE
50419,01.61Z,,50660,QUETTREVILLE-SUR-SIENNE
50419,01.62Z,,50660,QUETTREVILLE-SUR-SIENNE
50419,02.40Z,,50660,QUETTREVILLE-SUR-SIENNE
50419,03.11Z,,50660,QUETTREVILLE-SUR-SIENNE
50419,10.61A,ETI,50660,QUETTREVILLE-SUR-SIENNE
50419,10.61A,PME,50660,QUETTREVILLE-SUR-SIENNE
50419,10.71C,,50660,QUETTREVILLE-SUR-SIENNE
50419,10.71C,PME,50660,QUETTREVILLE-SUR-SIENNE
50419,11.05Z,,50660,QUETTREVILLE-SUR-SIENNE
50419,13.10Z,,50660,QUETTREVILLE-SUR-SIENNE
50419,13.92Z,PME,50660,QUETTREVILLE-SUR-SIENNE
50419,13.99Z,PME,50660,QUETTREVILLE-SUR-SIENNE
50419,18.13Z,PME,50660,QUETTREVILLE-SUR-SIENNE
50419,20.41Z,PME,50660,QUETTREVILLE-SUR-SIENNE
50419,23.70Z,PME,50660,QUETTREVILLE-SUR-SIENNE
50419,31.09B,PME,50660,QUETTREVILLE-SUR-SIENNE
50419,32.13Z,PME,50660,QUETTREVILLE-SUR-SIENNE
50419,32.40Z,PME,50660,QUETTREVILLE-SUR-SIENNE
50419,33.12Z,PME,50660,QUETTREVILLE-SUR-SIENNE
50419,33.20A,PME,50660,QUETTREVILLE-SUR-SIENNE
50419,35.11Z,PME,50660,QUETTREVILLE-SUR-SIENNE
50419,37.00Z,PME,50660,QUETTREVILLE-SUR-SIENNE
50419,38.32Z,PME,50660,QUETTREVILLE-SUR-SIENNE
50419,41.10D,PME,50660,QUETTREVILLE-SUR-SIENNE
50419,43.12A,,50660,QUETTREVILLE-SUR-SIENNE
50419,43.12A,PME,50660,QUETTREVILLE-SUR-SIENNE
50419,43.21A,,50660,QUETTREVILLE-SUR-SIENNE
50419,43.21A,PME,50660,QUETTREVILLE-SUR-SIENNE
50419,43.22A,,50660,QUETTREVILLE-SUR-SIENNE
50419,43.22A,PME,50660,QUETTREVILLE-SUR-SIENNE
50419,43.31Z,,50660,QUETTREVILLE-SUR-SIENNE
50419,43.32A,PME,50660,QUETTREVILLE-SUR-SIENNE
50419,43.32B,PME,50660,QUETTREVILLE-SUR-SIENNE
50419,43.33Z,PME,50660,QUETTREVILLE-SUR-SIENNE
50419,43.34Z,PME,50660,QUETTREVILLE-SUR-SIENNE
50419,43.39Z,PME,50660,QUETTREVILLE-SUR-SIENNE
50419,43.91B,,50660,QUETTREVILLE-SUR-SIENNE
50419,43.99C,,50660,QUETTREVILLE-SUR-SIENNE
50419,43.99C,PME,50660,QUETTREVILLE-SUR-SIENNE
50419,45.11Z,,50660,QUETTREVILLE-SUR-SIENNE
50419,45.11Z,PME,50660,QUETTREVILLE-SUR-SIENNE
50419,45.20A,PME,50660,QUETTREVILLE-SUR-SIENNE
50419,45.20B,,50660,QUETTREVILLE-SUR-SIENNE
50419,46.19B,,50660,QUETTREVILLE-SUR-SIENNE
50419,46.19B,PME,50660,QUETTREVILLE-SUR-SIENNE
50419,46.22Z,PME,50660,QUETTREVILLE-SUR-SIENNE
50419,46.61Z,PME,50660,QUETTREVILLE-SUR-SIENNE
50419,46.71Z,,50660,QUETTREVILLE-SUR-SIENNE
50419,46.71Z,GE,50660,QUETTREVILLE-SUR-SIENNE
50419,46.77Z,PME,50660,QUETTREVILLE-SUR-SIENNE
50419,47.11C,,50660,QUETTREVILLE-SUR-SIENNE
50419,47.19B,PME,50660,QUETTREVILLE-SUR-SIENNE
50419,47.22Z,,50660,QUETTREVILLE-SUR-SIENNE
50419,47.22Z,PME,50660,QUETTREVILLE-SUR-SIENNE
50419,47.25Z,PME,50660,QUETTREVILLE-SUR-SIENNE
50419,47.30Z,PME,50660,QUETTREVILLE-SUR-SIENNE
50419,47.59A,PME,50660,QUETTREVILLE-SUR-SIENNE
50419,47.73Z,PME,50660,QUETTREVILLE-SUR-SIENNE
50419,47.76Z,,50660,QUETTREVILLE-SUR-SIENNE
50419,47.81Z,PME,50660,QUETTREVILLE-SUR-SIENNE
50419,47.89Z,,50660,QUETTREVILLE-SUR-SIENNE
50419,47.89Z,PME,50660,QUETTREVILLE-SUR-SIENNE
50419,47.99A,,50660,QUETTREVILLE-SUR-SIENNE
50419,47.99A,PME,50660,QUETTREVILLE-SUR-SIENNE
50419,47.99B,PME,50660,QUETTREVILLE-SUR-SIENNE
50419,49.32Z,PME,50660,QUETTREVILLE-SUR-SIENNE
50419,55.20Z,,50660,QUETTREVILLE-SUR-SIENNE
50419,55.20Z,PME,50660,QUETTREVILLE-SUR-SIENNE
50419,55.30Z,PME,50660,QUETTREVILLE-SUR-SIENNE
50419,56.10A,PME,50660,QUETTREVILLE-SUR-SIENNE
50419,56.10C,,50660,QUETTREVILLE-SUR-SIENNE
50419,56.10C,PME,50660,QUETTREVILLE-SUR-SIENNE
50419,56.30Z,,50660,QUETTREVILLE-SUR-SIENNE
50419,56.30Z,PME,50660,QUETTREVILLE-SUR-SIENNE
50419,59.11B,,50660,QUETTREVILLE-SUR-SIENNE
50419,62.01Z,PME,50660,QUETTREVILLE-SUR-SIENNE
50419,64.20Z,,50660,QUETTREVILLE-SUR-SIENNE
50419,66.30Z,PME,50660,QUETTREVILLE-SUR-SIENNE
50419,68.20A,,50660,QUETTREVILLE-SUR-SIENNE
50419,68.20B,,50660,QUETTREVILLE-SUR-SIENNE
50419,68.20B,PME,50660,QUETTREVILLE-SUR-SIENNE
50419,68.31Z,,50660,QUETTREVILLE-SUR-SIENNE
50419,68.32A,,50660,QUETTREVILLE-SUR-SIENNE
50419,68.32A,PME,50660,QUETTREVILLE-SUR-SIENNE
50419,68.32B,,50660,QUETTREVILLE-SUR-SIENNE
50419,69.10Z,PME,50660,QUETTREVILLE-SUR-SIENNE
50419,70.10Z,,50660,QUETTREVILLE-SUR-SIENNE
50419,70.10Z,PME,50660,QUETTREVILLE-SUR-SIENNE
50419,70.21Z,,50660,QUETTREVILLE-SUR-SIENNE
50419,70.22Z,,50660,QUETTREVILLE-SUR-SIENNE
50419,70.22Z,PME,50660,QUETTREVILLE-SUR-SIENNE
50419,71.11Z,,50660,QUETTREVILLE-SUR-SIENNE
50419,71.11Z,PME,50660,QUETTREVILLE-SUR-SIENNE
50419,71.12B,PME,50660,QUETTREVILLE-SUR-SIENNE
50419,74.20Z,PME,50660,QUETTREVILLE-SUR-SIENNE
50419,77.21Z,PME,50660,QUETTREVILLE-SUR-SIENNE
50419,77.29Z,PME,50660,QUETTREVILLE-SUR-SIENNE
50419,81.21Z,PME,50660,QUETTREVILLE-SUR-SIENNE
50419,81.22Z,,50660,QUETTREVILLE-SUR-SIENNE
50419,81.29A,,50660,QUETTREVILLE-SUR-SIENNE
50419,81.30Z,PME,50660,QUETTREVILLE-SUR-SIENNE
50419,82.19Z,PME,50660,QUETTREVILLE-SUR-SIENNE
50419,82.20Z,,50660,QUETTREVILLE-SUR-SIENNE
50419,84.11Z,PME,50660,QUETTREVILLE-SUR-SIENNE
50419,85.20Z,PME,50660,QUETTREVILLE-SUR-SIENNE
50419,85.42Z,,50660,QUETTREVILLE-SUR-SIENNE
50419,85.51Z,,50660,QUETTREVILLE-SUR-SIENNE
50419,85.51Z,PME,50660,QUETTREVILLE-SUR-SIENNE
50419,85.52Z,PME,50660,QUETTREVILLE-SUR-SIENNE
50419,86.21Z,,50660,QUETTREVILLE-SUR-SIENNE
50419,86.21Z,PME,50660,QUETTREVILLE-SUR-SIENNE
50419,86.90D,PME,50660,QUETTREVILLE-SUR-SIENNE
50419,86.90E,PME,50660,QUETTREVILLE-SUR-SIENNE
50419,86.90F,,50660,QUETTREVILLE-SUR-SIENNE
50419,88.91A,ETI,50660,QUETTREVILLE-SUR-SIENNE
50419,88.99B,,50660,QUETTREVILLE-SUR-SIENNE
50419,90.01Z,,50660,QUETTREVILLE-SUR-SIENNE
50419,90.02Z,,50660,QUETTREVILLE-SUR-SIENNE
50419,90.03A,PME,50660,QUETTREVILLE-SUR-SIENNE
50419,91.03Z,,50660,QUETTREVILLE-SUR-SIENNE
50419,93.12Z,,50660,QUETTREVILLE-SUR-SIENNE
50419,93.12Z,PME,50660,QUETTREVILLE-SUR-SIENNE
50419,93.19Z,PME,50660,QUETTREVILLE-SUR-SIENNE
50419,93.29Z,,50660,QUETTREVILLE-SUR-SIENNE
50419,93.29Z,PME,50660,QUETTREVILLE-SUR-SIENNE
50419,94.91Z,,50660,QUETTREVILLE-SUR-SIENNE
50419,94.92Z,,50660,QUETTREVILLE-SUR-SIENNE
50419,94.99Z,,50660,QUETTREVILLE-SUR-SIENNE
50419,94.99Z,PME,50660,QUETTREVILLE-SUR-SIENNE
50419,95.11Z,PME,50660,QUETTREVILLE-SUR-SIENNE
50419,95.29Z,PME,50660,QUETTREVILLE-SUR-SIENNE
50419,96.02A,PME,50660,QUETTREVILLE-SUR-SIENNE
50419,96.02B,PME,50660,QUETTREVILLE-SUR-SIENNE
50419,96.09Z,,50660,QUETTREVILLE-SUR-SIENNE
50419,96.09Z,PME,50660,QUETTREVILLE-SUR-SIENNE
50420,01.11Z,,50750,QUIBOU
50420,01.13Z,,50750,QUIBOU
50420,01.19Z,,50750,QUIBOU
50420,01.24Z,,50750,QUIBOU
50420,01.41Z,,50750,QUIBOU
50420,01.41Z,PME,50750,QUIBOU
50420,01.42Z,,50750,QUIBOU
50420,01.43Z,,50750,QUIBOU
50420,01.47Z,,50750,QUIBOU
50420,01.49Z,,50750,QUIBOU
50420,01.50Z,,50750,QUIBOU
50420,01.61Z,,50750,QUIBOU
50420,03.11Z,,50750,QUIBOU
50420,10.13B,PME,50750,QUIBOU
50420,35.11Z,PME,50750,QUIBOU
50420,43.21A,PME,50750,QUIBOU
50420,43.31Z,,50750,QUIBOU
50420,43.31Z,PME,50750,QUIBOU
50420,43.32A,,50750,QUIBOU
50420,43.32A,PME,50750,QUIBOU
50420,43.34Z,PME,50750,QUIBOU
50420,43.91B,PME,50750,QUIBOU
50420,45.19Z,PME,50750,QUIBOU
50420,45.20A,PME,50750,QUIBOU
50420,46.21Z,PME,50750,QUIBOU
50420,47.11B,PME,50750,QUIBOU
50420,47.81Z,PME,50750,QUIBOU
50420,47.89Z,,50750,QUIBOU
50420,47.91B,PME,50750,QUIBOU
50420,47.99A,,50750,QUIBOU
50420,47.99A,PME,50750,QUIBOU
50420,55.20Z,PME,50750,QUIBOU
50420,56.10C,PME,50750,QUIBOU
50420,56.30Z,PME,50750,QUIBOU
50420,62.02A,,50750,QUIBOU
50420,64.20Z,PME,50750,QUIBOU
50420,66.22Z,PME,50750,QUIBOU
50420,66.30Z,PME,50750,QUIBOU
50420,68.20A,PME,50750,QUIBOU
50420,68.20B,,50750,QUIBOU
50420,68.20B,PME,50750,QUIBOU
50420,70.10Z,PME,50750,QUIBOU
50420,74.10Z,,50750,QUIBOU
50420,74.20Z,PME,50750,QUIBOU
50420,74.90B,,50750,QUIBOU
50420,78.30Z,PME,50750,QUIBOU
50420,81.30Z,,50750,QUIBOU
50420,81.30Z,PME,50750,QUIBOU
50420,84.11Z,PME,50750,QUIBOU
50420,85.10Z,PME,50750,QUIBOU
50420,88.91A,,50750,QUIBOU
50420,90.01Z,,50750,QUIBOU
50420,90.01Z,PME,50750,QUIBOU
50420,90.03A,PME,50750,QUIBOU
50420,93.29Z,,50750,QUIBOU
50420,93.29Z,PME,50750,QUIBOU
50420,94.11Z,,50750,QUIBOU
50420,94.99Z,,50750,QUIBOU
50420,94.99Z,PME,50750,QUIBOU
50420,96.09Z,,50750,QUIBOU
50420,96.09Z,PME,50750,QUIBOU
50428,01.11Z,,50520,REFFUVEILLE
50428,01.28Z,,50520,REFFUVEILLE
50428,01.41Z,,50520,REFFUVEILLE
50428,01.42Z,,50520,REFFUVEILLE
50428,01.43Z,,50520,REFFUVEILLE
50428,01.45Z,,50520,REFFUVEILLE
50428,01.47Z,,50520,REFFUVEILLE
50428,01.49Z,,50520,REFFUVEILLE
50428,01.50Z,,50520,REFFUVEILLE
50428,01.61Z,,50520,REFFUVEILLE
50428,02.10Z,,50520,REFFUVEILLE
50428,10.71C,PME,50520,REFFUVEILLE
50428,14.13Z,PME,50520,REFFUVEILLE
50428,16.10A,,50520,REFFUVEILLE
50428,16.29Z,PME,50520,REFFUVEILLE
50428,18.12Z,PME,50520,REFFUVEILLE
50428,43.12A,PME,50520,REFFUVEILLE
50428,43.21A,PME,50520,REFFUVEILLE
50428,43.31Z,PME,50520,REFFUVEILLE
50428,43.91A,PME,50520,REFFUVEILLE
50428,43.99C,PME,50520,REFFUVEILLE
50428,43.99D,PME,50520,REFFUVEILLE
50428,45.20A,PME,50520,REFFUVEILLE
50428,46.39B,PME,50520,REFFUVEILLE
50428,47.81Z,,50520,REFFUVEILLE
50428,47.89Z,PME,50520,REFFUVEILLE
50428,47.99A,,50520,REFFUVEILLE
50428,47.99A,PME,50520,REFFUVEILLE
50428,49.32Z,PME,50520,REFFUVEILLE
50428,49.41B,PME,50520,REFFUVEILLE
50428,55.20Z,PME,50520,REFFUVEILLE
50428,56.10A,PME,50520,REFFUVEILLE
50428,56.30Z,PME,50520,REFFUVEILLE
50428,68.20A,,50520,REFFUVEILLE
50428,68.20A,PME,50520,REFFUVEILLE
50428,68.20B,,50520,REFFUVEILLE
50428,68.20B,PME,50520,REFFUVEILLE
50428,70.22Z,PME,50520,REFFUVEILLE
50428,77.31Z,PME,50520,REFFUVEILLE
50428,81.21Z,PME,50520,REFFUVEILLE
50428,81.30Z,PME,50520,REFFUVEILLE
50428,82.19Z,PME,50520,REFFUVEILLE
50428,84.11Z,PME,50520,REFFUVEILLE
50428,85.51Z,PME,50520,REFFUVEILLE
50428,86.90D,PME,50520,REFFUVEILLE
50428,87.10A,PME,50520,REFFUVEILLE
50428,90.03A,PME,50520,REFFUVEILLE
50428,93.12Z,,50520,REFFUVEILLE
50428,94.99Z,,50520,REFFUVEILLE
50428,95.29Z,,50520,REFFUVEILLE
50428,95.29Z,PME,50520,REFFUVEILLE
50428,96.02A,PME,50520,REFFUVEILLE
50428,96.09Z,PME,50520,REFFUVEILLE
50429,01.11Z,,50590,REGNEVILLE-SUR-MER
50429,01.13Z,,50590,REGNEVILLE-SUR-MER
50429,01.19Z,,50590,REGNEVILLE-SUR-MER
50429,01.24Z,,50590,REGNEVILLE-SUR-MER
50429,01.30Z,,50590,REGNEVILLE-SUR-MER
50429,01.41Z,,50590,REGNEVILLE-SUR-MER
50429,01.42Z,,50590,REGNEVILLE-SUR-MER
50429,01.43Z,,50590,REGNEVILLE-SUR-MER
50429,01.45Z,,50590,REGNEVILLE-SUR-MER
50429,01.49Z,,50590,REGNEVILLE-SUR-MER
50429,01.62Z,,50590,REGNEVILLE-SUR-MER
50429,10.71C,PME,50590,REGNEVILLE-SUR-MER
50429,14.13Z,PME,50590,REGNEVILLE-SUR-MER
50429,16.23Z,PME,50590,REGNEVILLE-SUR-MER
50429,33.15Z,PME,50590,REGNEVILLE-SUR-MER
50429,35.11Z,PME,50590,REGNEVILLE-SUR-MER
50429,43.21A,PME,50590,REGNEVILLE-SUR-MER
50429,43.31Z,PME,50590,REGNEVILLE-SUR-MER
50429,43.32A,PME,50590,REGNEVILLE-SUR-MER
50429,43.91B,PME,50590,REGNEVILLE-SUR-MER
50429,46.18Z,PME,50590,REGNEVILLE-SUR-MER
50429,46.19B,PME,50590,REGNEVILLE-SUR-MER
50429,46.38A,PME,50590,REGNEVILLE-SUR-MER
50429,47.23Z,PME,50590,REGNEVILLE-SUR-MER
50429,47.29Z,PME,50590,REGNEVILLE-SUR-MER
50429,47.59B,PME,50590,REGNEVILLE-SUR-MER
50429,47.89Z,PME,50590,REGNEVILLE-SUR-MER
50429,47.91B,PME,50590,REGNEVILLE-SUR-MER
50429,55.20Z,PME,50590,REGNEVILLE-SUR-MER
50429,55.30Z,PME,50590,REGNEVILLE-SUR-MER
50429,56.10A,,50590,REGNEVILLE-SUR-MER
50429,56.10A,PME,50590,REGNEVILLE-SUR-MER
50429,56.30Z,,50590,REGNEVILLE-SUR-MER
50429,56.30Z,PME,50590,REGNEVILLE-SUR-MER
50429,59.20Z,,50590,REGNEVILLE-SUR-MER
50429,60.10Z,,50590,REGNEVILLE-SUR-MER
50429,64.20Z,PME,50590,REGNEVILLE-SUR-MER
50429,66.30Z,,50590,REGNEVILLE-SUR-MER
50429,66.30Z,PME,50590,REGNEVILLE-SUR-MER
50429,68.10Z,PME,50590,REGNEVILLE-SUR-MER
50429,68.20A,,50590,REGNEVILLE-SUR-MER
50429,68.20A,PME,50590,REGNEVILLE-SUR-MER
50429,68.20B,,50590,REGNEVILLE-SUR-MER
50429,68.20B,PME,50590,REGNEVILLE-SUR-MER
50429,69.20Z,PME,50590,REGNEVILLE-SUR-MER
50429,70.10Z,,50590,REGNEVILLE-SUR-MER
50429,70.21Z,,50590,REGNEVILLE-SUR-MER
50429,70.22Z,,50590,REGNEVILLE-SUR-MER
50429,70.22Z,PME,50590,REGNEVILLE-SUR-MER
50429,71.11Z,PME,50590,REGNEVILLE-SUR-MER
50429,71.20B,PME,50590,REGNEVILLE-SUR-MER
50429,74.10Z,,50590,REGNEVILLE-SUR-MER
50429,81.30Z,,50590,REGNEVILLE-SUR-MER
50429,81.30Z,PME,50590,REGNEVILLE-SUR-MER
50429,84.11Z,PME,50590,REGNEVILLE-SUR-MER
50429,84.12Z,PME,50590,REGNEVILLE-SUR-MER
50429,85.51Z,PME,50590,REGNEVILLE-SUR-MER
50429,85.59B,PME,50590,REGNEVILLE-SUR-MER
50429,86.90D,PME,50590,REGNEVILLE-SUR-MER
50429,86.90F,PME,50590,REGNEVILLE-SUR-MER
50429,88.99B,,50590,REGNEVILLE-SUR-MER
50429,88.99B,PME,50590,REGNEVILLE-SUR-MER
50429,90.03A,,50590,REGNEVILLE-SUR-MER
50429,90.03A,PME,50590,REGNEVILLE-SUR-MER
50429,90.03B,PME,50590,REGNEVILLE-SUR-MER
50429,91.03Z,,50590,REGNEVILLE-SUR-MER
50429,93.12Z,,50590,REGNEVILLE-SUR-MER
50429,93.29Z,,50590,REGNEVILLE-SUR-MER
50429,93.29Z,PME,50590,REGNEVILLE-SUR-MER
50429,94.91Z,,50590,REGNEVILLE-SUR-MER
50429,94.99Z,,50590,REGNEVILLE-SUR-MER
50429,95.29Z,PME,50590,REGNEVILLE-SUR-MER
50431,01.11Z,,50570,REMILLY LES MARAIS
50431,01.11Z,,50620,REMILLY LES MARAIS
50431,01.30Z,,50620,REMILLY LES MARAIS
50431,01.41Z,,50570,REMILLY LES MARAIS
50431,01.41Z,,50620,REMILLY LES MARAIS
50431,01.42Z,,50570,REMILLY LES MARAIS
50431,01.42Z,,50620,REMILLY LES MARAIS
50431,01.43Z,,50570,REMILLY LES MARAIS
50431,01.43Z,,50620,REMILLY LES MARAIS
50431,01.45Z,,50570,REMILLY LES MARAIS
50431,01.49Z,,50570,REMILLY LES MARAIS
50431,01.49Z,,50620,REMILLY LES MARAIS
50431,01.62Z,,50570,REMILLY LES MARAIS
50431,01.62Z,PME,50620,REMILLY LES MARAIS
50431,02.10Z,,50570,REMILLY LES MARAIS
50431,08.99Z,PME,50570,REMILLY LES MARAIS
50431,13.96Z,PME,50570,REMILLY LES MARAIS
50431,14.13Z,PME,50570,REMILLY LES MARAIS
50431,17.29Z,PME,50620,REMILLY LES MARAIS
50431,28.30Z,PME,50570,REMILLY LES MARAIS
50431,31.01Z,PME,50570,REMILLY LES MARAIS
50431,33.20A,,50570,REMILLY LES MARAIS
50431,35.11Z,PME,50570,REMILLY LES MARAIS
50431,35.11Z,PME,50620,REMILLY LES MARAIS
50431,43.12A,,50570,REMILLY LES MARAIS
50431,43.21A,PME,50570,REMILLY LES MARAIS
50431,43.22A,PME,50570,REMILLY LES MARAIS
50431,43.31Z,PME,50620,REMILLY LES MARAIS
50431,43.34Z,,50570,REMILLY LES MARAIS
50431,43.34Z,PME,50620,REMILLY LES MARAIS
50431,43.91B,PME,50570,REMILLY LES MARAIS
50431,43.99C,PME,50570,REMILLY LES MARAIS
50431,43.99E,PME,50570,REMILLY LES MARAIS
50431,45.11Z,,50620,REMILLY LES MARAIS
50431,45.20A,PME,50570,REMILLY LES MARAIS
50431,46.11Z,,50570,REMILLY LES MARAIS
50431,46.19B,PME,50570,REMILLY LES MARAIS
50431,46.23Z,PME,50570,REMILLY LES MARAIS
50431,46.46Z,PME,50570,REMILLY LES MARAIS
50431,47.11B,PME,50570,REMILLY LES MARAIS
50431,47.19B,PME,50570,REMILLY LES MARAIS
50431,47.22Z,PME,50570,REMILLY LES MARAIS
50431,47.73Z,PME,50570,REMILLY LES MARAIS
50431,47.78C,PME,50570,REMILLY LES MARAIS
50431,47.81Z,PME,50570,REMILLY LES MARAIS
50431,47.91B,,50570,REMILLY LES MARAIS
50431,47.91B,PME,50570,REMILLY LES MARAIS
50431,47.99A,,50570,REMILLY LES MARAIS
50431,47.99A,PME,50570,REMILLY LES MARAIS
50431,47.99A,PME,50620,REMILLY LES MARAIS
50431,49.41B,PME,50570,REMILLY LES MARAIS
50431,55.20Z,,50570,REMILLY LES MARAIS
50431,56.10A,PME,50570,REMILLY LES MARAIS
50431,56.10C,PME,50570,REMILLY LES MARAIS
50431,56.29B,,50570,REMILLY LES MARAIS
50431,62.01Z,PME,50570,REMILLY LES MARAIS
50431,64.19Z,PME,50570,REMILLY LES MARAIS
50431,64.20Z,PME,50570,REMILLY LES MARAIS
50431,68.20A,,50570,REMILLY LES MARAIS
50431,68.20A,PME,50570,REMILLY LES MARAIS
50431,68.20A,PME,50620,REMILLY LES MARAIS
50431,68.20B,,50570,REMILLY LES MARAIS
50431,68.20B,,50620,REMILLY LES MARAIS
50431,68.20B,PME,50570,REMILLY LES MARAIS
50431,68.20B,PME,50620,REMILLY LES MARAIS
50431,68.32A,,50570,REMILLY LES MARAIS
50431,68.32A,,50620,REMILLY LES MARAIS
50431,70.10Z,PME,50570,REMILLY LES MARAIS
50431,70.22Z,PME,50570,REMILLY LES MARAIS
50431,71.12B,PME,50570,REMILLY LES MARAIS
50431,74.20Z,PME,50570,REMILLY LES MARAIS
50431,74.90A,PME,50570,REMILLY LES MARAIS
50431,74.90B,,50620,REMILLY LES MARAIS
50431,77.31Z,PME,50620,REMILLY LES MARAIS
50431,81.21Z,,50570,REMILLY LES MARAIS
50431,81.21Z,PME,50570,REMILLY LES MARAIS
50431,81.30Z,PME,50620,REMILLY LES MARAIS
50431,82.99Z,PME,50620,REMILLY LES MARAIS
50431,84.11Z,PME,50570,REMILLY LES MARAIS
50431,84.11Z,PME,50620,REMILLY LES MARAIS
50431,85.20Z,PME,50570,REMILLY LES MARAIS
50431,85.51Z,,50570,REMILLY LES MARAIS
50431,86.21Z,,50570,REMILLY LES MARAIS
50431,86.90D,PME,50570,REMILLY LES MARAIS
50431,86.90E,PME,50570,REMILLY LES MARAIS
50431,88.99A,,50570,REMILLY LES MARAIS
50431,90.01Z,,50570,REMILLY LES MARAIS
50431,93.12Z,,50570,REMILLY LES MARAIS
50431,93.19Z,,50570,REMILLY LES MARAIS
50431,93.19Z,PME,50570,REMILLY LES MARAIS
50431,93.29Z,,50570,REMILLY LES MARAIS
50431,94.91Z,,50620,REMILLY LES MARAIS
50431,94.99Z,,50570,REMILLY LES MARAIS
50431,96.02A,PME,50570,REMILLY LES MARAIS
50431,96.09Z,PME,50570,REMILLY LES MARAIS
50431,96.09Z,PME,50620,REMILLY LES MARAIS
50433,01.11Z,,50760,REVILLE
50433,01.13Z,,50760,REVILLE
50433,01.30Z,,50760,REVILLE
50433,01.43Z,,50760,REVILLE
50433,01.61Z,,50760,REVILLE
50433,01.62Z,,50760,REVILLE
50433,03.11Z,,50760,REVILLE
50433,03.21Z,,50760,REVILLE
50433,10.39B,PME,50760,REVILLE
50433,10.71C,PME,50760,REVILLE
50433,14.13Z,PME,50760,REVILLE
50433,18.13Z,PME,50760,REVILLE
50433,42.99Z,,50760,REVILLE
50433,42.99Z,PME,50760,REVILLE
50433,43.12A,PME,50760,REVILLE
50433,43.21A,PME,50760,REVILLE
50433,43.22A,PME,50760,REVILLE
50433,43.34Z,PME,50760,REVILLE
50433,43.99C,PME,50760,REVILLE
50433,45.11Z,,50760,REVILLE
50433,45.20A,PME,50760,REVILLE
50433,45.40Z,PME,50760,REVILLE
50433,46.31Z,PME,50760,REVILLE
50433,46.38B,PME,50760,REVILLE
50433,47.11B,PME,50760,REVILLE
50433,47.21Z,PME,50760,REVILLE
50433,47.22Z,PME,50760,REVILLE
50433,47.76Z,PME,50760,REVILLE
50433,47.79Z,,50760,REVILLE
50433,47.81Z,,50760,REVILLE
50433,47.81Z,PME,50760,REVILLE
50433,47.82Z,PME,50760,REVILLE
50433,47.89Z,,50760,REVILLE
50433,47.89Z,PME,50760,REVILLE
50433,47.99A,PME,50760,REVILLE
50433,50.10Z,,50760,REVILLE
50433,52.10A,GE,50760,REVILLE
50433,55.10Z,PME,50760,REVILLE
50433,55.20Z,,50760,REVILLE
50433,55.20Z,PME,50760,REVILLE
50433,55.30Z,PME,50760,REVILLE
50433,56.10C,,50760,REVILLE
50433,56.30Z,,50760,REVILLE
50433,56.30Z,PME,50760,REVILLE
50433,58.11Z,PME,50760,REVILLE
50433,59.14Z,PME,50760,REVILLE
50433,62.02A,PME,50760,REVILLE
50433,64.20Z,PME,50760,REVILLE
50433,66.12Z,PME,50760,REVILLE
50433,66.19B,,50760,REVILLE
50433,66.30Z,,50760,REVILLE
50433,66.30Z,PME,50760,REVILLE
50433,68.10Z,,50760,REVILLE
50433,68.10Z,PME,50760,REVILLE
50433,68.20A,,50760,REVILLE
50433,68.20A,PME,50760,REVILLE
50433,68.20B,,50760,REVILLE
50433,68.20B,PME,50760,REVILLE
50433,69.10Z,,50760,REVILLE
50433,70.10Z,PME,50760,REVILLE
50433,70.22Z,,50760,REVILLE
50433,70.22Z,PME,50760,REVILLE
50433,71.11Z,PME,50760,REVILLE
50433,74.20Z,PME,50760,REVILLE
50433,78.30Z,PME,50760,REVILLE
50433,79.90Z,,50760,REVILLE
50433,81.10Z,PME,50760,REVILLE
50433,81.30Z,PME,50760,REVILLE
50433,82.19Z,PME,50760,REVILLE
50433,82.30Z,PME,50760,REVILLE
50433,82.99Z,PME,50760,REVILLE
50433,84.11Z,PME,50760,REVILLE
50433,85.10Z,PME,50760,REVILLE
50433,85.20Z,PME,50760,REVILLE
50433,86.21Z,PME,50760,REVILLE
50433,86.90D,PME,50760,REVILLE
50433,86.90E,,50760,REVILLE
50433,86.90F,PME,50760,REVILLE
50433,88.99B,,50760,REVILLE
50433,88.99B,PME,50760,REVILLE
50433,90.01Z,,50760,REVILLE
50433,90.01Z,PME,50760,REVILLE
50433,90.03A,,50760,REVILLE
50433,90.03A,PME,50760,REVILLE
50433,93.12Z,PME,50760,REVILLE
50433,93.29Z,PME,50760,REVILLE
50433,94.91Z,,50760,REVILLE
50433,94.99Z,,50760,REVILLE
50433,94.99Z,PME,50760,REVILLE
50433,95.11Z,PME,50760,REVILLE
50433,96.02A,PME,50760,REVILLE
50433,96.02B,PME,50760,REVILLE
50446,01.11Z,,50680,SAINT ANDRE DE L'EPINE
50446,01.13Z,,50680,SAINT ANDRE DE L'EPINE
50446,01.19Z,,50680,SAINT ANDRE DE L'EPINE
50446,01.41Z,,50680,SAINT ANDRE DE L'EPINE
50446,01.42Z,,50680,SAINT ANDRE DE L'EPINE
50446,01.43Z,,50680,SAINT ANDRE DE L'EPINE
50446,01.45Z,,50680,SAINT ANDRE DE L'EPINE
50446,01.49Z,,50680,SAINT ANDRE DE L'EPINE
50446,01.61Z,,50680,SAINT ANDRE DE L'EPINE
50446,10.32Z,PME,50680,SAINT ANDRE DE L'EPINE
50446,18.12Z,PME,50680,SAINT ANDRE DE L'EPINE
50446,18.13Z,PME,50680,SAINT ANDRE DE L'EPINE
50446,22.22Z,PME,50680,SAINT ANDRE DE L'EPINE
50446,35.11Z,PME,50680,SAINT ANDRE DE L'EPINE
50446,43.12A,,50680,SAINT ANDRE DE L'EPINE
50446,43.12A,PME,50680,SAINT ANDRE DE L'EPINE
50446,43.22B,PME,50680,SAINT ANDRE DE L'EPINE
50446,43.32A,PME,50680,SAINT ANDRE DE L'EPINE
50446,43.34Z,PME,50680,SAINT ANDRE DE L'EPINE
50446,43.39Z,PME,50680,SAINT ANDRE DE L'EPINE
50446,43.91B,PME,50680,SAINT ANDRE DE L'EPINE
50446,45.11Z,ETI,50680,SAINT ANDRE DE L'EPINE
50446,45.11Z,PME,50680,SAINT ANDRE DE L'EPINE
50446,45.20A,PME,50680,SAINT ANDRE DE L'EPINE
50446,46.19B,,50680,SAINT ANDRE DE L'EPINE
50446,46.23Z,PME,50680,SAINT ANDRE DE L'EPINE
50446,47.99A,PME,50680,SAINT ANDRE DE L'EPINE
50446,56.10A,PME,50680,SAINT ANDRE DE L'EPINE
50446,56.10C,PME,50680,SAINT ANDRE DE L'EPINE
50446,56.29B,PME,50680,SAINT ANDRE DE L'EPINE
50446,56.30Z,PME,50680,SAINT ANDRE DE L'EPINE
50446,64.20Z,PME,50680,SAINT ANDRE DE L'EPINE
50446,66.30Z,PME,50680,SAINT ANDRE DE L'EPINE
50446,68.20A,,50680,SAINT ANDRE DE L'EPINE
50446,68.20B,,50680,SAINT ANDRE DE L'EPINE
50446,68.20B,PME,50680,SAINT ANDRE DE L'EPINE
50446,70.10Z,PME,50680,SAINT ANDRE DE L'EPINE
50446,70.22Z,,50680,SAINT ANDRE DE L'EPINE
50446,84.11Z,PME,50680,SAINT ANDRE DE L'EPINE
50446,85.20Z,PME,50680,SAINT ANDRE DE L'EPINE
50446,85.51Z,PME,50680,SAINT ANDRE DE L'EPINE
50446,85.59B,,50680,SAINT ANDRE DE L'EPINE
50446,86.90E,PME,50680,SAINT ANDRE DE L'EPINE
50446,87.90A,PME,50680,SAINT ANDRE DE L'EPINE
50446,90.03A,PME,50680,SAINT ANDRE DE L'EPINE
50446,90.03B,PME,50680,SAINT ANDRE DE L'EPINE
50446,93.12Z,,50680,SAINT ANDRE DE L'EPINE
50446,93.19Z,,50680,SAINT ANDRE DE L'EPINE
50446,93.19Z,PME,50680,SAINT ANDRE DE L'EPINE
50446,93.29Z,,50680,SAINT ANDRE DE L'EPINE
50446,94.99Z,,50680,SAINT ANDRE DE L'EPINE
50452,01.11Z,,50730,SAINT-BRICE-DE-LANDELLES
50452,01.13Z,,50730,SAINT-BRICE-DE-LANDELLES
50452,01.19Z,,50730,SAINT-BRICE-DE-LANDELLES
50452,01.30Z,,50730,SAINT-BRICE-DE-LANDELLES
50452,01.41Z,,50730,SAINT-BRICE-DE-LANDELLES
50452,01.42Z,,50730,SAINT-BRICE-DE-LANDELLES
50452,01.42Z,PME,50730,SAINT-BRICE-DE-LANDELLES
50452,01.45Z,,50730,SAINT-BRICE-DE-LANDELLES
50452,01.46Z,,50730,SAINT-BRICE-DE-LANDELLES
50452,01.47Z,,50730,SAINT-BRICE-DE-LANDELLES
50452,01.49Z,,50730,SAINT-BRICE-DE-LANDELLES
50452,01.50Z,,50730,SAINT-BRICE-DE-LANDELLES
50452,01.61Z,,50730,SAINT-BRICE-DE-LANDELLES
50452,08.12Z,ETI,50730,SAINT-BRICE-DE-LANDELLES
50452,13.99Z,PME,50730,SAINT-BRICE-DE-LANDELLES
50452,23.61Z,ETI,50730,SAINT-BRICE-DE-LANDELLES
50452,23.99Z,ETI,50730,SAINT-BRICE-DE-LANDELLES
50452,28.30Z,PME,50730,SAINT-BRICE-DE-LANDELLES
50452,35.11Z,,50730,SAINT-BRICE-DE-LANDELLES
50452,35.11Z,ETI,50730,SAINT-BRICE-DE-LANDELLES
50452,38.11Z,PME,50730,SAINT-BRICE-DE-LANDELLES
50452,43.22A,PME,50730,SAINT-BRICE-DE-LANDELLES
50452,43.32A,PME,50730,SAINT-BRICE-DE-LANDELLES
50452,43.33Z,PME,50730,SAINT-BRICE-DE-LANDELLES
50452,43.91A,PME,50730,SAINT-BRICE-DE-LANDELLES
50452,46.61Z,PME,50730,SAINT-BRICE-DE-LANDELLES
50452,47.91A,PME,50730,SAINT-BRICE-DE-LANDELLES
50452,47.91B,PME,50730,SAINT-BRICE-DE-LANDELLES
50452,47.99A,PME,50730,SAINT-BRICE-DE-LANDELLES
50452,55.20Z,,50730,SAINT-BRICE-DE-LANDELLES
50452,58.14Z,PME,50730,SAINT-BRICE-DE-LANDELLES
50452,62.01Z,,50730,SAINT-BRICE-DE-LANDELLES
50452,62.01Z,PME,50730,SAINT-BRICE-DE-LANDELLES
50452,62.02A,,50730,SAINT-BRICE-DE-LANDELLES
50452,68.20A,,50730,SAINT-BRICE-DE-LANDELLES
50452,68.20A,PME,50730,SAINT-BRICE-DE-LANDELLES
50452,68.20B,,50730,SAINT-BRICE-DE-LANDELLES
50452,68.20B,PME,50730,SAINT-BRICE-DE-LANDELLES
50452,70.22Z,PME,50730,SAINT-BRICE-DE-LANDELLES
50452,74.90B,PME,50730,SAINT-BRICE-DE-LANDELLES
50452,81.21Z,PME,50730,SAINT-BRICE-DE-LANDELLES
50452,82.99Z,PME,50730,SAINT-BRICE-DE-LANDELLES
50452,84.11Z,PME,50730,SAINT-BRICE-DE-LANDELLES
50452,90.01Z,PME,50730,SAINT-BRICE-DE-LANDELLES
50452,90.03A,PME,50730,SAINT-BRICE-DE-LANDELLES
50452,93.12Z,,50730,SAINT-BRICE-DE-LANDELLES
50452,94.99Z,,50730,SAINT-BRICE-DE-LANDELLES
50452,95.11Z,PME,50730,SAINT-BRICE-DE-LANDELLES
50452,96.04Z,PME,50730,SAINT-BRICE-DE-LANDELLES
50452,96.09Z,,50730,SAINT-BRICE-DE-LANDELLES
50453,01.11Z,,50800,SAINTE-CECILE
50453,01.41Z,,50800,SAINTE-CECILE
50453,01.42Z,,50800,SAINTE-CECILE
50453,01.43Z,,50800,SAINTE-CECILE
50453,01.45Z,,50800,SAINTE-CECILE
50453,01.46Z,,50800,SAINTE-CECILE
50453,01.47Z,,50800,SAINTE-CECILE
50453,01.49Z,,50800,SAINTE-CECILE
50453,02.20Z,,50800,SAINTE-CECILE
50453,10.11Z,,50800,SAINTE-CECILE
50453,10.11Z,PME,50800,SAINTE-CECILE
50453,10.51C,GE,50800,SAINTE-CECILE
50453,14.13Z,,50800,SAINTE-CECILE
50453,14.13Z,PME,50800,SAINTE-CECILE
50453,25.11Z,PME,50800,SAINTE-CECILE
50453,25.62B,PME,50800,SAINTE-CECILE
50453,27.51Z,PME,50800,SAINTE-CECILE
50453,31.09A,PME,50800,SAINTE-CECILE
50453,32.13Z,PME,50800,SAINTE-CECILE
50453,33.11Z,PME,50800,SAINTE-CECILE
50453,33.20D,,50800,SAINTE-CECILE
50453,35.11Z,GE,50800,SAINTE-CECILE
50453,37.00Z,PME,50800,SAINTE-CECILE
50453,43.12A,PME,50800,SAINTE-CECILE
50453,43.21A,PME,50800,SAINTE-CECILE
50453,43.29A,PME,50800,SAINTE-CECILE
50453,43.32A,PME,50800,SAINTE-CECILE
50453,43.32B,PME,50800,SAINTE-CECILE
50453,43.33Z,PME,50800,SAINTE-CECILE
50453,43.34Z,PME,50800,SAINTE-CECILE
50453,45.11Z,PME,50800,SAINTE-CECILE
50453,45.20A,PME,50800,SAINTE-CECILE
50453,46.19B,PME,50800,SAINTE-CECILE
50453,46.21Z,ETI,50800,SAINTE-CECILE
50453,46.31Z,PME,50800,SAINTE-CECILE
50453,46.71Z,GE,50800,SAINTE-CECILE
50453,46.77Z,,50800,SAINTE-CECILE
50453,46.90Z,,50800,SAINTE-CECILE
50453,47.76Z,PME,50800,SAINTE-CECILE
50453,47.78C,PME,50800,SAINTE-CECILE
50453,47.89Z,PME,50800,SAINTE-CECILE
50453,47.91A,PME,50800,SAINTE-CECILE
50453,47.99A,PME,50800,SAINTE-CECILE
50453,49.32Z,PME,50800,SAINTE-CECILE
50453,56.10A,PME,50800,SAINTE-CECILE
50453,56.10C,PME,50800,SAINTE-CECILE
50453,56.30Z,PME,50800,SAINTE-CECILE
50453,64.20Z,PME,50800,SAINTE-CECILE
50453,64.30Z,PME,50800,SAINTE-CECILE
50453,64.99Z,PME,50800,SAINTE-CECILE
50453,66.19A,PME,50800,SAINTE-CECILE
50453,68.20A,,50800,SAINTE-CECILE
50453,68.20A,PME,50800,SAINTE-CECILE
50453,68.20B,,50800,SAINTE-CECILE
50453,68.20B,PME,50800,SAINTE-CECILE
50453,69.20Z,PME,50800,SAINTE-CECILE
50453,70.22Z,,50800,SAINTE-CECILE
50453,71.20A,ETI,50800,SAINTE-CECILE
50453,71.20A,PME,50800,SAINTE-CECILE
50453,73.11Z,PME,50800,SAINTE-CECILE
50453,74.10Z,PME,50800,SAINTE-CECILE
50453,74.30Z,PME,50800,SAINTE-CECILE
50453,81.30Z,,50800,SAINTE-CECILE
50453,81.30Z,PME,50800,SAINTE-CECILE
50453,82.11Z,PME,50800,SAINTE-CECILE
50453,84.11Z,PME,50800,SAINTE-CECILE
50453,85.20Z,PME,50800,SAINTE-CECILE
50453,86.90A,,50800,SAINTE-CECILE
50453,86.90D,PME,50800,SAINTE-CECILE
50453,88.10A,PME,50800,SAINTE-CECILE
50453,90.01Z,PME,50800,SAINTE-CECILE
50453,94.20Z,,50800,SAINTE-CECILE
50453,94.99Z,,50800,SAINTE-CECILE
50453,94.99Z,PME,50800,SAINTE-CECILE
50453,96.02A,PME,50800,SAINTE-CECILE
50453,96.09Z,PME,50800,SAINTE-CECILE
50455,01.11Z,,50680,SAINT CLAIR SUR L'ELLE
50455,01.41Z,,50680,SAINT CLAIR SUR L'ELLE
50455,01.42Z,,50680,SAINT CLAIR SUR L'ELLE
50455,01.43Z,,50680,SAINT CLAIR SUR L'ELLE
50455,01.47Z,,50680,SAINT CLAIR SUR L'ELLE
50455,01.49Z,,50680,SAINT CLAIR SUR L'ELLE
50455,01.50Z,,50680,SAINT CLAIR SUR L'ELLE
50455,03.11Z,,50680,SAINT CLAIR SUR L'ELLE
50455,10.71C,PME,50680,SAINT CLAIR SUR L'ELLE
50455,16.29Z,,50680,SAINT CLAIR SUR L'ELLE
50455,25.62B,,50680,SAINT CLAIR SUR L'ELLE
50455,35.11Z,PME,50680,SAINT CLAIR SUR L'ELLE
50455,36.00Z,GE,50680,SAINT CLAIR SUR L'ELLE
50455,38.31Z,PME,50680,SAINT CLAIR SUR L'ELLE
50455,41.10A,PME,50680,SAINT CLAIR SUR L'ELLE
50455,41.10D,PME,50680,SAINT CLAIR SUR L'ELLE
50455,41.20A,PME,50680,SAINT CLAIR SUR L'ELLE
50455,41.20B,,50680,SAINT CLAIR SUR L'ELLE
50455,43.22A,PME,50680,SAINT CLAIR SUR L'ELLE
50455,43.32A,PME,50680,SAINT CLAIR SUR L'ELLE
50455,43.34Z,PME,50680,SAINT CLAIR SUR L'ELLE
50455,43.39Z,PME,50680,SAINT CLAIR SUR L'ELLE
50455,43.91B,PME,50680,SAINT CLAIR SUR L'ELLE
50455,43.99C,,50680,SAINT CLAIR SUR L'ELLE
50455,43.99C,PME,50680,SAINT CLAIR SUR L'ELLE
50455,45.11Z,ETI,50680,SAINT CLAIR SUR L'ELLE
50455,46.18Z,PME,50680,SAINT CLAIR SUR L'ELLE
50455,46.21Z,GE,50680,SAINT CLAIR SUR L'ELLE
50455,46.61Z,PME,50680,SAINT CLAIR SUR L'ELLE
50455,47.11C,GE,50680,SAINT CLAIR SUR L'ELLE
50455,47.11C,PME,50680,SAINT CLAIR SUR L'ELLE
50455,47.22Z,PME,50680,SAINT CLAIR SUR L'ELLE
50455,47.52A,GE,50680,SAINT CLAIR SUR L'ELLE
50455,47.73Z,PME,50680,SAINT CLAIR SUR L'ELLE
50455,47.76Z,PME,50680,SAINT CLAIR SUR L'ELLE
50455,47.82Z,,50680,SAINT CLAIR SUR L'ELLE
50455,47.89Z,PME,50680,SAINT CLAIR SUR L'ELLE
50455,47.99A,PME,50680,SAINT CLAIR SUR L'ELLE
50455,49.31Z,PME,50680,SAINT CLAIR SUR L'ELLE
50455,49.32Z,PME,50680,SAINT CLAIR SUR L'ELLE
50455,49.39A,PME,50680,SAINT CLAIR SUR L'ELLE
50455,52.29B,PME,50680,SAINT CLAIR SUR L'ELLE
50455,53.10Z,GE,50680,SAINT CLAIR SUR L'ELLE
50455,53.20Z,PME,50680,SAINT CLAIR SUR L'ELLE
50455,56.29B,PME,50680,SAINT CLAIR SUR L'ELLE
50455,56.30Z,PME,50680,SAINT CLAIR SUR L'ELLE
50455,62.01Z,PME,50680,SAINT CLAIR SUR L'ELLE
50455,64.19Z,GE,50680,SAINT CLAIR SUR L'ELLE
50455,64.19Z,PME,50680,SAINT CLAIR SUR L'ELLE
50455,66.30Z,PME,50680,SAINT CLAIR SUR L'ELLE
50455,68.20A,,50680,SAINT CLAIR SUR L'ELLE
50455,68.20B,,50680,SAINT CLAIR SUR L'ELLE
50455,68.20B,PME,50680,SAINT CLAIR SUR L'ELLE
50455,68.31Z,PME,50680,SAINT CLAIR SUR L'ELLE
50455,68.32A,PME,50680,SAINT CLAIR SUR L'ELLE
50455,69.10Z,PME,50680,SAINT CLAIR SUR L'ELLE
50455,70.21Z,PME,50680,SAINT CLAIR SUR L'ELLE
50455,71.12B,PME,50680,SAINT CLAIR SUR L'ELLE
50455,74.30Z,PME,50680,SAINT CLAIR SUR L'ELLE
50455,80.10Z,PME,50680,SAINT CLAIR SUR L'ELLE
50455,81.21Z,PME,50680,SAINT CLAIR SUR L'ELLE
50455,82.19Z,PME,50680,SAINT CLAIR SUR L'ELLE
50455,84.11Z,PME,50680,SAINT CLAIR SUR L'ELLE
50455,84.12Z,PME,50680,SAINT CLAIR SUR L'ELLE
50455,84.25Z,,50680,SAINT CLAIR SUR L'ELLE
50455,85.10Z,PME,50680,SAINT CLAIR SUR L'ELLE
50455,85.20Z,PME,50680,SAINT CLAIR SUR L'ELLE
50455,85.31Z,PME,50680,SAINT CLAIR SUR L'ELLE
50455,85.53Z,PME,50680,SAINT CLAIR SUR L'ELLE
50455,85.59B,PME,50680,SAINT CLAIR SUR L'ELLE
50455,86.21Z,,50680,SAINT CLAIR SUR L'ELLE
50455,86.21Z,PME,50680,SAINT CLAIR SUR L'ELLE
50455,86.23Z,PME,50680,SAINT CLAIR SUR L'ELLE
50455,86.90A,PME,50680,SAINT CLAIR SUR L'ELLE
50455,86.90D,PME,50680,SAINT CLAIR SUR L'ELLE
50455,86.90E,PME,50680,SAINT CLAIR SUR L'ELLE
50455,86.90F,,50680,SAINT CLAIR SUR L'ELLE
50455,86.90F,PME,50680,SAINT CLAIR SUR L'ELLE
50455,87.10A,ETI,50680,SAINT CLAIR SUR L'ELLE
50455,90.02Z,,50680,SAINT CLAIR SUR L'ELLE
50455,90.03A,PME,50680,SAINT CLAIR SUR L'ELLE
50455,93.12Z,,50680,SAINT CLAIR SUR L'ELLE
50455,93.12Z,PME,50680,SAINT CLAIR SUR L'ELLE
50455,93.19Z,PME,50680,SAINT CLAIR SUR L'ELLE
50455,94.91Z,PME,50680,SAINT CLAIR SUR L'ELLE
50455,94.99Z,,50680,SAINT CLAIR SUR L'ELLE
50455,94.99Z,PME,50680,SAINT CLAIR SUR L'ELLE
50455,95.29Z,,50680,SAINT CLAIR SUR L'ELLE
50455,96.02A,PME,50680,SAINT CLAIR SUR L'ELLE
50455,96.02B,PME,50680,SAINT CLAIR SUR L'ELLE
50455,96.09Z,,50680,SAINT CLAIR SUR L'ELLE
50455,96.09Z,PME,50680,SAINT CLAIR SUR L'ELLE
50462,01.11Z,,50720,SAINT-CYR-DU-BAILLEUL
50462,01.19Z,PME,50720,SAINT-CYR-DU-BAILLEUL
50462,01.24Z,,50720,SAINT-CYR-DU-BAILLEUL
50462,01.41Z,,50720,SAINT-CYR-DU-BAILLEUL
50462,01.41Z,PME,50720,SAINT-CYR-DU-BAILLEUL
50462,01.42Z,,50720,SAINT-CYR-DU-BAILLEUL
50462,01.49Z,,50720,SAINT-CYR-DU-BAILLEUL
50462,01.50Z,,50720,SAINT-CYR-DU-BAILLEUL
50462,01.61Z,,50720,SAINT-CYR-DU-BAILLEUL
50462,10.85Z,PME,50720,SAINT-CYR-DU-BAILLEUL
50462,23.19Z,PME,50720,SAINT-CYR-DU-BAILLEUL
50462,25.62B,,50720,SAINT-CYR-DU-BAILLEUL
50462,35.11Z,,50720,SAINT-CYR-DU-BAILLEUL
50462,43.34Z,PME,50720,SAINT-CYR-DU-BAILLEUL
50462,43.39Z,PME,50720,SAINT-CYR-DU-BAILLEUL
50462,43.91B,PME,50720,SAINT-CYR-DU-BAILLEUL
50462,43.99C,PME,50720,SAINT-CYR-DU-BAILLEUL
50462,47.25Z,PME,50720,SAINT-CYR-DU-BAILLEUL
50462,47.79Z,PME,50720,SAINT-CYR-DU-BAILLEUL
50462,47.81Z,PME,50720,SAINT-CYR-DU-BAILLEUL
50462,47.89Z,PME,50720,SAINT-CYR-DU-BAILLEUL
50462,53.20Z,PME,50720,SAINT-CYR-DU-BAILLEUL
50462,55.10Z,PME,50720,SAINT-CYR-DU-BAILLEUL
50462,55.20Z,,50720,SAINT-CYR-DU-BAILLEUL
50462,55.20Z,PME,50720,SAINT-CYR-DU-BAILLEUL
50462,56.10A,,50720,SAINT-CYR-DU-BAILLEUL
50462,56.10A,PME,50720,SAINT-CYR-DU-BAILLEUL
50462,59.20Z,PME,50720,SAINT-CYR-DU-BAILLEUL
50462,62.02A,,50720,SAINT-CYR-DU-BAILLEUL
50462,64.20Z,PME,50720,SAINT-CYR-DU-BAILLEUL
50462,66.30Z,,50720,SAINT-CYR-DU-BAILLEUL
50462,68.20A,,50720,SAINT-CYR-DU-BAILLEUL
50462,68.20A,ETI,50720,SAINT-CYR-DU-BAILLEUL
50462,68.20B,,50720,SAINT-CYR-DU-BAILLEUL
50462,68.20B,ETI,50720,SAINT-CYR-DU-BAILLEUL
50462,68.20B,PME,50720,SAINT-CYR-DU-BAILLEUL
50462,68.31Z,,50720,SAINT-CYR-DU-BAILLEUL
50462,70.10Z,,50720,SAINT-CYR-DU-BAILLEUL
50462,70.22Z,PME,50720,SAINT-CYR-DU-BAILLEUL
50462,74.90B,,50720,SAINT-CYR-DU-BAILLEUL
50462,78.30Z,PME,50720,SAINT-CYR-DU-BAILLEUL
50462,81.10Z,PME,50720,SAINT-CYR-DU-BAILLEUL
50462,81.21Z,PME,50720,SAINT-CYR-DU-BAILLEUL
50462,81.30Z,,50720,SAINT-CYR-DU-BAILLEUL
50462,82.99Z,PME,50720,SAINT-CYR-DU-BAILLEUL
50462,84.11Z,PME,50720,SAINT-CYR-DU-BAILLEUL
50462,85.42Z,,50720,SAINT-CYR-DU-BAILLEUL
50462,85.51Z,,50720,SAINT-CYR-DU-BAILLEUL
50462,85.60Z,PME,50720,SAINT-CYR-DU-BAILLEUL
50462,86.90D,PME,50720,SAINT-CYR-DU-BAILLEUL
50462,94.99Z,,50720,SAINT-CYR-DU-BAILLEUL
50462,95.29Z,,50720,SAINT-CYR-DU-BAILLEUL
50462,96.09Z,,50720,SAINT-CYR-DU-BAILLEUL
50462,96.09Z,PME,50720,SAINT-CYR-DU-BAILLEUL
50468,01.11Z,,50620,SAINT-FROMOND
50468,01.19Z,,50620,SAINT-FROMOND
50468,01.19Z,PME,50620,SAINT-FROMOND
50468,01.41Z,,50620,SAINT-FROMOND
50468,01.42Z,,50620,SAINT-FROMOND
50468,01.43Z,,50620,SAINT-FROMOND
50468,01.43Z,PME,50620,SAINT-FROMOND
50468,01.45Z,,50620,SAINT-FROMOND
50468,01.49Z,,50620,SAINT-FROMOND
50468,01.50Z,,50620,SAINT-FROMOND
50468,02.40Z,,50620,SAINT-FROMOND
50468,16.23Z,,50620,SAINT-FROMOND
50468,20.13B,PME,50620,SAINT-FROMOND
50468,25.99B,,50620,SAINT-FROMOND
50468,33.12Z,PME,50620,SAINT-FROMOND
50468,35.11Z,PME,50620,SAINT-FROMOND
50468,38.21Z,PME,50620,SAINT-FROMOND
50468,43.12A,,50620,SAINT-FROMOND
50468,43.34Z,PME,50620,SAINT-FROMOND
50468,43.91B,PME,50620,SAINT-FROMOND
50468,43.99C,PME,50620,SAINT-FROMOND
50468,45.11Z,PME,50620,SAINT-FROMOND
50468,45.20A,PME,50620,SAINT-FROMOND
50468,46.19B,,50620,SAINT-FROMOND
50468,46.73A,PME,50620,SAINT-FROMOND
50468,47.11B,PME,50620,SAINT-FROMOND
50468,47.22Z,PME,50620,SAINT-FROMOND
50468,47.73Z,PME,50620,SAINT-FROMOND
50468,47.99A,PME,50620,SAINT-FROMOND
50468,49.41A,PME,50620,SAINT-FROMOND
50468,56.10A,PME,50620,SAINT-FROMOND
50468,56.29B,PME,50620,SAINT-FROMOND
50468,64.19Z,PME,50620,SAINT-FROMOND
50468,64.20Z,PME,50620,SAINT-FROMOND
50468,66.19A,,50620,SAINT-FROMOND
50468,66.22Z,PME,50620,SAINT-FROMOND
50468,68.10Z,,50620,SAINT-FROMOND
50468,68.20A,,50620,SAINT-FROMOND
50468,68.20A,PME,50620,SAINT-FROMOND
50468,68.20B,,50620,SAINT-FROMOND
50468,68.20B,PME,50620,SAINT-FROMOND
50468,70.10Z,,50620,SAINT-FROMOND
50468,70.10Z,PME,50620,SAINT-FROMOND
50468,74.10Z,,50620,SAINT-FROMOND
50468,75.00Z,PME,50620,SAINT-FROMOND
50468,79.90Z,PME,50620,SAINT-FROMOND
50468,84.11Z,PME,50620,SAINT-FROMOND
50468,85.20Z,PME,50620,SAINT-FROMOND
50468,85.59B,,50620,SAINT-FROMOND
50468,86.21Z,PME,50620,SAINT-FROMOND
50468,86.90D,,50620,SAINT-FROMOND
50468,86.90D,PME,50620,SAINT-FROMOND
50468,86.90E,PME,50620,SAINT-FROMOND
50468,88.99B,,50620,SAINT-FROMOND
50468,90.01Z,PME,50620,SAINT-FROMOND
50468,93.19Z,PME,50620,SAINT-FROMOND
50468,93.29Z,,50620,SAINT-FROMOND
50468,93.29Z,PME,50620,SAINT-FROMOND
50468,94.99Z,,50620,SAINT-FROMOND
50468,95.11Z,PME,50620,SAINT-FROMOND
50468,96.02A,PME,50620,SAINT-FROMOND
50469,01.11Z,,50760,SAINTE-GENEVIEVE
50469,01.13Z,,50760,SAINTE-GENEVIEVE
50469,01.41Z,,50760,SAINTE-GENEVIEVE
50469,01.43Z,,50760,SAINTE-GENEVIEVE
50469,01.61Z,,50760,SAINTE-GENEVIEVE
50469,03.11Z,,50760,SAINTE-GENEVIEVE
50469,14.13Z,PME,50760,SAINTE-GENEVIEVE
50469,33.12Z,PME,50760,SAINTE-GENEVIEVE
50469,35.11Z,,50760,SAINTE-GENEVIEVE
50469,43.99C,PME,50760,SAINTE-GENEVIEVE
50469,46.31Z,PME,50760,SAINTE-GENEVIEVE
50469,46.38B,PME,50760,SAINTE-GENEVIEVE
50469,47.79Z,PME,50760,SAINTE-GENEVIEVE
50469,47.81Z,PME,50760,SAINTE-GENEVIEVE
50469,47.99A,PME,50760,SAINTE-GENEVIEVE
50469,49.41A,PME,50760,SAINTE-GENEVIEVE
50469,64.20Z,PME,50760,SAINTE-GENEVIEVE
50469,68.10Z,PME,50760,SAINTE-GENEVIEVE
50469,68.20A,,50760,SAINTE-GENEVIEVE
50469,68.20B,,50760,SAINTE-GENEVIEVE
50469,68.20B,PME,50760,SAINTE-GENEVIEVE
50469,70.10Z,,50760,SAINTE-GENEVIEVE
50469,70.10Z,PME,50760,SAINTE-GENEVIEVE
50469,73.11Z,PME,50760,SAINTE-GENEVIEVE
50469,73.12Z,PME,50760,SAINTE-GENEVIEVE
50469,81.30Z,PME,50760,SAINTE-GENEVIEVE
50469,84.11Z,PME,50760,SAINTE-GENEVIEVE
50469,85.59A,PME,50760,SAINTE-GENEVIEVE
50469,88.10A,,50760,SAINTE-GENEVIEVE
50469,90.03A,PME,50760,SAINTE-GENEVIEVE
50469,93.12Z,,50760,SAINTE-GENEVIEVE
50469,93.29Z,,50760,SAINTE-GENEVIEVE
50469,94.99Z,,50760,SAINTE-GENEVIEVE
50469,96.02A,PME,50760,SAINTE-GENEVIEVE
50473,01.13Z,,50680,SAINT GEORGES D'ELLE
50473,01.19Z,,50680,SAINT GEORGES D'ELLE
50473,01.41Z,,50680,SAINT GEORGES D'ELLE
50473,01.42Z,,50680,SAINT GEORGES D'ELLE
50473,01.43Z,,50680,SAINT GEORGES D'ELLE
50473,01.46Z,,50680,SAINT GEORGES D'ELLE
50473,01.49Z,,50680,SAINT GEORGES D'ELLE
50473,01.50Z,,50680,SAINT GEORGES D'ELLE
50473,01.61Z,,50680,SAINT GEORGES D'ELLE
50473,01.62Z,,50680,SAINT GEORGES D'ELLE
50473,02.10Z,,50680,SAINT GEORGES D'ELLE
50473,33.20A,,50680,SAINT GEORGES D'ELLE
50473,35.11Z,PME,50680,SAINT GEORGES D'ELLE
50473,36.00Z,GE,50680,SAINT GEORGES D'ELLE
50473,38.32Z,PME,50680,SAINT GEORGES D'ELLE
50473,43.31Z,PME,50680,SAINT GEORGES D'ELLE
50473,43.32A,PME,50680,SAINT GEORGES D'ELLE
50473,43.34Z,PME,50680,SAINT GEORGES D'ELLE
50473,43.99C,PME,50680,SAINT GEORGES D'ELLE
50473,47.59B,PME,50680,SAINT GEORGES D'ELLE
50473,49.41A,PME,50680,SAINT GEORGES D'ELLE
50473,55.20Z,PME,50680,SAINT GEORGES D'ELLE
50473,56.30Z,PME,50680,SAINT GEORGES D'ELLE
50473,64.20Z,,50680,SAINT GEORGES D'ELLE
50473,68.20B,,50680,SAINT GEORGES D'ELLE
50473,68.20B,PME,50680,SAINT GEORGES D'ELLE
50473,71.11Z,PME,50680,SAINT GEORGES D'ELLE
50473,81.21Z,PME,50680,SAINT GEORGES D'ELLE
50473,84.11Z,PME,50680,SAINT GEORGES D'ELLE
50473,85.20Z,PME,50680,SAINT GEORGES D'ELLE
50473,85.52Z,PME,50680,SAINT GEORGES D'ELLE
50473,86.90D,PME,50680,SAINT GEORGES D'ELLE
50473,93.29Z,,50680,SAINT GEORGES D'ELLE
50473,94.99Z,,50680,SAINT GEORGES D'ELLE
50473,96.09Z,PME,50680,SAINT GEORGES D'ELLE
50474,01.11Z,,50720,SAINT-GEORGES-DE-ROUELLEY
50474,01.13Z,,50720,SAINT-GEORGES-DE-ROUELLEY
50474,01.19Z,,50720,SAINT-GEORGES-DE-ROUELLEY
50474,01.24Z,,50720,SAINT-GEORGES-DE-ROUELLEY
50474,01.41Z,,50720,SAINT-GEORGES-DE-ROUELLEY
50474,01.42Z,,50720,SAINT-GEORGES-DE-ROUELLEY
50474,01.43Z,,50720,SAINT-GEORGES-DE-ROUELLEY
50474,01.47Z,,50720,SAINT-GEORGES-DE-ROUELLEY
50474,01.49Z,,50720,SAINT-GEORGES-DE-ROUELLEY
50474,01.50Z,,50720,SAINT-GEORGES-DE-ROUELLEY
50474,02.40Z,,50720,SAINT-GEORGES-DE-ROUELLEY
50474,10.11Z,PME,50720,SAINT-GEORGES-DE-ROUELLEY
50474,10.71C,,50720,SAINT-GEORGES-DE-ROUELLEY
50474,14.13Z,,50720,SAINT-GEORGES-DE-ROUELLEY
50474,16.24Z,PME,50720,SAINT-GEORGES-DE-ROUELLEY
50474,16.29Z,,50720,SAINT-GEORGES-DE-ROUELLEY
50474,35.11Z,,50720,SAINT-GEORGES-DE-ROUELLEY
50474,35.11Z,GE,50720,SAINT-GEORGES-DE-ROUELLEY
50474,35.11Z,PME,50720,SAINT-GEORGES-DE-ROUELLEY
50474,42.99Z,PME,50720,SAINT-GEORGES-DE-ROUELLEY
50474,43.12A,PME,50720,SAINT-GEORGES-DE-ROUELLEY
50474,43.21A,PME,50720,SAINT-GEORGES-DE-ROUELLEY
50474,43.32A,PME,50720,SAINT-GEORGES-DE-ROUELLEY
50474,45.11Z,PME,50720,SAINT-GEORGES-DE-ROUELLEY
50474,46.23Z,PME,50720,SAINT-GEORGES-DE-ROUELLEY
50474,47.11C,PME,50720,SAINT-GEORGES-DE-ROUELLEY
50474,47.61Z,PME,50720,SAINT-GEORGES-DE-ROUELLEY
50474,47.82Z,PME,50720,SAINT-GEORGES-DE-ROUELLEY
50474,47.89Z,PME,50720,SAINT-GEORGES-DE-ROUELLEY
50474,55.20Z,,50720,SAINT-GEORGES-DE-ROUELLEY
50474,55.20Z,PME,50720,SAINT-GEORGES-DE-ROUELLEY
50474,56.10A,PME,50720,SAINT-GEORGES-DE-ROUELLEY
50474,62.01Z,,50720,SAINT-GEORGES-DE-ROUELLEY
50474,64.20Z,,50720,SAINT-GEORGES-DE-ROUELLEY
50474,64.20Z,PME,50720,SAINT-GEORGES-DE-ROUELLEY
50474,66.30Z,PME,50720,SAINT-GEORGES-DE-ROUELLEY
50474,68.20A,PME,50720,SAINT-GEORGES-DE-ROUELLEY
50474,68.20B,,50720,SAINT-GEORGES-DE-ROUELLEY
50474,68.20B,PME,50720,SAINT-GEORGES-DE-ROUELLEY
50474,75.00Z,,50720,SAINT-GEORGES-DE-ROUELLEY
50474,75.00Z,PME,50720,SAINT-GEORGES-DE-ROUELLEY
50474,78.30Z,PME,50720,SAINT-GEORGES-DE-ROUELLEY
50474,81.21Z,,50720,SAINT-GEORGES-DE-ROUELLEY
50474,81.21Z,PME,50720,SAINT-GEORGES-DE-ROUELLEY
50474,81.29B,PME,50720,SAINT-GEORGES-DE-ROUELLEY
50474,82.99Z,,50720,SAINT-GEORGES-DE-ROUELLEY
50474,84.11Z,PME,50720,SAINT-GEORGES-DE-ROUELLEY
50474,85.20Z,PME,50720,SAINT-GEORGES-DE-ROUELLEY
50474,85.52Z,,50720,SAINT-GEORGES-DE-ROUELLEY
50474,85.59B,PME,50720,SAINT-GEORGES-DE-ROUELLEY
50474,86.21Z,PME,50720,SAINT-GEORGES-DE-ROUELLEY
50474,86.23Z,PME,50720,SAINT-GEORGES-DE-ROUELLEY
50474,86.90D,PME,50720,SAINT-GEORGES-DE-ROUELLEY
50474,86.90E,PME,50720,SAINT-GEORGES-DE-ROUELLEY
50474,86.90F,PME,50720,SAINT-GEORGES-DE-ROUELLEY
50474,90.03A,PME,50720,SAINT-GEORGES-DE-ROUELLEY
50474,93.12Z,,50720,SAINT-GEORGES-DE-ROUELLEY
50474,93.29Z,PME,50720,SAINT-GEORGES-DE-ROUELLEY
50474,94.91Z,,50720,SAINT-GEORGES-DE-ROUELLEY
50474,94.99Z,,50720,SAINT-GEORGES-DE-ROUELLEY
50474,96.02A,PME,50720,SAINT-GEORGES-DE-ROUELLEY
50474,96.09Z,,50720,SAINT-GEORGES-DE-ROUELLEY
50474,96.09Z,PME,50720,SAINT-GEORGES-DE-ROUELLEY
50476,01.11Z,,50810,SAINT GERMAIN D'ELLE
50476,01.41Z,,50810,SAINT GERMAIN D'ELLE
50476,01.42Z,,50810,SAINT GERMAIN D'ELLE
50476,01.43Z,,50810,SAINT GERMAIN D'ELLE
50476,01.50Z,,50810,SAINT GERMAIN D'ELLE
50476,02.10Z,,50810,SAINT GERMAIN D'ELLE
50476,03.22Z,,50810,SAINT GERMAIN D'ELLE
50476,32.13Z,PME,50810,SAINT GERMAIN D'ELLE
50476,43.99C,PME,50810,SAINT GERMAIN D'ELLE
50476,56.10C,,50810,SAINT GERMAIN D'ELLE
50476,58.29C,PME,50810,SAINT GERMAIN D'ELLE
50476,68.20B,,50810,SAINT GERMAIN D'ELLE
50476,68.20B,PME,50810,SAINT GERMAIN D'ELLE
50476,70.22Z,,50810,SAINT GERMAIN D'ELLE
50476,71.12B,PME,50810,SAINT GERMAIN D'ELLE
50476,84.11Z,PME,50810,SAINT GERMAIN D'ELLE
50476,85.20Z,PME,50810,SAINT GERMAIN D'ELLE
50476,88.99B,,50810,SAINT GERMAIN D'ELLE
50476,93.29Z,PME,50810,SAINT GERMAIN D'ELLE
50476,94.99Z,,50810,SAINT GERMAIN D'ELLE
50476,94.99Z,PME,50810,SAINT GERMAIN D'ELLE
50478,01.11Z,,50700,SAINT-GERMAIN-DE-TOURNEBUT
50478,01.19Z,,50700,SAINT-GERMAIN-DE-TOURNEBUT
50478,01.41Z,,50700,SAINT-GERMAIN-DE-TOURNEBUT
50478,01.42Z,,50700,SAINT-GERMAIN-DE-TOURNEBUT
50478,01.46Z,,50700,SAINT-GERMAIN-DE-TOURNEBUT
50478,01.49Z,,50700,SAINT-GERMAIN-DE-TOURNEBUT
50478,01.62Z,,50700,SAINT-GERMAIN-DE-TOURNEBUT
50478,02.10Z,,50700,SAINT-GERMAIN-DE-TOURNEBUT
50478,20.41Z,,50700,SAINT-GERMAIN-DE-TOURNEBUT
50478,35.11Z,,50700,SAINT-GERMAIN-DE-TOURNEBUT
50478,43.12A,PME,50700,SAINT-GERMAIN-DE-TOURNEBUT
50478,43.32A,,50700,SAINT-GERMAIN-DE-TOURNEBUT
50478,43.33Z,PME,50700,SAINT-GERMAIN-DE-TOURNEBUT
50478,47.91B,,50700,SAINT-GERMAIN-DE-TOURNEBUT
50478,47.99A,PME,50700,SAINT-GERMAIN-DE-TOURNEBUT
50478,55.20Z,,50700,SAINT-GERMAIN-DE-TOURNEBUT
50478,66.30Z,PME,50700,SAINT-GERMAIN-DE-TOURNEBUT
50478,68.20A,,50700,SAINT-GERMAIN-DE-TOURNEBUT
50478,68.20B,,50700,SAINT-GERMAIN-DE-TOURNEBUT
50478,68.20B,PME,50700,SAINT-GERMAIN-DE-TOURNEBUT
50478,70.10Z,,50700,SAINT-GERMAIN-DE-TOURNEBUT
50478,70.22Z,,50700,SAINT-GERMAIN-DE-TOURNEBUT
50478,81.30Z,PME,50700,SAINT-GERMAIN-DE-TOURNEBUT
50478,82.11Z,,50700,SAINT-GERMAIN-DE-TOURNEBUT
50478,82.99Z,,50700,SAINT-GERMAIN-DE-TOURNEBUT
50478,82.99Z,PME,50700,SAINT-GERMAIN-DE-TOURNEBUT
50478,84.11Z,PME,50700,SAINT-GERMAIN-DE-TOURNEBUT
50478,86.90D,PME,50700,SAINT-GERMAIN-DE-TOURNEBUT
50478,93.19Z,,50700,SAINT-GERMAIN-DE-TOURNEBUT
50478,94.99Z,,50700,SAINT-GERMAIN-DE-TOURNEBUT
50478,96.02B,PME,50700,SAINT-GERMAIN-DE-TOURNEBUT
50478,96.09Z,,50700,SAINT-GERMAIN-DE-TOURNEBUT
50484,01.11Z,,50600,SAINT-HILAIRE-DU-HARCOUET
50484,01.11Z,,50730,SAINT-HILAIRE-DU-HARCOUET
50484,01.13Z,,50600,SAINT-HILAIRE-DU-HARCOUET
50484,01.13Z,,50730,SAINT-HILAIRE-DU-HARCOUET
50484,01.19Z,,50600,SAINT-HILAIRE-DU-HARCOUET
50484,01.24Z,,50600,SAINT-HILAIRE-DU-HARCOUET
50484,01.24Z,,50730,SAINT-HILAIRE-DU-HARCOUET
50484,01.29Z,PME,50600,SAINT-HILAIRE-DU-HARCOUET
50484,01.41Z,,50600,SAINT-HILAIRE-DU-HARCOUET
50484,01.41Z,,50730,SAINT-HILAIRE-DU-HARCOUET
50484,01.41Z,PME,50600,SAINT-HILAIRE-DU-HARCOUET
50484,01.42Z,,50600,SAINT-HILAIRE-DU-HARCOUET
50484,01.42Z,,50730,SAINT-HILAIRE-DU-HARCOUET
50484,01.43Z,,50600,SAINT-HILAIRE-DU-HARCOUET
50484,01.43Z,,50730,SAINT-HILAIRE-DU-HARCOUET
50484,01.45Z,,50600,SAINT-HILAIRE-DU-HARCOUET
50484,01.45Z,,50730,SAINT-HILAIRE-DU-HARCOUET
50484,01.46Z,,50730,SAINT-HILAIRE-DU-HARCOUET
50484,01.47Z,,50600,SAINT-HILAIRE-DU-HARCOUET
50484,01.49Z,,50600,SAINT-HILAIRE-DU-HARCOUET
50484,01.49Z,,50730,SAINT-HILAIRE-DU-HARCOUET
50484,01.50Z,,50600,SAINT-HILAIRE-DU-HARCOUET
50484,01.50Z,,50730,SAINT-HILAIRE-DU-HARCOUET
50484,01.61Z,,50600,SAINT-HILAIRE-DU-HARCOUET
50484,01.61Z,,50730,SAINT-HILAIRE-DU-HARCOUET
50484,01.62Z,,50600,SAINT-HILAIRE-DU-HARCOUET
50484,08.11Z,PME,50730,SAINT-HILAIRE-DU-HARCOUET
50484,10.13B,PME,50600,SAINT-HILAIRE-DU-HARCOUET
50484,10.39B,PME,50600,SAINT-HILAIRE-DU-HARCOUET
50484,10.71C,PME,50600,SAINT-HILAIRE-DU-HARCOUET
50484,10.71C,PME,50730,SAINT-HILAIRE-DU-HARCOUET
50484,10.71D,PME,50600,SAINT-HILAIRE-DU-HARCOUET
50484,10.91Z,GE,50600,SAINT-HILAIRE-DU-HARCOUET
50484,11.01Z,PME,50600,SAINT-HILAIRE-DU-HARCOUET
50484,14.13Z,PME,50600,SAINT-HILAIRE-DU-HARCOUET
50484,16.23Z,PME,50600,SAINT-HILAIRE-DU-HARCOUET
50484,16.24Z,PME,50600,SAINT-HILAIRE-DU-HARCOUET
50484,16.29Z,,50730,SAINT-HILAIRE-DU-HARCOUET
50484,16.29Z,PME,50600,SAINT-HILAIRE-DU-HARCOUET
50484,17.21B,ETI,50600,SAINT-HILAIRE-DU-HARCOUET
50484,17.29Z,,50600,SAINT-HILAIRE-DU-HARCOUET
50484,18.13Z,PME,50600,SAINT-HILAIRE-DU-HARCOUET
50484,20.42Z,,50600,SAINT-HILAIRE-DU-HARCOUET
50484,22.22Z,PME,50600,SAINT-HILAIRE-DU-HARCOUET
50484,25.71Z,,50600,SAINT-HILAIRE-DU-HARCOUET
50484,27.11Z,PME,50600,SAINT-HILAIRE-DU-HARCOUET
50484,32.30Z,PME,50600,SAINT-HILAIRE-DU-HARCOUET
50484,32.50A,PME,50600,SAINT-HILAIRE-DU-HARCOUET
50484,32.99Z,PME,50600,SAINT-HILAIRE-DU-HARCOUET
50484,33.12Z,PME,50600,SAINT-HILAIRE-DU-HARCOUET
50484,33.13Z,PME,50600,SAINT-HILAIRE-DU-HARCOUET
50484,35.11Z,,50600,SAINT-HILAIRE-DU-HARCOUET
50484,35.11Z,,50730,SAINT-HILAIRE-DU-HARCOUET
50484,35.11Z,ETI,50600,SAINT-HILAIRE-DU-HARCOUET
50484,35.11Z,PME,50600,SAINT-HILAIRE-DU-HARCOUET
50484,35.11Z,PME,50730,SAINT-HILAIRE-DU-HARCOUET
50484,35.30Z,GE,50600,SAINT-HILAIRE-DU-HARCOUET
50484,38.11Z,,50600,SAINT-HILAIRE-DU-HARCOUET
50484,38.11Z,PME,50600,SAINT-HILAIRE-DU-HARCOUET
50484,38.12Z,ETI,50600,SAINT-HILAIRE-DU-HARCOUET
50484,38.32Z,PME,50600,SAINT-HILAIRE-DU-HARCOUET
50484,39.00Z,PME,50600,SAINT-HILAIRE-DU-HARCOUET
50484,39.00Z,PME,50730,SAINT-HILAIRE-DU-HARCOUET
50484,41.10A,PME,50600,SAINT-HILAIRE-DU-HARCOUET
50484,41.10B,,50600,SAINT-HILAIRE-DU-HARCOUET
50484,41.10D,,50600,SAINT-HILAIRE-DU-HARCOUET
50484,41.10D,PME,50600,SAINT-HILAIRE-DU-HARCOUET
50484,41.10D,PME,50730,SAINT-HILAIRE-DU-HARCOUET
50484,41.20A,PME,50600,SAINT-HILAIRE-DU-HARCOUET
50484,41.20B,PME,50730,SAINT-HILAIRE-DU-HARCOUET
50484,43.12A,PME,50730,SAINT-HILAIRE-DU-HARCOUET
50484,43.21A,PME,50600,SAINT-HILAIRE-DU-HARCOUET
50484,43.21A,PME,50730,SAINT-HILAIRE-DU-HARCOUET
50484,43.22A,,50600,SAINT-HILAIRE-DU-HARCOUET
50484,43.22A,PME,50600,SAINT-HILAIRE-DU-HARCOUET
50484,43.22B,PME,50600,SAINT-HILAIRE-DU-HARCOUET
50484,43.31Z,PME,50600,SAINT-HILAIRE-DU-HARCOUET
50484,43.31Z,PME,50730,SAINT-HILAIRE-DU-HARCOUET
50484,43.32A,PME,50600,SAINT-HILAIRE-DU-HARCOUET
50484,43.32A,PME,50730,SAINT-HILAIRE-DU-HARCOUET
50484,43.32B,PME,50600,SAINT-HILAIRE-DU-HARCOUET
50484,43.33Z,,50600,SAINT-HILAIRE-DU-HARCOUET
50484,43.33Z,PME,50600,SAINT-HILAIRE-DU-HARCOUET
50484,43.34Z,,50600,SAINT-HILAIRE-DU-HARCOUET
50484,43.34Z,PME,50600,SAINT-HILAIRE-DU-HARCOUET
50484,43.39Z,PME,50600,SAINT-HILAIRE-DU-HARCOUET
50484,43.39Z,PME,50730,SAINT-HILAIRE-DU-HARCOUET
50484,43.91B,PME,50600,SAINT-HILAIRE-DU-HARCOUET
50484,43.91B,PME,50730,SAINT-HILAIRE-DU-HARCOUET
50484,43.99C,,50730,SAINT-HILAIRE-DU-HARCOUET
50484,43.99C,PME,50600,SAINT-HILAIRE-DU-HARCOUET
50484,43.99C,PME,50730,SAINT-HILAIRE-DU-HARCOUET
50484,43.99D,PME,50600,SAINT-HILAIRE-DU-HARCOUET
50484,45.11Z,ETI,50600,SAINT-HILAIRE-DU-HARCOUET
50484,45.11Z,PME,50600,SAINT-HILAIRE-DU-HARCOUET
50484,45.11Z,PME,50730,SAINT-HILAIRE-DU-HARCOUET
50484,45.20A,,50600,SAINT-HILAIRE-DU-HARCOUET
50484,45.20A,PME,50600,SAINT-HILAIRE-DU-HARCOUET
50484,45.20A,PME,50730,SAINT-HILAIRE-DU-HARCOUET
50484,45.31Z,ETI,50600,SAINT-HILAIRE-DU-HARCOUET
50484,45.32Z,PME,50600,SAINT-HILAIRE-DU-HARCOUET
50484,46.18Z,PME,50600,SAINT-HILAIRE-DU-HARCOUET
50484,46.19B,,50600,SAINT-HILAIRE-DU-HARCOUET
50484,46.19B,PME,50600,SAINT-HILAIRE-DU-HARCOUET
50484,46.21Z,GE,50600,SAINT-HILAIRE-DU-HARCOUET
50484,46.21Z,GE,50730,SAINT-HILAIRE-DU-HARCOUET
50484,46.21Z,PME,50600,SAINT-HILAIRE-DU-HARCOUET
50484,46.23Z,PME,50600,SAINT-HILAIRE-DU-HARCOUET
50484,46.23Z,PME,50730,SAINT-HILAIRE-DU-HARCOUET
50484,46.33Z,GE,50600,SAINT-HILAIRE-DU-HARCOUET
50484,46.33Z,PME,50730,SAINT-HILAIRE-DU-HARCOUET
50484,46.34Z,PME,50600,SAINT-HILAIRE-DU-HARCOUET
50484,46.45Z,,50600,SAINT-HILAIRE-DU-HARCOUET
50484,46.49Z,PME,50600,SAINT-HILAIRE-DU-HARCOUET
50484,46.52Z,PME,50600,SAINT-HILAIRE-DU-HARCOUET
50484,46.61Z,GE,50600,SAINT-HILAIRE-DU-HARCOUET
50484,46.71Z,GE,50600,SAINT-HILAIRE-DU-HARCOUET
50484,46.71Z,PME,50600,SAINT-HILAIRE-DU-HARCOUET
50484,46.73A,PME,50600,SAINT-HILAIRE-DU-HARCOUET
50484,46.90Z,PME,50600,SAINT-HILAIRE-DU-HARCOUET
50484,47.11B,PME,50600,SAINT-HILAIRE-DU-HARCOUET
50484,47.11B,PME,50730,SAINT-HILAIRE-DU-HARCOUET
50484,47.11C,PME,50600,SAINT-HILAIRE-DU-HARCOUET
50484,47.11D,GE,50600,SAINT-HILAIRE-DU-HARCOUET
50484,47.11D,PME,50600,SAINT-HILAIRE-DU-HARCOUET
50484,47.11F,PME,50600,SAINT-HILAIRE-DU-HARCOUET
50484,47.21Z,PME,50600,SAINT-HILAIRE-DU-HARCOUET
50484,47.22Z,PME,50600,SAINT-HILAIRE-DU-HARCOUET
50484,47.22Z,PME,50730,SAINT-HILAIRE-DU-HARCOUET
50484,47.25Z,PME,50600,SAINT-HILAIRE-DU-HARCOUET
50484,47.29Z,,50600,SAINT-HILAIRE-DU-HARCOUET
50484,47.29Z,PME,50600,SAINT-HILAIRE-DU-HARCOUET
50484,47.41Z,PME,50600,SAINT-HILAIRE-DU-HARCOUET
50484,47.42Z,PME,50600,SAINT-HILAIRE-DU-HARCOUET
50484,47.43Z,PME,50600,SAINT-HILAIRE-DU-HARCOUET
50484,47.51Z,PME,50600,SAINT-HILAIRE-DU-HARCOUET
50484,47.52B,GE,50600,SAINT-HILAIRE-DU-HARCOUET
50484,47.52B,PME,50600,SAINT-HILAIRE-DU-HARCOUET
50484,47.54Z,,50600,SAINT-HILAIRE-DU-HARCOUET
50484,47.59A,PME,50600,SAINT-HILAIRE-DU-HARCOUET
50484,47.59B,ETI,50600,SAINT-HILAIRE-DU-HARCOUET
50484,47.62Z,PME,50600,SAINT-HILAIRE-DU-HARCOUET
50484,47.63Z,PME,50600,SAINT-HILAIRE-DU-HARCOUET
50484,47.64Z,PME,50600,SAINT-HILAIRE-DU-HARCOUET
50484,47.65Z,PME,50600,SAINT-HILAIRE-DU-HARCOUET
50484,47.71Z,,50600,SAINT-HILAIRE-DU-HARCOUET
50484,47.71Z,ETI,50600,SAINT-HILAIRE-DU-HARCOUET
50484,47.71Z,PME,50600,SAINT-HILAIRE-DU-HARCOUET
50484,47.72A,PME,50600,SAINT-HILAIRE-DU-HARCOUET
50484,47.72B,PME,50600,SAINT-HILAIRE-DU-HARCOUET
50484,47.73Z,PME,50600,SAINT-HILAIRE-DU-HARCOUET
50484,47.74Z,ETI,50600,SAINT-HILAIRE-DU-HARCOUET
50484,47.74Z,PME,50600,SAINT-HILAIRE-DU-HARCOUET
50484,47.74Z,PME,50730,SAINT-HILAIRE-DU-HARCOUET
50484,47.76Z,,50600,SAINT-HILAIRE-DU-HARCOUET
50484,47.76Z,PME,50600,SAINT-HILAIRE-DU-HARCOUET
50484,47.77Z,PME,50600,SAINT-HILAIRE-DU-HARCOUET
50484,47.78A,PME,50600,SAINT-HILAIRE-DU-HARCOUET
50484,47.78C,,50600,SAINT-HILAIRE-DU-HARCOUET
50484,47.78C,PME,50600,SAINT-HILAIRE-DU-HARCOUET
50484,47.79Z,,50730,SAINT-HILAIRE-DU-HARCOUET
50484,47.79Z,PME,50600,SAINT-HILAIRE-DU-HARCOUET
50484,47.79Z,PME,50730,SAINT-HILAIRE-DU-HARCOUET
50484,47.81Z,PME,50600,SAINT-HILAIRE-DU-HARCOUET
50484,47.81Z,PME,50730,SAINT-HILAIRE-DU-HARCOUET
50484,47.82Z,PME,50600,SAINT-HILAIRE-DU-HARCOUET
50484,47.89Z,,50600,SAINT-HILAIRE-DU-HARCOUET
50484,47.89Z,PME,50600,SAINT-HILAIRE-DU-HARCOUET
50484,47.89Z,PME,50730,SAINT-HILAIRE-DU-HARCOUET
50484,47.91A,PME,50730,SAINT-HILAIRE-DU-HARCOUET
50484,47.91B,,50600,SAINT-HILAIRE-DU-HARCOUET
50484,47.99A,PME,50600,SAINT-HILAIRE-DU-HARCOUET
50484,47.99A,PME,50730,SAINT-HILAIRE-DU-HARCOUET
50484,47.99B,PME,50600,SAINT-HILAIRE-DU-HARCOUET
50484,49.32Z,PME,50600,SAINT-HILAIRE-DU-HARCOUET
50484,49.39B,PME,50600,SAINT-HILAIRE-DU-HARCOUET
50484,49.41A,PME,50600,SAINT-HILAIRE-DU-HARCOUET
50484,49.41B,PME,50600,SAINT-HILAIRE-DU-HARCOUET
50484,52.21Z,,50600,SAINT-HILAIRE-DU-HARCOUET
50484,53.10Z,GE,50600,SAINT-HILAIRE-DU-HARCOUET
50484,53.20Z,,50600,SAINT-HILAIRE-DU-HARCOUET
50484,53.20Z,PME,50600,SAINT-HILAIRE-DU-HARCOUET
50484,55.10Z,,50600,SAINT-HILAIRE-DU-HARCOUET
50484,55.10Z,PME,50600,SAINT-HILAIRE-DU-HARCOUET
50484,55.20Z,PME,50600,SAINT-HILAIRE-DU-HARCOUET
50484,55.20Z,PME,50730,SAINT-HILAIRE-DU-HARCOUET
50484,55.30Z,PME,50600,SAINT-HILAIRE-DU-HARCOUET
50484,56.10A,PME,50600,SAINT-HILAIRE-DU-HARCOUET
50484,56.10A,PME,50730,SAINT-HILAIRE-DU-HARCOUET
50484,56.10C,,50600,SAINT-HILAIRE-DU-HARCOUET
50484,56.10C,PME,50600,SAINT-HILAIRE-DU-HARCOUET
50484,56.30Z,,50730,SAINT-HILAIRE-DU-HARCOUET
50484,56.30Z,PME,50600,SAINT-HILAIRE-DU-HARCOUET
50484,58.14Z,PME,50600,SAINT-HILAIRE-DU-HARCOUET
50484,59.14Z,PME,50600,SAINT-HILAIRE-DU-HARCOUET
50484,60.10Z,GE,50600,SAINT-HILAIRE-DU-HARCOUET
50484,62.01Z,PME,50600,SAINT-HILAIRE-DU-HARCOUET
50484,62.09Z,PME,50600,SAINT-HILAIRE-DU-HARCOUET
50484,63.91Z,PME,50600,SAINT-HILAIRE-DU-HARCOUET
50484,64.19Z,GE,50600,SAINT-HILAIRE-DU-HARCOUET
50484,64.20Z,,50600,SAINT-HILAIRE-DU-HARCOUET
50484,64.20Z,PME,50600,SAINT-HILAIRE-DU-HARCOUET
50484,64.30Z,PME,50600,SAINT-HILAIRE-DU-HARCOUET
50484,65.12Z,GE,50600,SAINT-HILAIRE-DU-HARCOUET
50484,66.19A,ETI,50600,SAINT-HILAIRE-DU-HARCOUET
50484,66.19B,PME,50600,SAINT-HILAIRE-DU-HARCOUET
50484,66.22Z,PME,50600,SAINT-HILAIRE-DU-HARCOUET
50484,66.22Z,PME,50730,SAINT-HILAIRE-DU-HARCOUET
50484,66.30Z,,50730,SAINT-HILAIRE-DU-HARCOUET
50484,66.30Z,PME,50600,SAINT-HILAIRE-DU-HARCOUET
50484,68.10Z,PME,50600,SAINT-HILAIRE-DU-HARCOUET
50484,68.20A,,50600,SAINT-HILAIRE-DU-HARCOUET
50484,68.20A,,50730,SAINT-HILAIRE-DU-HARCOUET
50484,68.20A,PME,50600,SAINT-HILAIRE-DU-HARCOUET
50484,68.20A,PME,50730,SAINT-HILAIRE-DU-HARCOUET
50484,68.20B,,50600,SAINT-HILAIRE-DU-HARCOUET
50484,68.20B,,50730,SAINT-HILAIRE-DU-HARCOUET
50484,68.20B,ETI,50600,SAINT-HILAIRE-DU-HARCOUET
50484,68.20B,GE,50600,SAINT-HILAIRE-DU-HARCOUET
50484,68.20B,PME,50600,SAINT-HILAIRE-DU-HARCOUET
50484,68.20B,PME,50730,SAINT-HILAIRE-DU-HARCOUET
50484,68.31Z,,50730,SAINT-HILAIRE-DU-HARCOUET
50484,68.31Z,PME,50600,SAINT-HILAIRE-DU-HARCOUET
50484,68.32A,,50600,SAINT-HILAIRE-DU-HARCOUET
50484,68.32A,PME,50600,SAINT-HILAIRE-DU-HARCOUET
50484,68.32B,,50600,SAINT-HILAIRE-DU-HARCOUET
50484,69.10Z,PME,50600,SAINT-HILAIRE-DU-HARCOUET
50484,69.20Z,ETI,50600,SAINT-HILAIRE-DU-HARCOUET
50484,69.20Z,PME,50600,SAINT-HILAIRE-DU-HARCOUET
50484,70.10Z,,50600,SAINT-HILAIRE-DU-HARCOUET
50484,70.10Z,,50730,SAINT-HILAIRE-DU-HARCOUET
50484,70.10Z,PME,50600,SAINT-HILAIRE-DU-HARCOUET
50484,70.21Z,,50600,SAINT-HILAIRE-DU-HARCOUET
50484,70.21Z,PME,50600,SAINT-HILAIRE-DU-HARCOUET
50484,70.22Z,,50600,SAINT-HILAIRE-DU-HARCOUET
50484,70.22Z,PME,50600,SAINT-HILAIRE-DU-HARCOUET
50484,71.12B,PME,50600,SAINT-HILAIRE-DU-HARCOUET
50484,71.12B,PME,50730,SAINT-HILAIRE-DU-HARCOUET
50484,71.20A,PME,50730,SAINT-HILAIRE-DU-HARCOUET
50484,71.20B,PME,50600,SAINT-HILAIRE-DU-HARCOUET
50484,73.11Z,PME,50600,SAINT-HILAIRE-DU-HARCOUET
50484,73.12Z,ETI,50600,SAINT-HILAIRE-DU-HARCOUET
50484,74.10Z,PME,50600,SAINT-HILAIRE-DU-HARCOUET
50484,74.20Z,,50730,SAINT-HILAIRE-DU-HARCOUET
50484,74.20Z,PME,50600,SAINT-HILAIRE-DU-HARCOUET
50484,74.30Z,PME,50730,SAINT-HILAIRE-DU-HARCOUET
50484,74.90B,PME,50730,SAINT-HILAIRE-DU-HARCOUET
50484,75.00Z,,50600,SAINT-HILAIRE-DU-HARCOUET
50484,75.00Z,PME,50600,SAINT-HILAIRE-DU-HARCOUET
50484,77.11A,,50600,SAINT-HILAIRE-DU-HARCOUET
50484,77.29Z,PME,50730,SAINT-HILAIRE-DU-HARCOUET
50484,77.31Z,PME,50730,SAINT-HILAIRE-DU-HARCOUET
50484,77.39Z,PME,50600,SAINT-HILAIRE-DU-HARCOUET
50484,78.20Z,GE,50600,SAINT-HILAIRE-DU-HARCOUET
50484,78.20Z,PME,50600,SAINT-HILAIRE-DU-HARCOUET
50484,79.11Z,PME,50600,SAINT-HILAIRE-DU-HARCOUET
50484,79.90Z,PME,50600,SAINT-HILAIRE-DU-HARCOUET
50484,81.10Z,,50730,SAINT-HILAIRE-DU-HARCOUET
50484,81.21Z,PME,50600,SAINT-HILAIRE-DU-HARCOUET
50484,81.30Z,PME,50600,SAINT-HILAIRE-DU-HARCOUET
50484,82.11Z,,50600,SAINT-HILAIRE-DU-HARCOUET
50484,82.11Z,PME,50600,SAINT-HILAIRE-DU-HARCOUET
50484,82.19Z,PME,50600,SAINT-HILAIRE-DU-HARCOUET
50484,82.30Z,,50600,SAINT-HILAIRE-DU-HARCOUET
50484,82.30Z,PME,50600,SAINT-HILAIRE-DU-HARCOUET
50484,82.99Z,PME,50600,SAINT-HILAIRE-DU-HARCOUET
50484,84.11Z,PME,50600,SAINT-HILAIRE-DU-HARCOUET
50484,84.11Z,PME,50730,SAINT-HILAIRE-DU-HARCOUET
50484,84.12Z,ETI,50600,SAINT-HILAIRE-DU-HARCOUET
50484,85.10Z,PME,50600,SAINT-HILAIRE-DU-HARCOUET
50484,85.20Z,PME,50600,SAINT-HILAIRE-DU-HARCOUET
50484,85.20Z,PME,50730,SAINT-HILAIRE-DU-HARCOUET
50484,85.31Z,PME,50600,SAINT-HILAIRE-DU-HARCOUET
50484,85.32Z,PME,50600,SAINT-HILAIRE-DU-HARCOUET
50484,85.51Z,,50600,SAINT-HILAIRE-DU-HARCOUET
50484,85.51Z,,50730,SAINT-HILAIRE-DU-HARCOUET
50484,85.51Z,PME,50600,SAINT-HILAIRE-DU-HARCOUET
50484,85.52Z,,50600,SAINT-HILAIRE-DU-HARCOUET
50484,85.52Z,ETI,50600,SAINT-HILAIRE-DU-HARCOUET
50484,85.52Z,PME,50600,SAINT-HILAIRE-DU-HARCOUET
50484,85.53Z,PME,50600,SAINT-HILAIRE-DU-HARCOUET
50484,85.59A,PME,50600,SAINT-HILAIRE-DU-HARCOUET
50484,85.59B,PME,50600,SAINT-HILAIRE-DU-HARCOUET
50484,86.10Z,ETI,50600,SAINT-HILAIRE-DU-HARCOUET
50484,86.21Z,PME,50600,SAINT-HILAIRE-DU-HARCOUET
50484,86.22C,PME,50730,SAINT-HILAIRE-DU-HARCOUET
50484,86.23Z,PME,50600,SAINT-HILAIRE-DU-HARCOUET
50484,86.90A,PME,50600,SAINT-HILAIRE-DU-HARCOUET
50484,86.90B,PME,50600,SAINT-HILAIRE-DU-HARCOUET
50484,86.90D,ETI,50600,SAINT-HILAIRE-DU-HARCOUET
50484,86.90D,PME,50600,SAINT-HILAIRE-DU-HARCOUET
50484,86.90D,PME,50730,SAINT-HILAIRE-DU-HARCOUET
50484,86.90E,,50600,SAINT-HILAIRE-DU-HARCOUET
50484,86.90E,PME,50600,SAINT-HILAIRE-DU-HARCOUET
50484,86.90F,PME,50600,SAINT-HILAIRE-DU-HARCOUET
50484,86.90F,PME,50730,SAINT-HILAIRE-DU-HARCOUET
50484,87.10A,ETI,50600,SAINT-HILAIRE-DU-HARCOUET
50484,88.10A,,50600,SAINT-HILAIRE-DU-HARCOUET
50484,88.10A,ETI,50600,SAINT-HILAIRE-DU-HARCOUET
50484,88.10A,PME,50600,SAINT-HILAIRE-DU-HARCOUET
50484,88.91A,PME,50600,SAINT-HILAIRE-DU-HARCOUET
50484,88.99B,,50600,SAINT-HILAIRE-DU-HARCOUET
50484,88.99B,,50730,SAINT-HILAIRE-DU-HARCOUET
50484,88.99B,ETI,50600,SAINT-HILAIRE-DU-HARCOUET
50484,88.99B,PME,50600,SAINT-HILAIRE-DU-HARCOUET
50484,90.01Z,,50600,SAINT-HILAIRE-DU-HARCOUET
50484,90.01Z,,50730,SAINT-HILAIRE-DU-HARCOUET
50484,90.01Z,PME,50600,SAINT-HILAIRE-DU-HARCOUET
50484,90.03A,PME,50600,SAINT-HILAIRE-DU-HARCOUET
50484,90.03B,PME,50600,SAINT-HILAIRE-DU-HARCOUET
50484,91.01Z,,50600,SAINT-HILAIRE-DU-HARCOUET
50484,93.11Z,PME,50600,SAINT-HILAIRE-DU-HARCOUET
50484,93.12Z,,50600,SAINT-HILAIRE-DU-HARCOUET
50484,93.12Z,,50730,SAINT-HILAIRE-DU-HARCOUET
50484,93.12Z,PME,50600,SAINT-HILAIRE-DU-HARCOUET
50484,93.13Z,,50600,SAINT-HILAIRE-DU-HARCOUET
50484,93.19Z,,50600,SAINT-HILAIRE-DU-HARCOUET
50484,93.19Z,,50730,SAINT-HILAIRE-DU-HARCOUET
50484,93.19Z,PME,50600,SAINT-HILAIRE-DU-HARCOUET
50484,93.21Z,PME,50730,SAINT-HILAIRE-DU-HARCOUET
50484,93.29Z,,50600,SAINT-HILAIRE-DU-HARCOUET
50484,93.29Z,PME,50730,SAINT-HILAIRE-DU-HARCOUET
50484,94.91Z,,50600,SAINT-HILAIRE-DU-HARCOUET
50484,94.99Z,,50600,SAINT-HILAIRE-DU-HARCOUET
50484,94.99Z,,50730,SAINT-HILAIRE-DU-HARCOUET
50484,94.99Z,PME,50600,SAINT-HILAIRE-DU-HARCOUET
50484,94.99Z,PME,50730,SAINT-HILAIRE-DU-HARCOUET
50484,95.11Z,PME,50600,SAINT-HILAIRE-DU-HARCOUET
50484,95.22Z,PME,50600,SAINT-HILAIRE-DU-HARCOUET
50484,95.23Z,PME,50600,SAINT-HILAIRE-DU-HARCOUET
50484,95.29Z,PME,50600,SAINT-HILAIRE-DU-HARCOUET
50484,95.29Z,PME,50730,SAINT-HILAIRE-DU-HARCOUET
50484,96.01B,PME,50600,SAINT-HILAIRE-DU-HARCOUET
50484,96.02A,PME,50600,SAINT-HILAIRE-DU-HARCOUET
50484,96.02B,,50600,SAINT-HILAIRE-DU-HARCOUET
50484,96.02B,PME,50600,SAINT-HILAIRE-DU-HARCOUET
50484,96.03Z,PME,50600,SAINT-HILAIRE-DU-HARCOUET
50484,96.09Z,PME,50600,SAINT-HILAIRE-DU-HARCOUET
50484,96.09Z,PME,50730,SAINT-HILAIRE-DU-HARCOUET
50488,01.11Z,,50620,SAINT-JEAN-DE-DAYE
50488,01.13Z,,50620,SAINT-JEAN-DE-DAYE
50488,01.19Z,,50620,SAINT-JEAN-DE-DAYE
50488,01.41Z,,50620,SAINT-JEAN-DE-DAYE
50488,01.42Z,,50620,SAINT-JEAN-DE-DAYE
50488,01.43Z,,50620,SAINT-JEAN-DE-DAYE
50488,01.49Z,,50620,SAINT-JEAN-DE-DAYE
50488,10.71C,,50620,SAINT-JEAN-DE-DAYE
50488,10.71C,PME,50620,SAINT-JEAN-DE-DAYE
50488,13.92Z,,50620,SAINT-JEAN-DE-DAYE
50488,15.12Z,PME,50620,SAINT-JEAN-DE-DAYE
50488,33.20A,,50620,SAINT-JEAN-DE-DAYE
50488,42.11Z,GE,50620,SAINT-JEAN-DE-DAYE
50488,42.99Z,PME,50620,SAINT-JEAN-DE-DAYE
50488,43.21A,PME,50620,SAINT-JEAN-DE-DAYE
50488,43.22A,PME,50620,SAINT-JEAN-DE-DAYE
50488,43.32B,PME,50620,SAINT-JEAN-DE-DAYE
50488,43.99C,PME,50620,SAINT-JEAN-DE-DAYE
50488,45.20A,,50620,SAINT-JEAN-DE-DAYE
50488,45.20A,PME,50620,SAINT-JEAN-DE-DAYE
50488,47.11C,,50620,SAINT-JEAN-DE-DAYE
50488,47.22Z,PME,50620,SAINT-JEAN-DE-DAYE
50488,47.73Z,PME,50620,SAINT-JEAN-DE-DAYE
50488,47.81Z,PME,50620,SAINT-JEAN-DE-DAYE
50488,47.99A,PME,50620,SAINT-JEAN-DE-DAYE
50488,49.32Z,PME,50620,SAINT-JEAN-DE-DAYE
50488,53.10Z,GE,50620,SAINT-JEAN-DE-DAYE
50488,56.10A,PME,50620,SAINT-JEAN-DE-DAYE
50488,56.30Z,PME,50620,SAINT-JEAN-DE-DAYE
50488,64.19Z,GE,50620,SAINT-JEAN-DE-DAYE
50488,64.19Z,PME,50620,SAINT-JEAN-DE-DAYE
50488,65.12Z,GE,50620,SAINT-JEAN-DE-DAYE
50488,66.19A,,50620,SAINT-JEAN-DE-DAYE
50488,68.20B,,50620,SAINT-JEAN-DE-DAYE
50488,68.20B,PME,50620,SAINT-JEAN-DE-DAYE
50488,69.10Z,PME,50620,SAINT-JEAN-DE-DAYE
50488,70.10Z,,50620,SAINT-JEAN-DE-DAYE
50488,75.00Z,PME,50620,SAINT-JEAN-DE-DAYE
50488,81.29B,PME,50620,SAINT-JEAN-DE-DAYE
50488,84.11Z,PME,50620,SAINT-JEAN-DE-DAYE
50488,85.20Z,PME,50620,SAINT-JEAN-DE-DAYE
50488,85.31Z,PME,50620,SAINT-JEAN-DE-DAYE
50488,85.51Z,,50620,SAINT-JEAN-DE-DAYE
50488,85.53Z,PME,50620,SAINT-JEAN-DE-DAYE
50488,85.59A,PME,50620,SAINT-JEAN-DE-DAYE
50488,86.90A,PME,50620,SAINT-JEAN-DE-DAYE
50488,86.90D,PME,50620,SAINT-JEAN-DE-DAYE
50488,86.90E,PME,50620,SAINT-JEAN-DE-DAYE
50488,86.90F,,50620,SAINT-JEAN-DE-DAYE
50488,88.91A,,50620,SAINT-JEAN-DE-DAYE
50488,88.99B,PME,50620,SAINT-JEAN-DE-DAYE
50488,90.03A,PME,50620,SAINT-JEAN-DE-DAYE
50488,93.12Z,,50620,SAINT-JEAN-DE-DAYE
50488,93.19Z,,50620,SAINT-JEAN-DE-DAYE
50488,93.19Z,PME,50620,SAINT-JEAN-DE-DAYE
50488,93.29Z,,50620,SAINT-JEAN-DE-DAYE
50488,94.91Z,,50620,SAINT-JEAN-DE-DAYE
50488,94.91Z,PME,50620,SAINT-JEAN-DE-DAYE
50488,94.99Z,,50620,SAINT-JEAN-DE-DAYE
50488,95.24Z,PME,50620,SAINT-JEAN-DE-DAYE
50488,96.02A,PME,50620,SAINT-JEAN-DE-DAYE
50488,96.02B,,50620,SAINT-JEAN-DE-DAYE
50488,96.03Z,PME,50620,SAINT-JEAN-DE-DAYE
50491,01.11Z,,50680,SAINT-JEAN-DE-SAVIGNY
50491,01.24Z,,50680,SAINT-JEAN-DE-SAVIGNY
50491,01.30Z,,50680,SAINT-JEAN-DE-SAVIGNY
50491,01.41Z,,50680,SAINT-JEAN-DE-SAVIGNY
50491,01.41Z,PME,50680,SAINT-JEAN-DE-SAVIGNY
50491,01.42Z,,50680,SAINT-JEAN-DE-SAVIGNY
50491,01.49Z,,50680,SAINT-JEAN-DE-SAVIGNY
50491,01.50Z,,50680,SAINT-JEAN-DE-SAVIGNY
50491,25.62A,PME,50680,SAINT-JEAN-DE-SAVIGNY
50491,35.11Z,,50680,SAINT-JEAN-DE-SAVIGNY
50491,38.11Z,PME,50680,SAINT-JEAN-DE-SAVIGNY
50491,43.32B,PME,50680,SAINT-JEAN-DE-SAVIGNY
50491,45.20A,,50680,SAINT-JEAN-DE-SAVIGNY
50491,49.39B,PME,50680,SAINT-JEAN-DE-SAVIGNY
50491,56.10A,PME,50680,SAINT-JEAN-DE-SAVIGNY
50491,64.20Z,PME,50680,SAINT-JEAN-DE-SAVIGNY
50491,66.30Z,PME,50680,SAINT-JEAN-DE-SAVIGNY
50491,68.20A,,50680,SAINT-JEAN-DE-SAVIGNY
50491,68.20B,,50680,SAINT-JEAN-DE-SAVIGNY
50491,73.12Z,PME,50680,SAINT-JEAN-DE-SAVIGNY
50491,81.21Z,PME,50680,SAINT-JEAN-DE-SAVIGNY
50491,81.30Z,PME,50680,SAINT-JEAN-DE-SAVIGNY
50491,84.11Z,PME,50680,SAINT-JEAN-DE-SAVIGNY
50491,93.12Z,,50680,SAINT-JEAN-DE-SAVIGNY
50492,01.11Z,,50810,SAINT-JEAN-D'ELLE
50492,01.13Z,,50810,SAINT-JEAN-D'ELLE
50492,01.19Z,,50810,SAINT-JEAN-D'ELLE
50492,01.19Z,PME,50810,SAINT-JEAN-D'ELLE
50492,01.24Z,,50810,SAINT-JEAN-D'ELLE
50492,01.41Z,,50810,SAINT-JEAN-D'ELLE
50492,01.42Z,,50810,SAINT-JEAN-D'ELLE
50492,01.43Z,,50810,SAINT-JEAN-D'ELLE
50492,01.43Z,PME,50810,SAINT-JEAN-D'ELLE
50492,01.46Z,,50810,SAINT-JEAN-D'ELLE
50492,01.47Z,,50810,SAINT-JEAN-D'ELLE
50492,01.49Z,,50810,SAINT-JEAN-D'ELLE
50492,01.50Z,,50810,SAINT-JEAN-D'ELLE
50492,01.61Z,,50810,SAINT-JEAN-D'ELLE
50492,01.62Z,,50810,SAINT-JEAN-D'ELLE
50492,01.70Z,,50810,SAINT-JEAN-D'ELLE
50492,02.10Z,,50810,SAINT-JEAN-D'ELLE
50492,02.40Z,,50810,SAINT-JEAN-D'ELLE
50492,03.11Z,,50810,SAINT-JEAN-D'ELLE
50492,08.11Z,PME,50810,SAINT-JEAN-D'ELLE
50492,10.71C,PME,50810,SAINT-JEAN-D'ELLE
50492,10.72Z,,50810,SAINT-JEAN-D'ELLE
50492,14.13Z,,50810,SAINT-JEAN-D'ELLE
50492,14.19Z,PME,50810,SAINT-JEAN-D'ELLE
50492,29.20Z,PME,50810,SAINT-JEAN-D'ELLE
50492,33.20A,,50810,SAINT-JEAN-D'ELLE
50492,35.11Z,,50810,SAINT-JEAN-D'ELLE
50492,35.11Z,PME,50810,SAINT-JEAN-D'ELLE
50492,36.00Z,GE,50810,SAINT-JEAN-D'ELLE
50492,38.21Z,PME,50810,SAINT-JEAN-D'ELLE
50492,38.32Z,PME,50810,SAINT-JEAN-D'ELLE
50492,43.12A,,50810,SAINT-JEAN-D'ELLE
50492,43.12A,PME,50810,SAINT-JEAN-D'ELLE
50492,43.21A,PME,50810,SAINT-JEAN-D'ELLE
50492,43.22A,PME,50810,SAINT-JEAN-D'ELLE
50492,43.31Z,PME,50810,SAINT-JEAN-D'ELLE
50492,43.32A,,50810,SAINT-JEAN-D'ELLE
50492,43.32A,PME,50810,SAINT-JEAN-D'ELLE
50492,43.91B,PME,50810,SAINT-JEAN-D'ELLE
50492,45.11Z,PME,50810,SAINT-JEAN-D'ELLE
50492,45.20A,,50810,SAINT-JEAN-D'ELLE
50492,45.20A,PME,50810,SAINT-JEAN-D'ELLE
50492,46.14Z,PME,50810,SAINT-JEAN-D'ELLE
50492,46.19B,PME,50810,SAINT-JEAN-D'ELLE
50492,46.23Z,PME,50810,SAINT-JEAN-D'ELLE
50492,46.39A,PME,50810,SAINT-JEAN-D'ELLE
50492,47.11C,PME,50810,SAINT-JEAN-D'ELLE
50492,47.22Z,,50810,SAINT-JEAN-D'ELLE
50492,47.29Z,PME,50810,SAINT-JEAN-D'ELLE
50492,47.59A,PME,50810,SAINT-JEAN-D'ELLE
50492,47.73Z,,50810,SAINT-JEAN-D'ELLE
50492,47.76Z,PME,50810,SAINT-JEAN-D'ELLE
50492,47.78C,PME,50810,SAINT-JEAN-D'ELLE
50492,47.81Z,PME,50810,SAINT-JEAN-D'ELLE
50492,47.82Z,PME,50810,SAINT-JEAN-D'ELLE
50492,47.89Z,,50810,SAINT-JEAN-D'ELLE
50492,47.89Z,PME,50810,SAINT-JEAN-D'ELLE
50492,47.91B,,50810,SAINT-JEAN-D'ELLE
50492,47.91B,PME,50810,SAINT-JEAN-D'ELLE
50492,47.99A,,50810,SAINT-JEAN-D'ELLE
50492,47.99A,PME,50810,SAINT-JEAN-D'ELLE
50492,49.32Z,,50810,SAINT-JEAN-D'ELLE
50492,49.41A,,50810,SAINT-JEAN-D'ELLE
50492,49.41A,PME,50810,SAINT-JEAN-D'ELLE
50492,49.41B,PME,50810,SAINT-JEAN-D'ELLE
50492,55.20Z,PME,50810,SAINT-JEAN-D'ELLE
50492,56.10A,PME,50810,SAINT-JEAN-D'ELLE
50492,56.10C,,50810,SAINT-JEAN-D'ELLE
50492,56.10C,PME,50810,SAINT-JEAN-D'ELLE
50492,64.19Z,GE,50810,SAINT-JEAN-D'ELLE
50492,64.19Z,PME,50810,SAINT-JEAN-D'ELLE
50492,64.20Z,,50810,SAINT-JEAN-D'ELLE
50492,64.20Z,PME,50810,SAINT-JEAN-D'ELLE
50492,66.19A,,50810,SAINT-JEAN-D'ELLE
50492,66.19A,PME,50810,SAINT-JEAN-D'ELLE
50492,66.29Z,PME,50810,SAINT-JEAN-D'ELLE
50492,68.10Z,,50810,SAINT-JEAN-D'ELLE
50492,68.20A,,50810,SAINT-JEAN-D'ELLE
50492,68.20A,PME,50810,SAINT-JEAN-D'ELLE
50492,68.20B,,50810,SAINT-JEAN-D'ELLE
50492,68.20B,PME,50810,SAINT-JEAN-D'ELLE
50492,68.31Z,,50810,SAINT-JEAN-D'ELLE
50492,68.32A,,50810,SAINT-JEAN-D'ELLE
50492,70.10Z,,50810,SAINT-JEAN-D'ELLE
50492,70.10Z,PME,50810,SAINT-JEAN-D'ELLE
50492,70.22Z,,50810,SAINT-JEAN-D'ELLE
50492,71.11Z,,50810,SAINT-JEAN-D'ELLE
50492,73.11Z,,50810,SAINT-JEAN-D'ELLE
50492,74.10Z,,50810,SAINT-JEAN-D'ELLE
50492,74.10Z,PME,50810,SAINT-JEAN-D'ELLE
50492,75.00Z,PME,50810,SAINT-JEAN-D'ELLE
50492,77.31Z,PME,50810,SAINT-JEAN-D'ELLE
50492,81.21Z,,50810,SAINT-JEAN-D'ELLE
50492,81.21Z,PME,50810,SAINT-JEAN-D'ELLE
50492,81.30Z,PME,50810,SAINT-JEAN-D'ELLE
50492,82.11Z,PME,50810,SAINT-JEAN-D'ELLE
50492,82.30Z,PME,50810,SAINT-JEAN-D'ELLE
50492,82.99Z,PME,50810,SAINT-JEAN-D'ELLE
50492,84.11Z,PME,50810,SAINT-JEAN-D'ELLE
50492,85.20Z,PME,50810,SAINT-JEAN-D'ELLE
50492,85.53Z,PME,50810,SAINT-JEAN-D'ELLE
50492,86.21Z,PME,50810,SAINT-JEAN-D'ELLE
50492,86.23Z,PME,50810,SAINT-JEAN-D'ELLE
50492,86.90A,PME,50810,SAINT-JEAN-D'ELLE
50492,86.90D,,50810,SAINT-JEAN-D'ELLE
50492,86.90D,PME,50810,SAINT-JEAN-D'ELLE
50492,86.90E,PME,50810,SAINT-JEAN-D'ELLE
50492,86.90F,PME,50810,SAINT-JEAN-D'ELLE
50492,88.10A,PME,50810,SAINT-JEAN-D'ELLE
50492,88.91A,,50810,SAINT-JEAN-D'ELLE
50492,88.99B,,50810,SAINT-JEAN-D'ELLE
50492,90.01Z,,50810,SAINT-JEAN-D'ELLE
50492,90.01Z,PME,50810,SAINT-JEAN-D'ELLE
50492,90.03A,PME,50810,SAINT-JEAN-D'ELLE
50492,91.04Z,,50810,SAINT-JEAN-D'ELLE
50492,93.12Z,,50810,SAINT-JEAN-D'ELLE
50492,93.12Z,PME,50810,SAINT-JEAN-D'ELLE
50492,93.19Z,,50810,SAINT-JEAN-D'ELLE
50492,93.19Z,PME,50810,SAINT-JEAN-D'ELLE
50492,93.29Z,,50810,SAINT-JEAN-D'ELLE
50492,93.29Z,PME,50810,SAINT-JEAN-D'ELLE
50492,94.99Z,,50810,SAINT-JEAN-D'ELLE
50492,94.99Z,PME,50810,SAINT-JEAN-D'ELLE
50492,96.02A,,50810,SAINT-JEAN-D'ELLE
50492,96.02A,PME,50810,SAINT-JEAN-D'ELLE
50492,96.02B,PME,50810,SAINT-JEAN-D'ELLE
50492,96.09Z,,50810,SAINT-JEAN-D'ELLE
50492,96.09Z,PME,50810,SAINT-JEAN-D'ELLE
50496,01.11Z,,50530,SAINT-JEAN-LE-THOMAS
50496,01.19Z,,50530,SAINT-JEAN-LE-THOMAS
50496,01.43Z,,50530,SAINT-JEAN-LE-THOMAS
50496,01.49Z,,50530,SAINT-JEAN-LE-THOMAS
50496,01.50Z,,50530,SAINT-JEAN-LE-THOMAS
50496,10.13B,PME,50530,SAINT-JEAN-LE-THOMAS
50496,10.71C,PME,50530,SAINT-JEAN-LE-THOMAS
50496,32.99Z,,50530,SAINT-JEAN-LE-THOMAS
50496,36.00Z,PME,50530,SAINT-JEAN-LE-THOMAS
50496,37.00Z,PME,50530,SAINT-JEAN-LE-THOMAS
50496,41.10D,PME,50530,SAINT-JEAN-LE-THOMAS
50496,43.34Z,,50530,SAINT-JEAN-LE-THOMAS
50496,43.34Z,PME,50530,SAINT-JEAN-LE-THOMAS
50496,43.91A,PME,50530,SAINT-JEAN-LE-THOMAS
50496,43.91B,PME,50530,SAINT-JEAN-LE-THOMAS
50496,43.99C,PME,50530,SAINT-JEAN-LE-THOMAS
50496,47.22Z,PME,50530,SAINT-JEAN-LE-THOMAS
50496,47.76Z,PME,50530,SAINT-JEAN-LE-THOMAS
50496,47.81Z,,50530,SAINT-JEAN-LE-THOMAS
50496,47.89Z,PME,50530,SAINT-JEAN-LE-THOMAS
50496,47.91B,,50530,SAINT-JEAN-LE-THOMAS
50496,49.32Z,PME,50530,SAINT-JEAN-LE-THOMAS
50496,55.10Z,PME,50530,SAINT-JEAN-LE-THOMAS
50496,55.20Z,,50530,SAINT-JEAN-LE-THOMAS
50496,55.20Z,PME,50530,SAINT-JEAN-LE-THOMAS
50496,55.30Z,PME,50530,SAINT-JEAN-LE-THOMAS
50496,56.10A,PME,50530,SAINT-JEAN-LE-THOMAS
50496,56.10C,PME,50530,SAINT-JEAN-LE-THOMAS
50496,56.30Z,PME,50530,SAINT-JEAN-LE-THOMAS
50496,62.02A,PME,50530,SAINT-JEAN-LE-THOMAS
50496,64.30Z,PME,50530,SAINT-JEAN-LE-THOMAS
50496,68.10Z,PME,50530,SAINT-JEAN-LE-THOMAS
50496,68.20A,,50530,SAINT-JEAN-LE-THOMAS
50496,68.20A,PME,50530,SAINT-JEAN-LE-THOMAS
50496,68.20B,,50530,SAINT-JEAN-LE-THOMAS
50496,68.31Z,PME,50530,SAINT-JEAN-LE-THOMAS
50496,68.32A,PME,50530,SAINT-JEAN-LE-THOMAS
50496,70.10Z,,50530,SAINT-JEAN-LE-THOMAS
50496,70.22Z,PME,50530,SAINT-JEAN-LE-THOMAS
50496,74.10Z,PME,50530,SAINT-JEAN-LE-THOMAS
50496,74.20Z,PME,50530,SAINT-JEAN-LE-THOMAS
50496,79.11Z,PME,50530,SAINT-JEAN-LE-THOMAS
50496,79.90Z,,50530,SAINT-JEAN-LE-THOMAS
50496,79.90Z,PME,50530,SAINT-JEAN-LE-THOMAS
50496,81.21Z,,50530,SAINT-JEAN-LE-THOMAS
50496,82.30Z,PME,50530,SAINT-JEAN-LE-THOMAS
50496,84.11Z,PME,50530,SAINT-JEAN-LE-THOMAS
50496,85.20Z,PME,50530,SAINT-JEAN-LE-THOMAS
50496,85.52Z,PME,50530,SAINT-JEAN-LE-THOMAS
50496,85.59A,,50530,SAINT-JEAN-LE-THOMAS
50496,85.59B,PME,50530,SAINT-JEAN-LE-THOMAS
50496,86.90D,PME,50530,SAINT-JEAN-LE-THOMAS
50496,86.90F,PME,50530,SAINT-JEAN-LE-THOMAS
50496,90.01Z,PME,50530,SAINT-JEAN-LE-THOMAS
50496,90.03A,PME,50530,SAINT-JEAN-LE-THOMAS
50496,93.19Z,PME,50530,SAINT-JEAN-LE-THOMAS
50496,94.99Z,,50530,SAINT-JEAN-LE-THOMAS
50496,96.02A,PME,50530,SAINT-JEAN-LE-THOMAS
50498,01.11Z,,50700,SAINT-JOSEPH
50498,01.30Z,,50700,SAINT-JOSEPH
50498,01.41Z,,50700,SAINT-JOSEPH
50498,01.42Z,,50700,SAINT-JOSEPH
50498,01.43Z,,50700,SAINT-JOSEPH
50498,01.45Z,,50700,SAINT-JOSEPH
50498,01.49Z,,50700,SAINT-JOSEPH
50498,01.61Z,,50700,SAINT-JOSEPH
50498,01.62Z,,50700,SAINT-JOSEPH
50498,10.20Z,,50700,SAINT-JOSEPH
50498,10.71D,,50700,SAINT-JOSEPH
50498,11.03Z,PME,50700,SAINT-JOSEPH
50498,43.12A,,50700,SAINT-JOSEPH
50498,43.21A,,50700,SAINT-JOSEPH
50498,43.21A,PME,50700,SAINT-JOSEPH
50498,43.31Z,PME,50700,SAINT-JOSEPH
50498,43.32A,PME,50700,SAINT-JOSEPH
50498,43.32B,PME,50700,SAINT-JOSEPH
50498,43.34Z,,50700,SAINT-JOSEPH
50498,43.39Z,PME,50700,SAINT-JOSEPH
50498,43.99C,PME,50700,SAINT-JOSEPH
50498,45.11Z,PME,50700,SAINT-JOSEPH
50498,45.20A,PME,50700,SAINT-JOSEPH
50498,46.73A,PME,50700,SAINT-JOSEPH
50498,46.76Z,,50700,SAINT-JOSEPH
50498,47.78B,PME,50700,SAINT-JOSEPH
50498,47.89Z,PME,50700,SAINT-JOSEPH
50498,47.99A,PME,50700,SAINT-JOSEPH
50498,55.20Z,PME,50700,SAINT-JOSEPH
50498,56.10C,PME,50700,SAINT-JOSEPH
50498,56.29B,PME,50700,SAINT-JOSEPH
50498,56.30Z,PME,50700,SAINT-JOSEPH
50498,64.20Z,PME,50700,SAINT-JOSEPH
50498,66.30Z,PME,50700,SAINT-JOSEPH
50498,68.20A,,50700,SAINT-JOSEPH
50498,68.20B,,50700,SAINT-JOSEPH
50498,68.20B,PME,50700,SAINT-JOSEPH
50498,70.22Z,PME,50700,SAINT-JOSEPH
50498,74.10Z,,50700,SAINT-JOSEPH
50498,81.10Z,PME,50700,SAINT-JOSEPH
50498,84.11Z,PME,50700,SAINT-JOSEPH
50498,85.20Z,PME,50700,SAINT-JOSEPH
50498,85.52Z,PME,50700,SAINT-JOSEPH
50498,86.21Z,PME,50700,SAINT-JOSEPH
50498,86.90D,,50700,SAINT-JOSEPH
50498,86.90F,PME,50700,SAINT-JOSEPH
50498,90.01Z,,50700,SAINT-JOSEPH
50498,90.03B,PME,50700,SAINT-JOSEPH
50498,93.12Z,,50700,SAINT-JOSEPH
50498,93.19Z,,50700,SAINT-JOSEPH
50498,94.99Z,,50700,SAINT-JOSEPH
50498,96.02B,PME,50700,SAINT-JOSEPH
50498,96.09Z,,50700,SAINT-JOSEPH
50498,96.09Z,PME,50700,SAINT-JOSEPH
50499,01.11Z,,50670,SAINT-LAURENT-DE-CUVES
50499,01.13Z,,50670,SAINT-LAURENT-DE-CUVES
50499,01.19Z,,50670,SAINT-LAURENT-DE-CUVES
50499,01.41Z,,50670,SAINT-LAURENT-DE-CUVES
50499,01.42Z,,50670,SAINT-LAURENT-DE-CUVES
50499,01.43Z,,50670,SAINT-LAURENT-DE-CUVES
50499,01.46Z,,50670,SAINT-LAURENT-DE-CUVES
50499,01.49Z,,50670,SAINT-LAURENT-DE-CUVES
50499,01.49Z,PME,50670,SAINT-LAURENT-DE-CUVES
50499,01.50Z,,50670,SAINT-LAURENT-DE-CUVES
50499,01.61Z,,50670,SAINT-LAURENT-DE-CUVES
50499,10.13A,PME,50670,SAINT-LAURENT-DE-CUVES
50499,31.01Z,,50670,SAINT-LAURENT-DE-CUVES
50499,31.09B,PME,50670,SAINT-LAURENT-DE-CUVES
50499,35.11Z,,50670,SAINT-LAURENT-DE-CUVES
50499,35.11Z,PME,50670,SAINT-LAURENT-DE-CUVES
50499,37.00Z,PME,50670,SAINT-LAURENT-DE-CUVES
50499,42.99Z,,50670,SAINT-LAURENT-DE-CUVES
50499,43.21A,PME,50670,SAINT-LAURENT-DE-CUVES
50499,43.32A,PME,50670,SAINT-LAURENT-DE-CUVES
50499,43.32B,PME,50670,SAINT-LAURENT-DE-CUVES
50499,43.34Z,PME,50670,SAINT-LAURENT-DE-CUVES
50499,43.99C,PME,50670,SAINT-LAURENT-DE-CUVES
50499,45.20A,,50670,SAINT-LAURENT-DE-CUVES
50499,46.61Z,PME,50670,SAINT-LAURENT-DE-CUVES
50499,47.99A,PME,50670,SAINT-LAURENT-DE-CUVES
50499,49.41A,PME,50670,SAINT-LAURENT-DE-CUVES
50499,56.10A,,50670,SAINT-LAURENT-DE-CUVES
50499,56.30Z,PME,50670,SAINT-LAURENT-DE-CUVES
50499,64.19Z,GE,50670,SAINT-LAURENT-DE-CUVES
50499,64.20Z,PME,50670,SAINT-LAURENT-DE-CUVES
50499,64.30Z,PME,50670,SAINT-LAURENT-DE-CUVES
50499,68.20B,,50670,SAINT-LAURENT-DE-CUVES
50499,68.20B,PME,50670,SAINT-LAURENT-DE-CUVES
50499,68.32A,,50670,SAINT-LAURENT-DE-CUVES
50499,74.20Z,PME,50670,SAINT-LAURENT-DE-CUVES
50499,75.00Z,PME,50670,SAINT-LAURENT-DE-CUVES
50499,77.31Z,PME,50670,SAINT-LAURENT-DE-CUVES
50499,81.21Z,PME,50670,SAINT-LAURENT-DE-CUVES
50499,81.30Z,,50670,SAINT-LAURENT-DE-CUVES
50499,82.99Z,PME,50670,SAINT-LAURENT-DE-CUVES
50499,84.11Z,PME,50670,SAINT-LAURENT-DE-CUVES
50499,86.90E,PME,50670,SAINT-LAURENT-DE-CUVES
50499,93.12Z,,50670,SAINT-LAURENT-DE-CUVES
50499,94.99Z,,50670,SAINT-LAURENT-DE-CUVES
50499,96.02A,PME,50670,SAINT-LAURENT-DE-CUVES
50499,96.02B,PME,50670,SAINT-LAURENT-DE-CUVES
50499,96.09Z,,50670,SAINT-LAURENT-DE-CUVES
50512,01.11Z,,50750,SAINT-MARTIN-DE-BONFOSSE
50512,01.19Z,,50750,SAINT-MARTIN-DE-BONFOSSE
50512,01.41Z,,50750,SAINT-MARTIN-DE-BONFOSSE
50512,01.42Z,,50750,SAINT-MARTIN-DE-BONFOSSE
50512,01.43Z,,50750,SAINT-MARTIN-DE-BONFOSSE
50512,01.45Z,,50750,SAINT-MARTIN-DE-BONFOSSE
50512,01.47Z,,50750,SAINT-MARTIN-DE-BONFOSSE
50512,01.49Z,,50750,SAINT-MARTIN-DE-BONFOSSE
50512,01.62Z,,50750,SAINT-MARTIN-DE-BONFOSSE
50512,38.32Z,PME,50750,SAINT-MARTIN-DE-BONFOSSE
50512,43.21A,,50750,SAINT-MARTIN-DE-BONFOSSE
50512,43.21A,PME,50750,SAINT-MARTIN-DE-BONFOSSE
50512,43.33Z,PME,50750,SAINT-MARTIN-DE-BONFOSSE
50512,43.34Z,PME,50750,SAINT-MARTIN-DE-BONFOSSE
50512,43.39Z,PME,50750,SAINT-MARTIN-DE-BONFOSSE
50512,43.91B,PME,50750,SAINT-MARTIN-DE-BONFOSSE
50512,43.99C,PME,50750,SAINT-MARTIN-DE-BONFOSSE
50512,45.20A,,50750,SAINT-MARTIN-DE-BONFOSSE
50512,47.89Z,PME,50750,SAINT-MARTIN-DE-BONFOSSE
50512,56.29B,PME,50750,SAINT-MARTIN-DE-BONFOSSE
50512,66.19B,PME,50750,SAINT-MARTIN-DE-BONFOSSE
50512,68.20B,,50750,SAINT-MARTIN-DE-BONFOSSE
50512,68.20B,PME,50750,SAINT-MARTIN-DE-BONFOSSE
50512,70.22Z,PME,50750,SAINT-MARTIN-DE-BONFOSSE
50512,84.11Z,PME,50750,SAINT-MARTIN-DE-BONFOSSE
50512,85.20Z,PME,50750,SAINT-MARTIN-DE-BONFOSSE
50512,86.90D,,50750,SAINT-MARTIN-DE-BONFOSSE
50512,86.90F,PME,50750,SAINT-MARTIN-DE-BONFOSSE
50512,90.01Z,PME,50750,SAINT-MARTIN-DE-BONFOSSE
50512,93.19Z,PME,50750,SAINT-MARTIN-DE-BONFOSSE
50512,94.99Z,,50750,SAINT-MARTIN-DE-BONFOSSE
50512,94.99Z,PME,50750,SAINT-MARTIN-DE-BONFOSSE
50518,01.11Z,,50800,SAINT-MARTIN-LE-BOUILLANT
50518,01.41Z,,50800,SAINT-MARTIN-LE-BOUILLANT
50518,01.42Z,,50800,SAINT-MARTIN-LE-BOUILLANT
50518,01.45Z,,50800,SAINT-MARTIN-LE-BOUILLANT
50518,01.46Z,,50800,SAINT-MARTIN-LE-BOUILLANT
50518,01.49Z,,50800,SAINT-MARTIN-LE-BOUILLANT
50518,01.50Z,,50800,SAINT-MARTIN-LE-BOUILLANT
50518,01.61Z,,50800,SAINT-MARTIN-LE-BOUILLANT
50518,35.11Z,,50800,SAINT-MARTIN-LE-BOUILLANT
50518,43.32A,PME,50800,SAINT-MARTIN-LE-BOUILLANT
50518,43.91A,PME,50800,SAINT-MARTIN-LE-BOUILLANT
50518,43.91B,PME,50800,SAINT-MARTIN-LE-BOUILLANT
50518,46.90Z,,50800,SAINT-MARTIN-LE-BOUILLANT
50518,47.99A,PME,50800,SAINT-MARTIN-LE-BOUILLANT
50518,55.20Z,,50800,SAINT-MARTIN-LE-BOUILLANT
50518,68.20B,,50800,SAINT-MARTIN-LE-BOUILLANT
50518,68.20B,PME,50800,SAINT-MARTIN-LE-BOUILLANT
50518,74.10Z,,50800,SAINT-MARTIN-LE-BOUILLANT
50518,81.30Z,PME,50800,SAINT-MARTIN-LE-BOUILLANT
50518,84.11Z,PME,50800,SAINT-MARTIN-LE-BOUILLANT
50518,85.59B,,50800,SAINT-MARTIN-LE-BOUILLANT
50518,90.03A,PME,50800,SAINT-MARTIN-LE-BOUILLANT
50518,93.11Z,PME,50800,SAINT-MARTIN-LE-BOUILLANT
50518,93.12Z,,50800,SAINT-MARTIN-LE-BOUILLANT
50518,93.19Z,PME,50800,SAINT-MARTIN-LE-BOUILLANT
50518,93.29Z,PME,50800,SAINT-MARTIN-LE-BOUILLANT
50518,94.99Z,,50800,SAINT-MARTIN-LE-BOUILLANT
50519,01.11Z,,50690,SAINT-MARTIN-LE-GREARD
50519,01.41Z,,50690,SAINT-MARTIN-LE-GREARD
50519,01.42Z,,50690,SAINT-MARTIN-LE-GREARD
50519,01.43Z,,50690,SAINT-MARTIN-LE-GREARD
50519,01.49Z,,50690,SAINT-MARTIN-LE-GREARD
50519,01.61Z,,50690,SAINT-MARTIN-LE-GREARD
50519,14.13Z,,50690,SAINT-MARTIN-LE-GREARD
50519,43.12A,PME,50690,SAINT-MARTIN-LE-GREARD
50519,43.32A,,50690,SAINT-MARTIN-LE-GREARD
50519,43.33Z,PME,50690,SAINT-MARTIN-LE-GREARD
50519,43.34Z,PME,50690,SAINT-MARTIN-LE-GREARD
50519,43.91B,PME,50690,SAINT-MARTIN-LE-GREARD
50519,45.11Z,PME,50690,SAINT-MARTIN-LE-GREARD
50519,45.20A,PME,50690,SAINT-MARTIN-LE-GREARD
50519,47.99A,PME,50690,SAINT-MARTIN-LE-GREARD
50519,56.30Z,PME,50690,SAINT-MARTIN-LE-GREARD
50519,59.11A,PME,50690,SAINT-MARTIN-LE-GREARD
50519,59.11B,PME,50690,SAINT-MARTIN-LE-GREARD
50519,60.10Z,,50690,SAINT-MARTIN-LE-GREARD
50519,64.20Z,PME,50690,SAINT-MARTIN-LE-GREARD
50519,66.30Z,,50690,SAINT-MARTIN-LE-GREARD
50519,68.20A,,50690,SAINT-MARTIN-LE-GREARD
50519,68.20B,,50690,SAINT-MARTIN-LE-GREARD
50519,70.21Z,,50690,SAINT-MARTIN-LE-GREARD
50519,84.11Z,PME,50690,SAINT-MARTIN-LE-GREARD
50519,85.59B,,50690,SAINT-MARTIN-LE-GREARD
50519,86.90D,PME,50690,SAINT-MARTIN-LE-GREARD
50519,96.02B,,50690,SAINT-MARTIN-LE-GREARD
50519,96.09Z,PME,50690,SAINT-MARTIN-LE-GREARD
50521,01.11Z,,50800,SAINT-MAUR-DES-BOIS
50521,01.41Z,,50800,SAINT-MAUR-DES-BOIS
50521,01.42Z,,50800,SAINT-MAUR-DES-BOIS
50521,46.19B,,50800,SAINT-MAUR-DES-BOIS
50521,46.47Z,PME,50800,SAINT-MAUR-DES-BOIS
50521,47.78C,PME,50800,SAINT-MAUR-DES-BOIS
50521,47.99A,,50800,SAINT-MAUR-DES-BOIS
50521,47.99A,PME,50800,SAINT-MAUR-DES-BOIS
50521,55.20Z,PME,50800,SAINT-MAUR-DES-BOIS
50521,68.20A,PME,50800,SAINT-MAUR-DES-BOIS
50521,68.20B,,50800,SAINT-MAUR-DES-BOIS
50521,84.11Z,PME,50800,SAINT-MAUR-DES-BOIS
50521,85.59B,PME,50800,SAINT-MAUR-DES-BOIS
50521,93.29Z,PME,50800,SAINT-MAUR-DES-BOIS
50525,01.11Z,,50670,SAINT-MICHEL-DE-MONTJOIE
50525,01.13Z,,50670,SAINT-MICHEL-DE-MONTJOIE
50525,01.19Z,,50670,SAINT-MICHEL-DE-MONTJOIE
50525,01.41Z,,50670,SAINT-MICHEL-DE-MONTJOIE
50525,01.42Z,,50670,SAINT-MICHEL-DE-MONTJOIE
50525,01.43Z,,50670,SAINT-MICHEL-DE-MONTJOIE
50525,01.45Z,,50670,SAINT-MICHEL-DE-MONTJOIE
50525,01.46Z,,50670,SAINT-MICHEL-DE-MONTJOIE
50525,01.49Z,,50670,SAINT-MICHEL-DE-MONTJOIE
50525,01.50Z,,50670,SAINT-MICHEL-DE-MONTJOIE
50525,01.61Z,,50670,SAINT-MICHEL-DE-MONTJOIE
50525,23.70Z,PME,50670,SAINT-MICHEL-DE-MONTJOIE
50525,32.13Z,PME,50670,SAINT-MICHEL-DE-MONTJOIE
50525,37.00Z,PME,50670,SAINT-MICHEL-DE-MONTJOIE
50525,43.32B,PME,50670,SAINT-MICHEL-DE-MONTJOIE
50525,43.39Z,PME,50670,SAINT-MICHEL-DE-MONTJOIE
50525,46.18Z,PME,50670,SAINT-MICHEL-DE-MONTJOIE
50525,46.19B,PME,50670,SAINT-MICHEL-DE-MONTJOIE
50525,47.89Z,PME,50670,SAINT-MICHEL-DE-MONTJOIE
50525,47.99A,PME,50670,SAINT-MICHEL-DE-MONTJOIE
50525,55.20Z,PME,50670,SAINT-MICHEL-DE-MONTJOIE
50525,68.20A,,50670,SAINT-MICHEL-DE-MONTJOIE
50525,68.20B,,50670,SAINT-MICHEL-DE-MONTJOIE
50525,68.20B,PME,50670,SAINT-MICHEL-DE-MONTJOIE
50525,70.22Z,PME,50670,SAINT-MICHEL-DE-MONTJOIE
50525,74.30Z,PME,50670,SAINT-MICHEL-DE-MONTJOIE
50525,84.11Z,PME,50670,SAINT-MICHEL-DE-MONTJOIE
50525,87.90A,ETI,50670,SAINT-MICHEL-DE-MONTJOIE
50525,90.01Z,PME,50670,SAINT-MICHEL-DE-MONTJOIE
50525,91.03Z,,50670,SAINT-MICHEL-DE-MONTJOIE
50525,94.99Z,,50670,SAINT-MICHEL-DE-MONTJOIE
50525,95.29Z,PME,50670,SAINT-MICHEL-DE-MONTJOIE
50525,96.09Z,PME,50670,SAINT-MICHEL-DE-MONTJOIE
50535,01.11Z,,50870,LE PARC
50535,01.11Z,PME,50870,LE PARC
50535,01.19Z,,50870,LE PARC
50535,01.41Z,,50870,LE PARC
50535,01.41Z,PME,50870,LE PARC
50535,01.42Z,,50870,LE PARC
50535,01.43Z,,50870,LE PARC
50535,01.45Z,,50870,LE PARC
50535,01.46Z,,50870,LE PARC
50535,01.47Z,,50870,LE PARC
50535,01.49Z,,50870,LE PARC
50535,01.50Z,,50870,LE PARC
50535,01.61Z,,50870,LE PARC
50535,01.62Z,,50870,LE PARC
50535,10.71C,PME,50870,LE PARC
50535,13.92Z,PME,50870,LE PARC
50535,25.11Z,ETI,50870,LE PARC
50535,35.11Z,,50870,LE PARC
50535,35.11Z,PME,50870,LE PARC
50535,35.21Z,PME,50870,LE PARC
50535,41.10D,PME,50870,LE PARC
50535,43.12A,PME,50870,LE PARC
50535,43.21A,PME,50870,LE PARC
50535,43.22A,PME,50870,LE PARC
50535,43.32A,PME,50870,LE PARC
50535,43.32B,PME,50870,LE PARC
50535,43.33Z,,50870,LE PARC
50535,43.33Z,PME,50870,LE PARC
50535,43.91A,PME,50870,LE PARC
50535,43.99C,,50870,LE PARC
50535,43.99C,PME,50870,LE PARC
50535,45.20A,,50870,LE PARC
50535,45.20A,PME,50870,LE PARC
50535,46.19B,,50870,LE PARC
50535,46.19B,PME,50870,LE PARC
50535,46.21Z,PME,50870,LE PARC
50535,47.23Z,,50870,LE PARC
50535,47.81Z,PME,50870,LE PARC
50535,47.89Z,PME,50870,LE PARC
50535,47.99A,PME,50870,LE PARC
50535,49.41A,PME,50870,LE PARC
50535,49.41B,PME,50870,LE PARC
50535,55.10Z,,50870,LE PARC
50535,55.10Z,PME,50870,LE PARC
50535,55.20Z,PME,50870,LE PARC
50535,56.10A,PME,50870,LE PARC
50535,56.10C,PME,50870,LE PARC
50535,56.29B,,50870,LE PARC
50535,62.01Z,,50870,LE PARC
50535,64.20Z,,50870,LE PARC
50535,64.20Z,PME,50870,LE PARC
50535,66.19A,,50870,LE PARC
50535,66.19A,PME,50870,LE PARC
50535,68.20A,PME,50870,LE PARC
50535,68.20B,,50870,LE PARC
50535,68.20B,PME,50870,LE PARC
50535,68.31Z,PME,50870,LE PARC
50535,68.32A,,50870,LE PARC
50535,70.22Z,,50870,LE PARC
50535,71.12B,PME,50870,LE PARC
50535,77.21Z,PME,50870,LE PARC
50535,81.30Z,PME,50870,LE PARC
50535,84.11Z,PME,50870,LE PARC
50535,85.20Z,PME,50870,LE PARC
50535,85.51Z,PME,50870,LE PARC
50535,85.59A,PME,50870,LE PARC
50535,86.21Z,PME,50870,LE PARC
50535,86.90D,PME,50870,LE PARC
50535,90.01Z,,50870,LE PARC
50535,90.03A,PME,50870,LE PARC
50535,93.12Z,,50870,LE PARC
50535,93.19Z,,50870,LE PARC
50535,93.29Z,,50870,LE PARC
50535,94.91Z,,50870,LE PARC
50535,94.99Z,,50870,LE PARC
50535,95.29Z,PME,50870,LE PARC
50535,96.03Z,PME,50870,LE PARC
50535,96.09Z,,50870,LE PARC
50538,01.11Z,,50810,SAINT-PIERRE-DE-SEMILLY
50538,01.41Z,,50810,SAINT-PIERRE-DE-SEMILLY
50538,01.42Z,,50810,SAINT-PIERRE-DE-SEMILLY
50538,01.43Z,,50810,SAINT-PIERRE-DE-SEMILLY
50538,01.49Z,,50810,SAINT-PIERRE-DE-SEMILLY
50538,16.10A,PME,50810,SAINT-PIERRE-DE-SEMILLY
50538,43.21A,PME,50810,SAINT-PIERRE-DE-SEMILLY
50538,43.34Z,PME,50810,SAINT-PIERRE-DE-SEMILLY
50538,45.20A,,50810,SAINT-PIERRE-DE-SEMILLY
50538,45.20A,PME,50810,SAINT-PIERRE-DE-SEMILLY
50538,46.19B,PME,50810,SAINT-PIERRE-DE-SEMILLY
50538,47.79Z,PME,50810,SAINT-PIERRE-DE-SEMILLY
50538,47.99A,PME,50810,SAINT-PIERRE-DE-SEMILLY
50538,49.41B,PME,50810,SAINT-PIERRE-DE-SEMILLY
50538,55.20Z,PME,50810,SAINT-PIERRE-DE-SEMILLY
50538,58.14Z,,50810,SAINT-PIERRE-DE-SEMILLY
50538,62.01Z,,50810,SAINT-PIERRE-DE-SEMILLY
50538,68.20B,,50810,SAINT-PIERRE-DE-SEMILLY
50538,68.20B,PME,50810,SAINT-PIERRE-DE-SEMILLY
50538,68.31Z,PME,50810,SAINT-PIERRE-DE-SEMILLY
50538,68.32A,,50810,SAINT-PIERRE-DE-SEMILLY
50538,70.22Z,PME,50810,SAINT-PIERRE-DE-SEMILLY
50538,71.12B,PME,50810,SAINT-PIERRE-DE-SEMILLY
50538,71.20B,PME,50810,SAINT-PIERRE-DE-SEMILLY
50538,81.29A,,50810,SAINT-PIERRE-DE-SEMILLY
50538,84.11Z,PME,50810,SAINT-PIERRE-DE-SEMILLY
50538,85.10Z,PME,50810,SAINT-PIERRE-DE-SEMILLY
50538,85.59B,PME,50810,SAINT-PIERRE-DE-SEMILLY
50538,93.12Z,,50810,SAINT-PIERRE-DE-SEMILLY
50538,93.29Z,PME,50810,SAINT-PIERRE-DE-SEMILLY
50538,94.99Z,,50810,SAINT-PIERRE-DE-SEMILLY
50538,95.29Z,PME,50810,SAINT-PIERRE-DE-SEMILLY
50540,01.11Z,,50530,SAINT-PIERRE-LANGERS
50540,01.19Z,,50530,SAINT-PIERRE-LANGERS
50540,01.41Z,,50530,SAINT-PIERRE-LANGERS
50540,01.42Z,,50530,SAINT-PIERRE-LANGERS
50540,01.43Z,,50530,SAINT-PIERRE-LANGERS
50540,01.46Z,,50530,SAINT-PIERRE-LANGERS
50540,01.47Z,,50530,SAINT-PIERRE-LANGERS
50540,01.49Z,,50530,SAINT-PIERRE-LANGERS
50540,01.50Z,,50530,SAINT-PIERRE-LANGERS
50540,01.61Z,,50530,SAINT-PIERRE-LANGERS
50540,08.12Z,GE,50530,SAINT-PIERRE-LANGERS
50540,14.13Z,,50530,SAINT-PIERRE-LANGERS
50540,25.62B,PME,50530,SAINT-PIERRE-LANGERS
50540,28.30Z,PME,50530,SAINT-PIERRE-LANGERS
50540,33.12Z,PME,50530,SAINT-PIERRE-LANGERS
50540,35.11Z,PME,50530,SAINT-PIERRE-LANGERS
50540,41.10D,PME,50530,SAINT-PIERRE-LANGERS
50540,43.21A,,50530,SAINT-PIERRE-LANGERS
50540,43.21A,PME,50530,SAINT-PIERRE-LANGERS
50540,43.22A,PME,50530,SAINT-PIERRE-LANGERS
50540,43.32A,PME,50530,SAINT-PIERRE-LANGERS
50540,43.34Z,,50530,SAINT-PIERRE-LANGERS
50540,43.91A,PME,50530,SAINT-PIERRE-LANGERS
50540,43.91B,PME,50530,SAINT-PIERRE-LANGERS
50540,43.99C,,50530,SAINT-PIERRE-LANGERS
50540,43.99C,PME,50530,SAINT-PIERRE-LANGERS
50540,46.90Z,PME,50530,SAINT-PIERRE-LANGERS
50540,47.23Z,PME,50530,SAINT-PIERRE-LANGERS
50540,47.91A,,50530,SAINT-PIERRE-LANGERS
50540,49.41A,PME,50530,SAINT-PIERRE-LANGERS
50540,53.20Z,PME,50530,SAINT-PIERRE-LANGERS
50540,55.20Z,PME,50530,SAINT-PIERRE-LANGERS
50540,56.10A,PME,50530,SAINT-PIERRE-LANGERS
50540,56.29B,PME,50530,SAINT-PIERRE-LANGERS
50540,58.29C,PME,50530,SAINT-PIERRE-LANGERS
50540,66.22Z,PME,50530,SAINT-PIERRE-LANGERS
50540,66.30Z,,50530,SAINT-PIERRE-LANGERS
50540,68.20A,,50530,SAINT-PIERRE-LANGERS
50540,68.20B,,50530,SAINT-PIERRE-LANGERS
50540,68.20B,PME,50530,SAINT-PIERRE-LANGERS
50540,68.31Z,PME,50530,SAINT-PIERRE-LANGERS
50540,68.32A,,50530,SAINT-PIERRE-LANGERS
50540,70.10Z,,50530,SAINT-PIERRE-LANGERS
50540,70.10Z,PME,50530,SAINT-PIERRE-LANGERS
50540,70.22Z,PME,50530,SAINT-PIERRE-LANGERS
50540,74.10Z,PME,50530,SAINT-PIERRE-LANGERS
50540,79.90Z,PME,50530,SAINT-PIERRE-LANGERS
50540,81.30Z,PME,50530,SAINT-PIERRE-LANGERS
50540,82.11Z,,50530,SAINT-PIERRE-LANGERS
50540,84.11Z,PME,50530,SAINT-PIERRE-LANGERS
50540,85.20Z,PME,50530,SAINT-PIERRE-LANGERS
50540,85.51Z,PME,50530,SAINT-PIERRE-LANGERS
50540,85.59A,PME,50530,SAINT-PIERRE-LANGERS
50540,86.90D,PME,50530,SAINT-PIERRE-LANGERS
50540,86.90F,PME,50530,SAINT-PIERRE-LANGERS
50540,93.19Z,PME,50530,SAINT-PIERRE-LANGERS
50540,93.29Z,PME,50530,SAINT-PIERRE-LANGERS
50540,94.99Z,,50530,SAINT-PIERRE-LANGERS
50540,96.02B,PME,50530,SAINT-PIERRE-LANGERS
50540,96.09Z,,50530,SAINT-PIERRE-LANGERS
50540,96.09Z,PME,50530,SAINT-PIERRE-LANGERS
50542,01.11Z,,50670,SAINT-POIS
50542,01.41Z,,50670,SAINT-POIS
50542,01.42Z,,50670,SAINT-POIS
50542,01.43Z,,50670,SAINT-POIS
50542,01.45Z,,50670,SAINT-POIS
50542,01.46Z,,50670,SAINT-POIS
50542,10.71C,PME,50670,SAINT-POIS
50542,13.92Z,PME,50670,SAINT-POIS
50542,22.29A,PME,50670,SAINT-POIS
50542,23.70Z,PME,50670,SAINT-POIS
50542,35.11Z,PME,50670,SAINT-POIS
50542,36.00Z,PME,50670,SAINT-POIS
50542,42.99Z,PME,50670,SAINT-POIS
50542,43.21A,PME,50670,SAINT-POIS
50542,43.22A,,50670,SAINT-POIS
50542,43.32A,PME,50670,SAINT-POIS
50542,43.34Z,PME,50670,SAINT-POIS
50542,43.39Z,PME,50670,SAINT-POIS
50542,43.91B,PME,50670,SAINT-POIS
50542,43.99C,,50670,SAINT-POIS
50542,43.99C,PME,50670,SAINT-POIS
50542,43.99D,PME,50670,SAINT-POIS
50542,45.11Z,PME,50670,SAINT-POIS
50542,45.20A,PME,50670,SAINT-POIS
50542,46.19B,PME,50670,SAINT-POIS
50542,47.11C,PME,50670,SAINT-POIS
50542,47.22Z,PME,50670,SAINT-POIS
50542,47.73Z,PME,50670,SAINT-POIS
50542,49.32Z,PME,50670,SAINT-POIS
50542,55.20Z,,50670,SAINT-POIS
50542,56.10A,PME,50670,SAINT-POIS
50542,56.10C,PME,50670,SAINT-POIS
50542,56.30Z,PME,50670,SAINT-POIS
50542,58.13Z,PME,50670,SAINT-POIS
50542,64.20Z,,50670,SAINT-POIS
50542,64.20Z,PME,50670,SAINT-POIS
50542,66.19A,,50670,SAINT-POIS
50542,66.22Z,PME,50670,SAINT-POIS
50542,68.20A,,50670,SAINT-POIS
50542,68.20B,,50670,SAINT-POIS
50542,68.20B,PME,50670,SAINT-POIS
50542,69.10Z,PME,50670,SAINT-POIS
50542,70.22Z,,50670,SAINT-POIS
50542,78.30Z,PME,50670,SAINT-POIS
50542,81.21Z,PME,50670,SAINT-POIS
50542,84.11Z,PME,50670,SAINT-POIS
50542,84.12Z,PME,50670,SAINT-POIS
50542,84.13Z,PME,50670,SAINT-POIS
50542,85.20Z,PME,50670,SAINT-POIS
50542,85.32Z,PME,50670,SAINT-POIS
50542,86.21Z,PME,50670,SAINT-POIS
50542,86.90D,PME,50670,SAINT-POIS
50542,86.90E,PME,50670,SAINT-POIS
50542,87.30A,PME,50670,SAINT-POIS
50542,88.91A,,50670,SAINT-POIS
50542,88.99B,,50670,SAINT-POIS
50542,88.99B,PME,50670,SAINT-POIS
50542,90.01Z,PME,50670,SAINT-POIS
50542,90.02Z,PME,50670,SAINT-POIS
50542,93.12Z,,50670,SAINT-POIS
50542,93.12Z,PME,50670,SAINT-POIS
50542,93.29Z,PME,50670,SAINT-POIS
50542,94.91Z,,50670,SAINT-POIS
50542,94.99Z,,50670,SAINT-POIS
50542,94.99Z,PME,50670,SAINT-POIS
50542,96.02A,PME,50670,SAINT-POIS
50542,96.02B,PME,50670,SAINT-POIS
50546,01.11Z,,50750,BOURGVALLEES
50546,01.13Z,PME,50750,BOURGVALLEES
50546,01.19Z,,50750,BOURGVALLEES
50546,01.41Z,,50750,BOURGVALLEES
50546,01.42Z,,50750,BOURGVALLEES
50546,01.43Z,,50750,BOURGVALLEES
50546,01.46Z,,50750,BOURGVALLEES
50546,01.47Z,,50750,BOURGVALLEES
50546,01.49Z,,50750,BOURGVALLEES
50546,01.49Z,PME,50750,BOURGVALLEES
50546,01.50Z,,50750,BOURGVALLEES
50546,01.50Z,PME,50750,BOURGVALLEES
50546,01.61Z,,50750,BOURGVALLEES
50546,10.12Z,PME,50750,BOURGVALLEES
50546,10.71C,,50750,BOURGVALLEES
50546,10.71C,PME,50750,BOURGVALLEES
50546,25.11Z,PME,50750,BOURGVALLEES
50546,31.09B,PME,50750,BOURGVALLEES
50546,33.20B,PME,50750,BOURGVALLEES
50546,33.20C,GE,50750,BOURGVALLEES
50546,35.11Z,,50750,BOURGVALLEES
50546,35.11Z,ETI,50750,BOURGVALLEES
50546,35.11Z,PME,50750,BOURGVALLEES
50546,38.32Z,PME,50750,BOURGVALLEES
50546,41.20B,PME,50750,BOURGVALLEES
50546,42.99Z,PME,50750,BOURGVALLEES
50546,43.12A,,50750,BOURGVALLEES
50546,43.12A,PME,50750,BOURGVALLEES
50546,43.21A,PME,50750,BOURGVALLEES
50546,43.22A,PME,50750,BOURGVALLEES
50546,43.29A,PME,50750,BOURGVALLEES
50546,43.32A,PME,50750,BOURGVALLEES
50546,43.34Z,PME,50750,BOURGVALLEES
50546,43.91A,PME,50750,BOURGVALLEES
50546,43.91B,,50750,BOURGVALLEES
50546,43.91B,PME,50750,BOURGVALLEES
50546,43.99C,,50750,BOURGVALLEES
50546,43.99C,PME,50750,BOURGVALLEES
50546,43.99D,PME,50750,BOURGVALLEES
50546,45.11Z,,50750,BOURGVALLEES
50546,45.11Z,PME,50750,BOURGVALLEES
50546,45.20A,PME,50750,BOURGVALLEES
50546,45.32Z,PME,50750,BOURGVALLEES
50546,46.19A,PME,50750,BOURGVALLEES
50546,46.19B,,50750,BOURGVALLEES
50546,46.19B,PME,50750,BOURGVALLEES
50546,46.61Z,PME,50750,BOURGVALLEES
50546,47.11C,,50750,BOURGVALLEES
50546,47.22Z,,50750,BOURGVALLEES
50546,47.71Z,PME,50750,BOURGVALLEES
50546,47.73Z,PME,50750,BOURGVALLEES
50546,47.74Z,PME,50750,BOURGVALLEES
50546,47.75Z,PME,50750,BOURGVALLEES
50546,47.76Z,PME,50750,BOURGVALLEES
50546,47.81Z,PME,50750,BOURGVALLEES
50546,47.89Z,,50750,BOURGVALLEES
50546,47.89Z,PME,50750,BOURGVALLEES
50546,47.91A,PME,50750,BOURGVALLEES
50546,47.91B,PME,50750,BOURGVALLEES
50546,47.99A,,50750,BOURGVALLEES
50546,47.99A,PME,50750,BOURGVALLEES
50546,49.41A,PME,50750,BOURGVALLEES
50546,53.20Z,PME,50750,BOURGVALLEES
50546,55.20Z,PME,50750,BOURGVALLEES
50546,56.10A,PME,50750,BOURGVALLEES
50546,56.21Z,,50750,BOURGVALLEES
50546,56.21Z,PME,50750,BOURGVALLEES
50546,56.29B,,50750,BOURGVALLEES
50546,56.29B,PME,50750,BOURGVALLEES
50546,56.30Z,,50750,BOURGVALLEES
50546,56.30Z,PME,50750,BOURGVALLEES
50546,59.11A,PME,50750,BOURGVALLEES
50546,64.19Z,GE,50750,BOURGVALLEES
50546,64.20Z,,50750,BOURGVALLEES
50546,64.20Z,PME,50750,BOURGVALLEES
50546,64.30Z,PME,50750,BOURGVALLEES
50546,64.99Z,PME,50750,BOURGVALLEES
50546,66.19A,,50750,BOURGVALLEES
50546,66.19A,PME,50750,BOURGVALLEES
50546,66.30Z,PME,50750,BOURGVALLEES
50546,68.10Z,,50750,BOURGVALLEES
50546,68.20A,,50750,BOURGVALLEES
50546,68.20B,,50750,BOURGVALLEES
50546,68.20B,PME,50750,BOURGVALLEES
50546,68.32A,PME,50750,BOURGVALLEES
50546,69.10Z,PME,50750,BOURGVALLEES
50546,70.10Z,,50750,BOURGVALLEES
50546,70.10Z,PME,50750,BOURGVALLEES
50546,70.22Z,PME,50750,BOURGVALLEES
50546,71.12B,PME,50750,BOURGVALLEES
50546,74.10Z,PME,50750,BOURGVALLEES
50546,75.00Z,PME,50750,BOURGVALLEES
50546,77.12Z,PME,50750,BOURGVALLEES
50546,77.21Z,PME,50750,BOURGVALLEES
50546,77.29Z,GE,50750,BOURGVALLEES
50546,81.21Z,,50750,BOURGVALLEES
50546,81.21Z,PME,50750,BOURGVALLEES
50546,81.22Z,PME,50750,BOURGVALLEES
50546,81.29A,,50750,BOURGVALLEES
50546,81.30Z,PME,50750,BOURGVALLEES
50546,82.11Z,PME,50750,BOURGVALLEES
50546,82.19Z,PME,50750,BOURGVALLEES
50546,82.99Z,PME,50750,BOURGVALLEES
50546,84.11Z,PME,50750,BOURGVALLEES
50546,84.12Z,PME,50750,BOURGVALLEES
50546,85.20Z,PME,50750,BOURGVALLEES
50546,85.51Z,,50750,BOURGVALLEES
50546,85.51Z,PME,50750,BOURGVALLEES
50546,85.52Z,PME,50750,BOURGVALLEES
50546,85.53Z,PME,50750,BOURGVALLEES
50546,85.59A,PME,50750,BOURGVALLEES
50546,85.59B,,50750,BOURGVALLEES
50546,85.59B,PME,50750,BOURGVALLEES
50546,86.10Z,ETI,50750,BOURGVALLEES
50546,86.90D,,50750,BOURGVALLEES
50546,86.90D,PME,50750,BOURGVALLEES
50546,86.90E,PME,50750,BOURGVALLEES
50546,86.90F,,50750,BOURGVALLEES
50546,86.90F,PME,50750,BOURGVALLEES
50546,88.91A,PME,50750,BOURGVALLEES
50546,88.99B,,50750,BOURGVALLEES
50546,90.01Z,PME,50750,BOURGVALLEES
50546,90.03A,PME,50750,BOURGVALLEES
50546,90.03B,PME,50750,BOURGVALLEES
50546,93.12Z,,50750,BOURGVALLEES
50546,93.12Z,PME,50750,BOURGVALLEES
50546,93.19Z,PME,50750,BOURGVALLEES
50546,93.29Z,,50750,BOURGVALLEES
50546,93.29Z,PME,50750,BOURGVALLEES
50546,94.91Z,,50750,BOURGVALLEES
50546,94.99Z,,50750,BOURGVALLEES
50546,94.99Z,PME,50750,BOURGVALLEES
50546,95.29Z,PME,50750,BOURGVALLEES
50546,96.02A,,50750,BOURGVALLEES
50546,96.02A,PME,50750,BOURGVALLEES
50546,96.02B,PME,50750,BOURGVALLEES
50546,96.09Z,,50750,BOURGVALLEES
50546,96.09Z,PME,50750,BOURGVALLEES
50549,01.11Z,,50510,SAINT-SAUVEUR-LA-POMMERAYE
50549,01.41Z,,50510,SAINT-SAUVEUR-LA-POMMERAYE
50549,01.42Z,,50510,SAINT-SAUVEUR-LA-POMMERAYE
50549,01.47Z,,50510,SAINT-SAUVEUR-LA-POMMERAYE
50549,01.49Z,,50510,SAINT-SAUVEUR-LA-POMMERAYE
50549,01.49Z,PME,50510,SAINT-SAUVEUR-LA-POMMERAYE
50549,01.50Z,,50510,SAINT-SAUVEUR-LA-POMMERAYE
50549,03.11Z,,50510,SAINT-SAUVEUR-LA-POMMERAYE
50549,16.29Z,,50510,SAINT-SAUVEUR-LA-POMMERAYE
50549,32.13Z,,50510,SAINT-SAUVEUR-LA-POMMERAYE
50549,35.11Z,PME,50510,SAINT-SAUVEUR-LA-POMMERAYE
50549,41.20A,PME,50510,SAINT-SAUVEUR-LA-POMMERAYE
50549,43.21A,,50510,SAINT-SAUVEUR-LA-POMMERAYE
50549,43.22A,PME,50510,SAINT-SAUVEUR-LA-POMMERAYE
50549,43.22B,PME,50510,SAINT-SAUVEUR-LA-POMMERAYE
50549,43.32A,PME,50510,SAINT-SAUVEUR-LA-POMMERAYE
50549,43.99D,PME,50510,SAINT-SAUVEUR-LA-POMMERAYE
50549,45.40Z,PME,50510,SAINT-SAUVEUR-LA-POMMERAYE
50549,47.81Z,PME,50510,SAINT-SAUVEUR-LA-POMMERAYE
50549,47.99A,PME,50510,SAINT-SAUVEUR-LA-POMMERAYE
50549,55.20Z,PME,50510,SAINT-SAUVEUR-LA-POMMERAYE
50549,56.30Z,PME,50510,SAINT-SAUVEUR-LA-POMMERAYE
50549,62.02A,PME,50510,SAINT-SAUVEUR-LA-POMMERAYE
50549,66.30Z,PME,50510,SAINT-SAUVEUR-LA-POMMERAYE
50549,68.20A,,50510,SAINT-SAUVEUR-LA-POMMERAYE
50549,68.20B,,50510,SAINT-SAUVEUR-LA-POMMERAYE
50549,68.20B,PME,50510,SAINT-SAUVEUR-LA-POMMERAYE
50549,68.31Z,PME,50510,SAINT-SAUVEUR-LA-POMMERAYE
50549,71.20B,PME,50510,SAINT-SAUVEUR-LA-POMMERAYE
50549,79.90Z,,50510,SAINT-SAUVEUR-LA-POMMERAYE
50549,81.30Z,PME,50510,SAINT-SAUVEUR-LA-POMMERAYE
50549,84.11Z,PME,50510,SAINT-SAUVEUR-LA-POMMERAYE
50549,85.59A,PME,50510,SAINT-SAUVEUR-LA-POMMERAYE
50549,85.59B,,50510,SAINT-SAUVEUR-LA-POMMERAYE
50549,93.12Z,,50510,SAINT-SAUVEUR-LA-POMMERAYE
50549,93.19Z,PME,50510,SAINT-SAUVEUR-LA-POMMERAYE
50549,94.99Z,,50510,SAINT-SAUVEUR-LA-POMMERAYE
50549,96.09Z,PME,50510,SAINT-SAUVEUR-LA-POMMERAYE
50556,01.11Z,,50750,SAINTE-SUZANNE-SUR-VIRE
50556,01.41Z,,50750,SAINTE-SUZANNE-SUR-VIRE
50556,01.42Z,,50750,SAINTE-SUZANNE-SUR-VIRE
50556,01.49Z,,50750,SAINTE-SUZANNE-SUR-VIRE
50556,01.50Z,,50750,SAINTE-SUZANNE-SUR-VIRE
50556,31.09B,,50750,SAINTE-SUZANNE-SUR-VIRE
50556,35.11Z,PME,50750,SAINTE-SUZANNE-SUR-VIRE
50556,43.21A,PME,50750,SAINTE-SUZANNE-SUR-VIRE
50556,45.11Z,PME,50750,SAINTE-SUZANNE-SUR-VIRE
50556,46.19B,PME,50750,SAINTE-SUZANNE-SUR-VIRE
50556,47.99A,PME,50750,SAINTE-SUZANNE-SUR-VIRE
50556,56.29B,,50750,SAINTE-SUZANNE-SUR-VIRE
50556,64.30Z,PME,50750,SAINTE-SUZANNE-SUR-VIRE
50556,66.22Z,,50750,SAINTE-SUZANNE-SUR-VIRE
50556,66.30Z,PME,50750,SAINTE-SUZANNE-SUR-VIRE
50556,68.20A,,50750,SAINTE-SUZANNE-SUR-VIRE
50556,68.20B,,50750,SAINTE-SUZANNE-SUR-VIRE
50556,68.20B,PME,50750,SAINTE-SUZANNE-SUR-VIRE
50556,72.19Z,PME,50750,SAINTE-SUZANNE-SUR-VIRE
50556,81.21Z,,50750,SAINTE-SUZANNE-SUR-VIRE
50556,84.11Z,PME,50750,SAINTE-SUZANNE-SUR-VIRE
50556,85.20Z,PME,50750,SAINTE-SUZANNE-SUR-VIRE
50556,85.59B,PME,50750,SAINTE-SUZANNE-SUR-VIRE
50556,90.01Z,,50750,SAINTE-SUZANNE-SUR-VIRE
50556,90.03A,PME,50750,SAINTE-SUZANNE-SUR-VIRE
50556,93.12Z,,50750,SAINTE-SUZANNE-SUR-VIRE
50556,94.99Z,,50750,SAINTE-SUZANNE-SUR-VIRE
50562,01.11Z,,50550,SAINT-VAAST-LA-HOUGUE
50562,01.41Z,,50550,SAINT-VAAST-LA-HOUGUE
50562,01.42Z,,50550,SAINT-VAAST-LA-HOUGUE
50562,01.43Z,,50550,SAINT-VAAST-LA-HOUGUE
50562,01.45Z,,50550,SAINT-VAAST-LA-HOUGUE
50562,03.11Z,,50550,SAINT-VAAST-LA-HOUGUE
50562,03.21Z,,50550,SAINT-VAAST-LA-HOUGUE
50562,03.21Z,ETI,50550,SAINT-VAAST-LA-HOUGUE
50562,03.21Z,PME,50550,SAINT-VAAST-LA-HOUGUE
50562,10.71C,PME,50550,SAINT-VAAST-LA-HOUGUE
50562,11.05Z,PME,50550,SAINT-VAAST-LA-HOUGUE
50562,14.39Z,PME,50550,SAINT-VAAST-LA-HOUGUE
50562,16.23Z,PME,50550,SAINT-VAAST-LA-HOUGUE
50562,23.41Z,PME,50550,SAINT-VAAST-LA-HOUGUE
50562,25.62B,,50550,SAINT-VAAST-LA-HOUGUE
50562,27.40Z,,50550,SAINT-VAAST-LA-HOUGUE
50562,30.11Z,PME,50550,SAINT-VAAST-LA-HOUGUE
50562,30.12Z,PME,50550,SAINT-VAAST-LA-HOUGUE
50562,31.09B,PME,50550,SAINT-VAAST-LA-HOUGUE
50562,32.30Z,PME,50550,SAINT-VAAST-LA-HOUGUE
50562,33.12Z,PME,50550,SAINT-VAAST-LA-HOUGUE
50562,33.15Z,PME,50550,SAINT-VAAST-LA-HOUGUE
50562,33.20D,PME,50550,SAINT-VAAST-LA-HOUGUE
50562,38.21Z,,50550,SAINT-VAAST-LA-HOUGUE
50562,41.10D,PME,50550,SAINT-VAAST-LA-HOUGUE
50562,42.99Z,,50550,SAINT-VAAST-LA-HOUGUE
50562,43.22A,PME,50550,SAINT-VAAST-LA-HOUGUE
50562,43.22B,PME,50550,SAINT-VAAST-LA-HOUGUE
50562,43.32A,,50550,SAINT-VAAST-LA-HOUGUE
50562,43.32A,PME,50550,SAINT-VAAST-LA-HOUGUE
50562,43.32B,PME,50550,SAINT-VAAST-LA-HOUGUE
50562,43.34Z,PME,50550,SAINT-VAAST-LA-HOUGUE
50562,43.91B,PME,50550,SAINT-VAAST-LA-HOUGUE
50562,43.99C,PME,50550,SAINT-VAAST-LA-HOUGUE
50562,45.11Z,PME,50550,SAINT-VAAST-LA-HOUGUE
50562,45.20A,PME,50550,SAINT-VAAST-LA-HOUGUE
50562,46.19A,PME,50550,SAINT-VAAST-LA-HOUGUE
50562,46.19B,PME,50550,SAINT-VAAST-LA-HOUGUE
50562,46.38B,ETI,50550,SAINT-VAAST-LA-HOUGUE
50562,47.11B,,50550,SAINT-VAAST-LA-HOUGUE
50562,47.11C,PME,50550,SAINT-VAAST-LA-HOUGUE
50562,47.11D,ETI,50550,SAINT-VAAST-LA-HOUGUE
50562,47.11D,PME,50550,SAINT-VAAST-LA-HOUGUE
50562,47.19B,PME,50550,SAINT-VAAST-LA-HOUGUE
50562,47.21Z,PME,50550,SAINT-VAAST-LA-HOUGUE
50562,47.22Z,PME,50550,SAINT-VAAST-LA-HOUGUE
50562,47.23Z,ETI,50550,SAINT-VAAST-LA-HOUGUE
50562,47.23Z,PME,50550,SAINT-VAAST-LA-HOUGUE
50562,47.24Z,PME,50550,SAINT-VAAST-LA-HOUGUE
50562,47.61Z,PME,50550,SAINT-VAAST-LA-HOUGUE
50562,47.62Z,PME,50550,SAINT-VAAST-LA-HOUGUE
50562,47.64Z,,50550,SAINT-VAAST-LA-HOUGUE
50562,47.64Z,PME,50550,SAINT-VAAST-LA-HOUGUE
50562,47.71Z,ETI,50550,SAINT-VAAST-LA-HOUGUE
50562,47.71Z,PME,50550,SAINT-VAAST-LA-HOUGUE
50562,47.73Z,PME,50550,SAINT-VAAST-LA-HOUGUE
50562,47.76Z,PME,50550,SAINT-VAAST-LA-HOUGUE
50562,47.78A,PME,50550,SAINT-VAAST-LA-HOUGUE
50562,47.78C,,50550,SAINT-VAAST-LA-HOUGUE
50562,47.78C,PME,50550,SAINT-VAAST-LA-HOUGUE
50562,47.79Z,PME,50550,SAINT-VAAST-LA-HOUGUE
50562,47.81Z,PME,50550,SAINT-VAAST-LA-HOUGUE
50562,47.82Z,PME,50550,SAINT-VAAST-LA-HOUGUE
50562,47.89Z,,50550,SAINT-VAAST-LA-HOUGUE
50562,47.89Z,PME,50550,SAINT-VAAST-LA-HOUGUE
50562,47.91B,PME,50550,SAINT-VAAST-LA-HOUGUE
50562,47.99A,PME,50550,SAINT-VAAST-LA-HOUGUE
50562,49.50Z,,50550,SAINT-VAAST-LA-HOUGUE
50562,50.10Z,PME,50550,SAINT-VAAST-LA-HOUGUE
50562,52.10B,PME,50550,SAINT-VAAST-LA-HOUGUE
50562,52.22Z,PME,50550,SAINT-VAAST-LA-HOUGUE
50562,52.24B,,50550,SAINT-VAAST-LA-HOUGUE
50562,52.24B,PME,50550,SAINT-VAAST-LA-HOUGUE
50562,52.29B,PME,50550,SAINT-VAAST-LA-HOUGUE
50562,53.10Z,GE,50550,SAINT-VAAST-LA-HOUGUE
50562,55.10Z,PME,50550,SAINT-VAAST-LA-HOUGUE
50562,55.20Z,,50550,SAINT-VAAST-LA-HOUGUE
50562,55.20Z,PME,50550,SAINT-VAAST-LA-HOUGUE
50562,55.30Z,PME,50550,SAINT-VAAST-LA-HOUGUE
50562,56.10A,,50550,SAINT-VAAST-LA-HOUGUE
50562,56.10A,PME,50550,SAINT-VAAST-LA-HOUGUE
50562,56.10C,PME,50550,SAINT-VAAST-LA-HOUGUE
50562,56.30Z,,50550,SAINT-VAAST-LA-HOUGUE
50562,56.30Z,PME,50550,SAINT-VAAST-LA-HOUGUE
50562,64.19Z,GE,50550,SAINT-VAAST-LA-HOUGUE
50562,64.20Z,,50550,SAINT-VAAST-LA-HOUGUE
50562,64.20Z,PME,50550,SAINT-VAAST-LA-HOUGUE
50562,64.30Z,PME,50550,SAINT-VAAST-LA-HOUGUE
50562,66.19A,,50550,SAINT-VAAST-LA-HOUGUE
50562,66.22Z,GE,50550,SAINT-VAAST-LA-HOUGUE
50562,66.22Z,PME,50550,SAINT-VAAST-LA-HOUGUE
50562,68.10Z,PME,50550,SAINT-VAAST-LA-HOUGUE
50562,68.20A,,50550,SAINT-VAAST-LA-HOUGUE
50562,68.20A,PME,50550,SAINT-VAAST-LA-HOUGUE
50562,68.20B,,50550,SAINT-VAAST-LA-HOUGUE
50562,68.20B,PME,50550,SAINT-VAAST-LA-HOUGUE
50562,68.31Z,PME,50550,SAINT-VAAST-LA-HOUGUE
50562,68.32A,,50550,SAINT-VAAST-LA-HOUGUE
50562,69.10Z,PME,50550,SAINT-VAAST-LA-HOUGUE
50562,70.10Z,,50550,SAINT-VAAST-LA-HOUGUE
50562,70.10Z,PME,50550,SAINT-VAAST-LA-HOUGUE
50562,70.21Z,,50550,SAINT-VAAST-LA-HOUGUE
50562,70.22Z,PME,50550,SAINT-VAAST-LA-HOUGUE
50562,74.10Z,,50550,SAINT-VAAST-LA-HOUGUE
50562,74.90B,PME,50550,SAINT-VAAST-LA-HOUGUE
50562,77.11A,,50550,SAINT-VAAST-LA-HOUGUE
50562,77.21Z,PME,50550,SAINT-VAAST-LA-HOUGUE
50562,81.10Z,,50550,SAINT-VAAST-LA-HOUGUE
50562,81.10Z,PME,50550,SAINT-VAAST-LA-HOUGUE
50562,82.11Z,,50550,SAINT-VAAST-LA-HOUGUE
50562,84.11Z,PME,50550,SAINT-VAAST-LA-HOUGUE
50562,85.10Z,PME,50550,SAINT-VAAST-LA-HOUGUE
50562,85.20Z,PME,50550,SAINT-VAAST-LA-HOUGUE
50562,85.31Z,PME,50550,SAINT-VAAST-LA-HOUGUE
50562,85.51Z,,50550,SAINT-VAAST-LA-HOUGUE
50562,85.52Z,PME,50550,SAINT-VAAST-LA-HOUGUE
50562,85.59A,PME,50550,SAINT-VAAST-LA-HOUGUE
50562,85.59B,PME,50550,SAINT-VAAST-LA-HOUGUE
50562,86.21Z,PME,50550,SAINT-VAAST-LA-HOUGUE
50562,86.23Z,,50550,SAINT-VAAST-LA-HOUGUE
50562,86.23Z,PME,50550,SAINT-VAAST-LA-HOUGUE
50562,86.90A,PME,50550,SAINT-VAAST-LA-HOUGUE
50562,86.90D,PME,50550,SAINT-VAAST-LA-HOUGUE
50562,86.90E,PME,50550,SAINT-VAAST-LA-HOUGUE
50562,86.90F,,50550,SAINT-VAAST-LA-HOUGUE
50562,86.90F,PME,50550,SAINT-VAAST-LA-HOUGUE
50562,87.10A,PME,50550,SAINT-VAAST-LA-HOUGUE
50562,88.99B,,50550,SAINT-VAAST-LA-HOUGUE
50562,88.99B,PME,50550,SAINT-VAAST-LA-HOUGUE
50562,90.01Z,,50550,SAINT-VAAST-LA-HOUGUE
50562,90.01Z,PME,50550,SAINT-VAAST-LA-HOUGUE
50562,90.03A,PME,50550,SAINT-VAAST-LA-HOUGUE
50562,91.03Z,,50550,SAINT-VAAST-LA-HOUGUE
50562,93.11Z,,50550,SAINT-VAAST-LA-HOUGUE
50562,93.12Z,,50550,SAINT-VAAST-LA-HOUGUE
50562,93.12Z,PME,50550,SAINT-VAAST-LA-HOUGUE
50562,93.29Z,,50550,SAINT-VAAST-LA-HOUGUE
50562,94.11Z,,50550,SAINT-VAAST-LA-HOUGUE
50562,94.12Z,,50550,SAINT-VAAST-LA-HOUGUE
50562,94.91Z,,50550,SAINT-VAAST-LA-HOUGUE
50562,94.91Z,PME,50550,SAINT-VAAST-LA-HOUGUE
50562,94.99Z,,50550,SAINT-VAAST-LA-HOUGUE
50562,94.99Z,PME,50550,SAINT-VAAST-LA-HOUGUE
50562,96.01B,PME,50550,SAINT-VAAST-LA-HOUGUE
50562,96.02A,PME,50550,SAINT-VAAST-LA-HOUGUE
50562,96.02B,,50550,SAINT-VAAST-LA-HOUGUE
50562,96.02B,PME,50550,SAINT-VAAST-LA-HOUGUE
50562,96.03Z,PME,50550,SAINT-VAAST-LA-HOUGUE
50562,96.09Z,PME,50550,SAINT-VAAST-LA-HOUGUE
50565,01.11Z,,50530,SARTILLY-BAIE-BOCAGE
50565,01.11Z,PME,50530,SARTILLY-BAIE-BOCAGE
50565,01.13Z,,50530,SARTILLY-BAIE-BOCAGE
50565,01.19Z,,50530,SARTILLY-BAIE-BOCAGE
50565,01.19Z,PME,50530,SARTILLY-BAIE-BOCAGE
50565,01.24Z,,50530,SARTILLY-BAIE-BOCAGE
50565,01.41Z,,50530,SARTILLY-BAIE-BOCAGE
50565,01.41Z,PME,50530,SARTILLY-BAIE-BOCAGE
50565,01.42Z,,50530,SARTILLY-BAIE-BOCAGE
50565,01.42Z,PME,50530,SARTILLY-BAIE-BOCAGE
50565,01.43Z,,50530,SARTILLY-BAIE-BOCAGE
50565,01.45Z,,50530,SARTILLY-BAIE-BOCAGE
50565,01.49Z,,50530,SARTILLY-BAIE-BOCAGE
50565,01.50Z,,50530,SARTILLY-BAIE-BOCAGE
50565,01.61Z,,50530,SARTILLY-BAIE-BOCAGE
50565,01.62Z,,50530,SARTILLY-BAIE-BOCAGE
50565,03.11Z,,50530,SARTILLY-BAIE-BOCAGE
50565,10.13B,PME,50530,SARTILLY-BAIE-BOCAGE
50565,10.61B,ETI,50530,SARTILLY-BAIE-BOCAGE
50565,10.71C,PME,50530,SARTILLY-BAIE-BOCAGE
50565,14.13Z,ETI,50530,SARTILLY-BAIE-BOCAGE
50565,14.19Z,PME,50530,SARTILLY-BAIE-BOCAGE
50565,16.29Z,PME,50530,SARTILLY-BAIE-BOCAGE
50565,23.41Z,,50530,SARTILLY-BAIE-BOCAGE
50565,23.69Z,PME,50530,SARTILLY-BAIE-BOCAGE
50565,25.62B,PME,50530,SARTILLY-BAIE-BOCAGE
50565,25.72Z,PME,50530,SARTILLY-BAIE-BOCAGE
50565,32.13Z,PME,50530,SARTILLY-BAIE-BOCAGE
50565,32.20Z,,50530,SARTILLY-BAIE-BOCAGE
50565,32.50A,PME,50530,SARTILLY-BAIE-BOCAGE
50565,33.20A,PME,50530,SARTILLY-BAIE-BOCAGE
50565,35.11Z,,50530,SARTILLY-BAIE-BOCAGE
50565,35.11Z,PME,50530,SARTILLY-BAIE-BOCAGE
50565,41.10D,PME,50530,SARTILLY-BAIE-BOCAGE
50565,43.12A,PME,50530,SARTILLY-BAIE-BOCAGE
50565,43.21A,PME,50530,SARTILLY-BAIE-BOCAGE
50565,43.22A,,50530,SARTILLY-BAIE-BOCAGE
50565,43.22A,PME,50530,SARTILLY-BAIE-BOCAGE
50565,43.31Z,PME,50530,SARTILLY-BAIE-BOCAGE
50565,43.32A,PME,50530,SARTILLY-BAIE-BOCAGE
50565,43.33Z,PME,50530,SARTILLY-BAIE-BOCAGE
50565,43.34Z,PME,50530,SARTILLY-BAIE-BOCAGE
50565,43.91A,PME,50530,SARTILLY-BAIE-BOCAGE
50565,43.91B,PME,50530,SARTILLY-BAIE-BOCAGE
50565,43.99A,PME,50530,SARTILLY-BAIE-BOCAGE
50565,43.99B,PME,50530,SARTILLY-BAIE-BOCAGE
50565,43.99C,,50530,SARTILLY-BAIE-BOCAGE
50565,43.99C,PME,50530,SARTILLY-BAIE-BOCAGE
50565,45.11Z,PME,50530,SARTILLY-BAIE-BOCAGE
50565,45.20A,PME,50530,SARTILLY-BAIE-BOCAGE
50565,45.40Z,PME,50530,SARTILLY-BAIE-BOCAGE
50565,46.18Z,PME,50530,SARTILLY-BAIE-BOCAGE
50565,46.19B,,50530,SARTILLY-BAIE-BOCAGE
50565,46.19B,PME,50530,SARTILLY-BAIE-BOCAGE
50565,46.21Z,GE,50530,SARTILLY-BAIE-BOCAGE
50565,46.21Z,PME,50530,SARTILLY-BAIE-BOCAGE
50565,46.34Z,PME,50530,SARTILLY-BAIE-BOCAGE
50565,46.39B,PME,50530,SARTILLY-BAIE-BOCAGE
50565,46.46Z,PME,50530,SARTILLY-BAIE-BOCAGE
50565,46.52Z,PME,50530,SARTILLY-BAIE-BOCAGE
50565,46.73A,PME,50530,SARTILLY-BAIE-BOCAGE
50565,47.11C,PME,50530,SARTILLY-BAIE-BOCAGE
50565,47.11D,PME,50530,SARTILLY-BAIE-BOCAGE
50565,47.22Z,PME,50530,SARTILLY-BAIE-BOCAGE
50565,47.25Z,PME,50530,SARTILLY-BAIE-BOCAGE
50565,47.52A,GE,50530,SARTILLY-BAIE-BOCAGE
50565,47.52A,PME,50530,SARTILLY-BAIE-BOCAGE
50565,47.71Z,PME,50530,SARTILLY-BAIE-BOCAGE
50565,47.72B,PME,50530,SARTILLY-BAIE-BOCAGE
50565,47.73Z,PME,50530,SARTILLY-BAIE-BOCAGE
50565,47.76Z,,50530,SARTILLY-BAIE-BOCAGE
50565,47.76Z,PME,50530,SARTILLY-BAIE-BOCAGE
50565,47.78A,PME,50530,SARTILLY-BAIE-BOCAGE
50565,47.79Z,PME,50530,SARTILLY-BAIE-BOCAGE
50565,47.81Z,,50530,SARTILLY-BAIE-BOCAGE
50565,47.81Z,PME,50530,SARTILLY-BAIE-BOCAGE
50565,47.82Z,PME,50530,SARTILLY-BAIE-BOCAGE
50565,47.89Z,,50530,SARTILLY-BAIE-BOCAGE
50565,47.89Z,PME,50530,SARTILLY-BAIE-BOCAGE
50565,47.91A,PME,50530,SARTILLY-BAIE-BOCAGE
50565,47.91B,,50530,SARTILLY-BAIE-BOCAGE
50565,47.99A,,50530,SARTILLY-BAIE-BOCAGE
50565,47.99A,PME,50530,SARTILLY-BAIE-BOCAGE
50565,49.32Z,PME,50530,SARTILLY-BAIE-BOCAGE
50565,49.41A,PME,50530,SARTILLY-BAIE-BOCAGE
50565,49.41B,PME,50530,SARTILLY-BAIE-BOCAGE
50565,51.10Z,PME,50530,SARTILLY-BAIE-BOCAGE
50565,52.10B,PME,50530,SARTILLY-BAIE-BOCAGE
50565,53.10Z,GE,50530,SARTILLY-BAIE-BOCAGE
50565,55.10Z,PME,50530,SARTILLY-BAIE-BOCAGE
50565,55.20Z,PME,50530,SARTILLY-BAIE-BOCAGE
50565,55.30Z,PME,50530,SARTILLY-BAIE-BOCAGE
50565,56.10A,,50530,SARTILLY-BAIE-BOCAGE
50565,56.10A,PME,50530,SARTILLY-BAIE-BOCAGE
50565,56.10C,PME,50530,SARTILLY-BAIE-BOCAGE
50565,56.30Z,,50530,SARTILLY-BAIE-BOCAGE
50565,56.30Z,PME,50530,SARTILLY-BAIE-BOCAGE
50565,62.02A,,50530,SARTILLY-BAIE-BOCAGE
50565,64.19Z,GE,50530,SARTILLY-BAIE-BOCAGE
50565,64.20Z,,50530,SARTILLY-BAIE-BOCAGE
50565,64.20Z,PME,50530,SARTILLY-BAIE-BOCAGE
50565,65.12Z,GE,50530,SARTILLY-BAIE-BOCAGE
50565,66.19A,,50530,SARTILLY-BAIE-BOCAGE
50565,66.19A,PME,50530,SARTILLY-BAIE-BOCAGE
50565,66.30Z,,50530,SARTILLY-BAIE-BOCAGE
50565,66.30Z,PME,50530,SARTILLY-BAIE-BOCAGE
50565,68.10Z,PME,50530,SARTILLY-BAIE-BOCAGE
50565,68.20A,,50530,SARTILLY-BAIE-BOCAGE
50565,68.20A,PME,50530,SARTILLY-BAIE-BOCAGE
50565,68.20B,,50530,SARTILLY-BAIE-BOCAGE
50565,68.20B,PME,50530,SARTILLY-BAIE-BOCAGE
50565,68.31Z,PME,50530,SARTILLY-BAIE-BOCAGE
50565,68.32A,,50530,SARTILLY-BAIE-BOCAGE
50565,69.10Z,PME,50530,SARTILLY-BAIE-BOCAGE
50565,69.20Z,PME,50530,SARTILLY-BAIE-BOCAGE
50565,70.10Z,,50530,SARTILLY-BAIE-BOCAGE
50565,70.10Z,PME,50530,SARTILLY-BAIE-BOCAGE
50565,70.21Z,,50530,SARTILLY-BAIE-BOCAGE
50565,70.21Z,PME,50530,SARTILLY-BAIE-BOCAGE
50565,70.22Z,PME,50530,SARTILLY-BAIE-BOCAGE
50565,71.11Z,PME,50530,SARTILLY-BAIE-BOCAGE
50565,71.12B,PME,50530,SARTILLY-BAIE-BOCAGE
50565,73.11Z,GE,50530,SARTILLY-BAIE-BOCAGE
50565,73.11Z,PME,50530,SARTILLY-BAIE-BOCAGE
50565,74.10Z,,50530,SARTILLY-BAIE-BOCAGE
50565,74.10Z,PME,50530,SARTILLY-BAIE-BOCAGE
50565,74.20Z,PME,50530,SARTILLY-BAIE-BOCAGE
50565,74.90A,PME,50530,SARTILLY-BAIE-BOCAGE
50565,74.90B,PME,50530,SARTILLY-BAIE-BOCAGE
50565,75.00Z,PME,50530,SARTILLY-BAIE-BOCAGE
50565,79.90Z,PME,50530,SARTILLY-BAIE-BOCAGE
50565,80.10Z,PME,50530,SARTILLY-BAIE-BOCAGE
50565,81.10Z,,50530,SARTILLY-BAIE-BOCAGE
50565,81.21Z,,50530,SARTILLY-BAIE-BOCAGE
50565,81.21Z,PME,50530,SARTILLY-BAIE-BOCAGE
50565,81.30Z,PME,50530,SARTILLY-BAIE-BOCAGE
50565,82.19Z,PME,50530,SARTILLY-BAIE-BOCAGE
50565,82.99Z,,50530,SARTILLY-BAIE-BOCAGE
50565,82.99Z,PME,50530,SARTILLY-BAIE-BOCAGE
50565,84.11Z,PME,50530,SARTILLY-BAIE-BOCAGE
50565,85.10Z,PME,50530,SARTILLY-BAIE-BOCAGE
50565,85.20Z,PME,50530,SARTILLY-BAIE-BOCAGE
50565,85.31Z,PME,50530,SARTILLY-BAIE-BOCAGE
50565,85.51Z,,50530,SARTILLY-BAIE-BOCAGE
50565,85.51Z,PME,50530,SARTILLY-BAIE-BOCAGE
50565,85.52Z,PME,50530,SARTILLY-BAIE-BOCAGE
50565,85.53Z,PME,50530,SARTILLY-BAIE-BOCAGE
50565,85.59A,PME,50530,SARTILLY-BAIE-BOCAGE
50565,85.59B,PME,50530,SARTILLY-BAIE-BOCAGE
50565,86.10Z,PME,50530,SARTILLY-BAIE-BOCAGE
50565,86.21Z,PME,50530,SARTILLY-BAIE-BOCAGE
50565,86.23Z,PME,50530,SARTILLY-BAIE-BOCAGE
50565,86.90D,,50530,SARTILLY-BAIE-BOCAGE
50565,86.90D,GE,50530,SARTILLY-BAIE-BOCAGE
50565,86.90D,PME,50530,SARTILLY-BAIE-BOCAGE
50565,86.90E,PME,50530,SARTILLY-BAIE-BOCAGE
50565,86.90F,,50530,SARTILLY-BAIE-BOCAGE
50565,86.90F,PME,50530,SARTILLY-BAIE-BOCAGE
50565,87.10A,PME,50530,SARTILLY-BAIE-BOCAGE
50565,87.30A,PME,50530,SARTILLY-BAIE-BOCAGE
50565,88.91A,,50530,SARTILLY-BAIE-BOCAGE
50565,88.99B,,50530,SARTILLY-BAIE-BOCAGE
50565,88.99B,PME,50530,SARTILLY-BAIE-BOCAGE
50565,90.01Z,,50530,SARTILLY-BAIE-BOCAGE
50565,90.01Z,PME,50530,SARTILLY-BAIE-BOCAGE
50565,90.02Z,,50530,SARTILLY-BAIE-BOCAGE
50565,90.03A,,50530,SARTILLY-BAIE-BOCAGE
50565,90.03B,PME,50530,SARTILLY-BAIE-BOCAGE
50565,93.11Z,ETI,50530,SARTILLY-BAIE-BOCAGE
50565,93.12Z,,50530,SARTILLY-BAIE-BOCAGE
50565,93.12Z,PME,50530,SARTILLY-BAIE-BOCAGE
50565,93.19Z,PME,50530,SARTILLY-BAIE-BOCAGE
50565,93.29Z,PME,50530,SARTILLY-BAIE-BOCAGE
50565,94.91Z,,50530,SARTILLY-BAIE-BOCAGE
50565,94.91Z,PME,50530,SARTILLY-BAIE-BOCAGE
50565,94.99Z,,50530,SARTILLY-BAIE-BOCAGE
50565,94.99Z,PME,50530,SARTILLY-BAIE-BOCAGE
50565,95.29Z,PME,50530,SARTILLY-BAIE-BOCAGE
50565,96.02A,PME,50530,SARTILLY-BAIE-BOCAGE
50565,96.02B,,50530,SARTILLY-BAIE-BOCAGE
50565,96.02B,PME,50530,SARTILLY-BAIE-BOCAGE
50565,96.03Z,PME,50530,SARTILLY-BAIE-BOCAGE
50565,96.04Z,PME,50530,SARTILLY-BAIE-BOCAGE
50565,96.09Z,,50530,SARTILLY-BAIE-BOCAGE
50565,96.09Z,PME,50530,SARTILLY-BAIE-BOCAGE
50567,01.11Z,,50700,SAUSSEMESNIL
50567,01.13Z,,50700,SAUSSEMESNIL
50567,01.19Z,,50700,SAUSSEMESNIL
50567,01.25Z,,50700,SAUSSEMESNIL
50567,01.41Z,,50700,SAUSSEMESNIL
50567,01.42Z,,50700,SAUSSEMESNIL
50567,01.43Z,,50700,SAUSSEMESNIL
50567,01.45Z,,50700,SAUSSEMESNIL
50567,01.47Z,,50700,SAUSSEMESNIL
50567,01.49Z,,50700,SAUSSEMESNIL
50567,01.61Z,,50700,SAUSSEMESNIL
50567,02.20Z,PME,50700,SAUSSEMESNIL
50567,02.40Z,,50700,SAUSSEMESNIL
50567,03.21Z,,50700,SAUSSEMESNIL
50567,10.71C,PME,50700,SAUSSEMESNIL
50567,13.92Z,,50700,SAUSSEMESNIL
50567,14.13Z,,50700,SAUSSEMESNIL
50567,35.11Z,PME,50700,SAUSSEMESNIL
50567,43.21A,PME,50700,SAUSSEMESNIL
50567,43.22A,,50700,SAUSSEMESNIL
50567,43.22A,PME,50700,SAUSSEMESNIL
50567,43.32A,PME,50700,SAUSSEMESNIL
50567,43.39Z,PME,50700,SAUSSEMESNIL
50567,45.11Z,PME,50700,SAUSSEMESNIL
50567,46.19B,,50700,SAUSSEMESNIL
50567,46.63Z,PME,50700,SAUSSEMESNIL
50567,47.11B,PME,50700,SAUSSEMESNIL
50567,47.91A,PME,50700,SAUSSEMESNIL
50567,47.99A,,50700,SAUSSEMESNIL
50567,47.99A,PME,50700,SAUSSEMESNIL
50567,52.21Z,PME,50700,SAUSSEMESNIL
50567,56.10A,,50700,SAUSSEMESNIL
50567,58.11Z,,50700,SAUSSEMESNIL
50567,58.29C,,50700,SAUSSEMESNIL
50567,64.20Z,PME,50700,SAUSSEMESNIL
50567,68.20A,,50700,SAUSSEMESNIL
50567,68.20B,,50700,SAUSSEMESNIL
50567,68.20B,PME,50700,SAUSSEMESNIL
50567,68.31Z,,50700,SAUSSEMESNIL
50567,74.10Z,,50700,SAUSSEMESNIL
50567,74.10Z,PME,50700,SAUSSEMESNIL
50567,74.20Z,PME,50700,SAUSSEMESNIL
50567,77.29Z,PME,50700,SAUSSEMESNIL
50567,80.10Z,PME,50700,SAUSSEMESNIL
50567,81.21Z,PME,50700,SAUSSEMESNIL
50567,81.22Z,,50700,SAUSSEMESNIL
50567,81.30Z,PME,50700,SAUSSEMESNIL
50567,84.11Z,PME,50700,SAUSSEMESNIL
50567,85.20Z,PME,50700,SAUSSEMESNIL
50567,85.51Z,,50700,SAUSSEMESNIL
50567,85.51Z,PME,50700,SAUSSEMESNIL
50567,85.52Z,PME,50700,SAUSSEMESNIL
50567,86.90D,PME,50700,SAUSSEMESNIL
50567,88.91A,,50700,SAUSSEMESNIL
50567,90.03A,PME,50700,SAUSSEMESNIL
50567,94.99Z,,50700,SAUSSEMESNIL
50567,95.29Z,,50700,SAUSSEMESNIL
50567,96.02A,PME,50700,SAUSSEMESNIL
50567,96.03Z,,50700,SAUSSEMESNIL
50567,96.09Z,PME,50700,SAUSSEMESNIL
50570,01.11Z,,50640,SAVIGNY-LE-VIEUX
50570,01.13Z,,50640,SAVIGNY-LE-VIEUX
50570,01.24Z,,50640,SAVIGNY-LE-VIEUX
50570,01.25Z,,50640,SAVIGNY-LE-VIEUX
50570,01.41Z,,50640,SAVIGNY-LE-VIEUX
50570,01.42Z,,50640,SAVIGNY-LE-VIEUX
50570,01.42Z,PME,50640,SAVIGNY-LE-VIEUX
50570,01.43Z,,50640,SAVIGNY-LE-VIEUX
50570,01.46Z,,50640,SAVIGNY-LE-VIEUX
50570,01.47Z,,50640,SAVIGNY-LE-VIEUX
50570,01.49Z,,50640,SAVIGNY-LE-VIEUX
50570,01.50Z,,50640,SAVIGNY-LE-VIEUX
50570,01.61Z,,50640,SAVIGNY-LE-VIEUX
50570,16.10A,PME,50640,SAVIGNY-LE-VIEUX
50570,33.11Z,PME,50640,SAVIGNY-LE-VIEUX
50570,33.12Z,PME,50640,SAVIGNY-LE-VIEUX
50570,43.34Z,PME,50640,SAVIGNY-LE-VIEUX
50570,43.99C,PME,50640,SAVIGNY-LE-VIEUX
50570,45.20A,PME,50640,SAVIGNY-LE-VIEUX
50570,46.19B,PME,50640,SAVIGNY-LE-VIEUX
50570,46.24Z,PME,50640,SAVIGNY-LE-VIEUX
50570,47.71Z,PME,50640,SAVIGNY-LE-VIEUX
50570,47.76Z,PME,50640,SAVIGNY-LE-VIEUX
50570,47.81Z,,50640,SAVIGNY-LE-VIEUX
50570,47.99A,PME,50640,SAVIGNY-LE-VIEUX
50570,55.20Z,PME,50640,SAVIGNY-LE-VIEUX
50570,56.30Z,PME,50640,SAVIGNY-LE-VIEUX
50570,62.01Z,PME,50640,SAVIGNY-LE-VIEUX
50570,63.12Z,PME,50640,SAVIGNY-LE-VIEUX
50570,68.20A,,50640,SAVIGNY-LE-VIEUX
50570,68.20B,,50640,SAVIGNY-LE-VIEUX
50570,68.20B,PME,50640,SAVIGNY-LE-VIEUX
50570,70.10Z,PME,50640,SAVIGNY-LE-VIEUX
50570,70.22Z,,50640,SAVIGNY-LE-VIEUX
50570,70.22Z,PME,50640,SAVIGNY-LE-VIEUX
50570,81.30Z,PME,50640,SAVIGNY-LE-VIEUX
50570,84.11Z,PME,50640,SAVIGNY-LE-VIEUX
50570,85.20Z,PME,50640,SAVIGNY-LE-VIEUX
50570,91.03Z,,50640,SAVIGNY-LE-VIEUX
50570,94.91Z,,50640,SAVIGNY-LE-VIEUX
50570,94.99Z,,50640,SAVIGNY-LE-VIEUX
50570,94.99Z,PME,50640,SAVIGNY-LE-VIEUX
50570,96.09Z,PME,50640,SAVIGNY-LE-VIEUX
50575,01.11Z,,50690,SIDEVILLE
50575,01.13Z,PME,50690,SIDEVILLE
50575,01.41Z,,50690,SIDEVILLE
50575,01.42Z,,50690,SIDEVILLE
50575,01.43Z,,50690,SIDEVILLE
50575,01.45Z,,50690,SIDEVILLE
50575,01.50Z,,50690,SIDEVILLE
50575,01.61Z,,50690,SIDEVILLE
50575,14.13Z,,50690,SIDEVILLE
50575,14.13Z,PME,50690,SIDEVILLE
50575,14.19Z,,50690,SIDEVILLE
50575,25.11Z,PME,50690,SIDEVILLE
50575,39.00Z,PME,50690,SIDEVILLE
50575,41.20A,PME,50690,SIDEVILLE
50575,43.12A,PME,50690,SIDEVILLE
50575,43.29B,PME,50690,SIDEVILLE
50575,43.32A,PME,50690,SIDEVILLE
50575,46.18Z,PME,50690,SIDEVILLE
50575,46.19B,PME,50690,SIDEVILLE
50575,46.51Z,PME,50690,SIDEVILLE
50575,46.72Z,PME,50690,SIDEVILLE
50575,47.25Z,PME,50690,SIDEVILLE
50575,47.81Z,PME,50690,SIDEVILLE
50575,47.91B,,50690,SIDEVILLE
50575,47.99A,PME,50690,SIDEVILLE
50575,49.41A,PME,50690,SIDEVILLE
50575,55.20Z,PME,50690,SIDEVILLE
50575,56.30Z,,50690,SIDEVILLE
50575,64.20Z,PME,50690,SIDEVILLE
50575,64.30Z,PME,50690,SIDEVILLE
50575,66.22Z,PME,50690,SIDEVILLE
50575,68.20A,,50690,SIDEVILLE
50575,68.20A,PME,50690,SIDEVILLE
50575,68.20B,,50690,SIDEVILLE
50575,68.20B,PME,50690,SIDEVILLE
50575,68.31Z,PME,50690,SIDEVILLE
50575,70.22Z,,50690,SIDEVILLE
50575,74.20Z,PME,50690,SIDEVILLE
50575,75.00Z,,50690,SIDEVILLE
50575,75.00Z,PME,50690,SIDEVILLE
50575,81.22Z,PME,50690,SIDEVILLE
50575,84.11Z,PME,50690,SIDEVILLE
50575,85.10Z,PME,50690,SIDEVILLE
50575,86.90D,PME,50690,SIDEVILLE
50575,86.90E,,50690,SIDEVILLE
50575,86.90E,PME,50690,SIDEVILLE
50575,86.90F,,50690,SIDEVILLE
50575,93.12Z,,50690,SIDEVILLE
50575,93.19Z,,50690,SIDEVILLE
50575,93.29Z,PME,50690,SIDEVILLE
50575,94.92Z,,50690,SIDEVILLE
50575,94.99Z,,50690,SIDEVILLE
50575,95.29Z,PME,50690,SIDEVILLE
50575,96.09Z,PME,50690,SIDEVILLE
50584,01.11Z,,50870,SUBLIGNY
50584,01.41Z,,50870,SUBLIGNY
50584,01.42Z,,50870,SUBLIGNY
50584,01.43Z,,50870,SUBLIGNY
50584,01.61Z,,50870,SUBLIGNY
50584,14.19Z,,50870,SUBLIGNY
50584,33.12Z,PME,50870,SUBLIGNY
50584,33.20A,PME,50870,SUBLIGNY
50584,35.11Z,PME,50870,SUBLIGNY
50584,43.12A,,50870,SUBLIGNY
50584,43.22A,PME,50870,SUBLIGNY
50584,43.33Z,PME,50870,SUBLIGNY
50584,43.91B,PME,50870,SUBLIGNY
50584,43.99C,PME,50870,SUBLIGNY
50584,45.32Z,PME,50870,SUBLIGNY
50584,46.11Z,PME,50870,SUBLIGNY
50584,46.77Z,PME,50870,SUBLIGNY
50584,47.78B,PME,50870,SUBLIGNY
50584,47.89Z,PME,50870,SUBLIGNY
50584,49.32Z,PME,50870,SUBLIGNY
50584,56.21Z,,50870,SUBLIGNY
50584,68.20A,,50870,SUBLIGNY
50584,68.20B,,50870,SUBLIGNY
50584,68.20B,PME,50870,SUBLIGNY
50584,68.32A,,50870,SUBLIGNY
50584,71.12B,PME,50870,SUBLIGNY
50584,81.21Z,PME,50870,SUBLIGNY
50584,84.11Z,PME,50870,SUBLIGNY
50584,85.59B,PME,50870,SUBLIGNY
50584,86.90F,PME,50870,SUBLIGNY
50584,93.12Z,,50870,SUBLIGNY
50584,93.19Z,PME,50870,SUBLIGNY
50584,96.02A,,50870,SUBLIGNY
50588,01.11Z,,50700,TAMERVILLE
50588,01.19Z,,50700,TAMERVILLE
50588,01.24Z,,50700,TAMERVILLE
50588,01.25Z,,50700,TAMERVILLE
50588,01.29Z,,50700,TAMERVILLE
50588,01.41Z,,50700,TAMERVILLE
50588,01.42Z,,50700,TAMERVILLE
50588,01.43Z,,50700,TAMERVILLE
50588,01.49Z,,50700,TAMERVILLE
50588,01.50Z,,50700,TAMERVILLE
50588,02.10Z,,50700,TAMERVILLE
50588,14.13Z,PME,50700,TAMERVILLE
50588,41.10A,PME,50700,TAMERVILLE
50588,43.12A,,50700,TAMERVILLE
50588,43.21A,PME,50700,TAMERVILLE
50588,43.32A,PME,50700,TAMERVILLE
50588,43.99C,PME,50700,TAMERVILLE
50588,45.40Z,PME,50700,TAMERVILLE
50588,46.19B,PME,50700,TAMERVILLE
50588,47.81Z,PME,50700,TAMERVILLE
50588,47.89Z,PME,50700,TAMERVILLE
50588,47.99A,,50700,TAMERVILLE
50588,47.99A,PME,50700,TAMERVILLE
50588,49.41A,PME,50700,TAMERVILLE
50588,53.20Z,PME,50700,TAMERVILLE
50588,55.10Z,PME,50700,TAMERVILLE
50588,55.20Z,,50700,TAMERVILLE
50588,55.20Z,PME,50700,TAMERVILLE
50588,56.10C,PME,50700,TAMERVILLE
50588,56.30Z,PME,50700,TAMERVILLE
50588,66.30Z,PME,50700,TAMERVILLE
50588,68.20A,,50700,TAMERVILLE
50588,68.20A,PME,50700,TAMERVILLE
50588,68.20B,,50700,TAMERVILLE
50588,68.20B,PME,50700,TAMERVILLE
50588,74.10Z,,50700,TAMERVILLE
50588,74.10Z,PME,50700,TAMERVILLE
50588,81.22Z,PME,50700,TAMERVILLE
50588,81.30Z,,50700,TAMERVILLE
50588,81.30Z,PME,50700,TAMERVILLE
50588,82.99Z,PME,50700,TAMERVILLE
50588,84.11Z,PME,50700,TAMERVILLE
50588,85.20Z,PME,50700,TAMERVILLE
50588,86.90D,,50700,TAMERVILLE
50588,86.90F,,50700,TAMERVILLE
50588,90.01Z,,50700,TAMERVILLE
50588,93.19Z,PME,50700,TAMERVILLE
50588,94.99Z,,50700,TAMERVILLE
50588,95.24Z,PME,50700,TAMERVILLE
50588,95.29Z,PME,50700,TAMERVILLE
50591,01.11Z,,50640,LE TEILLEUL
50591,01.19Z,,50640,LE TEILLEUL
50591,01.21Z,,50640,LE TEILLEUL
50591,01.24Z,,50640,LE TEILLEUL
50591,01.25Z,,50640,LE TEILLEUL
50591,01.30Z,,50640,LE TEILLEUL
50591,01.41Z,,50640,LE TEILLEUL
50591,01.41Z,PME,50640,LE TEILLEUL
50591,01.42Z,,50640,LE TEILLEUL
50591,01.42Z,PME,50640,LE TEILLEUL
50591,01.43Z,,50640,LE TEILLEUL
50591,01.45Z,,50640,LE TEILLEUL
50591,01.46Z,,50640,LE TEILLEUL
50591,01.47Z,,50640,LE TEILLEUL
50591,01.49Z,,50640,LE TEILLEUL
50591,01.50Z,,50640,LE TEILLEUL
50591,01.61Z,,50640,LE TEILLEUL
50591,02.20Z,PME,50640,LE TEILLEUL
50591,08.11Z,GE,50640,LE TEILLEUL
50591,10.13A,PME,50640,LE TEILLEUL
50591,10.71C,PME,50640,LE TEILLEUL
50591,16.29Z,PME,50640,LE TEILLEUL
50591,27.40Z,PME,50640,LE TEILLEUL
50591,31.01Z,PME,50640,LE TEILLEUL
50591,31.09B,PME,50640,LE TEILLEUL
50591,32.99Z,,50640,LE TEILLEUL
50591,33.19Z,PME,50640,LE TEILLEUL
50591,33.20D,,50640,LE TEILLEUL
50591,35.11Z,,50640,LE TEILLEUL
50591,35.11Z,PME,50640,LE TEILLEUL
50591,35.30Z,PME,50640,LE TEILLEUL
50591,41.10A,PME,50640,LE TEILLEUL
50591,41.20A,PME,50640,LE TEILLEUL
50591,43.12A,,50640,LE TEILLEUL
50591,43.12A,PME,50640,LE TEILLEUL
50591,43.12B,PME,50640,LE TEILLEUL
50591,43.21A,PME,50640,LE TEILLEUL
50591,43.22A,PME,50640,LE TEILLEUL
50591,43.31Z,PME,50640,LE TEILLEUL
50591,43.32A,PME,50640,LE TEILLEUL
50591,43.34Z,,50640,LE TEILLEUL
50591,43.34Z,PME,50640,LE TEILLEUL
50591,43.39Z,,50640,LE TEILLEUL
50591,43.39Z,PME,50640,LE TEILLEUL
50591,43.91B,PME,50640,LE TEILLEUL
50591,43.99C,PME,50640,LE TEILLEUL
50591,45.11Z,PME,50640,LE TEILLEUL
50591,45.20A,,50640,LE TEILLEUL
50591,45.20A,PME,50640,LE TEILLEUL
50591,46.19B,PME,50640,LE TEILLEUL
50591,46.21Z,ETI,50640,LE TEILLEUL
50591,46.21Z,GE,50640,LE TEILLEUL
50591,46.23Z,PME,50640,LE TEILLEUL
50591,46.61Z,ETI,50640,LE TEILLEUL
50591,46.61Z,PME,50640,LE TEILLEUL
50591,46.73A,PME,50640,LE TEILLEUL
50591,47.11B,PME,50640,LE TEILLEUL
50591,47.22Z,PME,50640,LE TEILLEUL
50591,47.29Z,,50640,LE TEILLEUL
50591,47.52A,GE,50640,LE TEILLEUL
50591,47.73Z,PME,50640,LE TEILLEUL
50591,47.76Z,PME,50640,LE TEILLEUL
50591,47.78A,PME,50640,LE TEILLEUL
50591,47.79Z,,50640,LE TEILLEUL
50591,47.79Z,PME,50640,LE TEILLEUL
50591,47.89Z,,50640,LE TEILLEUL
50591,47.89Z,PME,50640,LE TEILLEUL
50591,47.91B,PME,50640,LE TEILLEUL
50591,47.99A,PME,50640,LE TEILLEUL
50591,49.41A,PME,50640,LE TEILLEUL
50591,49.41B,ETI,50640,LE TEILLEUL
50591,52.10B,PME,50640,LE TEILLEUL
50591,55.10Z,PME,50640,LE TEILLEUL
50591,55.20Z,,50640,LE TEILLEUL
50591,55.20Z,PME,50640,LE TEILLEUL
50591,56.10A,PME,50640,LE TEILLEUL
50591,56.10C,,50640,LE TEILLEUL
50591,56.10C,PME,50640,LE TEILLEUL
50591,56.29B,GE,50640,LE TEILLEUL
50591,56.30Z,,50640,LE TEILLEUL
50591,56.30Z,PME,50640,LE TEILLEUL
50591,62.02A,PME,50640,LE TEILLEUL
50591,64.19Z,GE,50640,LE TEILLEUL
50591,64.20Z,,50640,LE TEILLEUL
50591,64.20Z,PME,50640,LE TEILLEUL
50591,66.22Z,PME,50640,LE TEILLEUL
50591,66.30Z,PME,50640,LE TEILLEUL
50591,68.20A,,50640,LE TEILLEUL
50591,68.20B,,50640,LE TEILLEUL
50591,68.20B,ETI,50640,LE TEILLEUL
50591,68.20B,PME,50640,LE TEILLEUL
50591,68.31Z,PME,50640,LE TEILLEUL
50591,69.10Z,PME,50640,LE TEILLEUL
50591,70.10Z,,50640,LE TEILLEUL
50591,70.10Z,PME,50640,LE TEILLEUL
50591,70.22Z,,50640,LE TEILLEUL
50591,70.22Z,PME,50640,LE TEILLEUL
50591,71.12B,,50640,LE TEILLEUL
50591,74.10Z,PME,50640,LE TEILLEUL
50591,75.00Z,PME,50640,LE TEILLEUL
50591,78.30Z,PME,50640,LE TEILLEUL
50591,81.21Z,,50640,LE TEILLEUL
50591,81.21Z,PME,50640,LE TEILLEUL
50591,81.30Z,PME,50640,LE TEILLEUL
50591,82.19Z,PME,50640,LE TEILLEUL
50591,84.11Z,PME,50640,LE TEILLEUL
50591,85.20Z,PME,50640,LE TEILLEUL
50591,85.31Z,PME,50640,LE TEILLEUL
50591,85.59B,,50640,LE TEILLEUL
50591,85.59B,PME,50640,LE TEILLEUL
50591,86.21Z,PME,50640,LE TEILLEUL
50591,86.23Z,PME,50640,LE TEILLEUL
50591,86.90A,PME,50640,LE TEILLEUL
50591,86.90D,PME,50640,LE TEILLEUL
50591,86.90E,,50640,LE TEILLEUL
50591,86.90E,PME,50640,LE TEILLEUL
50591,86.90F,PME,50640,LE TEILLEUL
50591,87.10A,,50640,LE TEILLEUL
50591,87.10A,GE,50640,LE TEILLEUL
50591,88.99B,,50640,LE TEILLEUL
50591,90.01Z,,50640,LE TEILLEUL
50591,90.03B,PME,50640,LE TEILLEUL
50591,93.12Z,,50640,LE TEILLEUL
50591,93.19Z,PME,50640,LE TEILLEUL
50591,93.29Z,,50640,LE TEILLEUL
50591,94.11Z,,50640,LE TEILLEUL
50591,94.91Z,,50640,LE TEILLEUL
50591,94.99Z,,50640,LE TEILLEUL
50591,94.99Z,PME,50640,LE TEILLEUL
50591,95.11Z,PME,50640,LE TEILLEUL
50591,95.29Z,PME,50640,LE TEILLEUL
50591,96.02A,PME,50640,LE TEILLEUL
50591,96.03Z,PME,50640,LE TEILLEUL
50591,96.09Z,,50640,LE TEILLEUL
50591,96.09Z,PME,50640,LE TEILLEUL
50593,01.11Z,,50630,TEURTHEVILLE-BOCAGE
50593,01.13Z,,50630,TEURTHEVILLE-BOCAGE
50593,01.24Z,,50630,TEURTHEVILLE-BOCAGE
50593,01.41Z,,50630,TEURTHEVILLE-BOCAGE
50593,01.42Z,,50630,TEURTHEVILLE-BOCAGE
50593,01.42Z,PME,50630,TEURTHEVILLE-BOCAGE
50593,01.45Z,,50630,TEURTHEVILLE-BOCAGE
50593,01.49Z,,50630,TEURTHEVILLE-BOCAGE
50593,01.50Z,,50630,TEURTHEVILLE-BOCAGE
50593,03.11Z,,50630,TEURTHEVILLE-BOCAGE
50593,10.71C,PME,50630,TEURTHEVILLE-BOCAGE
50593,14.39Z,PME,50630,TEURTHEVILLE-BOCAGE
50593,43.12A,PME,50630,TEURTHEVILLE-BOCAGE
50593,43.22A,PME,50630,TEURTHEVILLE-BOCAGE
50593,43.34Z,PME,50630,TEURTHEVILLE-BOCAGE
50593,43.39Z,PME,50630,TEURTHEVILLE-BOCAGE
50593,45.20A,,50630,TEURTHEVILLE-BOCAGE
50593,45.20A,PME,50630,TEURTHEVILLE-BOCAGE
50593,46.19B,PME,50630,TEURTHEVILLE-BOCAGE
50593,46.49Z,PME,50630,TEURTHEVILLE-BOCAGE
50593,47.78C,PME,50630,TEURTHEVILLE-BOCAGE
50593,47.91B,PME,50630,TEURTHEVILLE-BOCAGE
50593,47.99A,PME,50630,TEURTHEVILLE-BOCAGE
50593,56.30Z,PME,50630,TEURTHEVILLE-BOCAGE
50593,64.99Z,PME,50630,TEURTHEVILLE-BOCAGE
50593,66.30Z,PME,50630,TEURTHEVILLE-BOCAGE
50593,68.10Z,,50630,TEURTHEVILLE-BOCAGE
50593,68.20A,,50630,TEURTHEVILLE-BOCAGE
50593,68.20B,,50630,TEURTHEVILLE-BOCAGE
50593,68.20B,PME,50630,TEURTHEVILLE-BOCAGE
50593,69.20Z,,50630,TEURTHEVILLE-BOCAGE
50593,70.10Z,,50630,TEURTHEVILLE-BOCAGE
50593,74.10Z,PME,50630,TEURTHEVILLE-BOCAGE
50593,74.20Z,PME,50630,TEURTHEVILLE-BOCAGE
50593,81.30Z,PME,50630,TEURTHEVILLE-BOCAGE
50593,82.19Z,PME,50630,TEURTHEVILLE-BOCAGE
50593,84.11Z,PME,50630,TEURTHEVILLE-BOCAGE
50593,85.20Z,PME,50630,TEURTHEVILLE-BOCAGE
50593,85.51Z,PME,50630,TEURTHEVILLE-BOCAGE
50593,88.99B,,50630,TEURTHEVILLE-BOCAGE
50593,90.01Z,PME,50630,TEURTHEVILLE-BOCAGE
50593,90.03A,PME,50630,TEURTHEVILLE-BOCAGE
50593,93.12Z,,50630,TEURTHEVILLE-BOCAGE
50593,94.99Z,,50630,TEURTHEVILLE-BOCAGE
50594,01.11Z,,50690,TEURTHEVILLE-HAGUE
50594,01.41Z,,50690,TEURTHEVILLE-HAGUE
50594,01.42Z,,50690,TEURTHEVILLE-HAGUE
50594,01.43Z,,50690,TEURTHEVILLE-HAGUE
50594,01.45Z,,50690,TEURTHEVILLE-HAGUE
50594,01.49Z,,50690,TEURTHEVILLE-HAGUE
50594,01.50Z,,50690,TEURTHEVILLE-HAGUE
50594,01.61Z,,50690,TEURTHEVILLE-HAGUE
50594,01.62Z,,50690,TEURTHEVILLE-HAGUE
50594,02.40Z,,50690,TEURTHEVILLE-HAGUE
50594,10.71C,PME,50690,TEURTHEVILLE-HAGUE
50594,16.29Z,PME,50690,TEURTHEVILLE-HAGUE
50594,26.40Z,PME,50690,TEURTHEVILLE-HAGUE
50594,32.13Z,PME,50690,TEURTHEVILLE-HAGUE
50594,33.20A,ETI,50690,TEURTHEVILLE-HAGUE
50594,43.21A,,50690,TEURTHEVILLE-HAGUE
50594,43.21A,PME,50690,TEURTHEVILLE-HAGUE
50594,43.32A,PME,50690,TEURTHEVILLE-HAGUE
50594,43.33Z,PME,50690,TEURTHEVILLE-HAGUE
50594,47.22Z,PME,50690,TEURTHEVILLE-HAGUE
50594,47.91A,PME,50690,TEURTHEVILLE-HAGUE
50594,47.99A,PME,50690,TEURTHEVILLE-HAGUE
50594,56.29B,PME,50690,TEURTHEVILLE-HAGUE
50594,56.30Z,,50690,TEURTHEVILLE-HAGUE
50594,64.20Z,PME,50690,TEURTHEVILLE-HAGUE
50594,68.20A,,50690,TEURTHEVILLE-HAGUE
50594,68.20A,PME,50690,TEURTHEVILLE-HAGUE
50594,68.20B,,50690,TEURTHEVILLE-HAGUE
50594,68.20B,PME,50690,TEURTHEVILLE-HAGUE
50594,68.31Z,PME,50690,TEURTHEVILLE-HAGUE
50594,68.32A,,50690,TEURTHEVILLE-HAGUE
50594,68.32B,,50690,TEURTHEVILLE-HAGUE
50594,70.22Z,PME,50690,TEURTHEVILLE-HAGUE
50594,71.12B,PME,50690,TEURTHEVILLE-HAGUE
50594,74.10Z,,50690,TEURTHEVILLE-HAGUE
50594,74.10Z,PME,50690,TEURTHEVILLE-HAGUE
50594,78.30Z,PME,50690,TEURTHEVILLE-HAGUE
50594,81.21Z,,50690,TEURTHEVILLE-HAGUE
50594,81.21Z,PME,50690,TEURTHEVILLE-HAGUE
50594,81.29A,PME,50690,TEURTHEVILLE-HAGUE
50594,84.11Z,PME,50690,TEURTHEVILLE-HAGUE
50594,85.20Z,PME,50690,TEURTHEVILLE-HAGUE
50594,85.51Z,PME,50690,TEURTHEVILLE-HAGUE
50594,85.59B,,50690,TEURTHEVILLE-HAGUE
50594,85.59B,PME,50690,TEURTHEVILLE-HAGUE
50594,86.90D,,50690,TEURTHEVILLE-HAGUE
50594,86.90D,PME,50690,TEURTHEVILLE-HAGUE
50594,86.90E,PME,50690,TEURTHEVILLE-HAGUE
50594,90.01Z,,50690,TEURTHEVILLE-HAGUE
50594,90.01Z,PME,50690,TEURTHEVILLE-HAGUE
50594,90.03A,PME,50690,TEURTHEVILLE-HAGUE
50594,93.12Z,,50690,TEURTHEVILLE-HAGUE
50594,93.12Z,PME,50690,TEURTHEVILLE-HAGUE
50594,93.29Z,,50690,TEURTHEVILLE-HAGUE
50594,93.29Z,PME,50690,TEURTHEVILLE-HAGUE
50594,94.99Z,,50690,TEURTHEVILLE-HAGUE
50594,96.01B,PME,50690,TEURTHEVILLE-HAGUE
50594,96.09Z,PME,50690,TEURTHEVILLE-HAGUE
50597,01.11Z,,50870,TIREPIED-SUR-SEE
50597,01.13Z,,50870,TIREPIED-SUR-SEE
50597,01.19Z,,50870,TIREPIED-SUR-SEE
50597,01.24Z,,50870,TIREPIED-SUR-SEE
50597,01.41Z,,50870,TIREPIED-SUR-SEE
50597,01.42Z,,50870,TIREPIED-SUR-SEE
50597,01.43Z,,50870,TIREPIED-SUR-SEE
50597,01.49Z,,50870,TIREPIED-SUR-SEE
50597,01.50Z,,50870,TIREPIED-SUR-SEE
50597,01.61Z,,50870,TIREPIED-SUR-SEE
50597,01.62Z,,50870,TIREPIED-SUR-SEE
50597,14.13Z,,50870,TIREPIED-SUR-SEE
50597,20.14Z,PME,50870,TIREPIED-SUR-SEE
50597,20.42Z,PME,50870,TIREPIED-SUR-SEE
50597,35.11Z,GE,50870,TIREPIED-SUR-SEE
50597,35.11Z,PME,50870,TIREPIED-SUR-SEE
50597,43.12A,PME,50870,TIREPIED-SUR-SEE
50597,43.21A,PME,50870,TIREPIED-SUR-SEE
50597,43.31Z,PME,50870,TIREPIED-SUR-SEE
50597,43.32A,PME,50870,TIREPIED-SUR-SEE
50597,43.34Z,PME,50870,TIREPIED-SUR-SEE
50597,43.39Z,PME,50870,TIREPIED-SUR-SEE
50597,43.91B,,50870,TIREPIED-SUR-SEE
50597,43.91B,PME,50870,TIREPIED-SUR-SEE
50597,43.99C,PME,50870,TIREPIED-SUR-SEE
50597,45.11Z,,50870,TIREPIED-SUR-SEE
50597,45.11Z,PME,50870,TIREPIED-SUR-SEE
50597,45.20A,PME,50870,TIREPIED-SUR-SEE
50597,46.19B,PME,50870,TIREPIED-SUR-SEE
50597,46.44Z,PME,50870,TIREPIED-SUR-SEE
50597,47.11B,PME,50870,TIREPIED-SUR-SEE
50597,47.64Z,PME,50870,TIREPIED-SUR-SEE
50597,47.89Z,,50870,TIREPIED-SUR-SEE
50597,47.99A,PME,50870,TIREPIED-SUR-SEE
50597,49.31Z,PME,50870,TIREPIED-SUR-SEE
50597,49.41A,,50870,TIREPIED-SUR-SEE
50597,55.20Z,,50870,TIREPIED-SUR-SEE
50597,55.20Z,PME,50870,TIREPIED-SUR-SEE
50597,56.30Z,PME,50870,TIREPIED-SUR-SEE
50597,62.02A,PME,50870,TIREPIED-SUR-SEE
50597,64.20Z,,50870,TIREPIED-SUR-SEE
50597,64.30Z,PME,50870,TIREPIED-SUR-SEE
50597,66.30Z,,50870,TIREPIED-SUR-SEE
50597,68.20A,,50870,TIREPIED-SUR-SEE
50597,68.20B,,50870,TIREPIED-SUR-SEE
50597,68.20B,PME,50870,TIREPIED-SUR-SEE
50597,70.10Z,PME,50870,TIREPIED-SUR-SEE
50597,71.12B,,50870,TIREPIED-SUR-SEE
50597,71.20B,PME,50870,TIREPIED-SUR-SEE
50597,74.20Z,,50870,TIREPIED-SUR-SEE
50597,74.90B,PME,50870,TIREPIED-SUR-SEE
50597,81.21Z,PME,50870,TIREPIED-SUR-SEE
50597,84.11Z,PME,50870,TIREPIED-SUR-SEE
50597,85.20Z,PME,50870,TIREPIED-SUR-SEE
50597,85.52Z,PME,50870,TIREPIED-SUR-SEE
50597,85.59B,PME,50870,TIREPIED-SUR-SEE
50597,86.90D,,50870,TIREPIED-SUR-SEE
50597,86.90D,PME,50870,TIREPIED-SUR-SEE
50597,86.90E,PME,50870,TIREPIED-SUR-SEE
50597,88.99B,,50870,TIREPIED-SUR-SEE
50597,90.03A,PME,50870,TIREPIED-SUR-SEE
50597,93.12Z,,50870,TIREPIED-SUR-SEE
50597,93.19Z,PME,50870,TIREPIED-SUR-SEE
50597,94.99Z,,50870,TIREPIED-SUR-SEE
50597,94.99Z,PME,50870,TIREPIED-SUR-SEE
50597,96.02B,,50870,TIREPIED-SUR-SEE
50597,96.04Z,PME,50870,TIREPIED-SUR-SEE
50606,01.11Z,,50620,TRIBEHOU
50606,01.41Z,,50620,TRIBEHOU
50606,01.42Z,,50620,TRIBEHOU
50606,01.43Z,,50620,TRIBEHOU
50606,01.45Z,,50620,TRIBEHOU
50606,01.49Z,,50620,TRIBEHOU
50606,03.11Z,,50620,TRIBEHOU
50606,11.01Z,PME,50620,TRIBEHOU
50606,16.10A,PME,50620,TRIBEHOU
50606,29.20Z,,50620,TRIBEHOU
50606,35.11Z,,50620,TRIBEHOU
50606,36.00Z,GE,50620,TRIBEHOU
50606,37.00Z,PME,50620,TRIBEHOU
50606,41.20B,PME,50620,TRIBEHOU
50606,43.12A,PME,50620,TRIBEHOU
50606,43.32A,PME,50620,TRIBEHOU
50606,43.33Z,PME,50620,TRIBEHOU
50606,43.34Z,PME,50620,TRIBEHOU
50606,43.99C,PME,50620,TRIBEHOU
50606,46.73A,PME,50620,TRIBEHOU
50606,47.11B,,50620,TRIBEHOU
50606,49.32Z,PME,50620,TRIBEHOU
50606,49.41A,PME,50620,TRIBEHOU
50606,55.20Z,PME,50620,TRIBEHOU
50606,56.10A,PME,50620,TRIBEHOU
50606,64.20Z,,50620,TRIBEHOU
50606,68.20B,,50620,TRIBEHOU
50606,68.20B,PME,50620,TRIBEHOU
50606,70.22Z,PME,50620,TRIBEHOU
50606,71.12B,PME,50620,TRIBEHOU
50606,81.22Z,PME,50620,TRIBEHOU
50606,84.11Z,PME,50620,TRIBEHOU
50606,85.10Z,PME,50620,TRIBEHOU
50606,85.20Z,PME,50620,TRIBEHOU
50606,86.90D,PME,50620,TRIBEHOU
50606,88.10A,,50620,TRIBEHOU
50606,90.01Z,PME,50620,TRIBEHOU
50606,90.02Z,,50620,TRIBEHOU
50606,93.19Z,PME,50620,TRIBEHOU
50606,94.99Z,,50620,TRIBEHOU
50606,96.02A,PME,50620,TRIBEHOU
50606,96.09Z,PME,50620,TRIBEHOU
50607,01.11Z,,50800,LA TRINITE
50607,01.19Z,,50800,LA TRINITE
50607,01.41Z,,50800,LA TRINITE
50607,01.42Z,,50800,LA TRINITE
50607,01.43Z,,50800,LA TRINITE
50607,01.45Z,,50800,LA TRINITE
50607,01.49Z,,50800,LA TRINITE
50607,11.01Z,PME,50800,LA TRINITE
50607,16.10A,PME,50800,LA TRINITE
50607,37.00Z,PME,50800,LA TRINITE
50607,43.32A,PME,50800,LA TRINITE
50607,43.39Z,PME,50800,LA TRINITE
50607,43.91A,PME,50800,LA TRINITE
50607,43.99C,PME,50800,LA TRINITE
50607,45.20A,PME,50800,LA TRINITE
50607,47.64Z,,50800,LA TRINITE
50607,47.64Z,PME,50800,LA TRINITE
50607,47.99A,PME,50800,LA TRINITE
50607,62.09Z,PME,50800,LA TRINITE
50607,66.30Z,,50800,LA TRINITE
50607,68.20A,,50800,LA TRINITE
50607,68.20B,,50800,LA TRINITE
50607,68.20B,PME,50800,LA TRINITE
50607,68.32A,PME,50800,LA TRINITE
50607,70.22Z,PME,50800,LA TRINITE
50607,71.12B,PME,50800,LA TRINITE
50607,79.90Z,PME,50800,LA TRINITE
50607,84.11Z,PME,50800,LA TRINITE
50607,90.03A,PME,50800,LA TRINITE
50607,93.19Z,PME,50800,LA TRINITE
50607,94.99Z,,50800,LA TRINITE
50607,95.24Z,PME,50800,LA TRINITE
50607,96.09Z,,50800,LA TRINITE
50607,96.09Z,PME,50800,LA TRINITE
50610,01.11Z,,50700,URVILLE
50610,01.41Z,,50700,URVILLE
50610,01.42Z,,50700,URVILLE
50610,01.43Z,,50700,URVILLE
50610,01.43Z,PME,50700,URVILLE
50610,01.50Z,,50700,URVILLE
50610,11.01Z,PME,50700,URVILLE
50610,35.11Z,PME,50700,URVILLE
50610,43.12A,PME,50700,URVILLE
50610,43.22A,PME,50700,URVILLE
50610,46.23Z,PME,50700,URVILLE
50610,47.81Z,PME,50700,URVILLE
50610,47.99A,,50700,URVILLE
50610,47.99A,PME,50700,URVILLE
50610,59.11B,PME,50700,URVILLE
50610,68.20B,,50700,URVILLE
50610,68.20B,PME,50700,URVILLE
50610,84.11Z,PME,50700,URVILLE
50610,86.90F,PME,50700,URVILLE
50610,90.01Z,PME,50700,URVILLE
50610,93.29Z,,50700,URVILLE
50610,94.99Z,,50700,URVILLE
50613,01.11Z,,50760,VALCANVILLE
50613,01.13Z,,50760,VALCANVILLE
50613,01.41Z,,50760,VALCANVILLE
50613,01.42Z,,50760,VALCANVILLE
50613,01.49Z,,50760,VALCANVILLE
50613,01.50Z,,50760,VALCANVILLE
50613,01.61Z,,50760,VALCANVILLE
50613,03.11Z,,50760,VALCANVILLE
50613,10.20Z,,50760,VALCANVILLE
50613,14.39Z,PME,50760,VALCANVILLE
50613,37.00Z,,50760,VALCANVILLE
50613,37.00Z,PME,50760,VALCANVILLE
50613,43.21A,PME,50760,VALCANVILLE
50613,43.22B,PME,50760,VALCANVILLE
50613,43.34Z,PME,50760,VALCANVILLE
50613,43.91B,PME,50760,VALCANVILLE
50613,46.34Z,,50760,VALCANVILLE
50613,46.61Z,PME,50760,VALCANVILLE
50613,47.11B,PME,50760,VALCANVILLE
50613,47.99A,PME,50760,VALCANVILLE
50613,52.10B,PME,50760,VALCANVILLE
50613,55.20Z,PME,50760,VALCANVILLE
50613,62.02B,PME,50760,VALCANVILLE
50613,64.20Z,,50760,VALCANVILLE
50613,68.20A,,50760,VALCANVILLE
50613,68.20B,,50760,VALCANVILLE
50613,68.20B,PME,50760,VALCANVILLE
50613,73.11Z,PME,50760,VALCANVILLE
50613,77.39Z,PME,50760,VALCANVILLE
50613,81.30Z,PME,50760,VALCANVILLE
50613,84.11Z,PME,50760,VALCANVILLE
50613,90.01Z,PME,50760,VALCANVILLE
50613,93.12Z,PME,50760,VALCANVILLE
50613,94.91Z,,50760,VALCANVILLE
50613,94.99Z,,50760,VALCANVILLE
50613,94.99Z,PME,50760,VALCANVILLE
50613,96.02A,PME,50760,VALCANVILLE
50613,96.02B,PME,50760,VALCANVILLE
50613,96.09Z,PME,50760,VALCANVILLE
50615,01.11Z,,50700,VALOGNES
50615,01.13Z,,50700,VALOGNES
50615,01.24Z,PME,50700,VALOGNES
50615,01.30Z,,50700,VALOGNES
50615,01.41Z,,50700,VALOGNES
50615,01.42Z,,50700,VALOGNES
50615,01.43Z,,50700,VALOGNES
50615,01.43Z,PME,50700,VALOGNES
50615,01.45Z,,50700,VALOGNES
50615,01.49Z,,50700,VALOGNES
50615,01.50Z,,50700,VALOGNES
50615,01.61Z,,50700,VALOGNES
50615,01.62Z,,50700,VALOGNES
50615,01.70Z,PME,50700,VALOGNES
50615,02.10Z,,50700,VALOGNES
50615,02.20Z,PME,50700,VALOGNES
50615,10.13B,PME,50700,VALOGNES
50615,10.71C,PME,50700,VALOGNES
50615,10.71D,,50700,VALOGNES
50615,10.71D,PME,50700,VALOGNES
50615,10.72Z,,50700,VALOGNES
50615,10.82Z,PME,50700,VALOGNES
50615,10.89Z,,50700,VALOGNES
50615,13.30Z,,50700,VALOGNES
50615,13.92Z,PME,50700,VALOGNES
50615,14.13Z,,50700,VALOGNES
50615,14.13Z,PME,50700,VALOGNES
50615,14.19Z,PME,50700,VALOGNES
50615,15.12Z,,50700,VALOGNES
50615,16.10A,PME,50700,VALOGNES
50615,18.12Z,PME,50700,VALOGNES
50615,18.13Z,PME,50700,VALOGNES
50615,23.41Z,,50700,VALOGNES
50615,23.61Z,ETI,50700,VALOGNES
50615,23.61Z,GE,50700,VALOGNES
50615,23.61Z,PME,50700,VALOGNES
50615,23.63Z,GE,50700,VALOGNES
50615,23.70Z,PME,50700,VALOGNES
50615,25.11Z,PME,50700,VALOGNES
50615,25.50B,PME,50700,VALOGNES
50615,25.61Z,PME,50700,VALOGNES
50615,25.62B,PME,50700,VALOGNES
50615,27.33Z,,50700,VALOGNES
50615,28.13Z,PME,50700,VALOGNES
50615,28.99B,GE,50700,VALOGNES
50615,29.20Z,ETI,50700,VALOGNES
50615,32.50A,PME,50700,VALOGNES
50615,33.11Z,GE,50700,VALOGNES
50615,33.12Z,ETI,50700,VALOGNES
50615,33.12Z,PME,50700,VALOGNES
50615,33.15Z,ETI,50700,VALOGNES
50615,33.20A,,50700,VALOGNES
50615,35.11Z,PME,50700,VALOGNES
50615,35.13Z,GE,50700,VALOGNES
50615,37.00Z,GE,50700,VALOGNES
50615,38.21Z,GE,50700,VALOGNES
50615,39.00Z,PME,50700,VALOGNES
50615,41.10D,,50700,VALOGNES
50615,41.10D,PME,50700,VALOGNES
50615,41.20A,PME,50700,VALOGNES
50615,42.22Z,GE,50700,VALOGNES
50615,42.99Z,PME,50700,VALOGNES
50615,43.11Z,PME,50700,VALOGNES
50615,43.12A,PME,50700,VALOGNES
50615,43.12B,PME,50700,VALOGNES
50615,43.21A,ETI,50700,VALOGNES
50615,43.21A,PME,50700,VALOGNES
50615,43.22A,ETI,50700,VALOGNES
50615,43.22A,PME,50700,VALOGNES
50615,43.22B,PME,50700,VALOGNES
50615,43.29B,PME,50700,VALOGNES
50615,43.32A,,50700,VALOGNES
50615,43.32A,PME,50700,VALOGNES
50615,43.32B,PME,50700,VALOGNES
50615,43.34Z,,50700,VALOGNES
50615,43.34Z,PME,50700,VALOGNES
50615,43.91A,PME,50700,VALOGNES
50615,43.91B,PME,50700,VALOGNES
50615,43.99C,PME,50700,VALOGNES
50615,43.99D,PME,50700,VALOGNES
50615,45.11Z,,50700,VALOGNES
50615,45.11Z,PME,50700,VALOGNES
50615,45.19Z,PME,50700,VALOGNES
50615,45.20A,PME,50700,VALOGNES
50615,45.32Z,PME,50700,VALOGNES
50615,45.40Z,PME,50700,VALOGNES
50615,46.15Z,PME,50700,VALOGNES
50615,46.19B,,50700,VALOGNES
50615,46.19B,PME,50700,VALOGNES
50615,46.21Z,ETI,50700,VALOGNES
50615,46.21Z,GE,50700,VALOGNES
50615,46.22Z,PME,50700,VALOGNES
50615,46.34Z,ETI,50700,VALOGNES
50615,46.34Z,PME,50700,VALOGNES
50615,46.47Z,,50700,VALOGNES
50615,46.49Z,,50700,VALOGNES
50615,46.49Z,PME,50700,VALOGNES
50615,46.61Z,ETI,50700,VALOGNES
50615,46.61Z,GE,50700,VALOGNES
50615,46.61Z,PME,50700,VALOGNES
50615,46.69B,ETI,50700,VALOGNES
50615,46.72Z,PME,50700,VALOGNES
50615,46.73A,GE,50700,VALOGNES
50615,46.73A,PME,50700,VALOGNES
50615,46.73B,PME,50700,VALOGNES
50615,46.74B,ETI,50700,VALOGNES
50615,46.77Z,PME,50700,VALOGNES
50615,47.11B,PME,50700,VALOGNES
50615,47.11D,,50700,VALOGNES
50615,47.11D,GE,50700,VALOGNES
50615,47.11D,PME,50700,VALOGNES
50615,47.11F,PME,50700,VALOGNES
50615,47.21Z,PME,50700,VALOGNES
50615,47.22Z,PME,50700,VALOGNES
50615,47.24Z,PME,50700,VALOGNES
50615,47.25Z,PME,50700,VALOGNES
50615,47.26Z,PME,50700,VALOGNES
50615,47.29Z,,50700,VALOGNES
50615,47.29Z,PME,50700,VALOGNES
50615,47.30Z,GE,50700,VALOGNES
50615,47.41Z,PME,50700,VALOGNES
50615,47.51Z,,50700,VALOGNES
50615,47.51Z,PME,50700,VALOGNES
50615,47.52A,PME,50700,VALOGNES
50615,47.52B,GE,50700,VALOGNES
50615,47.52B,PME,50700,VALOGNES
50615,47.59A,PME,50700,VALOGNES
50615,47.59B,PME,50700,VALOGNES
50615,47.61Z,PME,50700,VALOGNES
50615,47.62Z,,50700,VALOGNES
50615,47.65Z,PME,50700,VALOGNES
50615,47.71Z,ETI,50700,VALOGNES
50615,47.71Z,PME,50700,VALOGNES
50615,47.72A,PME,50700,VALOGNES
50615,47.73Z,PME,50700,VALOGNES
50615,47.74Z,PME,50700,VALOGNES
50615,47.76Z,,50700,VALOGNES
50615,47.76Z,PME,50700,VALOGNES
50615,47.77Z,PME,50700,VALOGNES
50615,47.78A,PME,50700,VALOGNES
50615,47.78B,GE,50700,VALOGNES
50615,47.78C,PME,50700,VALOGNES
50615,47.79Z,PME,50700,VALOGNES
50615,47.81Z,PME,50700,VALOGNES
50615,47.91A,,50700,VALOGNES
50615,47.91A,PME,50700,VALOGNES
50615,47.91B,,50700,VALOGNES
50615,47.91B,PME,50700,VALOGNES
50615,47.99A,,50700,VALOGNES
50615,47.99A,PME,50700,VALOGNES
50615,49.10Z,GE,50700,VALOGNES
50615,49.39A,GE,50700,VALOGNES
50615,49.41A,GE,50700,VALOGNES
50615,49.41A,PME,50700,VALOGNES
50615,49.41B,ETI,50700,VALOGNES
50615,49.41B,PME,50700,VALOGNES
50615,52.10B,GE,50700,VALOGNES
50615,52.10B,PME,50700,VALOGNES
50615,53.10Z,GE,50700,VALOGNES
50615,55.10Z,,50700,VALOGNES
50615,55.10Z,PME,50700,VALOGNES
50615,55.20Z,,50700,VALOGNES
50615,55.20Z,PME,50700,VALOGNES
50615,55.30Z,PME,50700,VALOGNES
50615,55.90Z,PME,50700,VALOGNES
50615,56.10A,,50700,VALOGNES
50615,56.10A,ETI,50700,VALOGNES
50615,56.10A,PME,50700,VALOGNES
50615,56.10B,ETI,50700,VALOGNES
50615,56.10C,,50700,VALOGNES
50615,56.10C,PME,50700,VALOGNES
50615,56.21Z,,50700,VALOGNES
50615,56.29A,ETI,50700,VALOGNES
50615,56.29A,GE,50700,VALOGNES
50615,56.29B,,50700,VALOGNES
50615,56.29B,GE,50700,VALOGNES
50615,56.30Z,,50700,VALOGNES
50615,56.30Z,PME,50700,VALOGNES
50615,58.11Z,,50700,VALOGNES
50615,58.14Z,PME,50700,VALOGNES
50615,59.14Z,PME,50700,VALOGNES
50615,62.01Z,,50700,VALOGNES
50615,62.01Z,PME,50700,VALOGNES
50615,62.02A,PME,50700,VALOGNES
50615,62.09Z,PME,50700,VALOGNES
50615,63.91Z,PME,50700,VALOGNES
50615,64.19Z,GE,50700,VALOGNES
50615,64.20Z,,50700,VALOGNES
50615,64.20Z,PME,50700,VALOGNES
50615,64.30Z,,50700,VALOGNES
50615,64.30Z,PME,50700,VALOGNES
50615,64.92Z,PME,50700,VALOGNES
50615,64.99Z,PME,50700,VALOGNES
50615,65.12Z,GE,50700,VALOGNES
50615,66.19A,,50700,VALOGNES
50615,66.22Z,,50700,VALOGNES
50615,66.22Z,PME,50700,VALOGNES
50615,66.29Z,PME,50700,VALOGNES
50615,66.30Z,PME,50700,VALOGNES
50615,68.10Z,PME,50700,VALOGNES
50615,68.20A,,50700,VALOGNES
50615,68.20A,PME,50700,VALOGNES
50615,68.20B,,50700,VALOGNES
50615,68.20B,ETI,50700,VALOGNES
50615,68.20B,GE,50700,VALOGNES
50615,68.20B,PME,50700,VALOGNES
50615,68.31Z,,50700,VALOGNES
50615,68.31Z,PME,50700,VALOGNES
50615,68.32A,,50700,VALOGNES
50615,68.32A,PME,50700,VALOGNES
50615,69.10Z,,50700,VALOGNES
50615,69.10Z,PME,50700,VALOGNES
50615,69.20Z,ETI,50700,VALOGNES
50615,69.20Z,PME,50700,VALOGNES
50615,70.10Z,,50700,VALOGNES
50615,70.10Z,GE,50700,VALOGNES
50615,70.10Z,PME,50700,VALOGNES
50615,70.21Z,,50700,VALOGNES
50615,70.22Z,,50700,VALOGNES
50615,70.22Z,ETI,50700,VALOGNES
50615,70.22Z,GE,50700,VALOGNES
50615,70.22Z,PME,50700,VALOGNES
50615,71.11Z,PME,50700,VALOGNES
50615,71.12A,PME,50700,VALOGNES
50615,71.12B,,50700,VALOGNES
50615,71.12B,PME,50700,VALOGNES
50615,71.20A,PME,50700,VALOGNES
50615,71.20B,PME,50700,VALOGNES
50615,72.19Z,,50700,VALOGNES
50615,72.19Z,PME,50700,VALOGNES
50615,73.11Z,,50700,VALOGNES
50615,73.11Z,PME,50700,VALOGNES
50615,74.20Z,,50700,VALOGNES
50615,74.20Z,PME,50700,VALOGNES
50615,74.90A,,50700,VALOGNES
50615,74.90B,,50700,VALOGNES
50615,74.90B,PME,50700,VALOGNES
50615,75.00Z,PME,50700,VALOGNES
50615,77.31Z,PME,50700,VALOGNES
50615,77.32Z,PME,50700,VALOGNES
50615,78.20Z,,50700,VALOGNES
50615,78.20Z,GE,50700,VALOGNES
50615,78.30Z,PME,50700,VALOGNES
50615,79.11Z,,50700,VALOGNES
50615,79.11Z,PME,50700,VALOGNES
50615,79.90Z,PME,50700,VALOGNES
50615,81.10Z,,50700,VALOGNES
50615,81.10Z,PME,50700,VALOGNES
50615,81.21Z,,50700,VALOGNES
50615,81.21Z,GE,50700,VALOGNES
50615,81.22Z,PME,50700,VALOGNES
50615,81.29A,PME,50700,VALOGNES
50615,81.30Z,PME,50700,VALOGNES
50615,82.11Z,,50700,VALOGNES
50615,82.11Z,PME,50700,VALOGNES
50615,82.19Z,,50700,VALOGNES
50615,82.99Z,PME,50700,VALOGNES
50615,84.11Z,ETI,50700,VALOGNES
50615,84.11Z,PME,50700,VALOGNES
50615,84.12Z,ETI,50700,VALOGNES
50615,84.13Z,ETI,50700,VALOGNES
50615,84.23Z,ETI,50700,VALOGNES
50615,84.30A,ETI,50700,VALOGNES
50615,85.10Z,PME,50700,VALOGNES
50615,85.20Z,PME,50700,VALOGNES
50615,85.31Z,PME,50700,VALOGNES
50615,85.42Z,PME,50700,VALOGNES
50615,85.51Z,PME,50700,VALOGNES
50615,85.52Z,,50700,VALOGNES
50615,85.52Z,PME,50700,VALOGNES
50615,85.53Z,PME,50700,VALOGNES
50615,85.59A,ETI,50700,VALOGNES
50615,85.59B,,50700,VALOGNES
50615,85.59B,PME,50700,VALOGNES
50615,85.60Z,,50700,VALOGNES
50615,86.10Z,ETI,50700,VALOGNES
50615,86.10Z,PME,50700,VALOGNES
50615,86.21Z,,50700,VALOGNES
50615,86.21Z,PME,50700,VALOGNES
50615,86.22A,PME,50700,VALOGNES
50615,86.23Z,,50700,VALOGNES
50615,86.23Z,PME,50700,VALOGNES
50615,86.90A,PME,50700,VALOGNES
50615,86.90B,ETI,50700,VALOGNES
50615,86.90D,,50700,VALOGNES
50615,86.90D,PME,50700,VALOGNES
50615,86.90E,,50700,VALOGNES
50615,86.90E,PME,50700,VALOGNES
50615,86.90F,,50700,VALOGNES
50615,86.90F,PME,50700,VALOGNES
50615,87.10A,PME,50700,VALOGNES
50615,87.10B,ETI,50700,VALOGNES
50615,87.30A,ETI,50700,VALOGNES
50615,87.30A,PME,50700,VALOGNES
50615,87.30B,ETI,50700,VALOGNES
50615,87.90B,,50700,VALOGNES
50615,87.90B,ETI,50700,VALOGNES
50615,88.10A,ETI,50700,VALOGNES
50615,88.10A,PME,50700,VALOGNES
50615,88.10C,ETI,50700,VALOGNES
50615,88.99B,,50700,VALOGNES
50615,88.99B,ETI,50700,VALOGNES
50615,88.99B,PME,50700,VALOGNES
50615,90.01Z,,50700,VALOGNES
50615,90.01Z,PME,50700,VALOGNES
50615,90.02Z,,50700,VALOGNES
50615,90.02Z,PME,50700,VALOGNES
50615,90.03A,,50700,VALOGNES
50615,90.03A,PME,50700,VALOGNES
50615,90.03B,,50700,VALOGNES
50615,90.03B,PME,50700,VALOGNES
50615,91.03Z,,50700,VALOGNES
50615,93.11Z,,50700,VALOGNES
50615,93.11Z,PME,50700,VALOGNES
50615,93.12Z,,50700,VALOGNES
50615,93.12Z,PME,50700,VALOGNES
50615,93.13Z,PME,50700,VALOGNES
50615,93.19Z,,50700,VALOGNES
50615,93.29Z,PME,50700,VALOGNES
50615,94.11Z,PME,50700,VALOGNES
50615,94.12Z,PME,50700,VALOGNES
50615,94.20Z,,50700,VALOGNES
50615,94.91Z,,50700,VALOGNES
50615,94.91Z,PME,50700,VALOGNES
50615,94.99Z,,50700,VALOGNES
50615,94.99Z,PME,50700,VALOGNES
50615,95.11Z,PME,50700,VALOGNES
50615,95.24Z,PME,50700,VALOGNES
50615,95.29Z,PME,50700,VALOGNES
50615,96.01A,PME,50700,VALOGNES
50615,96.01B,ETI,50700,VALOGNES
50615,96.01B,PME,50700,VALOGNES
50615,96.02A,,50700,VALOGNES
50615,96.02A,PME,50700,VALOGNES
50615,96.02B,,50700,VALOGNES
50615,96.02B,PME,50700,VALOGNES
50615,96.03Z,GE,50700,VALOGNES
50615,96.03Z,PME,50700,VALOGNES
50615,96.04Z,PME,50700,VALOGNES
50615,96.09Z,,50700,VALOGNES
50615,96.09Z,ETI,50700,VALOGNES
50615,96.09Z,PME,50700,VALOGNES
50619,01.11Z,,50630,LE VAST
50619,01.13Z,,50630,LE VAST
50619,01.41Z,,50630,LE VAST
50619,01.42Z,,50630,LE VAST
50619,01.43Z,,50630,LE VAST
50619,01.49Z,,50630,LE VAST
50619,01.49Z,PME,50630,LE VAST
50619,01.61Z,,50630,LE VAST
50619,02.10Z,,50630,LE VAST
50619,03.11Z,,50630,LE VAST
50619,10.71C,PME,50630,LE VAST
50619,41.20B,PME,50630,LE VAST
50619,43.31Z,PME,50630,LE VAST
50619,43.99C,PME,50630,LE VAST
50619,46.19B,PME,50630,LE VAST
50619,47.11B,PME,50630,LE VAST
50619,47.25Z,PME,50630,LE VAST
50619,47.79Z,PME,50630,LE VAST
50619,55.20Z,PME,50630,LE VAST
50619,68.20A,,50630,LE VAST
50619,68.20A,PME,50630,LE VAST
50619,68.20B,,50630,LE VAST
50619,68.20B,PME,50630,LE VAST
50619,68.32A,,50630,LE VAST
50619,70.10Z,PME,50630,LE VAST
50619,70.22Z,PME,50630,LE VAST
50619,74.10Z,PME,50630,LE VAST
50619,82.11Z,PME,50630,LE VAST
50619,84.11Z,PME,50630,LE VAST
50619,90.02Z,,50630,LE VAST
50619,93.19Z,PME,50630,LE VAST
50619,94.99Z,,50630,LE VAST
50619,96.02A,PME,50630,LE VAST
50619,96.09Z,,50630,LE VAST
50619,96.09Z,PME,50630,LE VAST
50633,01.11Z,,50760,LE VICEL
50633,01.13Z,,50760,LE VICEL
50633,01.42Z,,50760,LE VICEL
50633,01.43Z,,50760,LE VICEL
50633,01.45Z,,50760,LE VICEL
50633,01.50Z,,50760,LE VICEL
50633,01.62Z,,50760,LE VICEL
50633,03.11Z,,50760,LE VICEL
50633,10.61A,PME,50760,LE VICEL
50633,10.71C,PME,50760,LE VICEL
50633,47.79Z,PME,50760,LE VICEL
50633,68.20A,,50760,LE VICEL
50633,68.20B,,50760,LE VICEL
50633,68.20B,PME,50760,LE VICEL
50633,84.11Z,PME,50760,LE VICEL
50633,90.01Z,,50760,LE VICEL
50633,90.03B,PME,50760,LE VICEL
50633,94.99Z,,50760,LE VICEL
50634,01.11Z,,50630,VIDECOSVILLE
50634,01.13Z,,50630,VIDECOSVILLE
50634,01.41Z,,50630,VIDECOSVILLE
50634,01.42Z,,50630,VIDECOSVILLE
50634,01.49Z,,50630,VIDECOSVILLE
50634,02.10Z,,50630,VIDECOSVILLE
50634,13.92Z,PME,50630,VIDECOSVILLE
50634,32.99Z,PME,50630,VIDECOSVILLE
50634,55.30Z,PME,50630,VIDECOSVILLE
50634,68.20B,,50630,VIDECOSVILLE
50634,68.20B,PME,50630,VIDECOSVILLE
50634,68.31Z,PME,50630,VIDECOSVILLE
50634,84.11Z,PME,50630,VIDECOSVILLE
50634,94.99Z,,50630,VIDECOSVILLE
50634,95.29Z,PME,50630,VIDECOSVILLE
50639,01.11Z,,50800,VILLEDIEU-LES-POELES-ROUFFIGNY
50639,01.11Z,PME,50800,VILLEDIEU-LES-POELES-ROUFFIGNY
50639,01.24Z,PME,50800,VILLEDIEU-LES-POELES-ROUFFIGNY
50639,01.41Z,,50800,VILLEDIEU-LES-POELES-ROUFFIGNY
50639,01.42Z,,50800,VILLEDIEU-LES-POELES-ROUFFIGNY
50639,01.43Z,,50800,VILLEDIEU-LES-POELES-ROUFFIGNY
50639,01.45Z,,50800,VILLEDIEU-LES-POELES-ROUFFIGNY
50639,01.49Z,,50800,VILLEDIEU-LES-POELES-ROUFFIGNY
50639,01.50Z,,50800,VILLEDIEU-LES-POELES-ROUFFIGNY
50639,01.62Z,,50800,VILLEDIEU-LES-POELES-ROUFFIGNY
50639,02.20Z,PME,50800,VILLEDIEU-LES-POELES-ROUFFIGNY
50639,10.13B,PME,50800,VILLEDIEU-LES-POELES-ROUFFIGNY
50639,10.39B,PME,50800,VILLEDIEU-LES-POELES-ROUFFIGNY
50639,10.61A,PME,50800,VILLEDIEU-LES-POELES-ROUFFIGNY
50639,10.71C,,50800,VILLEDIEU-LES-POELES-ROUFFIGNY
50639,10.71C,PME,50800,VILLEDIEU-LES-POELES-ROUFFIGNY
50639,14.13Z,ETI,50800,VILLEDIEU-LES-POELES-ROUFFIGNY
50639,14.13Z,PME,50800,VILLEDIEU-LES-POELES-ROUFFIGNY
50639,14.19Z,PME,50800,VILLEDIEU-LES-POELES-ROUFFIGNY
50639,16.29Z,PME,50800,VILLEDIEU-LES-POELES-ROUFFIGNY
50639,18.12Z,PME,50800,VILLEDIEU-LES-POELES-ROUFFIGNY
50639,18.13Z,PME,50800,VILLEDIEU-LES-POELES-ROUFFIGNY
50639,20.41Z,PME,50800,VILLEDIEU-LES-POELES-ROUFFIGNY
50639,23.13Z,PME,50800,VILLEDIEU-LES-POELES-ROUFFIGNY
50639,23.19Z,PME,50800,VILLEDIEU-LES-POELES-ROUFFIGNY
50639,23.41Z,PME,50800,VILLEDIEU-LES-POELES-ROUFFIGNY
50639,23.70Z,PME,50800,VILLEDIEU-LES-POELES-ROUFFIGNY
50639,24.44Z,PME,50800,VILLEDIEU-LES-POELES-ROUFFIGNY
50639,25.11Z,PME,50800,VILLEDIEU-LES-POELES-ROUFFIGNY
50639,25.12Z,PME,50800,VILLEDIEU-LES-POELES-ROUFFIGNY
50639,25.62B,PME,50800,VILLEDIEU-LES-POELES-ROUFFIGNY
50639,25.99A,PME,50800,VILLEDIEU-LES-POELES-ROUFFIGNY
50639,25.99B,PME,50800,VILLEDIEU-LES-POELES-ROUFFIGNY
50639,26.51B,ETI,50800,VILLEDIEU-LES-POELES-ROUFFIGNY
50639,26.52Z,PME,50800,VILLEDIEU-LES-POELES-ROUFFIGNY
50639,27.40Z,PME,50800,VILLEDIEU-LES-POELES-ROUFFIGNY
50639,28.25Z,,50800,VILLEDIEU-LES-POELES-ROUFFIGNY
50639,28.93Z,PME,50800,VILLEDIEU-LES-POELES-ROUFFIGNY
50639,31.09B,,50800,VILLEDIEU-LES-POELES-ROUFFIGNY
50639,31.09B,PME,50800,VILLEDIEU-LES-POELES-ROUFFIGNY
50639,32.50A,PME,50800,VILLEDIEU-LES-POELES-ROUFFIGNY
50639,32.99Z,PME,50800,VILLEDIEU-LES-POELES-ROUFFIGNY
50639,33.12Z,PME,50800,VILLEDIEU-LES-POELES-ROUFFIGNY
50639,33.20A,PME,50800,VILLEDIEU-LES-POELES-ROUFFIGNY
50639,35.13Z,GE,50800,VILLEDIEU-LES-POELES-ROUFFIGNY
50639,35.22Z,GE,50800,VILLEDIEU-LES-POELES-ROUFFIGNY
50639,36.00Z,PME,50800,VILLEDIEU-LES-POELES-ROUFFIGNY
50639,37.00Z,PME,50800,VILLEDIEU-LES-POELES-ROUFFIGNY
50639,38.11Z,ETI,50800,VILLEDIEU-LES-POELES-ROUFFIGNY
50639,38.12Z,PME,50800,VILLEDIEU-LES-POELES-ROUFFIGNY
50639,41.10A,PME,50800,VILLEDIEU-LES-POELES-ROUFFIGNY
50639,41.10D,PME,50800,VILLEDIEU-LES-POELES-ROUFFIGNY
50639,43.12A,PME,50800,VILLEDIEU-LES-POELES-ROUFFIGNY
50639,43.21A,PME,50800,VILLEDIEU-LES-POELES-ROUFFIGNY
50639,43.22B,PME,50800,VILLEDIEU-LES-POELES-ROUFFIGNY
50639,43.29A,PME,50800,VILLEDIEU-LES-POELES-ROUFFIGNY
50639,43.31Z,,50800,VILLEDIEU-LES-POELES-ROUFFIGNY
50639,43.32A,,50800,VILLEDIEU-LES-POELES-ROUFFIGNY
50639,43.32A,PME,50800,VILLEDIEU-LES-POELES-ROUFFIGNY
50639,43.32B,,50800,VILLEDIEU-LES-POELES-ROUFFIGNY
50639,43.34Z,,50800,VILLEDIEU-LES-POELES-ROUFFIGNY
50639,43.34Z,PME,50800,VILLEDIEU-LES-POELES-ROUFFIGNY
50639,43.91B,PME,50800,VILLEDIEU-LES-POELES-ROUFFIGNY
50639,43.99C,,50800,VILLEDIEU-LES-POELES-ROUFFIGNY
50639,43.99C,PME,50800,VILLEDIEU-LES-POELES-ROUFFIGNY
50639,43.99D,PME,50800,VILLEDIEU-LES-POELES-ROUFFIGNY
50639,45.11Z,,50800,VILLEDIEU-LES-POELES-ROUFFIGNY
50639,45.11Z,PME,50800,VILLEDIEU-LES-POELES-ROUFFIGNY
50639,45.19Z,PME,50800,VILLEDIEU-LES-POELES-ROUFFIGNY
50639,45.20A,,50800,VILLEDIEU-LES-POELES-ROUFFIGNY
50639,45.20A,PME,50800,VILLEDIEU-LES-POELES-ROUFFIGNY
50639,45.32Z,PME,50800,VILLEDIEU-LES-POELES-ROUFFIGNY
50639,45.40Z,,50800,VILLEDIEU-LES-POELES-ROUFFIGNY
50639,46.18Z,PME,50800,VILLEDIEU-LES-POELES-ROUFFIGNY
50639,46.19B,PME,50800,VILLEDIEU-LES-POELES-ROUFFIGNY
50639,46.21Z,GE,50800,VILLEDIEU-LES-POELES-ROUFFIGNY
50639,46.21Z,PME,50800,VILLEDIEU-LES-POELES-ROUFFIGNY
50639,46.23Z,PME,50800,VILLEDIEU-LES-POELES-ROUFFIGNY
50639,46.32B,PME,50800,VILLEDIEU-LES-POELES-ROUFFIGNY
50639,46.33Z,ETI,50800,VILLEDIEU-LES-POELES-ROUFFIGNY
50639,46.33Z,GE,50800,VILLEDIEU-LES-POELES-ROUFFIGNY
50639,46.61Z,GE,50800,VILLEDIEU-LES-POELES-ROUFFIGNY
50639,46.62Z,,50800,VILLEDIEU-LES-POELES-ROUFFIGNY
50639,46.69B,,50800,VILLEDIEU-LES-POELES-ROUFFIGNY
50639,46.69B,PME,50800,VILLEDIEU-LES-POELES-ROUFFIGNY
50639,46.71Z,,50800,VILLEDIEU-LES-POELES-ROUFFIGNY
50639,46.71Z,GE,50800,VILLEDIEU-LES-POELES-ROUFFIGNY
50639,46.73A,,50800,VILLEDIEU-LES-POELES-ROUFFIGNY
50639,46.73A,PME,50800,VILLEDIEU-LES-POELES-ROUFFIGNY
50639,46.73B,PME,50800,VILLEDIEU-LES-POELES-ROUFFIGNY
50639,47.11B,PME,50800,VILLEDIEU-LES-POELES-ROUFFIGNY
50639,47.11D,GE,50800,VILLEDIEU-LES-POELES-ROUFFIGNY
50639,47.11D,PME,50800,VILLEDIEU-LES-POELES-ROUFFIGNY
50639,47.19B,PME,50800,VILLEDIEU-LES-POELES-ROUFFIGNY
50639,47.21Z,PME,50800,VILLEDIEU-LES-POELES-ROUFFIGNY
50639,47.22Z,PME,50800,VILLEDIEU-LES-POELES-ROUFFIGNY
50639,47.25Z,PME,50800,VILLEDIEU-LES-POELES-ROUFFIGNY
50639,47.29Z,PME,50800,VILLEDIEU-LES-POELES-ROUFFIGNY
50639,47.30Z,GE,50800,VILLEDIEU-LES-POELES-ROUFFIGNY
50639,47.30Z,PME,50800,VILLEDIEU-LES-POELES-ROUFFIGNY
50639,47.41Z,PME,50800,VILLEDIEU-LES-POELES-ROUFFIGNY
50639,47.51Z,PME,50800,VILLEDIEU-LES-POELES-ROUFFIGNY
50639,47.52A,PME,50800,VILLEDIEU-LES-POELES-ROUFFIGNY
50639,47.52B,GE,50800,VILLEDIEU-LES-POELES-ROUFFIGNY
50639,47.59A,PME,50800,VILLEDIEU-LES-POELES-ROUFFIGNY
50639,47.59B,PME,50800,VILLEDIEU-LES-POELES-ROUFFIGNY
50639,47.62Z,PME,50800,VILLEDIEU-LES-POELES-ROUFFIGNY
50639,47.71Z,,50800,VILLEDIEU-LES-POELES-ROUFFIGNY
50639,47.71Z,ETI,50800,VILLEDIEU-LES-POELES-ROUFFIGNY
50639,47.71Z,PME,50800,VILLEDIEU-LES-POELES-ROUFFIGNY
50639,47.72A,,50800,VILLEDIEU-LES-POELES-ROUFFIGNY
50639,47.72A,PME,50800,VILLEDIEU-LES-POELES-ROUFFIGNY
50639,47.73Z,PME,50800,VILLEDIEU-LES-POELES-ROUFFIGNY
50639,47.74Z,ETI,50800,VILLEDIEU-LES-POELES-ROUFFIGNY
50639,47.74Z,PME,50800,VILLEDIEU-LES-POELES-ROUFFIGNY
50639,47.75Z,PME,50800,VILLEDIEU-LES-POELES-ROUFFIGNY
50639,47.76Z,PME,50800,VILLEDIEU-LES-POELES-ROUFFIGNY
50639,47.77Z,PME,50800,VILLEDIEU-LES-POELES-ROUFFIGNY
50639,47.78A,PME,50800,VILLEDIEU-LES-POELES-ROUFFIGNY
50639,47.78C,PME,50800,VILLEDIEU-LES-POELES-ROUFFIGNY
50639,47.79Z,PME,50800,VILLEDIEU-LES-POELES-ROUFFIGNY
50639,47.81Z,,50800,VILLEDIEU-LES-POELES-ROUFFIGNY
50639,47.81Z,PME,50800,VILLEDIEU-LES-POELES-ROUFFIGNY
50639,47.82Z,PME,50800,VILLEDIEU-LES-POELES-ROUFFIGNY
50639,47.89Z,PME,50800,VILLEDIEU-LES-POELES-ROUFFIGNY
50639,47.91A,PME,50800,VILLEDIEU-LES-POELES-ROUFFIGNY
50639,47.91B,,50800,VILLEDIEU-LES-POELES-ROUFFIGNY
50639,47.99A,,50800,VILLEDIEU-LES-POELES-ROUFFIGNY
50639,47.99A,PME,50800,VILLEDIEU-LES-POELES-ROUFFIGNY
50639,49.32Z,PME,50800,VILLEDIEU-LES-POELES-ROUFFIGNY
50639,49.39A,PME,50800,VILLEDIEU-LES-POELES-ROUFFIGNY
50639,49.41A,,50800,VILLEDIEU-LES-POELES-ROUFFIGNY
50639,49.41A,PME,50800,VILLEDIEU-LES-POELES-ROUFFIGNY
50639,49.41B,ETI,50800,VILLEDIEU-LES-POELES-ROUFFIGNY
50639,49.41B,PME,50800,VILLEDIEU-LES-POELES-ROUFFIGNY
50639,52.10B,,50800,VILLEDIEU-LES-POELES-ROUFFIGNY
50639,52.10B,ETI,50800,VILLEDIEU-LES-POELES-ROUFFIGNY
50639,52.10B,PME,50800,VILLEDIEU-LES-POELES-ROUFFIGNY
50639,52.21Z,GE,50800,VILLEDIEU-LES-POELES-ROUFFIGNY
50639,52.29B,PME,50800,VILLEDIEU-LES-POELES-ROUFFIGNY
50639,53.10Z,GE,50800,VILLEDIEU-LES-POELES-ROUFFIGNY
50639,53.20Z,,50800,VILLEDIEU-LES-POELES-ROUFFIGNY
50639,53.20Z,PME,50800,VILLEDIEU-LES-POELES-ROUFFIGNY
50639,55.10Z,,50800,VILLEDIEU-LES-POELES-ROUFFIGNY
50639,55.10Z,PME,50800,VILLEDIEU-LES-POELES-ROUFFIGNY
50639,55.20Z,PME,50800,VILLEDIEU-LES-POELES-ROUFFIGNY
50639,55.30Z,PME,50800,VILLEDIEU-LES-POELES-ROUFFIGNY
50639,56.10A,,50800,VILLEDIEU-LES-POELES-ROUFFIGNY
50639,56.10A,PME,50800,VILLEDIEU-LES-POELES-ROUFFIGNY
50639,56.10C,PME,50800,VILLEDIEU-LES-POELES-ROUFFIGNY
50639,56.21Z,,50800,VILLEDIEU-LES-POELES-ROUFFIGNY
50639,56.21Z,PME,50800,VILLEDIEU-LES-POELES-ROUFFIGNY
50639,56.29B,GE,50800,VILLEDIEU-LES-POELES-ROUFFIGNY
50639,56.30Z,,50800,VILLEDIEU-LES-POELES-ROUFFIGNY
50639,56.30Z,PME,50800,VILLEDIEU-LES-POELES-ROUFFIGNY
50639,58.11Z,PME,50800,VILLEDIEU-LES-POELES-ROUFFIGNY
50639,58.14Z,PME,50800,VILLEDIEU-LES-POELES-ROUFFIGNY
50639,58.29C,PME,50800,VILLEDIEU-LES-POELES-ROUFFIGNY
50639,59.11C,PME,50800,VILLEDIEU-LES-POELES-ROUFFIGNY
50639,62.01Z,PME,50800,VILLEDIEU-LES-POELES-ROUFFIGNY
50639,62.02A,PME,50800,VILLEDIEU-LES-POELES-ROUFFIGNY
50639,63.91Z,PME,50800,VILLEDIEU-LES-POELES-ROUFFIGNY
50639,64.19Z,GE,50800,VILLEDIEU-LES-POELES-ROUFFIGNY
50639,64.20Z,,50800,VILLEDIEU-LES-POELES-ROUFFIGNY
50639,64.20Z,PME,50800,VILLEDIEU-LES-POELES-ROUFFIGNY
50639,64.30Z,PME,50800,VILLEDIEU-LES-POELES-ROUFFIGNY
50639,65.12Z,GE,50800,VILLEDIEU-LES-POELES-ROUFFIGNY
50639,66.19A,,50800,VILLEDIEU-LES-POELES-ROUFFIGNY
50639,66.19A,PME,50800,VILLEDIEU-LES-POELES-ROUFFIGNY
50639,66.22Z,PME,50800,VILLEDIEU-LES-POELES-ROUFFIGNY
50639,66.30Z,,50800,VILLEDIEU-LES-POELES-ROUFFIGNY
50639,66.30Z,PME,50800,VILLEDIEU-LES-POELES-ROUFFIGNY
50639,68.10Z,PME,50800,VILLEDIEU-LES-POELES-ROUFFIGNY
50639,68.20A,,50800,VILLEDIEU-LES-POELES-ROUFFIGNY
50639,68.20A,PME,50800,VILLEDIEU-LES-POELES-ROUFFIGNY
50639,68.20B,,50800,VILLEDIEU-LES-POELES-ROUFFIGNY
50639,68.20B,ETI,50800,VILLEDIEU-LES-POELES-ROUFFIGNY
50639,68.20B,PME,50800,VILLEDIEU-LES-POELES-ROUFFIGNY
50639,68.31Z,PME,50800,VILLEDIEU-LES-POELES-ROUFFIGNY
50639,68.32A,,50800,VILLEDIEU-LES-POELES-ROUFFIGNY
50639,69.10Z,PME,50800,VILLEDIEU-LES-POELES-ROUFFIGNY
50639,69.20Z,ETI,50800,VILLEDIEU-LES-POELES-ROUFFIGNY
50639,70.10Z,,50800,VILLEDIEU-LES-POELES-ROUFFIGNY
50639,70.10Z,PME,50800,VILLEDIEU-LES-POELES-ROUFFIGNY
50639,70.22Z,,50800,VILLEDIEU-LES-POELES-ROUFFIGNY
50639,70.22Z,GE,50800,VILLEDIEU-LES-POELES-ROUFFIGNY
50639,70.22Z,PME,50800,VILLEDIEU-LES-POELES-ROUFFIGNY
50639,71.11Z,PME,50800,VILLEDIEU-LES-POELES-ROUFFIGNY
50639,71.12B,PME,50800,VILLEDIEU-LES-POELES-ROUFFIGNY
50639,71.20A,PME,50800,VILLEDIEU-LES-POELES-ROUFFIGNY
50639,74.10Z,PME,50800,VILLEDIEU-LES-POELES-ROUFFIGNY
50639,74.20Z,PME,50800,VILLEDIEU-LES-POELES-ROUFFIGNY
50639,75.00Z,PME,50800,VILLEDIEU-LES-POELES-ROUFFIGNY
50639,77.12Z,PME,50800,VILLEDIEU-LES-POELES-ROUFFIGNY
50639,78.30Z,PME,50800,VILLEDIEU-LES-POELES-ROUFFIGNY
50639,79.90Z,PME,50800,VILLEDIEU-LES-POELES-ROUFFIGNY
50639,81.10Z,PME,50800,VILLEDIEU-LES-POELES-ROUFFIGNY
50639,82.19Z,PME,50800,VILLEDIEU-LES-POELES-ROUFFIGNY
50639,82.99Z,PME,50800,VILLEDIEU-LES-POELES-ROUFFIGNY
50639,84.11Z,PME,50800,VILLEDIEU-LES-POELES-ROUFFIGNY
50639,85.10Z,PME,50800,VILLEDIEU-LES-POELES-ROUFFIGNY
50639,85.20Z,PME,50800,VILLEDIEU-LES-POELES-ROUFFIGNY
50639,85.31Z,PME,50800,VILLEDIEU-LES-POELES-ROUFFIGNY
50639,85.42Z,,50800,VILLEDIEU-LES-POELES-ROUFFIGNY
50639,85.51Z,PME,50800,VILLEDIEU-LES-POELES-ROUFFIGNY
50639,85.52Z,,50800,VILLEDIEU-LES-POELES-ROUFFIGNY
50639,85.52Z,PME,50800,VILLEDIEU-LES-POELES-ROUFFIGNY
50639,85.53Z,PME,50800,VILLEDIEU-LES-POELES-ROUFFIGNY
50639,85.59A,PME,50800,VILLEDIEU-LES-POELES-ROUFFIGNY
50639,85.59B,PME,50800,VILLEDIEU-LES-POELES-ROUFFIGNY
50639,85.60Z,,50800,VILLEDIEU-LES-POELES-ROUFFIGNY
50639,86.10Z,ETI,50800,VILLEDIEU-LES-POELES-ROUFFIGNY
50639,86.10Z,PME,50800,VILLEDIEU-LES-POELES-ROUFFIGNY
50639,86.21Z,,50800,VILLEDIEU-LES-POELES-ROUFFIGNY
50639,86.21Z,PME,50800,VILLEDIEU-LES-POELES-ROUFFIGNY
50639,86.22A,PME,50800,VILLEDIEU-LES-POELES-ROUFFIGNY
50639,86.22B,,50800,VILLEDIEU-LES-POELES-ROUFFIGNY
50639,86.22C,PME,50800,VILLEDIEU-LES-POELES-ROUFFIGNY
50639,86.23Z,PME,50800,VILLEDIEU-LES-POELES-ROUFFIGNY
50639,86.90A,PME,50800,VILLEDIEU-LES-POELES-ROUFFIGNY
50639,86.90B,PME,50800,VILLEDIEU-LES-POELES-ROUFFIGNY
50639,86.90D,,50800,VILLEDIEU-LES-POELES-ROUFFIGNY
50639,86.90D,PME,50800,VILLEDIEU-LES-POELES-ROUFFIGNY
50639,86.90E,,50800,VILLEDIEU-LES-POELES-ROUFFIGNY
50639,86.90E,PME,50800,VILLEDIEU-LES-POELES-ROUFFIGNY
50639,86.90F,PME,50800,VILLEDIEU-LES-POELES-ROUFFIGNY
50639,87.10A,PME,50800,VILLEDIEU-LES-POELES-ROUFFIGNY
50639,87.30A,PME,50800,VILLEDIEU-LES-POELES-ROUFFIGNY
50639,88.10A,ETI,50800,VILLEDIEU-LES-POELES-ROUFFIGNY
50639,88.10C,,50800,VILLEDIEU-LES-POELES-ROUFFIGNY
50639,88.99B,,50800,VILLEDIEU-LES-POELES-ROUFFIGNY
50639,88.99B,PME,50800,VILLEDIEU-LES-POELES-ROUFFIGNY
50639,90.01Z,,50800,VILLEDIEU-LES-POELES-ROUFFIGNY
50639,90.02Z,,50800,VILLEDIEU-LES-POELES-ROUFFIGNY
50639,90.03A,,50800,VILLEDIEU-LES-POELES-ROUFFIGNY
50639,90.03A,PME,50800,VILLEDIEU-LES-POELES-ROUFFIGNY
50639,90.03B,,50800,VILLEDIEU-LES-POELES-ROUFFIGNY
50639,90.03B,PME,50800,VILLEDIEU-LES-POELES-ROUFFIGNY
50639,91.03Z,PME,50800,VILLEDIEU-LES-POELES-ROUFFIGNY
50639,93.11Z,,50800,VILLEDIEU-LES-POELES-ROUFFIGNY
50639,93.12Z,,50800,VILLEDIEU-LES-POELES-ROUFFIGNY
50639,93.12Z,PME,50800,VILLEDIEU-LES-POELES-ROUFFIGNY
50639,93.19Z,,50800,VILLEDIEU-LES-POELES-ROUFFIGNY
50639,93.19Z,PME,50800,VILLEDIEU-LES-POELES-ROUFFIGNY
50639,93.21Z,PME,50800,VILLEDIEU-LES-POELES-ROUFFIGNY
50639,93.29Z,,50800,VILLEDIEU-LES-POELES-ROUFFIGNY
50639,93.29Z,PME,50800,VILLEDIEU-LES-POELES-ROUFFIGNY
50639,94.11Z,,50800,VILLEDIEU-LES-POELES-ROUFFIGNY
50639,94.91Z,PME,50800,VILLEDIEU-LES-POELES-ROUFFIGNY
50639,94.99Z,,50800,VILLEDIEU-LES-POELES-ROUFFIGNY
50639,94.99Z,PME,50800,VILLEDIEU-LES-POELES-ROUFFIGNY
50639,95.11Z,PME,50800,VILLEDIEU-LES-POELES-ROUFFIGNY
50639,95.22Z,PME,50800,VILLEDIEU-LES-POELES-ROUFFIGNY
50639,95.23Z,PME,50800,VILLEDIEU-LES-POELES-ROUFFIGNY
50639,95.29Z,,50800,VILLEDIEU-LES-POELES-ROUFFIGNY
50639,95.29Z,PME,50800,VILLEDIEU-LES-POELES-ROUFFIGNY
50639,96.01B,PME,50800,VILLEDIEU-LES-POELES-ROUFFIGNY
50639,96.02A,,50800,VILLEDIEU-LES-POELES-ROUFFIGNY
50639,96.02A,PME,50800,VILLEDIEU-LES-POELES-ROUFFIGNY
50639,96.02B,,50800,VILLEDIEU-LES-POELES-ROUFFIGNY
50639,96.02B,PME,50800,VILLEDIEU-LES-POELES-ROUFFIGNY
50639,96.03Z,PME,50800,VILLEDIEU-LES-POELES-ROUFFIGNY
50639,96.04Z,PME,50800,VILLEDIEU-LES-POELES-ROUFFIGNY
50639,96.09Z,PME,50800,VILLEDIEU-LES-POELES-ROUFFIGNY
50641,01.11Z,,50680,VILLIERS-FOSSARD
50641,01.30Z,,50680,VILLIERS-FOSSARD
50641,01.41Z,,50680,VILLIERS-FOSSARD
50641,01.42Z,,50680,VILLIERS-FOSSARD
50641,01.43Z,,50680,VILLIERS-FOSSARD
50641,01.49Z,PME,50680,VILLIERS-FOSSARD
50641,10.61A,PME,50680,VILLIERS-FOSSARD
50641,10.85Z,PME,50680,VILLIERS-FOSSARD
50641,43.32A,PME,50680,VILLIERS-FOSSARD
50641,43.34Z,PME,50680,VILLIERS-FOSSARD
50641,43.39Z,PME,50680,VILLIERS-FOSSARD
50641,43.91B,PME,50680,VILLIERS-FOSSARD
50641,45.11Z,PME,50680,VILLIERS-FOSSARD
50641,45.20A,,50680,VILLIERS-FOSSARD
50641,45.20A,PME,50680,VILLIERS-FOSSARD
50641,46.21Z,PME,50680,VILLIERS-FOSSARD
50641,46.76Z,PME,50680,VILLIERS-FOSSARD
50641,47.91B,,50680,VILLIERS-FOSSARD
50641,47.99A,PME,50680,VILLIERS-FOSSARD
50641,49.41B,PME,50680,VILLIERS-FOSSARD
50641,53.20Z,PME,50680,VILLIERS-FOSSARD
50641,55.20Z,PME,50680,VILLIERS-FOSSARD
50641,56.10A,PME,50680,VILLIERS-FOSSARD
50641,66.12Z,PME,50680,VILLIERS-FOSSARD
50641,66.30Z,PME,50680,VILLIERS-FOSSARD
50641,68.20A,,50680,VILLIERS-FOSSARD
50641,68.20B,,50680,VILLIERS-FOSSARD
50641,68.20B,PME,50680,VILLIERS-FOSSARD
50641,70.10Z,PME,50680,VILLIERS-FOSSARD
50641,74.10Z,PME,50680,VILLIERS-FOSSARD
50641,74.20Z,PME,50680,VILLIERS-FOSSARD
50641,81.29A,PME,50680,VILLIERS-FOSSARD
50641,81.30Z,PME,50680,VILLIERS-FOSSARD
50641,82.19Z,PME,50680,VILLIERS-FOSSARD
50641,84.11Z,PME,50680,VILLIERS-FOSSARD
50641,88.99B,,50680,VILLIERS-FOSSARD
50641,93.19Z,PME,50680,VILLIERS-FOSSARD
50641,94.99Z,,50680,VILLIERS-FOSSARD
50641,96.02A,PME,50680,VILLIERS-FOSSARD
50643,01.11Z,,50690,VIRANDEVILLE
50643,01.30Z,,50690,VIRANDEVILLE
50643,01.41Z,,50690,VIRANDEVILLE
50643,01.42Z,,50690,VIRANDEVILLE
50643,01.43Z,,50690,VIRANDEVILLE
50643,01.45Z,,50690,VIRANDEVILLE
50643,01.46Z,,50690,VIRANDEVILLE
50643,01.49Z,,50690,VIRANDEVILLE
50643,01.50Z,,50690,VIRANDEVILLE
50643,10.71C,PME,50690,VIRANDEVILLE
50643,11.04Z,PME,50690,VIRANDEVILLE
50643,14.13Z,,50690,VIRANDEVILLE
50643,31.09B,,50690,VIRANDEVILLE
50643,33.13Z,GE,50690,VIRANDEVILLE
50643,43.12A,PME,50690,VIRANDEVILLE
50643,43.21A,GE,50690,VIRANDEVILLE
50643,43.21A,PME,50690,VIRANDEVILLE
50643,43.22A,PME,50690,VIRANDEVILLE
50643,43.22B,PME,50690,VIRANDEVILLE
50643,43.32A,,50690,VIRANDEVILLE
50643,43.32A,PME,50690,VIRANDEVILLE
50643,43.91B,PME,50690,VIRANDEVILLE
50643,43.99A,PME,50690,VIRANDEVILLE
50643,43.99C,PME,50690,VIRANDEVILLE
50643,45.11Z,PME,50690,VIRANDEVILLE
50643,45.20A,PME,50690,VIRANDEVILLE
50643,45.32Z,PME,50690,VIRANDEVILLE
50643,46.19B,PME,50690,VIRANDEVILLE
50643,47.11B,PME,50690,VIRANDEVILLE
50643,47.22Z,,50690,VIRANDEVILLE
50643,47.73Z,PME,50690,VIRANDEVILLE
50643,47.78C,PME,50690,VIRANDEVILLE
50643,47.81Z,PME,50690,VIRANDEVILLE
50643,47.99A,,50690,VIRANDEVILLE
50643,53.20Z,PME,50690,VIRANDEVILLE
50643,56.10C,PME,50690,VIRANDEVILLE
50643,56.30Z,,50690,VIRANDEVILLE
50643,68.20A,,50690,VIRANDEVILLE
50643,68.20B,,50690,VIRANDEVILLE
50643,68.20B,PME,50690,VIRANDEVILLE
50643,70.10Z,PME,50690,VIRANDEVILLE
50643,70.22Z,PME,50690,VIRANDEVILLE
50643,71.11Z,,50690,VIRANDEVILLE
50643,71.11Z,PME,50690,VIRANDEVILLE
50643,71.20A,PME,50690,VIRANDEVILLE
50643,74.10Z,PME,50690,VIRANDEVILLE
50643,81.21Z,PME,50690,VIRANDEVILLE
50643,82.99Z,PME,50690,VIRANDEVILLE
50643,84.11Z,PME,50690,VIRANDEVILLE
50643,85.20Z,PME,50690,VIRANDEVILLE
50643,86.21Z,PME,50690,VIRANDEVILLE
50643,86.90D,PME,50690,VIRANDEVILLE
50643,86.90F,PME,50690,VIRANDEVILLE
50643,90.01Z,PME,50690,VIRANDEVILLE
50643,90.03A,PME,50690,VIRANDEVILLE
50643,93.12Z,,50690,VIRANDEVILLE
50643,93.29Z,,50690,VIRANDEVILLE
50643,94.99Z,,50690,VIRANDEVILLE
50643,96.02A,PME,50690,VIRANDEVILLE
50643,96.03Z,PME,50690,VIRANDEVILLE
50643,96.09Z,,50690,VIRANDEVILLE
50643,96.09Z,PME,50690,VIRANDEVILLE
50648,01.11Z,,50700,YVETOT-BOCAGE
50648,01.19Z,,50700,YVETOT-BOCAGE
50648,01.41Z,,50700,YVETOT-BOCAGE
50648,01.42Z,,50700,YVETOT-BOCAGE
50648,01.43Z,,50700,YVETOT-BOCAGE
50648,01.45Z,,50700,YVETOT-BOCAGE
50648,01.49Z,,50700,YVETOT-BOCAGE
50648,01.61Z,,50700,YVETOT-BOCAGE
50648,01.62Z,PME,50700,YVETOT-BOCAGE
50648,02.10Z,,50700,YVETOT-BOCAGE
50648,10.91Z,PME,50700,YVETOT-BOCAGE
50648,11.03Z,PME,50700,YVETOT-BOCAGE
50648,14.13Z,PME,50700,YVETOT-BOCAGE
50648,14.19Z,PME,50700,YVETOT-BOCAGE
50648,31.09A,,50700,YVETOT-BOCAGE
50648,32.13Z,PME,50700,YVETOT-BOCAGE
50648,33.20B,PME,50700,YVETOT-BOCAGE
50648,35.11Z,,50700,YVETOT-BOCAGE
50648,35.13Z,GE,50700,YVETOT-BOCAGE
50648,38.32Z,GE,50700,YVETOT-BOCAGE
50648,43.12A,,50700,YVETOT-BOCAGE
50648,43.12B,PME,50700,YVETOT-BOCAGE
50648,43.21A,PME,50700,YVETOT-BOCAGE
50648,43.32A,PME,50700,YVETOT-BOCAGE
50648,43.91B,PME,50700,YVETOT-BOCAGE
50648,43.99C,PME,50700,YVETOT-BOCAGE
50648,45.11Z,,50700,YVETOT-BOCAGE
50648,45.11Z,PME,50700,YVETOT-BOCAGE
50648,46.19B,PME,50700,YVETOT-BOCAGE
50648,47.79Z,PME,50700,YVETOT-BOCAGE
50648,47.81Z,PME,50700,YVETOT-BOCAGE
50648,47.89Z,PME,50700,YVETOT-BOCAGE
50648,47.99A,PME,50700,YVETOT-BOCAGE
50648,53.20Z,,50700,YVETOT-BOCAGE
50648,53.20Z,PME,50700,YVETOT-BOCAGE
50648,55.20Z,PME,50700,YVETOT-BOCAGE
50648,56.10A,PME,50700,YVETOT-BOCAGE
50648,56.29B,PME,50700,YVETOT-BOCAGE
50648,59.11A,PME,50700,YVETOT-BOCAGE
50648,66.21Z,PME,50700,YVETOT-BOCAGE
50648,68.10Z,PME,50700,YVETOT-BOCAGE
50648,68.20A,,50700,YVETOT-BOCAGE
50648,68.20A,PME,50700,YVETOT-BOCAGE
50648,68.20B,,50700,YVETOT-BOCAGE
50648,68.20B,ETI,50700,YVETOT-BOCAGE
50648,68.20B,PME,50700,YVETOT-BOCAGE
50648,70.10Z,,50700,YVETOT-BOCAGE
50648,70.10Z,PME,50700,YVETOT-BOCAGE
50648,71.12B,PME,50700,YVETOT-BOCAGE
50648,82.19Z,PME,50700,YVETOT-BOCAGE
50648,84.11Z,PME,50700,YVETOT-BOCAGE
50648,85.20Z,PME,50700,YVETOT-BOCAGE
50648,85.51Z,,50700,YVETOT-BOCAGE
50648,88.99B,,50700,YVETOT-BOCAGE
50648,90.01Z,PME,50700,YVETOT-BOCAGE
50648,90.02Z,,50700,YVETOT-BOCAGE
50648,90.03A,PME,50700,YVETOT-BOCAGE
50648,93.12Z,,50700,YVETOT-BOCAGE
50648,93.19Z,,50700,YVETOT-BOCAGE
50648,93.19Z,PME,50700,YVETOT-BOCAGE
50648,93.29Z,,50700,YVETOT-BOCAGE
50648,94.99Z,,50700,YVETOT-BOCAGE
50648,95.29Z,PME,50700,YVETOT-BOCAGE
50648,96.02B,PME,50700,YVETOT-BOCAGE
50648,96.04Z,PME,50700,YVETOT-BOCAGE
