Code ROME,Division NAF,Division NAF avec libellé,Division NAF ROME,Label ROME
,01,"01 - Culture et production animale, chasse et services annexes",01,
A1101,01,"01 - Culture et production animale, chasse et services annexes",01 -A1101,Conduite d'engins agricoles et forestiers
A1101,02,02 - Sylviculture et exploitation forestière,02 -A1101,Conduite d'engins agricoles et forestiers
A1201,02,02 - Sylviculture et exploitation forestière,02 -A1201,Bucheronnage et élagage
A1202,01,"01 - Culture et production animale, chasse et services annexes",01 -A1202,Entretien des espaces naturels
A1202,02,02 - Sylviculture et exploitation forestière,02 -A1202,Entretien des espaces naturels
A1203,02,02 - Sylviculture et exploitation forestière,02 -A1203,Entretien des espaces verts
A1203,81,81 - Services relatifs aux bâtiments et aménagement paysager,81 -A1203,Entretien des espaces verts
A1203,97,97 - Activités des ménages en tant qu'employeurs de personnel domestique,97 -A1203,Entretien des espaces verts
A1204,01,"01 - Culture et production animale, chasse et services annexes",01 -A1204,Protection du patrimoine naturel
A1204,02,02 - Sylviculture et exploitation forestière,02 -A1204,Protection du patrimoine naturel
A1204,91,"91 - Bibliothèques, archives, musées et autres activités culturelles",91 -A1204,Protection du patrimoine naturel
A1204,94,94 - Activités des organisations associatives,94 -A1204,Protection du patrimoine naturel
A1205,02,02 - Sylviculture et exploitation forestière,02 -A1205,Sylviculture
A1301,01,"01 - Culture et production animale, chasse et services annexes",01 -A1301,Conseil et assistance technique en agriculture
A1301,71,71 - Activités d'architecture et d'ingénierie ; activités de contrôle et analyses techniques,71 -A1301,Conseil et assistance technique en agriculture
A1302,01,"01 - Culture et production animale, chasse et services annexes",01 -A1302,Contrôle et diagnostic technique en agriculture
A1302,71,71 - Activités d'architecture et d'ingénierie ; activités de contrôle et analyses techniques,71 -A1302,Contrôle et diagnostic technique en agriculture
A1303,01,"01 - Culture et production animale, chasse et services annexes",01 -A1303,Ingénierie en agriculture et environnement naturel
A1303,02,02 - Sylviculture et exploitation forestière,02 -A1303,Ingénierie en agriculture et environnement naturel
A1303,71,71 - Activités d'architecture et d'ingénierie ; activités de contrôle et analyses techniques,71 -A1303,Ingénierie en agriculture et environnement naturel
A1401,01,"01 - Culture et production animale, chasse et services annexes",01 -A1401,Aide agricole de production fruitière ou viticole
A1402,01,"01 - Culture et production animale, chasse et services annexes",01 -A1402,Aide agricole de production légumière ou végétale
A1403,01,"01 - Culture et production animale, chasse et services annexes",01 -A1403,Aide d'élevage agricole et aquacole
A1403,03,03 - Pêche et aquaculture,03 -A1403,Aide d'élevage agricole et aquacole
A1403,97,97 - Activités des ménages en tant qu'employeurs de personnel domestique,97 -A1403,Aide d'élevage agricole et aquacole
A1404,03,03 - Pêche et aquaculture,03 -A1404,Aquaculture
A1405,01,"01 - Culture et production animale, chasse et services annexes",01 -A1405,Arboriculture et viticulture
A1406,03,03 - Pêche et aquaculture,03 -A1406,Encadrement équipage de la pêche
A1407,01,"01 - Culture et production animale, chasse et services annexes",01 -A1407,élevage bovin ou équin
A1408,91,"91 - Bibliothèques, archives, musées et autres activités culturelles",91 -A1408,élevage d'animaux sauvages ou de compagnie
A1409,01,"01 - Culture et production animale, chasse et services annexes",01 -A1409,élevage de lapins et volailles
A1410,01,"01 - Culture et production animale, chasse et services annexes",01 -A1410,élevage ovin ou caprin
A1411,01,"01 - Culture et production animale, chasse et services annexes",01 -A1411,élevage porcin
A1412,10,10 - Industries alimentaires,10 -A1412,Fabrication et affinage de fromages
A1413,11,11 - Fabrication de boissons,11 -A1413,Fermentation de boissons alcoolisées
A1414,01,"01 - Culture et production animale, chasse et services annexes",01 -A1414,Horticulture et maraîchage
A1415,03,03 - Pêche et aquaculture,03 -A1415,Equipage de la pêche
A1416,01,"01 - Culture et production animale, chasse et services annexes",01 -A1416,"Polyculture, élevage"
A1417,08,08 - Autres industries extractives,08 -A1417,Saliculture
A1501,75,75 - Activités vétérinaires,75 -A1501,Aide aux soins animaux
A1501,90,"90 - Activités créatives, artistiques et de spectacle",90 -A1501,Aide aux soins animaux
A1501,91,"91 - Bibliothèques, archives, musées et autres activités culturelles",91 -A1501,Aide aux soins animaux
A1501,94,94 - Activités des organisations associatives,94 -A1501,Aide aux soins animaux
A1502,25,"25 - Fabrication de produits métalliques, à  l'exception des machines et des équipements",25 -A1502,Podologie animale
A1502,75,75 - Activités vétérinaires,75 -A1502,Podologie animale
A1502,91,"91 - Bibliothèques, archives, musées et autres activités culturelles",91 -A1502,Podologie animale
A1502,93,"93 - Activités sportives, récréatives et de loisirs",93 -A1502,Podologie animale
A1502,94,94 - Activités des organisations associatives,94 -A1502,Podologie animale
A1502,96,96 - Autres services personnels,96 -A1502,Podologie animale
A1503,96,96 - Autres services personnels,96 -A1503,Toilettage des animaux
B1101,90,"90 - Activités créatives, artistiques et de spectacle",90 -B1101,Création en arts plastiques
B1101,91,"91 - Bibliothèques, archives, musées et autres activités culturelles",91 -B1101,Création en arts plastiques
B1201,23,23 - Fabrication d'autres produits minéraux non métalliques,23 -B1201,Réalisation d'objets décoratifs et utilitaires en céramique et matériaux de synthèse
B1301,47,"47 - Commerce de détail, à  l'exception des automobiles et des motocycles",47 -B1301,Décoration d'espaces de vente et d'exposition
B1301,74,"74 - Autres activités spécialisées, scientifiques et techniques",74 -B1301,Décoration d'espaces de vente et d'exposition
B1301,91,"91 - Bibliothèques, archives, musées et autres activités culturelles",91 -B1301,Décoration d'espaces de vente et d'exposition
B1302,16,"16 - Travail du bois et fabrication d'articles en bois et en liège, à  l'exception des meubles ; fabrication d'articles en vannerie et sparterie",16 -B1302,Décoration d'objets d'art et artisanaux
B1302,31,31 - Fabrication de meubles,31 -B1302,Décoration d'objets d'art et artisanaux
B1302,32,32 - Autres industries manufacturières,32 -B1302,Décoration d'objets d'art et artisanaux
B1303,16,"16 - Travail du bois et fabrication d'articles en bois et en liège, à  l'exception des meubles ; fabrication d'articles en vannerie et sparterie",16 -B1303,Gravure - ciselure
B1303,32,32 - Autres industries manufacturières,32 -B1303,Gravure - ciselure
B1303,90,"90 - Activités créatives, artistiques et de spectacle",90 -B1303,Gravure - ciselure
B1401,16,"16 - Travail du bois et fabrication d'articles en bois et en liège, à  l'exception des meubles ; fabrication d'articles en vannerie et sparterie",16 -B1401,"Réalisation d'objets en lianes, fibres et brins végétaux"
B1402,18,18 - Imprimerie et reproduction d'enregistrements,18 -B1402,Reliure et restauration de livres et archives
B1402,91,"91 - Bibliothèques, archives, musées et autres activités culturelles",91 -B1402,Reliure et restauration de livres et archives
B1402,95,95 - Réparation d'ordinateurs et de biens personnels et domestiques,95 -B1402,Reliure et restauration de livres et archives
B1501,32,32 - Autres industries manufacturières,32 -B1501,Fabrication et réparation d'instruments de musique
B1501,95,95 - Réparation d'ordinateurs et de biens personnels et domestiques,95 -B1501,Fabrication et réparation d'instruments de musique
B1601,25,"25 - Fabrication de produits métalliques, à  l'exception des machines et des équipements",25 -B1601,Métallerie d'art
B1601,32,32 - Autres industries manufacturières,32 -B1601,Métallerie d'art
B1601,90,"90 - Activités créatives, artistiques et de spectacle",90 -B1601,Métallerie d'art
B1602,23,23 - Fabrication d'autres produits minéraux non métalliques,23 -B1602,Réalisation d'objets artistiques et fonctionnels en verre
B1602,32,32 - Autres industries manufacturières,32 -B1602,Réalisation d'objets artistiques et fonctionnels en verre
B1603,32,32 - Autres industries manufacturières,32 -B1603,"Réalisation d'ouvrages en bijouterie, joaillerie et orfèvrerie"
B1603,47,"47 - Commerce de détail, à  l'exception des automobiles et des motocycles",47 -B1603,"Réalisation d'ouvrages en bijouterie, joaillerie et orfèvrerie"
B1603,95,95 - Réparation d'ordinateurs et de biens personnels et domestiques,95 -B1603,"Réalisation d'ouvrages en bijouterie, joaillerie et orfèvrerie"
B1604,26,"26 - Fabrication de produits informatiques, électroniques et optiques",26 -B1604,Réparation - montage en systèmes horlogers
B1604,47,"47 - Commerce de détail, à  l'exception des automobiles et des motocycles",47 -B1604,Réparation - montage en systèmes horlogers
B1604,95,95 - Réparation d'ordinateurs et de biens personnels et domestiques,95 -B1604,Réparation - montage en systèmes horlogers
B1701,32,32 - Autres industries manufacturières,32 -B1701,Conservation et reconstitution d'espèces animales
B1701,91,"91 - Bibliothèques, archives, musées et autres activités culturelles",91 -B1701,Conservation et reconstitution d'espèces animales
B1801,14,14 - Industrie de l'habillement,14 -B1801,Réalisation d'articles de chapellerie
B1801,90,"90 - Activités créatives, artistiques et de spectacle",90 -B1801,Réalisation d'articles de chapellerie
B1802,15,15 - Industrie du cuir et de la chaussure,15 -B1802,Réalisation d'articles en cuir et matériaux souples (hors vêtement)
B1802,29,29 - Industrie automobile,29 -B1802,Réalisation d'articles en cuir et matériaux souples (hors vêtement)
B1802,30,30 - Fabrication d'autres matériels de transport,30 -B1802,Réalisation d'articles en cuir et matériaux souples (hors vêtement)
B1802,32,32 - Autres industries manufacturières,32 -B1802,Réalisation d'articles en cuir et matériaux souples (hors vêtement)
B1803,14,14 - Industrie de l'habillement,14 -B1803,Réalisation de vêtements sur mesure ou en petite série
B1804,13,13 - Fabrication de textiles,13 -B1804,Réalisation d'ouvrages d'art en fils
B1804,14,14 - Industrie de l'habillement,14 -B1804,Réalisation d'ouvrages d'art en fils
B1804,90,"90 - Activités créatives, artistiques et de spectacle",90 -B1804,Réalisation d'ouvrages d'art en fils
B1804,91,"91 - Bibliothèques, archives, musées et autres activités culturelles",91 -B1804,Réalisation d'ouvrages d'art en fils
B1805,13,13 - Fabrication de textiles,13 -B1805,Stylisme
B1805,14,14 - Industrie de l'habillement,14 -B1805,Stylisme
B1805,15,15 - Industrie du cuir et de la chaussure,15 -B1805,Stylisme
B1805,31,31 - Fabrication de meubles,31 -B1805,Stylisme
B1805,47,"47 - Commerce de détail, à  l'exception des automobiles et des motocycles",47 -B1805,Stylisme
B1805,74,"74 - Autres activités spécialisées, scientifiques et techniques",74 -B1805,Stylisme
B1806,13,13 - Fabrication de textiles,13 -B1806,Tapisserie - décoration en ameublement
B1806,90,"90 - Activités créatives, artistiques et de spectacle",90 -B1806,Tapisserie - décoration en ameublement
B1806,95,95 - Réparation d'ordinateurs et de biens personnels et domestiques,95 -B1806,Tapisserie - décoration en ameublement
C1101,64,"64 - Activités des services financiers, hors assurance et caisses de retraite",64 -C1101,Conception - développement produits d'assurances
C1101,65,65 - Assurance,65 -C1101,Conception - développement produits d'assurances
C1102,64,"64 - Activités des services financiers, hors assurance et caisses de retraite",64 -C1102,Conseil clientèle en assurances
C1102,65,65 - Assurance,65 -C1102,Conseil clientèle en assurances
C1103,65,65 - Assurance,65 -C1103,Courtage en assurances
C1103,66,66 - Activités auxiliaires de services financiers et d'assurance,66 -C1103,Courtage en assurances
C1104,65,65 - Assurance,65 -C1104,Direction d'exploitation en assurances
C1105,64,"64 - Activités des services financiers, hors assurance et caisses de retraite",64 -C1105,études actuarielles en assurances
C1105,65,65 - Assurance,65 -C1105,études actuarielles en assurances
C1106,65,65 - Assurance,65 -C1106,Expertise risques en assurances
C1106,84,84 - Administration publique et défense ; sécurité sociale obligatoire,84 -C1106,Expertise risques en assurances
C1107,65,65 - Assurance,65 -C1107,Indemnisations en assurances
C1107,84,84 - Administration publique et défense ; sécurité sociale obligatoire,84 -C1107,Indemnisations en assurances
C1108,65,65 - Assurance,65 -C1108,Management de groupe et de service en assurances
C1109,65,65 - Assurance,65 -C1109,Rédaction et gestion en assurances
C1109,84,84 - Administration publique et défense ; sécurité sociale obligatoire,84 -C1109,Rédaction et gestion en assurances
C1110,65,65 - Assurance,65 -C1110,Souscription d'assurances
C1201,64,"64 - Activités des services financiers, hors assurance et caisses de retraite",64 -C1201,Accueil et services bancaires
C1202,64,"64 - Activités des services financiers, hors assurance et caisses de retraite",64 -C1202,Analyse de crédits et risques bancaires
C1203,64,"64 - Activités des services financiers, hors assurance et caisses de retraite",64 -C1203,Relation clients banque/finance
C1204,64,"64 - Activités des services financiers, hors assurance et caisses de retraite",64 -C1204,Conception et expertise produits bancaires et financiers
C1205,64,"64 - Activités des services financiers, hors assurance et caisses de retraite",64 -C1205,Conseil en gestion de patrimoine financier
C1206,64,"64 - Activités des services financiers, hors assurance et caisses de retraite",64 -C1206,Gestion de clientèle bancaire
C1207,64,"64 - Activités des services financiers, hors assurance et caisses de retraite",64 -C1207,Management en exploitation bancaire
C1301,64,"64 - Activités des services financiers, hors assurance et caisses de retraite",64 -C1301,Front office marchés financiers
C1301,66,66 - Activités auxiliaires de services financiers et d'assurance,66 -C1301,Front office marchés financiers
C1302,64,"64 - Activités des services financiers, hors assurance et caisses de retraite",64 -C1302,Gestion back et middle-office marchés financiers
C1302,66,66 - Activités auxiliaires de services financiers et d'assurance,66 -C1302,Gestion back et middle-office marchés financiers
C1303,64,"64 - Activités des services financiers, hors assurance et caisses de retraite",64 -C1303,Gestion de portefeuilles sur les marchés financiers
C1303,65,65 - Assurance,65 -C1303,Gestion de portefeuilles sur les marchés financiers
C1303,66,66 - Activités auxiliaires de services financiers et d'assurance,66 -C1303,Gestion de portefeuilles sur les marchés financiers
C1401,64,"64 - Activités des services financiers, hors assurance et caisses de retraite",64 -C1401,Gestion en banque et assurance
C1401,65,65 - Assurance,65 -C1401,Gestion en banque et assurance
C1401,84,84 - Administration publique et défense ; sécurité sociale obligatoire,84 -C1401,Gestion en banque et assurance
C1501,68,68 - Activités immobilières,68 -C1501,Gérance immobilière
C1502,68,68 - Activités immobilières,68 -C1502,Gestion locative immobilière
C1503,41,41 - Construction de bâtiments,41 -C1503,Management de projet immobilier
C1503,65,65 - Assurance,65 -C1503,Management de projet immobilier
C1503,68,68 - Activités immobilières,68 -C1503,Management de projet immobilier
C1504,41,41 - Construction de bâtiments,41 -C1504,Transaction immobilière
C1504,65,65 - Assurance,65 -C1504,Transaction immobilière
C1504,68,68 - Activités immobilières,68 -C1504,Transaction immobilière
D1101,10,10 - Industries alimentaires,10 -D1101,Boucherie
D1101,47,"47 - Commerce de détail, à  l'exception des automobiles et des motocycles",47 -D1101,Boucherie
D1102,10,10 - Industries alimentaires,10 -D1102,Boulangerie - viennoiserie
D1102,47,"47 - Commerce de détail, à  l'exception des automobiles et des motocycles",47 -D1102,Boulangerie - viennoiserie
D1103,10,10 - Industries alimentaires,10 -D1103,Charcuterie - traiteur
D1103,47,"47 - Commerce de détail, à  l'exception des automobiles et des motocycles",47 -D1103,Charcuterie - traiteur
D1104,10,10 - Industries alimentaires,10 -D1104,"Pâtisserie, confiserie, chocolaterie et glacerie"
D1104,47,"47 - Commerce de détail, à  l'exception des automobiles et des motocycles",47 -D1104,"Pâtisserie, confiserie, chocolaterie et glacerie"
D1105,03,03 - Pêche et aquaculture,03 -D1105,Poissonnerie
D1105,10,10 - Industries alimentaires,10 -D1105,Poissonnerie
D1105,47,"47 - Commerce de détail, à  l'exception des automobiles et des motocycles",47 -D1105,Poissonnerie
D1106,46,"46 - Commerce de gros, à  l'exception des automobiles et des motocycles",46 -D1106,Vente en alimentation
D1106,47,"47 - Commerce de détail, à  l'exception des automobiles et des motocycles",47 -D1106,Vente en alimentation
D1107,46,"46 - Commerce de gros, à  l'exception des automobiles et des motocycles",46 -D1107,Vente en gros de produits frais
D1201,47,"47 - Commerce de détail, à  l'exception des automobiles et des motocycles",47 -D1201,"Achat vente d'objets d'art, anciens ou d'occasion"
D1201,74,"74 - Autres activités spécialisées, scientifiques et techniques",74 -D1201,"Achat vente d'objets d'art, anciens ou d'occasion"
D1202,96,96 - Autres services personnels,96 -D1202,Coiffure
D1203,86,86 - Activités pour la santé humaine,86 -D1203,Hydrothérapie
D1203,96,96 - Autres services personnels,96 -D1203,Hydrothérapie
D1204,77,77 - Activités de location et location-bail,77 -D1204,Location de véhicules ou de matériel de loisirs
D1205,55,55 - Hébergement,55 -D1205,Nettoyage d'articles textiles ou cuirs
D1205,56,56 - Restauration,56 -D1205,Nettoyage d'articles textiles ou cuirs
D1205,96,96 - Autres services personnels,96 -D1205,Nettoyage d'articles textiles ou cuirs
D1206,95,95 - Réparation d'ordinateurs et de biens personnels et domestiques,95 -D1206,Réparation d'articles en cuir et matériaux souples
D1207,47,"47 - Commerce de détail, à  l'exception des automobiles et des motocycles",47 -D1207,Retouches en habillement
D1207,95,95 - Réparation d'ordinateurs et de biens personnels et domestiques,95 -D1207,Retouches en habillement
D1207,96,96 - Autres services personnels,96 -D1207,Retouches en habillement
D1208,85,85 - Enseignement,85 -D1208,Soins esthétiques et corporels
D1208,86,86 - Activités pour la santé humaine,86 -D1208,Soins esthétiques et corporels
D1208,96,96 - Autres services personnels,96 -D1208,Soins esthétiques et corporels
D1209,01,"01 - Culture et production animale, chasse et services annexes",01 -D1209,Vente de végétaux
D1209,47,"47 - Commerce de détail, à  l'exception des automobiles et des motocycles",47 -D1209,Vente de végétaux
D1210,47,"47 - Commerce de détail, à  l'exception des automobiles et des motocycles",47 -D1210,Vente en animalerie
D1211,47,"47 - Commerce de détail, à  l'exception des automobiles et des motocycles",47 -D1211,Vente en articles de sport et loisirs
D1212,47,"47 - Commerce de détail, à  l'exception des automobiles et des motocycles",47 -D1212,Vente en décoration et équipement du foyer
D1212,95,95 - Réparation d'ordinateurs et de biens personnels et domestiques,95 -D1212,Vente en décoration et équipement du foyer
D1213,45,45 - Commerce et réparation d'automobiles et de motocycles,45 -D1213,Vente en gros de matériel et équipement
D1213,46,"46 - Commerce de gros, à  l'exception des automobiles et des motocycles",46 -D1213,Vente en gros de matériel et équipement
D1213,47,"47 - Commerce de détail, à  l'exception des automobiles et des motocycles",47 -D1213,Vente en gros de matériel et équipement
D1214,47,"47 - Commerce de détail, à  l'exception des automobiles et des motocycles",47 -D1214,Vente en habillement et accessoires de la personne
D1301,47,"47 - Commerce de détail, à  l'exception des automobiles et des motocycles",47 -D1301,Management de magasin de détail
D1401,82,82 - Activités administratives et autres activités de soutien aux entreprises,82 -D1401,Assistanat commercial
D1401,Fiche transectorielle,Fiche transectorielle,Fiche transectorielle-D1401,Assistanat commercial
D1402,Fiche transectorielle,Fiche transectorielle,Fiche transectorielle-D1402,Relation commerciale grands comptes et entreprises
D1403,Fiche transectorielle,Fiche transectorielle,Fiche transectorielle-D1403,Relation commerciale auprès de particuliers
D1404,45,45 - Commerce et réparation d'automobiles et de motocycles,45 -D1404,Relation commerciale en vente de véhicules
D1405,21,21 - Industrie pharmaceutique,21 -D1405,Conseil en information médicale
D1405,32,32 - Autres industries manufacturières,32 -D1405,Conseil en information médicale
D1406,Fiche transectorielle,Fiche transectorielle,Fiche transectorielle-D1406,Management en force de vente
D1407,Fiche transectorielle,Fiche transectorielle,Fiche transectorielle-D1407,Relation technico-commerciale
D1408,47,"47 - Commerce de détail, à  l'exception des automobiles et des motocycles",47 -D1408,Téléconseil et télévente
D1408,79,"79 - Activités des agences de voyage, voyagistes, services de réservation et activités connexes",79 -D1408,Téléconseil et télévente
D1408,82,82 - Activités administratives et autres activités de soutien aux entreprises,82 -D1408,Téléconseil et télévente
D1408,Fiche transectorielle,Fiche transectorielle,Fiche transectorielle-D1408,Téléconseil et télévente
D1501,45,45 - Commerce et réparation d'automobiles et de motocycles,45 -D1501,Animation de vente
D1501,46,"46 - Commerce de gros, à  l'exception des automobiles et des motocycles",46 -D1501,Animation de vente
D1501,47,"47 - Commerce de détail, à  l'exception des automobiles et des motocycles",47 -D1501,Animation de vente
D1502,47,"47 - Commerce de détail, à  l'exception des automobiles et des motocycles",47 -D1502,Management/gestion de rayon produits alimentaires
D1503,47,"47 - Commerce de détail, à  l'exception des automobiles et des motocycles",47 -D1503,Management/gestion de rayon produits non alimentaires
D1504,47,"47 - Commerce de détail, à  l'exception des automobiles et des motocycles",47 -D1504,Direction de magasin de grande distribution
D1505,46,"46 - Commerce de gros, à  l'exception des automobiles et des motocycles",46 -D1505,Personnel de caisse
D1505,47,"47 - Commerce de détail, à  l'exception des automobiles et des motocycles",47 -D1505,Personnel de caisse
D1505,52,52 - Entreposage et services auxiliaires des transports,52 -D1505,Personnel de caisse
D1505,90,"90 - Activités créatives, artistiques et de spectacle",90 -D1505,Personnel de caisse
D1505,93,"93 - Activités sportives, récréatives et de loisirs",93 -D1505,Personnel de caisse
D1506,46,"46 - Commerce de gros, à  l'exception des automobiles et des motocycles",46 -D1506,Marchandisage
D1506,47,"47 - Commerce de détail, à  l'exception des automobiles et des motocycles",47 -D1506,Marchandisage
D1507,46,"46 - Commerce de gros, à  l'exception des automobiles et des motocycles",46 -D1507,Mise en rayon libre-service
D1507,47,"47 - Commerce de détail, à  l'exception des automobiles et des motocycles",47 -D1507,Mise en rayon libre-service
D1508,46,"46 - Commerce de gros, à  l'exception des automobiles et des motocycles",46 -D1508,Encadrement du personnel de caisses
D1508,47,"47 - Commerce de détail, à  l'exception des automobiles et des motocycles",47 -D1508,Encadrement du personnel de caisses
D1509,47,"47 - Commerce de détail, à  l'exception des automobiles et des motocycles",47 -D1509,Management de département en grande distribution
E1101,58,58 - édition,58 -E1101,Animation de site multimédia
E1101,63,63 - Services d'information,63 -E1101,Animation de site multimédia
E1101,73,73 - Publicité et études de marché,73 -E1101,Animation de site multimédia
E1101,Fiche transectorielle,Fiche transectorielle,Fiche transectorielle-E1101,Animation de site multimédia
E1102,58,58 - édition,58 -E1102,"Ecriture d'ouvrages, de livres"
E1102,59,"59 - Production de films cinématographiques, de vidéo et de programmes de télévision ; enregistrement sonore et édition musicale",59 -E1102,"Ecriture d'ouvrages, de livres"
E1102,90,"90 - Activités créatives, artistiques et de spectacle",90 -E1102,"Ecriture d'ouvrages, de livres"
E1103,58,58 - édition,58 -E1103,Communication
E1103,94,94 - Activités des organisations associatives,94 -E1103,Communication
E1104,58,58 - édition,58 -E1104,Conception de contenus multimédias
E1104,59,"59 - Production de films cinématographiques, de vidéo et de programmes de télévision ; enregistrement sonore et édition musicale",59 -E1104,Conception de contenus multimédias
E1104,63,63 - Services d'information,63 -E1104,Conception de contenus multimédias
E1104,73,73 - Publicité et études de marché,73 -E1104,Conception de contenus multimédias
E1105,18,18 - Imprimerie et reproduction d'enregistrements,18 -E1105,Coordination d'édition
E1105,58,58 - édition,58 -E1105,Coordination d'édition
E1105,63,63 - Services d'information,63 -E1105,Coordination d'édition
E1106,18,18 - Imprimerie et reproduction d'enregistrements,18 -E1106,Journalisme et information média
E1106,58,58 - édition,58 -E1106,Journalisme et information média
E1106,59,"59 - Production de films cinématographiques, de vidéo et de programmes de télévision ; enregistrement sonore et édition musicale",59 -E1106,Journalisme et information média
E1106,60,60 - Programmation et diffusion,60 -E1106,Journalisme et information média
E1106,63,63 - Services d'information,63 -E1106,Journalisme et information média
E1107,58,58 - édition,58 -E1107,Organisation d'évènementiel
E1107,73,73 - Publicité et études de marché,73 -E1107,Organisation d'évènementiel
E1107,82,82 - Activités administratives et autres activités de soutien aux entreprises,82 -E1107,Organisation d'évènementiel
E1108,74,"74 - Autres activités spécialisées, scientifiques et techniques",74 -E1108,"Traduction, interprétariat"
E1201,47,"47 - Commerce de détail, à  l'exception des automobiles et des motocycles",47 -E1201,Photographie
E1201,73,73 - Publicité et études de marché,73 -E1201,Photographie
E1201,74,"74 - Autres activités spécialisées, scientifiques et techniques",74 -E1201,Photographie
E1202,59,"59 - Production de films cinématographiques, de vidéo et de programmes de télévision ; enregistrement sonore et édition musicale",59 -E1202,Production en laboratoire cinématographique
E1203,47,"47 - Commerce de détail, à  l'exception des automobiles et des motocycles",47 -E1203,Production en laboratoire photographique
E1203,74,"74 - Autres activités spécialisées, scientifiques et techniques",74 -E1203,Production en laboratoire photographique
E1204,59,"59 - Production de films cinématographiques, de vidéo et de programmes de télévision ; enregistrement sonore et édition musicale",59 -E1204,Projection cinéma
E1205,58,58 - édition,58 -E1205,Réalisation de contenus multimédias
E1205,59,"59 - Production de films cinématographiques, de vidéo et de programmes de télévision ; enregistrement sonore et édition musicale",59 -E1205,Réalisation de contenus multimédias
E1205,73,73 - Publicité et études de marché,73 -E1205,Réalisation de contenus multimédias
E1205,74,"74 - Autres activités spécialisées, scientifiques et techniques",74 -E1205,Réalisation de contenus multimédias
E1301,17,17 - Industrie du papier et du carton,17 -E1301,Conduite de machines d'impression
E1301,18,18 - Imprimerie et reproduction d'enregistrements,18 -E1301,Conduite de machines d'impression
E1302,18,18 - Imprimerie et reproduction d'enregistrements,18 -E1302,Conduite de machines de faà§onnage routage
E1303,17,17 - Industrie du papier et du carton,17 -E1303,Encadrement des industries graphiques
E1303,18,18 - Imprimerie et reproduction d'enregistrements,18 -E1303,Encadrement des industries graphiques
E1304,17,17 - Industrie du papier et du carton,17 -E1304,Faà§onnage et routage
E1304,18,18 - Imprimerie et reproduction d'enregistrements,18 -E1304,Faà§onnage et routage
E1305,18,18 - Imprimerie et reproduction d'enregistrements,18 -E1305,Préparation et correction en édition et presse
E1305,58,58 - édition,58 -E1305,Préparation et correction en édition et presse
E1305,63,63 - Services d'information,63 -E1305,Préparation et correction en édition et presse
E1306,17,17 - Industrie du papier et du carton,17 -E1306,Prépresse
E1306,18,18 - Imprimerie et reproduction d'enregistrements,18 -E1306,Prépresse
E1306,73,73 - Publicité et études de marché,73 -E1306,Prépresse
E1307,18,18 - Imprimerie et reproduction d'enregistrements,18 -E1307,Reprographie
E1307,82,82 - Activités administratives et autres activités de soutien aux entreprises,82 -E1307,Reprographie
E1308,18,18 - Imprimerie et reproduction d'enregistrements,18 -E1308,Intervention technique en industrie graphique
E1308,58,58 - édition,58 -E1308,Intervention technique en industrie graphique
E1401,58,58 - édition,58 -E1401,Développement et promotion publicitaire
E1401,73,73 - Publicité et études de marché,73 -E1401,Développement et promotion publicitaire
E1402,58,58 - édition,58 -E1402,élaboration de plan média
E1402,73,73 - Publicité et études de marché,73 -E1402,élaboration de plan média
F1101,71,71 - Activités d'architecture et d'ingénierie ; activités de contrôle et analyses techniques,71 -F1101,Architecture du BTP
F1102,71,71 - Activités d'architecture et d'ingénierie ; activités de contrôle et analyses techniques,71 -F1102,Conception - aménagement d'espaces intérieurs
F1102,74,"74 - Autres activités spécialisées, scientifiques et techniques",74 -F1102,Conception - aménagement d'espaces intérieurs
F1103,71,71 - Activités d'architecture et d'ingénierie ; activités de contrôle et analyses techniques,71 -F1103,Contrôle et diagnostic technique du bâtiment
F1104,42,42 - Génie civil,42 -F1104,Dessin BTP
F1104,43,43 - Travaux de construction spécialisés,43 -F1104,Dessin BTP
F1104,71,71 - Activités d'architecture et d'ingénierie ; activités de contrôle et analyses techniques,71 -F1104,Dessin BTP
F1105,09,09 - Services de soutien aux industries extractives,09 -F1105,études géologiques
F1105,43,43 - Travaux de construction spécialisés,43 -F1105,études géologiques
F1105,71,71 - Activités d'architecture et d'ingénierie ; activités de contrôle et analyses techniques,71 -F1105,études géologiques
F1106,41,41 - Construction de bâtiments,41 -F1106,Ingénierie et études du BTP
F1106,71,71 - Activités d'architecture et d'ingénierie ; activités de contrôle et analyses techniques,71 -F1106,Ingénierie et études du BTP
F1107,09,09 - Services de soutien aux industries extractives,09 -F1107,Mesures topographiques
F1107,43,43 - Travaux de construction spécialisés,43 -F1107,Mesures topographiques
F1107,71,71 - Activités d'architecture et d'ingénierie ; activités de contrôle et analyses techniques,71 -F1107,Mesures topographiques
F1108,71,71 - Activités d'architecture et d'ingénierie ; activités de contrôle et analyses techniques,71 -F1108,Métré de la construction
F1108,74,"74 - Autres activités spécialisées, scientifiques et techniques",74 -F1108,Métré de la construction
F1201,41,41 - Construction de bâtiments,41 -F1201,Conduite de travaux du BTP
F1201,42,42 - Génie civil,42 -F1201,Conduite de travaux du BTP
F1201,43,43 - Travaux de construction spécialisés,43 -F1201,Conduite de travaux du BTP
F1201,74,"74 - Autres activités spécialisées, scientifiques et techniques",74 -F1201,Conduite de travaux du BTP
F1202,41,41 - Construction de bâtiments,41 -F1202,Direction de chantier du BTP
F1202,42,42 - Génie civil,42 -F1202,Direction de chantier du BTP
F1202,43,43 - Travaux de construction spécialisés,43 -F1202,Direction de chantier du BTP
F1202,74,"74 - Autres activités spécialisées, scientifiques et techniques",74 -F1202,Direction de chantier du BTP
F1203,05,05 - Extraction de houille et de lignite,05 -F1203,Direction et ingénierie d'exploitation de gisements et de carrières
F1203,06,06 - Extraction d'hydrocarbures,06 -F1203,Direction et ingénierie d'exploitation de gisements et de carrières
F1203,07,07 - Extraction de minerais métalliques,07 -F1203,Direction et ingénierie d'exploitation de gisements et de carrières
F1203,08,08 - Autres industries extractives,08 -F1203,Direction et ingénierie d'exploitation de gisements et de carrières
F1203,09,09 - Services de soutien aux industries extractives,09 -F1203,Direction et ingénierie d'exploitation de gisements et de carrières
F1204,74,"74 - Autres activités spécialisées, scientifiques et techniques",74 -F1204,Sécurité et protection santé du BTP
F1301,42,42 - Génie civil,42 -F1301,Conduite de grue
F1301,43,43 - Travaux de construction spécialisés,43 -F1301,Conduite de grue
F1301,52,52 - Entreposage et services auxiliaires des transports,52 -F1301,Conduite de grue
F1302,05,05 - Extraction de houille et de lignite,05 -F1302,Conduite d'engins de terrassement et de carrière
F1302,06,06 - Extraction d'hydrocarbures,06 -F1302,Conduite d'engins de terrassement et de carrière
F1302,07,07 - Extraction de minerais métalliques,07 -F1302,Conduite d'engins de terrassement et de carrière
F1302,08,08 - Autres industries extractives,08 -F1302,Conduite d'engins de terrassement et de carrière
F1302,09,09 - Services de soutien aux industries extractives,09 -F1302,Conduite d'engins de terrassement et de carrière
F1302,42,42 - Génie civil,42 -F1302,Conduite d'engins de terrassement et de carrière
F1302,43,43 - Travaux de construction spécialisés,43 -F1302,Conduite d'engins de terrassement et de carrière
F1401,06,06 - Extraction d'hydrocarbures,06 -F1401,Extraction liquide et gazeuse
F1401,09,09 - Services de soutien aux industries extractives,09 -F1401,Extraction liquide et gazeuse
F1402,05,05 - Extraction de houille et de lignite,05 -F1402,Extraction solide
F1402,07,07 - Extraction de minerais métalliques,07 -F1402,Extraction solide
F1402,08,08 - Autres industries extractives,08 -F1402,Extraction solide
F1402,09,09 - Services de soutien aux industries extractives,09 -F1402,Extraction solide
F1501,16,"16 - Travail du bois et fabrication d'articles en bois et en liège, à  l'exception des meubles ; fabrication d'articles en vannerie et sparterie",16 -F1501,Montage de structures et de charpentes bois
F1501,42,42 - Génie civil,42 -F1501,Montage de structures et de charpentes bois
F1501,43,43 - Travaux de construction spécialisés,43 -F1501,Montage de structures et de charpentes bois
F1501,82,82 - Activités administratives et autres activités de soutien aux entreprises,82 -F1501,Montage de structures et de charpentes bois
F1502,43,43 - Travaux de construction spécialisés,43 -F1502,Montage de structures métalliques
F1502,82,82 - Activités administratives et autres activités de soutien aux entreprises,82 -F1502,Montage de structures métalliques
F1503,30,30 - Fabrication d'autres matériels de transport,30 -F1503,Réalisation - installation d'ossatures bois
F1503,43,43 - Travaux de construction spécialisés,43 -F1503,Réalisation - installation d'ossatures bois
F1601,43,43 - Travaux de construction spécialisés,43 -F1601,"Application et décoration en plâtre, stuc et staff"
F1601,90,"90 - Activités créatives, artistiques et de spectacle",90 -F1601,"Application et décoration en plâtre, stuc et staff"
F1601,91,"91 - Bibliothèques, archives, musées et autres activités culturelles",91 -F1601,"Application et décoration en plâtre, stuc et staff"
F1602,43,43 - Travaux de construction spécialisés,43 -F1602,électricité bâtiment
F1602,90,"90 - Activités créatives, artistiques et de spectacle",90 -F1602,électricité bâtiment
F1602,91,"91 - Bibliothèques, archives, musées et autres activités culturelles",91 -F1602,électricité bâtiment
F1603,43,43 - Travaux de construction spécialisés,43 -F1603,Installation d'équipements sanitaires et thermiques
F1604,30,30 - Fabrication d'autres matériels de transport,30 -F1604,Montage d'agencements
F1604,43,43 - Travaux de construction spécialisés,43 -F1604,Montage d'agencements
F1604,82,82 - Activités administratives et autres activités de soutien aux entreprises,82 -F1604,Montage d'agencements
F1605,35,"35 - Production et distribution d'électricité, de gaz, de vapeur et d'air conditionné",35 -F1605,Montage de réseaux électriques et télécoms
F1605,43,43 - Travaux de construction spécialisés,43 -F1605,Montage de réseaux électriques et télécoms
F1605,49,49 - Transports terrestres et transport par conduites,49 -F1605,Montage de réseaux électriques et télécoms
F1605,61,61 - Télécommunications,61 -F1605,Montage de réseaux électriques et télécoms
F1606,43,43 - Travaux de construction spécialisés,43 -F1606,Peinture en bâtiment
F1607,43,43 - Travaux de construction spécialisés,43 -F1607,Pose de fermetures menuisées
F1608,43,43 - Travaux de construction spécialisés,43 -F1608,Pose de revêtements rigides
F1609,43,43 - Travaux de construction spécialisés,43 -F1609,Pose de revêtements souples
F1610,43,43 - Travaux de construction spécialisés,43 -F1610,Pose et restauration de couvertures
F1611,43,43 - Travaux de construction spécialisés,43 -F1611,Réalisation et restauration de faà§ades
F1612,23,23 - Fabrication d'autres produits minéraux non métalliques,23 -F1612,Taille et décoration de pierres
F1612,43,43 - Travaux de construction spécialisés,43 -F1612,Taille et décoration de pierres
F1612,96,96 - Autres services personnels,96 -F1612,Taille et décoration de pierres
F1613,43,43 - Travaux de construction spécialisés,43 -F1613,Travaux d'étanchéité et d'isolation
F1701,42,42 - Génie civil,42 -F1701,Construction en béton
F1701,43,43 - Travaux de construction spécialisés,43 -F1701,Construction en béton
F1702,42,42 - Génie civil,42 -F1702,Construction de routes et voies
F1702,49,49 - Transports terrestres et transport par conduites,49 -F1702,Construction de routes et voies
F1702,50,50 - Transports par eau,50 -F1702,Construction de routes et voies
F1702,52,52 - Entreposage et services auxiliaires des transports,52 -F1702,Construction de routes et voies
F1703,42,42 - Génie civil,42 -F1703,Maà§onnerie
F1703,43,43 - Travaux de construction spécialisés,43 -F1703,Maà§onnerie
F1704,42,42 - Génie civil,42 -F1704,Préparation du gros oeuvre et des travaux publics
F1704,43,43 - Travaux de construction spécialisés,43 -F1704,Préparation du gros oeuvre et des travaux publics
F1705,35,"35 - Production et distribution d'électricité, de gaz, de vapeur et d'air conditionné",35 -F1705,Pose de canalisations
F1705,36,"36 - Captage, traitement et distribution d'eau",36 -F1705,Pose de canalisations
F1705,42,42 - Génie civil,42 -F1705,Pose de canalisations
F1705,43,43 - Travaux de construction spécialisés,43 -F1705,Pose de canalisations
F1706,23,23 - Fabrication d'autres produits minéraux non métalliques,23 -F1706,Préfabrication en béton industriel
G1101,49,49 - Transports terrestres et transport par conduites,49 -G1101,Accueil touristique
G1101,50,50 - Transports par eau,50 -G1101,Accueil touristique
G1101,51,51 - Transports aériens,51 -G1101,Accueil touristique
G1101,79,"79 - Activités des agences de voyage, voyagistes, services de réservation et activités connexes",79 -G1101,Accueil touristique
G1102,79,"79 - Activités des agences de voyage, voyagistes, services de réservation et activités connexes",79 -G1102,Promotion du tourisme local
G1102,84,84 - Administration publique et défense ; sécurité sociale obligatoire,84 -G1102,Promotion du tourisme local
G1102,94,94 - Activités des organisations associatives,94 -G1102,Promotion du tourisme local
G1201,91,"91 - Bibliothèques, archives, musées et autres activités culturelles",91 -G1201,"Accompagnement de voyages, d'activités culturelles ou sportives"
G1201,93,"93 - Activités sportives, récréatives et de loisirs",93 -G1201,"Accompagnement de voyages, d'activités culturelles ou sportives"
G1201,94,94 - Activités des organisations associatives,94 -G1201,"Accompagnement de voyages, d'activités culturelles ou sportives"
G1202,87,87 - Hébergement médico-social et social,87 -G1202,Animation d'activités culturelles ou ludiques
G1202,88,88 - Action sociale sans hébergement,88 -G1202,Animation d'activités culturelles ou ludiques
G1202,91,"91 - Bibliothèques, archives, musées et autres activités culturelles",91 -G1202,Animation d'activités culturelles ou ludiques
G1202,94,94 - Activités des organisations associatives,94 -G1202,Animation d'activités culturelles ou ludiques
G1203,87,87 - Hébergement médico-social et social,87 -G1203,Animation de loisirs auprès d'enfants ou d'adolescents
G1203,88,88 - Action sociale sans hébergement,88 -G1203,Animation de loisirs auprès d'enfants ou d'adolescents
G1203,93,"93 - Activités sportives, récréatives et de loisirs",93 -G1203,Animation de loisirs auprès d'enfants ou d'adolescents
G1203,94,94 - Activités des organisations associatives,94 -G1203,Animation de loisirs auprès d'enfants ou d'adolescents
G1204,87,87 - Hébergement médico-social et social,87 -G1204,éducation en activités sportives
G1204,88,88 - Action sociale sans hébergement,88 -G1204,éducation en activités sportives
G1204,93,"93 - Activités sportives, récréatives et de loisirs",93 -G1204,éducation en activités sportives
G1204,94,94 - Activités des organisations associatives,94 -G1204,éducation en activités sportives
G1205,90,"90 - Activités créatives, artistiques et de spectacle",90 -G1205,Personnel d'attractions ou de structures de loisirs
G1205,91,"91 - Bibliothèques, archives, musées et autres activités culturelles",91 -G1205,Personnel d'attractions ou de structures de loisirs
G1205,93,"93 - Activités sportives, récréatives et de loisirs",93 -G1205,Personnel d'attractions ou de structures de loisirs
G1206,50,50 - Transports par eau,50 -G1206,Personnel technique des jeux
G1206,92,92 - Organisation de jeux de hasard et d'argent,92 -G1206,Personnel technique des jeux
G1301,79,"79 - Activités des agences de voyage, voyagistes, services de réservation et activités connexes",79 -G1301,Conception de produits touristiques
G1302,49,49 - Transports terrestres et transport par conduites,49 -G1302,Optimisation de produits touristiques
G1302,50,50 - Transports par eau,50 -G1302,Optimisation de produits touristiques
G1302,51,51 - Transports aériens,51 -G1302,Optimisation de produits touristiques
G1302,79,"79 - Activités des agences de voyage, voyagistes, services de réservation et activités connexes",79 -G1302,Optimisation de produits touristiques
G1303,49,49 - Transports terrestres et transport par conduites,49 -G1303,Vente de voyages
G1303,50,50 - Transports par eau,50 -G1303,Vente de voyages
G1303,51,51 - Transports aériens,51 -G1303,Vente de voyages
G1303,79,"79 - Activités des agences de voyage, voyagistes, services de réservation et activités connexes",79 -G1303,Vente de voyages
G1401,55,55 - Hébergement,55 -G1401,Assistance de direction d'hôtel-restaurant
G1401,56,56 - Restauration,56 -G1401,Assistance de direction d'hôtel-restaurant
G1402,55,55 - Hébergement,55 -G1402,Management d'hôtel-restaurant
G1402,56,56 - Restauration,56 -G1402,Management d'hôtel-restaurant
G1403,55,55 - Hébergement,55 -G1403,Gestion de structure de loisirs ou d'hébergement touristique
G1403,92,92 - Organisation de jeux de hasard et d'argent,92 -G1403,Gestion de structure de loisirs ou d'hébergement touristique
G1403,93,"93 - Activités sportives, récréatives et de loisirs",93 -G1403,Gestion de structure de loisirs ou d'hébergement touristique
G1404,56,56 - Restauration,56 -G1404,Management d'établissement de restauration collective
G1501,55,55 - Hébergement,55 -G1501,Personnel d'étage
G1501,97,97 - Activités des ménages en tant qu'employeurs de personnel domestique,97 -G1501,Personnel d'étage
G1502,55,55 - Hébergement,55 -G1502,Personnel polyvalent d'hôtellerie
G1503,55,55 - Hébergement,55 -G1503,Management du personnel d'étage
G1601,10,10 - Industries alimentaires,10 -G1601,Management du personnel de cuisine
G1601,56,56 - Restauration,56 -G1601,Management du personnel de cuisine
G1602,10,10 - Industries alimentaires,10 -G1602,Personnel de cuisine
G1602,56,56 - Restauration,56 -G1602,Personnel de cuisine
G1602,97,97 - Activités des ménages en tant qu'employeurs de personnel domestique,97 -G1602,Personnel de cuisine
G1603,56,56 - Restauration,56 -G1603,Personnel polyvalent en restauration
G1604,56,56 - Restauration,56 -G1604,Fabrication de crêpes ou pizzas
G1605,56,56 - Restauration,56 -G1605,Plonge en restauration
G1701,55,55 - Hébergement,55 -G1701,Conciergerie en hôtellerie
G1702,55,55 - Hébergement,55 -G1702,Personnel du hall
G1702,56,56 - Restauration,56 -G1702,Personnel du hall
G1702,92,92 - Organisation de jeux de hasard et d'argent,92 -G1702,Personnel du hall
G1702,93,"93 - Activités sportives, récréatives et de loisirs",93 -G1702,Personnel du hall
G1702,97,97 - Activités des ménages en tant qu'employeurs de personnel domestique,97 -G1702,Personnel du hall
G1703,55,55 - Hébergement,55 -G1703,Réception en hôtellerie
G1801,56,56 - Restauration,56 -G1801,"Café, bar brasserie"
G1801,92,92 - Organisation de jeux de hasard et d'argent,92 -G1801,"Café, bar brasserie"
G1802,56,56 - Restauration,56 -G1802,Management du service en restauration
G1802,97,97 - Activités des ménages en tant qu'employeurs de personnel domestique,97 -G1802,Management du service en restauration
G1803,55,55 - Hébergement,55 -G1803,Service en restauration
G1803,56,56 - Restauration,56 -G1803,Service en restauration
G1803,97,97 - Activités des ménages en tant qu'employeurs de personnel domestique,97 -G1803,Service en restauration
G1804,11,11 - Fabrication de boissons,11 -G1804,Sommellerie
G1804,47,"47 - Commerce de détail, à  l'exception des automobiles et des motocycles",47 -G1804,Sommellerie
G1804,56,56 - Restauration,56 -G1804,Sommellerie
H1101,Fiche transectorielle,Fiche transectorielle,Fiche transectorielle-H1101,Assistance et support technique client
H1102,70,70 - Activités des sièges sociaux ; conseil de gestion,70 -H1102,Management et ingénierie d'affaires
H1102,Fiche transectorielle,Fiche transectorielle,Fiche transectorielle-H1102,Management et ingénierie d'affaires
H1201,10,10 - Industries alimentaires,10 -H1201,Expertise technique couleur en industrie
H1201,13,13 - Fabrication de textiles,13 -H1201,Expertise technique couleur en industrie
H1201,15,15 - Industrie du cuir et de la chaussure,15 -H1201,Expertise technique couleur en industrie
H1201,16,"16 - Travail du bois et fabrication d'articles en bois et en liège, à  l'exception des meubles ; fabrication d'articles en vannerie et sparterie",16 -H1201,Expertise technique couleur en industrie
H1201,20,20 - Industrie chimique,20 -H1201,Expertise technique couleur en industrie
H1201,22,22 - Fabrication de produits en caoutchouc et en plastique,22 -H1201,Expertise technique couleur en industrie
H1201,31,31 - Fabrication de meubles,31 -H1201,Expertise technique couleur en industrie
H1202,26,"26 - Fabrication de produits informatiques, électroniques et optiques",26 -H1202,Conception et dessin de produits électriques et électroniques
H1202,27,27 - Fabrication d'équipements électriques,27 -H1202,Conception et dessin de produits électriques et électroniques
H1202,Fiche transectorielle,Fiche transectorielle,Fiche transectorielle-H1202,Conception et dessin de produits électriques et électroniques
H1203,Fiche transectorielle,Fiche transectorielle,Fiche transectorielle-H1203,Conception et dessin produits mécaniques
H1204,74,"74 - Autres activités spécialisées, scientifiques et techniques",74 -H1204,Design industriel
H1204,Fiche transectorielle,Fiche transectorielle,Fiche transectorielle-H1204,Design industriel
H1205,13,13 - Fabrication de textiles,13 -H1205,études - modèles en industrie des matériaux souples
H1205,14,14 - Industrie de l'habillement,14 -H1205,études - modèles en industrie des matériaux souples
H1205,15,15 - Industrie du cuir et de la chaussure,15 -H1205,études - modèles en industrie des matériaux souples
H1206,70,70 - Activités des sièges sociaux ; conseil de gestion,70 -H1206,"Management et ingénierie études, recherche et développement industriel"
H1206,72,72 - Recherche-développement scientifique,72 -H1206,"Management et ingénierie études, recherche et développement industriel"
H1206,Fiche transectorielle,Fiche transectorielle,Fiche transectorielle-H1206,"Management et ingénierie études, recherche et développement industriel"
H1207,Fiche transectorielle,Fiche transectorielle,Fiche transectorielle-H1207,Rédaction technique
H1208,Fiche transectorielle,Fiche transectorielle,Fiche transectorielle-H1208,Intervention technique en études et conception en automatisme
H1209,26,"26 - Fabrication de produits informatiques, électroniques et optiques",26 -H1209,Intervention technique en études et développement électronique
H1209,27,27 - Fabrication d'équipements électriques,27 -H1209,Intervention technique en études et développement électronique
H1209,61,61 - Télécommunications,61 -H1209,Intervention technique en études et développement électronique
H1209,Fiche transectorielle,Fiche transectorielle,Fiche transectorielle-H1209,Intervention technique en études et développement électronique
H1210,Fiche transectorielle,Fiche transectorielle,Fiche transectorielle-H1210,"Intervention technique en études, recherche et développement"
H1301,71,71 - Activités d'architecture et d'ingénierie ; activités de contrôle et analyses techniques,71 -H1301,Inspection de conformité
H1301,74,"74 - Autres activités spécialisées, scientifiques et techniques",74 -H1301,Inspection de conformité
H1301,Fiche transectorielle,Fiche transectorielle,Fiche transectorielle-H1301,Inspection de conformité
H1302,38,"38 - Collecte, traitement et élimination des déchets ; récupération",38 -H1302,Management et ingénierie Hygiène Sécurité Environnement -HSE- industriels
H1302,39,39 - Dépollution et autres services de gestion des déchets,39 -H1302,Management et ingénierie Hygiène Sécurité Environnement -HSE- industriels
H1302,70,70 - Activités des sièges sociaux ; conseil de gestion,70 -H1302,Management et ingénierie Hygiène Sécurité Environnement -HSE- industriels
H1302,71,71 - Activités d'architecture et d'ingénierie ; activités de contrôle et analyses techniques,71 -H1302,Management et ingénierie Hygiène Sécurité Environnement -HSE- industriels
H1302,Fiche transectorielle,Fiche transectorielle,Fiche transectorielle-H1302,Management et ingénierie Hygiène Sécurité Environnement -HSE- industriels
H1303,38,"38 - Collecte, traitement et élimination des déchets ; récupération",38 -H1303,Intervention technique en Hygiène Sécurité Environnement  -HSE- industriel
H1303,39,39 - Dépollution et autres services de gestion des déchets,39 -H1303,Intervention technique en Hygiène Sécurité Environnement  -HSE- industriel
H1303,Fiche transectorielle,Fiche transectorielle,Fiche transectorielle-H1303,Intervention technique en Hygiène Sécurité Environnement  -HSE- industriel
H1401,70,70 - Activités des sièges sociaux ; conseil de gestion,70 -H1401,Management et ingénierie gestion industrielle et logistique
H1401,Fiche transectorielle,Fiche transectorielle,Fiche transectorielle-H1401,Management et ingénierie gestion industrielle et logistique
H1402,70,70 - Activités des sièges sociaux ; conseil de gestion,70 -H1402,Management et ingénierie méthodes et industrialisation
H1402,Fiche transectorielle,Fiche transectorielle,Fiche transectorielle-H1402,Management et ingénierie méthodes et industrialisation
H1403,Fiche transectorielle,Fiche transectorielle,Fiche transectorielle-H1403,Intervention technique en gestion industrielle et logistique
H1404,Fiche transectorielle,Fiche transectorielle,Fiche transectorielle-H1404,Intervention technique en méthodes et industrialisation
H1501,71,71 - Activités d'architecture et d'ingénierie ; activités de contrôle et analyses techniques,71 -H1501,Direction de laboratoire d'analyse industrielle
H1501,72,72 - Recherche-développement scientifique,72 -H1501,Direction de laboratoire d'analyse industrielle
H1502,70,70 - Activités des sièges sociaux ; conseil de gestion,70 -H1502,Management et ingénierie qualité industrielle
H1502,71,71 - Activités d'architecture et d'ingénierie ; activités de contrôle et analyses techniques,71 -H1502,Management et ingénierie qualité industrielle
H1503,71,71 - Activités d'architecture et d'ingénierie ; activités de contrôle et analyses techniques,71 -H1503,Intervention technique en laboratoire d'analyse industrielle
H1503,72,72 - Recherche-développement scientifique,72 -H1503,Intervention technique en laboratoire d'analyse industrielle
H1504,26,"26 - Fabrication de produits informatiques, électroniques et optiques",26 -H1504,Intervention technique en contrôle essai qualité en électricité et électronique
H1504,27,27 - Fabrication d'équipements électriques,27 -H1504,Intervention technique en contrôle essai qualité en électricité et électronique
H1504,61,61 - Télécommunications,61 -H1504,Intervention technique en contrôle essai qualité en électricité et électronique
H1504,71,71 - Activités d'architecture et d'ingénierie ; activités de contrôle et analyses techniques,71 -H1504,Intervention technique en contrôle essai qualité en électricité et électronique
H1505,10,10 - Industries alimentaires,10 -H1505,Intervention technique en formulation et analyse sensorielle
H1505,11,11 - Fabrication de boissons,11 -H1505,Intervention technique en formulation et analyse sensorielle
H1505,20,20 - Industrie chimique,20 -H1505,Intervention technique en formulation et analyse sensorielle
H1505,72,72 - Recherche-développement scientifique,72 -H1505,Intervention technique en formulation et analyse sensorielle
H1506,71,71 - Activités d'architecture et d'ingénierie ; activités de contrôle et analyses techniques,71 -H1506,Intervention technique qualité en mécanique et travail des métaux
H1506,Fiche transectorielle,Fiche transectorielle,Fiche transectorielle-H1506,Intervention technique qualité en mécanique et travail des métaux
H2101,10,10 - Industries alimentaires,10 -H2101,Abattage et découpe des viandes
H2102,10,10 - Industries alimentaires,10 -H2102,Conduite d'équipement de production alimentaire
H2102,11,11 - Fabrication de boissons,11 -H2102,Conduite d'équipement de production alimentaire
H2201,16,"16 - Travail du bois et fabrication d'articles en bois et en liège, à  l'exception des meubles ; fabrication d'articles en vannerie et sparterie",16 -H2201,Assemblage d'ouvrages en bois
H2201,31,31 - Fabrication de meubles,31 -H2201,Assemblage d'ouvrages en bois
H2202,16,"16 - Travail du bois et fabrication d'articles en bois et en liège, à  l'exception des meubles ; fabrication d'articles en vannerie et sparterie",16 -H2202,Conduite d'équipement de fabrication de l'ameublement et du bois
H2202,31,31 - Fabrication de meubles,31 -H2202,Conduite d'équipement de fabrication de l'ameublement et du bois
H2203,16,"16 - Travail du bois et fabrication d'articles en bois et en liège, à  l'exception des meubles ; fabrication d'articles en vannerie et sparterie",16 -H2203,Conduite d'installation de production de panneaux bois
H2204,16,"16 - Travail du bois et fabrication d'articles en bois et en liège, à  l'exception des meubles ; fabrication d'articles en vannerie et sparterie",16 -H2204,Encadrement des industries de l'ameublement et du bois
H2204,31,31 - Fabrication de meubles,31 -H2204,Encadrement des industries de l'ameublement et du bois
H2205,16,"16 - Travail du bois et fabrication d'articles en bois et en liège, à  l'exception des meubles ; fabrication d'articles en vannerie et sparterie",16 -H2205,Première transformation de bois d'oeuvre
H2206,16,"16 - Travail du bois et fabrication d'articles en bois et en liège, à  l'exception des meubles ; fabrication d'articles en vannerie et sparterie",16 -H2206,Réalisation de menuiserie bois et tonnellerie
H2206,43,43 - Travaux de construction spécialisés,43 -H2206,Réalisation de menuiserie bois et tonnellerie
H2207,31,31 - Fabrication de meubles,31 -H2207,Réalisation de meubles en bois
H2208,16,"16 - Travail du bois et fabrication d'articles en bois et en liège, à  l'exception des meubles ; fabrication d'articles en vannerie et sparterie",16 -H2208,Réalisation d'ouvrages décoratifs en bois
H2208,32,32 - Autres industries manufacturières,32 -H2208,Réalisation d'ouvrages décoratifs en bois
H2209,16,"16 - Travail du bois et fabrication d'articles en bois et en liège, à  l'exception des meubles ; fabrication d'articles en vannerie et sparterie",16 -H2209,Intervention technique en ameublement et bois
H2209,31,31 - Fabrication de meubles,31 -H2209,Intervention technique en ameublement et bois
H2301,20,20 - Industrie chimique,20 -H2301,Conduite d'équipement de production chimique ou pharmaceutique
H2301,21,21 - Industrie pharmaceutique,21 -H2301,Conduite d'équipement de production chimique ou pharmaceutique
H2401,15,15 - Industrie du cuir et de la chaussure,15 -H2401,"Assemblage - montage d'articles en cuirs, peaux"
H2402,13,13 - Fabrication de textiles,13 -H2402,Assemblage - montage de vêtements et produits textiles
H2402,14,14 - Industrie de l'habillement,14 -H2402,Assemblage - montage de vêtements et produits textiles
H2402,15,15 - Industrie du cuir et de la chaussure,15 -H2402,Assemblage - montage de vêtements et produits textiles
H2403,13,13 - Fabrication de textiles,13 -H2403,Conduite de machine de fabrication de produits textiles
H2404,13,13 - Fabrication de textiles,13 -H2404,Conduite de machine de production et transformation des fils
H2405,13,13 - Fabrication de textiles,13 -H2405,Conduite de machine de textiles nontissés
H2406,13,13 - Fabrication de textiles,13 -H2406,Conduite de machine de traitement textile
H2407,15,15 - Industrie du cuir et de la chaussure,15 -H2407,Conduite de machine de transformation et de finition des cuirs et peaux
H2408,13,13 - Fabrication de textiles,13 -H2408,Conduite de machine d'impression textile
H2409,14,14 - Industrie de l'habillement,14 -H2409,"Coupe cuir, textile et matériaux souples"
H2409,15,15 - Industrie du cuir et de la chaussure,15 -H2409,"Coupe cuir, textile et matériaux souples"
H2410,13,13 - Fabrication de textiles,13 -H2410,"Mise en forme, repassage et finitions en industrie textile"
H2410,14,14 - Industrie de l'habillement,14 -H2410,"Mise en forme, repassage et finitions en industrie textile"
H2411,13,13 - Fabrication de textiles,13 -H2411,Montage de prototype cuir et matériaux souples
H2411,14,14 - Industrie de l'habillement,14 -H2411,Montage de prototype cuir et matériaux souples
H2411,15,15 - Industrie du cuir et de la chaussure,15 -H2411,Montage de prototype cuir et matériaux souples
H2411,74,"74 - Autres activités spécialisées, scientifiques et techniques",74 -H2411,Montage de prototype cuir et matériaux souples
H2412,14,14 - Industrie de l'habillement,14 -H2412,Patronnage - gradation
H2412,15,15 - Industrie du cuir et de la chaussure,15 -H2412,Patronnage - gradation
H2412,74,"74 - Autres activités spécialisées, scientifiques et techniques",74 -H2412,Patronnage - gradation
H2413,13,13 - Fabrication de textiles,13 -H2413,"Préparation de fils, montage de métiers textiles"
H2414,14,14 - Industrie de l'habillement,14 -H2414,Préparation et finition d'articles en cuir et matériaux souples
H2414,15,15 - Industrie du cuir et de la chaussure,15 -H2414,Préparation et finition d'articles en cuir et matériaux souples
H2415,13,13 - Fabrication de textiles,13 -H2415,Contrôle en industrie du cuir et du textile
H2415,14,14 - Industrie de l'habillement,14 -H2415,Contrôle en industrie du cuir et du textile
H2415,15,15 - Industrie du cuir et de la chaussure,15 -H2415,Contrôle en industrie du cuir et du textile
H2501,26,"26 - Fabrication de produits informatiques, électroniques et optiques",26 -H2501,Encadrement de production de matériel électrique et électronique
H2501,27,27 - Fabrication d'équipements électriques,27 -H2501,Encadrement de production de matériel électrique et électronique
H2501,28,28 - Fabrication de machines et équipements n.c.a.,28 -H2501,Encadrement de production de matériel électrique et électronique
H2501,29,29 - Industrie automobile,29 -H2501,Encadrement de production de matériel électrique et électronique
H2501,30,30 - Fabrication d'autres matériels de transport,30 -H2501,Encadrement de production de matériel électrique et électronique
H2501,33,33 - Réparation et installation de machines et d'équipements,33 -H2501,Encadrement de production de matériel électrique et électronique
H2502,Fiche transectorielle,Fiche transectorielle,Fiche transectorielle-H2502,Management et ingénierie de production
H2503,24,24 - Métallurgie,24 -H2503,Pilotage d'unité élémentaire de production mécanique ou de travail des métaux
H2503,25,"25 - Fabrication de produits métalliques, à  l'exception des machines et des équipements",25 -H2503,Pilotage d'unité élémentaire de production mécanique ou de travail des métaux
H2503,26,"26 - Fabrication de produits informatiques, électroniques et optiques",26 -H2503,Pilotage d'unité élémentaire de production mécanique ou de travail des métaux
H2503,27,27 - Fabrication d'équipements électriques,27 -H2503,Pilotage d'unité élémentaire de production mécanique ou de travail des métaux
H2503,28,28 - Fabrication de machines et équipements n.c.a.,28 -H2503,Pilotage d'unité élémentaire de production mécanique ou de travail des métaux
H2503,29,29 - Industrie automobile,29 -H2503,Pilotage d'unité élémentaire de production mécanique ou de travail des métaux
H2503,30,30 - Fabrication d'autres matériels de transport,30 -H2503,Pilotage d'unité élémentaire de production mécanique ou de travail des métaux
H2503,32,32 - Autres industries manufacturières,32 -H2503,Pilotage d'unité élémentaire de production mécanique ou de travail des métaux
H2504,10,10 - Industries alimentaires,10 -H2504,Encadrement d'équipe en industrie de transformation
H2504,11,11 - Fabrication de boissons,11 -H2504,Encadrement d'équipe en industrie de transformation
H2504,12,12 - Fabrication de produits à  base de tabac,12 -H2504,Encadrement d'équipe en industrie de transformation
H2504,17,17 - Industrie du papier et du carton,17 -H2504,Encadrement d'équipe en industrie de transformation
H2504,19,19 - Cokéfaction et raffinage,19 -H2504,Encadrement d'équipe en industrie de transformation
H2504,20,20 - Industrie chimique,20 -H2504,Encadrement d'équipe en industrie de transformation
H2504,21,21 - Industrie pharmaceutique,21 -H2504,Encadrement d'équipe en industrie de transformation
H2504,22,22 - Fabrication de produits en caoutchouc et en plastique,22 -H2504,Encadrement d'équipe en industrie de transformation
H2504,23,23 - Fabrication d'autres produits minéraux non métalliques,23 -H2504,Encadrement d'équipe en industrie de transformation
H2505,13,13 - Fabrication de textiles,13 -H2505,Encadrement d'équipe ou d'atelier en matériaux souples
H2505,14,14 - Industrie de l'habillement,14 -H2505,Encadrement d'équipe ou d'atelier en matériaux souples
H2505,15,15 - Industrie du cuir et de la chaussure,15 -H2505,Encadrement d'équipe ou d'atelier en matériaux souples
H2505,96,96 - Autres services personnels,96 -H2505,Encadrement d'équipe ou d'atelier en matériaux souples
H2601,26,"26 - Fabrication de produits informatiques, électroniques et optiques",26 -H2601,Bobinage électrique
H2601,27,27 - Fabrication d'équipements électriques,27 -H2601,Bobinage électrique
H2602,24,24 - Métallurgie,24 -H2602,Câblage électrique et électromécanique
H2602,25,"25 - Fabrication de produits métalliques, à  l'exception des machines et des équipements",25 -H2602,Câblage électrique et électromécanique
H2602,26,"26 - Fabrication de produits informatiques, électroniques et optiques",26 -H2602,Câblage électrique et électromécanique
H2602,27,27 - Fabrication d'équipements électriques,27 -H2602,Câblage électrique et électromécanique
H2602,30,30 - Fabrication d'autres matériels de transport,30 -H2602,Câblage électrique et électromécanique
H2602,33,33 - Réparation et installation de machines et d'équipements,33 -H2602,Câblage électrique et électromécanique
H2603,26,"26 - Fabrication de produits informatiques, électroniques et optiques",26 -H2603,"Conduite d'installation automatisée de production électrique, électronique et microélectronique"
H2603,27,27 - Fabrication d'équipements électriques,27 -H2603,"Conduite d'installation automatisée de production électrique, électronique et microélectronique"
H2604,26,"26 - Fabrication de produits informatiques, électroniques et optiques",26 -H2604,Montage de produits électriques et électroniques
H2604,27,27 - Fabrication d'équipements électriques,27 -H2604,Montage de produits électriques et électroniques
H2605,25,"25 - Fabrication de produits métalliques, à  l'exception des machines et des équipements",25 -H2605,Montage et câblage électronique
H2605,26,"26 - Fabrication de produits informatiques, électroniques et optiques",26 -H2605,Montage et câblage électronique
H2605,27,27 - Fabrication d'équipements électriques,27 -H2605,Montage et câblage électronique
H2605,30,30 - Fabrication d'autres matériels de transport,30 -H2605,Montage et câblage électronique
H2605,32,32 - Autres industries manufacturières,32 -H2605,Montage et câblage électronique
H2605,61,61 - Télécommunications,61 -H2605,Montage et câblage électronique
H2701,19,19 - Cokéfaction et raffinage,19 -H2701,Pilotage d'installation énergétique et pétrochimique
H2701,20,20 - Industrie chimique,20 -H2701,Pilotage d'installation énergétique et pétrochimique
H2701,23,23 - Fabrication d'autres produits minéraux non métalliques,23 -H2701,Pilotage d'installation énergétique et pétrochimique
H2701,24,24 - Métallurgie,24 -H2701,Pilotage d'installation énergétique et pétrochimique
H2701,35,"35 - Production et distribution d'électricité, de gaz, de vapeur et d'air conditionné",35 -H2701,Pilotage d'installation énergétique et pétrochimique
H2701,38,"38 - Collecte, traitement et élimination des déchets ; récupération",38 -H2701,Pilotage d'installation énergétique et pétrochimique
H2801,23,23 - Fabrication d'autres produits minéraux non métalliques,23 -H2801,Conduite d'équipement de transformation du verre
H2802,23,23 - Fabrication d'autres produits minéraux non métalliques,23 -H2802,Conduite d'installation de production de matériaux de construction
H2803,23,23 - Fabrication d'autres produits minéraux non métalliques,23 -H2803,Faà§onnage et émaillage en industrie céramique
H2804,23,23 - Fabrication d'autres produits minéraux non métalliques,23 -H2804,"Pilotage de centrale à  béton prêt à  l'emploi, ciment, enrobés et granulats"
H2805,23,23 - Fabrication d'autres produits minéraux non métalliques,23 -H2805,Pilotage d'installation de production verrière
H2901,22,22 - Fabrication de produits en caoutchouc et en plastique,22 -H2901,Ajustement et montage de fabrication
H2901,23,23 - Fabrication d'autres produits minéraux non métalliques,23 -H2901,Ajustement et montage de fabrication
H2901,24,24 - Métallurgie,24 -H2901,Ajustement et montage de fabrication
H2901,25,"25 - Fabrication de produits métalliques, à  l'exception des machines et des équipements",25 -H2901,Ajustement et montage de fabrication
H2901,26,"26 - Fabrication de produits informatiques, électroniques et optiques",26 -H2901,Ajustement et montage de fabrication
H2901,27,27 - Fabrication d'équipements électriques,27 -H2901,Ajustement et montage de fabrication
H2901,28,28 - Fabrication de machines et équipements n.c.a.,28 -H2901,Ajustement et montage de fabrication
H2901,29,29 - Industrie automobile,29 -H2901,Ajustement et montage de fabrication
H2901,30,30 - Fabrication d'autres matériels de transport,30 -H2901,Ajustement et montage de fabrication
H2901,32,32 - Autres industries manufacturières,32 -H2901,Ajustement et montage de fabrication
H2901,33,33 - Réparation et installation de machines et d'équipements,33 -H2901,Ajustement et montage de fabrication
H2902,20,20 - Industrie chimique,20 -H2902,Chaudronnerie - tôlerie
H2902,22,22 - Fabrication de produits en caoutchouc et en plastique,22 -H2902,Chaudronnerie - tôlerie
H2902,23,23 - Fabrication d'autres produits minéraux non métalliques,23 -H2902,Chaudronnerie - tôlerie
H2902,24,24 - Métallurgie,24 -H2902,Chaudronnerie - tôlerie
H2902,25,"25 - Fabrication de produits métalliques, à  l'exception des machines et des équipements",25 -H2902,Chaudronnerie - tôlerie
H2902,26,"26 - Fabrication de produits informatiques, électroniques et optiques",26 -H2902,Chaudronnerie - tôlerie
H2902,27,27 - Fabrication d'équipements électriques,27 -H2902,Chaudronnerie - tôlerie
H2902,28,28 - Fabrication de machines et équipements n.c.a.,28 -H2902,Chaudronnerie - tôlerie
H2902,29,29 - Industrie automobile,29 -H2902,Chaudronnerie - tôlerie
H2902,30,30 - Fabrication d'autres matériels de transport,30 -H2902,Chaudronnerie - tôlerie
H2902,32,32 - Autres industries manufacturières,32 -H2902,Chaudronnerie - tôlerie
H2902,33,33 - Réparation et installation de machines et d'équipements,33 -H2902,Chaudronnerie - tôlerie
H2903,16,"16 - Travail du bois et fabrication d'articles en bois et en liège, à  l'exception des meubles ; fabrication d'articles en vannerie et sparterie",16 -H2903,Conduite d'équipement d'usinage
H2903,20,20 - Industrie chimique,20 -H2903,Conduite d'équipement d'usinage
H2903,22,22 - Fabrication de produits en caoutchouc et en plastique,22 -H2903,Conduite d'équipement d'usinage
H2903,23,23 - Fabrication d'autres produits minéraux non métalliques,23 -H2903,Conduite d'équipement d'usinage
H2903,24,24 - Métallurgie,24 -H2903,Conduite d'équipement d'usinage
H2903,25,"25 - Fabrication de produits métalliques, à  l'exception des machines et des équipements",25 -H2903,Conduite d'équipement d'usinage
H2903,26,"26 - Fabrication de produits informatiques, électroniques et optiques",26 -H2903,Conduite d'équipement d'usinage
H2903,27,27 - Fabrication d'équipements électriques,27 -H2903,Conduite d'équipement d'usinage
H2903,28,28 - Fabrication de machines et équipements n.c.a.,28 -H2903,Conduite d'équipement d'usinage
H2903,29,29 - Industrie automobile,29 -H2903,Conduite d'équipement d'usinage
H2903,30,30 - Fabrication d'autres matériels de transport,30 -H2903,Conduite d'équipement d'usinage
H2903,31,31 - Fabrication de meubles,31 -H2903,Conduite d'équipement d'usinage
H2903,32,32 - Autres industries manufacturières,32 -H2903,Conduite d'équipement d'usinage
H2903,33,33 - Réparation et installation de machines et d'équipements,33 -H2903,Conduite d'équipement d'usinage
H2904,22,22 - Fabrication de produits en caoutchouc et en plastique,22 -H2904,Conduite d'équipement de déformation des métaux
H2904,23,23 - Fabrication d'autres produits minéraux non métalliques,23 -H2904,Conduite d'équipement de déformation des métaux
H2904,24,24 - Métallurgie,24 -H2904,Conduite d'équipement de déformation des métaux
H2904,25,"25 - Fabrication de produits métalliques, à  l'exception des machines et des équipements",25 -H2904,Conduite d'équipement de déformation des métaux
H2904,26,"26 - Fabrication de produits informatiques, électroniques et optiques",26 -H2904,Conduite d'équipement de déformation des métaux
H2904,27,27 - Fabrication d'équipements électriques,27 -H2904,Conduite d'équipement de déformation des métaux
H2904,28,28 - Fabrication de machines et équipements n.c.a.,28 -H2904,Conduite d'équipement de déformation des métaux
H2904,29,29 - Industrie automobile,29 -H2904,Conduite d'équipement de déformation des métaux
H2904,30,30 - Fabrication d'autres matériels de transport,30 -H2904,Conduite d'équipement de déformation des métaux
H2904,32,32 - Autres industries manufacturières,32 -H2904,Conduite d'équipement de déformation des métaux
H2904,33,33 - Réparation et installation de machines et d'équipements,33 -H2904,Conduite d'équipement de déformation des métaux
H2905,22,22 - Fabrication de produits en caoutchouc et en plastique,22 -H2905,Conduite d'équipement de formage et découpage des matériaux
H2905,23,23 - Fabrication d'autres produits minéraux non métalliques,23 -H2905,Conduite d'équipement de formage et découpage des matériaux
H2905,24,24 - Métallurgie,24 -H2905,Conduite d'équipement de formage et découpage des matériaux
H2905,25,"25 - Fabrication de produits métalliques, à  l'exception des machines et des équipements",25 -H2905,Conduite d'équipement de formage et découpage des matériaux
H2905,26,"26 - Fabrication de produits informatiques, électroniques et optiques",26 -H2905,Conduite d'équipement de formage et découpage des matériaux
H2905,27,27 - Fabrication d'équipements électriques,27 -H2905,Conduite d'équipement de formage et découpage des matériaux
H2905,28,28 - Fabrication de machines et équipements n.c.a.,28 -H2905,Conduite d'équipement de formage et découpage des matériaux
H2905,29,29 - Industrie automobile,29 -H2905,Conduite d'équipement de formage et découpage des matériaux
H2905,30,30 - Fabrication d'autres matériels de transport,30 -H2905,Conduite d'équipement de formage et découpage des matériaux
H2905,32,32 - Autres industries manufacturières,32 -H2905,Conduite d'équipement de formage et découpage des matériaux
H2905,33,33 - Réparation et installation de machines et d'équipements,33 -H2905,Conduite d'équipement de formage et découpage des matériaux
H2906,16,"16 - Travail du bois et fabrication d'articles en bois et en liège, à  l'exception des meubles ; fabrication d'articles en vannerie et sparterie",16 -H2906,Conduite d'installation automatisée ou robotisée de fabrication mécanique
H2906,22,22 - Fabrication de produits en caoutchouc et en plastique,22 -H2906,Conduite d'installation automatisée ou robotisée de fabrication mécanique
H2906,23,23 - Fabrication d'autres produits minéraux non métalliques,23 -H2906,Conduite d'installation automatisée ou robotisée de fabrication mécanique
H2906,24,24 - Métallurgie,24 -H2906,Conduite d'installation automatisée ou robotisée de fabrication mécanique
H2906,25,"25 - Fabrication de produits métalliques, à  l'exception des machines et des équipements",25 -H2906,Conduite d'installation automatisée ou robotisée de fabrication mécanique
H2906,26,"26 - Fabrication de produits informatiques, électroniques et optiques",26 -H2906,Conduite d'installation automatisée ou robotisée de fabrication mécanique
H2906,27,27 - Fabrication d'équipements électriques,27 -H2906,Conduite d'installation automatisée ou robotisée de fabrication mécanique
H2906,28,28 - Fabrication de machines et équipements n.c.a.,28 -H2906,Conduite d'installation automatisée ou robotisée de fabrication mécanique
H2906,29,29 - Industrie automobile,29 -H2906,Conduite d'installation automatisée ou robotisée de fabrication mécanique
H2906,30,30 - Fabrication d'autres matériels de transport,30 -H2906,Conduite d'installation automatisée ou robotisée de fabrication mécanique
H2906,31,31 - Fabrication de meubles,31 -H2906,Conduite d'installation automatisée ou robotisée de fabrication mécanique
H2906,32,32 - Autres industries manufacturières,32 -H2906,Conduite d'installation automatisée ou robotisée de fabrication mécanique
H2906,33,33 - Réparation et installation de machines et d'équipements,33 -H2906,Conduite d'installation automatisée ou robotisée de fabrication mécanique
H2907,20,20 - Industrie chimique,20 -H2907,Conduite d'installation de production des métaux
H2907,22,22 - Fabrication de produits en caoutchouc et en plastique,22 -H2907,Conduite d'installation de production des métaux
H2907,23,23 - Fabrication d'autres produits minéraux non métalliques,23 -H2907,Conduite d'installation de production des métaux
H2907,24,24 - Métallurgie,24 -H2907,Conduite d'installation de production des métaux
H2907,25,"25 - Fabrication de produits métalliques, à  l'exception des machines et des équipements",25 -H2907,Conduite d'installation de production des métaux
H2907,28,28 - Fabrication de machines et équipements n.c.a.,28 -H2907,Conduite d'installation de production des métaux
H2907,29,29 - Industrie automobile,29 -H2907,Conduite d'installation de production des métaux
H2907,30,30 - Fabrication d'autres matériels de transport,30 -H2907,Conduite d'installation de production des métaux
H2907,32,32 - Autres industries manufacturières,32 -H2907,Conduite d'installation de production des métaux
H2907,33,33 - Réparation et installation de machines et d'équipements,33 -H2907,Conduite d'installation de production des métaux
H2908,22,22 - Fabrication de produits en caoutchouc et en plastique,22 -H2908,Modelage de matériaux non métalliques
H2908,23,23 - Fabrication d'autres produits minéraux non métalliques,23 -H2908,Modelage de matériaux non métalliques
H2908,24,24 - Métallurgie,24 -H2908,Modelage de matériaux non métalliques
H2908,25,"25 - Fabrication de produits métalliques, à  l'exception des machines et des équipements",25 -H2908,Modelage de matériaux non métalliques
H2908,29,29 - Industrie automobile,29 -H2908,Modelage de matériaux non métalliques
H2908,30,30 - Fabrication d'autres matériels de transport,30 -H2908,Modelage de matériaux non métalliques
H2908,33,33 - Réparation et installation de machines et d'équipements,33 -H2908,Modelage de matériaux non métalliques
H2909,20,20 - Industrie chimique,20 -H2909,Montage-assemblage mécanique
H2909,22,22 - Fabrication de produits en caoutchouc et en plastique,22 -H2909,Montage-assemblage mécanique
H2909,23,23 - Fabrication d'autres produits minéraux non métalliques,23 -H2909,Montage-assemblage mécanique
H2909,24,24 - Métallurgie,24 -H2909,Montage-assemblage mécanique
H2909,25,"25 - Fabrication de produits métalliques, à  l'exception des machines et des équipements",25 -H2909,Montage-assemblage mécanique
H2909,26,"26 - Fabrication de produits informatiques, électroniques et optiques",26 -H2909,Montage-assemblage mécanique
H2909,27,27 - Fabrication d'équipements électriques,27 -H2909,Montage-assemblage mécanique
H2909,28,28 - Fabrication de machines et équipements n.c.a.,28 -H2909,Montage-assemblage mécanique
H2909,29,29 - Industrie automobile,29 -H2909,Montage-assemblage mécanique
H2909,30,30 - Fabrication d'autres matériels de transport,30 -H2909,Montage-assemblage mécanique
H2909,32,32 - Autres industries manufacturières,32 -H2909,Montage-assemblage mécanique
H2909,33,33 - Réparation et installation de machines et d'équipements,33 -H2909,Montage-assemblage mécanique
H2910,22,22 - Fabrication de produits en caoutchouc et en plastique,22 -H2910,Moulage sable
H2910,23,23 - Fabrication d'autres produits minéraux non métalliques,23 -H2910,Moulage sable
H2910,24,24 - Métallurgie,24 -H2910,Moulage sable
H2910,25,"25 - Fabrication de produits métalliques, à  l'exception des machines et des équipements",25 -H2910,Moulage sable
H2910,28,28 - Fabrication de machines et équipements n.c.a.,28 -H2910,Moulage sable
H2910,29,29 - Industrie automobile,29 -H2910,Moulage sable
H2910,30,30 - Fabrication d'autres matériels de transport,30 -H2910,Moulage sable
H2910,33,33 - Réparation et installation de machines et d'équipements,33 -H2910,Moulage sable
H2911,20,20 - Industrie chimique,20 -H2911,Réalisation de structures métalliques
H2911,22,22 - Fabrication de produits en caoutchouc et en plastique,22 -H2911,Réalisation de structures métalliques
H2911,23,23 - Fabrication d'autres produits minéraux non métalliques,23 -H2911,Réalisation de structures métalliques
H2911,24,24 - Métallurgie,24 -H2911,Réalisation de structures métalliques
H2911,25,"25 - Fabrication de produits métalliques, à  l'exception des machines et des équipements",25 -H2911,Réalisation de structures métalliques
H2911,26,"26 - Fabrication de produits informatiques, électroniques et optiques",26 -H2911,Réalisation de structures métalliques
H2911,27,27 - Fabrication d'équipements électriques,27 -H2911,Réalisation de structures métalliques
H2911,29,29 - Industrie automobile,29 -H2911,Réalisation de structures métalliques
H2911,30,30 - Fabrication d'autres matériels de transport,30 -H2911,Réalisation de structures métalliques
H2911,32,32 - Autres industries manufacturières,32 -H2911,Réalisation de structures métalliques
H2911,33,33 - Réparation et installation de machines et d'équipements,33 -H2911,Réalisation de structures métalliques
H2912,Fiche transectorielle,Fiche transectorielle,Fiche transectorielle-H2912,Réglage d'équipement de production industrielle
H2913,Fiche transectorielle,Fiche transectorielle,Fiche transectorielle-H2913,Soudage manuel
H2914,20,20 - Industrie chimique,20 -H2914,Réalisation et montage en tuyauterie
H2914,24,24 - Métallurgie,24 -H2914,Réalisation et montage en tuyauterie
H2914,25,"25 - Fabrication de produits métalliques, à  l'exception des machines et des équipements",25 -H2914,Réalisation et montage en tuyauterie
H2914,28,28 - Fabrication de machines et équipements n.c.a.,28 -H2914,Réalisation et montage en tuyauterie
H2914,29,29 - Industrie automobile,29 -H2914,Réalisation et montage en tuyauterie
H2914,30,30 - Fabrication d'autres matériels de transport,30 -H2914,Réalisation et montage en tuyauterie
H2914,33,33 - Réparation et installation de machines et d'équipements,33 -H2914,Réalisation et montage en tuyauterie
H3101,17,17 - Industrie du papier et du carton,17 -H3101,Conduite d'équipement de fabrication de papier ou de carton
H3102,17,17 - Industrie du papier et du carton,17 -H3102,Conduite d'installation de pâte à  papier
H3201,15,15 - Industrie du cuir et de la chaussure,15 -H3201,Conduite d'équipement de formage des plastiques et caoutchoucs
H3201,22,22 - Fabrication de produits en caoutchouc et en plastique,22 -H3201,Conduite d'équipement de formage des plastiques et caoutchoucs
H3201,28,28 - Fabrication de machines et équipements n.c.a.,28 -H3201,Conduite d'équipement de formage des plastiques et caoutchoucs
H3201,29,29 - Industrie automobile,29 -H3201,Conduite d'équipement de formage des plastiques et caoutchoucs
H3201,30,30 - Fabrication d'autres matériels de transport,30 -H3201,Conduite d'équipement de formage des plastiques et caoutchoucs
H3201,32,32 - Autres industries manufacturières,32 -H3201,Conduite d'équipement de formage des plastiques et caoutchoucs
H3202,15,15 - Industrie du cuir et de la chaussure,15 -H3202,Réglage d'équipement de formage des plastiques et caoutchoucs
H3202,22,22 - Fabrication de produits en caoutchouc et en plastique,22 -H3202,Réglage d'équipement de formage des plastiques et caoutchoucs
H3202,28,28 - Fabrication de machines et équipements n.c.a.,28 -H3202,Réglage d'équipement de formage des plastiques et caoutchoucs
H3202,29,29 - Industrie automobile,29 -H3202,Réglage d'équipement de formage des plastiques et caoutchoucs
H3202,30,30 - Fabrication d'autres matériels de transport,30 -H3202,Réglage d'équipement de formage des plastiques et caoutchoucs
H3202,32,32 - Autres industries manufacturières,32 -H3202,Réglage d'équipement de formage des plastiques et caoutchoucs
H3203,15,15 - Industrie du cuir et de la chaussure,15 -H3203,Fabrication de pièces en matériaux composites
H3203,22,22 - Fabrication de produits en caoutchouc et en plastique,22 -H3203,Fabrication de pièces en matériaux composites
H3203,29,29 - Industrie automobile,29 -H3203,Fabrication de pièces en matériaux composites
H3203,30,30 - Fabrication d'autres matériels de transport,30 -H3203,Fabrication de pièces en matériaux composites
H3203,32,32 - Autres industries manufacturières,32 -H3203,Fabrication de pièces en matériaux composites
H3301,10,10 - Industries alimentaires,10 -H3301,Conduite d'équipement de conditionnement
H3301,11,11 - Fabrication de boissons,11 -H3301,Conduite d'équipement de conditionnement
H3301,16,"16 - Travail du bois et fabrication d'articles en bois et en liège, à  l'exception des meubles ; fabrication d'articles en vannerie et sparterie",16 -H3301,Conduite d'équipement de conditionnement
H3301,17,17 - Industrie du papier et du carton,17 -H3301,Conduite d'équipement de conditionnement
H3301,20,20 - Industrie chimique,20 -H3301,Conduite d'équipement de conditionnement
H3301,23,23 - Fabrication d'autres produits minéraux non métalliques,23 -H3301,Conduite d'équipement de conditionnement
H3301,24,24 - Métallurgie,24 -H3301,Conduite d'équipement de conditionnement
H3301,31,31 - Fabrication de meubles,31 -H3301,Conduite d'équipement de conditionnement
H3301,82,82 - Activités administratives et autres activités de soutien aux entreprises,82 -H3301,Conduite d'équipement de conditionnement
H3302,10,10 - Industries alimentaires,10 -H3302,"Opérations manuelles d'assemblage, tri ou emballage"
H3302,11,11 - Fabrication de boissons,11 -H3302,"Opérations manuelles d'assemblage, tri ou emballage"
H3302,15,15 - Industrie du cuir et de la chaussure,15 -H3302,"Opérations manuelles d'assemblage, tri ou emballage"
H3302,16,"16 - Travail du bois et fabrication d'articles en bois et en liège, à  l'exception des meubles ; fabrication d'articles en vannerie et sparterie",16 -H3302,"Opérations manuelles d'assemblage, tri ou emballage"
H3302,20,20 - Industrie chimique,20 -H3302,"Opérations manuelles d'assemblage, tri ou emballage"
H3302,22,22 - Fabrication de produits en caoutchouc et en plastique,22 -H3302,"Opérations manuelles d'assemblage, tri ou emballage"
H3302,23,23 - Fabrication d'autres produits minéraux non métalliques,23 -H3302,"Opérations manuelles d'assemblage, tri ou emballage"
H3302,31,31 - Fabrication de meubles,31 -H3302,"Opérations manuelles d'assemblage, tri ou emballage"
H3302,82,82 - Activités administratives et autres activités de soutien aux entreprises,82 -H3302,"Opérations manuelles d'assemblage, tri ou emballage"
H3303,10,10 - Industries alimentaires,10 -H3303,"Préparation de matières et produits industriels (broyage, mélange, â€¦)"
H3303,12,12 - Fabrication de produits à  base de tabac,12 -H3303,"Préparation de matières et produits industriels (broyage, mélange, â€¦)"
H3303,13,13 - Fabrication de textiles,13 -H3303,"Préparation de matières et produits industriels (broyage, mélange, â€¦)"
H3303,15,15 - Industrie du cuir et de la chaussure,15 -H3303,"Préparation de matières et produits industriels (broyage, mélange, â€¦)"
H3303,17,17 - Industrie du papier et du carton,17 -H3303,"Préparation de matières et produits industriels (broyage, mélange, â€¦)"
H3303,20,20 - Industrie chimique,20 -H3303,"Préparation de matières et produits industriels (broyage, mélange, â€¦)"
H3303,21,21 - Industrie pharmaceutique,21 -H3303,"Préparation de matières et produits industriels (broyage, mélange, â€¦)"
H3303,22,22 - Fabrication de produits en caoutchouc et en plastique,22 -H3303,"Préparation de matières et produits industriels (broyage, mélange, â€¦)"
H3303,23,23 - Fabrication d'autres produits minéraux non métalliques,23 -H3303,"Préparation de matières et produits industriels (broyage, mélange, â€¦)"
H3401,22,22 - Fabrication de produits en caoutchouc et en plastique,22 -H3401,Conduite de traitement d'abrasion de surface
H3401,23,23 - Fabrication d'autres produits minéraux non métalliques,23 -H3401,Conduite de traitement d'abrasion de surface
H3401,24,24 - Métallurgie,24 -H3401,Conduite de traitement d'abrasion de surface
H3401,25,"25 - Fabrication de produits métalliques, à  l'exception des machines et des équipements",25 -H3401,Conduite de traitement d'abrasion de surface
H3401,26,"26 - Fabrication de produits informatiques, électroniques et optiques",26 -H3401,Conduite de traitement d'abrasion de surface
H3401,29,29 - Industrie automobile,29 -H3401,Conduite de traitement d'abrasion de surface
H3401,30,30 - Fabrication d'autres matériels de transport,30 -H3401,Conduite de traitement d'abrasion de surface
H3401,32,32 - Autres industries manufacturières,32 -H3401,Conduite de traitement d'abrasion de surface
H3401,Fiche transectorielle,Fiche transectorielle,Fiche transectorielle-H3401,Conduite de traitement d'abrasion de surface
H3402,29,29 - Industrie automobile,29 -H3402,Conduite de traitement par dépôt de surface
H3402,30,30 - Fabrication d'autres matériels de transport,30 -H3402,Conduite de traitement par dépôt de surface
H3402,Fiche transectorielle,Fiche transectorielle,Fiche transectorielle-H3402,Conduite de traitement par dépôt de surface
H3403,29,29 - Industrie automobile,29 -H3403,Conduite de traitement thermique
H3403,30,30 - Fabrication d'autres matériels de transport,30 -H3403,Conduite de traitement thermique
H3403,Fiche transectorielle,Fiche transectorielle,Fiche transectorielle-H3403,Conduite de traitement thermique
H3404,29,29 - Industrie automobile,29 -H3404,Peinture industrielle
H3404,30,30 - Fabrication d'autres matériels de transport,30 -H3404,Peinture industrielle
H3404,Fiche transectorielle,Fiche transectorielle,Fiche transectorielle-H3404,Peinture industrielle
I1101,Fiche transectorielle,Fiche transectorielle,Fiche transectorielle-I1101,Direction et ingénierie en entretien infrastructure et bâti
I1102,Fiche transectorielle,Fiche transectorielle,Fiche transectorielle-I1102,Management et ingénierie de maintenance industrielle
I1103,Fiche transectorielle,Fiche transectorielle,Fiche transectorielle-I1103,Supervision d'entretien et gestion de véhicules
I1201,73,73 - Publicité et études de marché,73 -I1201,Entretien d'affichage et mobilier urbain
I1202,52,52 - Entreposage et services auxiliaires des transports,52 -I1202,Entretien et surveillance du tracé routier
I1202,81,81 - Services relatifs aux bâtiments et aménagement paysager,81 -I1202,Entretien et surveillance du tracé routier
I1203,81,81 - Services relatifs aux bâtiments et aménagement paysager,81 -I1203,Maintenance des bâtiments et des locaux
I1203,Fiche transectorielle,Fiche transectorielle,Fiche transectorielle-I1203,Maintenance des bâtiments et des locaux
I1301,43,43 - Travaux de construction spécialisés,43 -I1301,Installation et maintenance d'ascenseurs
I1302,43,43 - Travaux de construction spécialisés,43 -I1302,Installation et maintenance d'automatismes
I1302,Fiche transectorielle,Fiche transectorielle,Fiche transectorielle-I1302,Installation et maintenance d'automatismes
I1303,95,95 - Réparation d'ordinateurs et de biens personnels et domestiques,95 -I1303,Installation et maintenance de distributeurs automatiques
I1304,24,24 - Métallurgie,24 -I1304,Installation et maintenance d'équipements industriels et d'exploitation
I1304,35,"35 - Production et distribution d'électricité, de gaz, de vapeur et d'air conditionné",35 -I1304,Installation et maintenance d'équipements industriels et d'exploitation
I1304,Fiche transectorielle,Fiche transectorielle,Fiche transectorielle-I1304,Installation et maintenance d'équipements industriels et d'exploitation
I1305,10,10 - Industries alimentaires,10 -I1305,Installation et maintenance électronique
I1305,25,"25 - Fabrication de produits métalliques, à  l'exception des machines et des équipements",25 -I1305,Installation et maintenance électronique
I1305,26,"26 - Fabrication de produits informatiques, électroniques et optiques",26 -I1305,Installation et maintenance électronique
I1305,27,27 - Fabrication d'équipements électriques,27 -I1305,Installation et maintenance électronique
I1305,29,29 - Industrie automobile,29 -I1305,Installation et maintenance électronique
I1305,30,30 - Fabrication d'autres matériels de transport,30 -I1305,Installation et maintenance électronique
I1305,32,32 - Autres industries manufacturières,32 -I1305,Installation et maintenance électronique
I1305,61,61 - Télécommunications,61 -I1305,Installation et maintenance électronique
I1306,10,10 - Industries alimentaires,10 -I1306,"Installation et maintenance en froid, conditionnement d'air"
I1306,20,20 - Industrie chimique,20 -I1306,"Installation et maintenance en froid, conditionnement d'air"
I1306,35,"35 - Production et distribution d'électricité, de gaz, de vapeur et d'air conditionné",35 -I1306,"Installation et maintenance en froid, conditionnement d'air"
I1306,43,43 - Travaux de construction spécialisés,43 -I1306,"Installation et maintenance en froid, conditionnement d'air"
I1307,43,43 - Travaux de construction spécialisés,43 -I1307,Installation et maintenance télécoms et courants faibles
I1307,61,61 - Télécommunications,61 -I1307,Installation et maintenance télécoms et courants faibles
I1307,62,"62 - Programmation, conseil et autres activités informatiques",62 -I1307,Installation et maintenance télécoms et courants faibles
I1307,80,80 - Enquêtes et sécurité,80 -I1307,Installation et maintenance télécoms et courants faibles
I1308,35,"35 - Production et distribution d'électricité, de gaz, de vapeur et d'air conditionné",35 -I1308,Maintenance d'installation de chauffage
I1308,43,43 - Travaux de construction spécialisés,43 -I1308,Maintenance d'installation de chauffage
I1308,86,86 - Activités pour la santé humaine,86 -I1308,Maintenance d'installation de chauffage
I1309,33,33 - Réparation et installation de machines et d'équipements,33 -I1309,Maintenance électrique
I1309,Fiche transectorielle,Fiche transectorielle,Fiche transectorielle-I1309,Maintenance électrique
I1310,24,24 - Métallurgie,24 -I1310,Maintenance mécanique industrielle
I1310,33,33 - Réparation et installation de machines et d'équipements,33 -I1310,Maintenance mécanique industrielle
I1310,Fiche transectorielle,Fiche transectorielle,Fiche transectorielle-I1310,Maintenance mécanique industrielle
I1401,26,"26 - Fabrication de produits informatiques, électroniques et optiques",26 -I1401,Maintenance informatique et bureautique
I1401,46,"46 - Commerce de gros, à  l'exception des automobiles et des motocycles",46 -I1401,Maintenance informatique et bureautique
I1401,47,"47 - Commerce de détail, à  l'exception des automobiles et des motocycles",47 -I1401,Maintenance informatique et bureautique
I1401,62,"62 - Programmation, conseil et autres activités informatiques",62 -I1401,Maintenance informatique et bureautique
I1401,82,82 - Activités administratives et autres activités de soutien aux entreprises,82 -I1401,Maintenance informatique et bureautique
I1401,95,95 - Réparation d'ordinateurs et de biens personnels et domestiques,95 -I1401,Maintenance informatique et bureautique
I1402,27,27 - Fabrication d'équipements électriques,27 -I1402,Réparation de biens électrodomestiques
I1402,95,95 - Réparation d'ordinateurs et de biens personnels et domestiques,95 -I1402,Réparation de biens électrodomestiques
I1501,43,43 - Travaux de construction spécialisés,43 -I1501,Intervention en grande hauteur
I1501,61,61 - Télécommunications,61 -I1501,Intervention en grande hauteur
I1501,81,81 - Services relatifs aux bâtiments et aménagement paysager,81 -I1501,Intervention en grande hauteur
I1501,91,"91 - Bibliothèques, archives, musées et autres activités culturelles",91 -I1501,Intervention en grande hauteur
I1502,03,03 - Pêche et aquaculture,03 -I1502,Intervention en milieu subaquatique
I1502,24,24 - Métallurgie,24 -I1502,Intervention en milieu subaquatique
I1502,72,72 - Recherche-développement scientifique,72 -I1502,Intervention en milieu subaquatique
I1502,84,84 - Administration publique et défense ; sécurité sociale obligatoire,84 -I1502,Intervention en milieu subaquatique
I1503,35,"35 - Production et distribution d'électricité, de gaz, de vapeur et d'air conditionné",35 -I1503,Intervention en milieux et produits nocifs
I1503,38,"38 - Collecte, traitement et élimination des déchets ; récupération",38 -I1503,Intervention en milieux et produits nocifs
I1503,39,39 - Dépollution et autres services de gestion des déchets,39 -I1503,Intervention en milieux et produits nocifs
I1503,72,72 - Recherche-développement scientifique,72 -I1503,Intervention en milieux et produits nocifs
I1601,30,30 - Fabrication d'autres matériels de transport,30 -I1601,Installation et maintenance en nautisme
I1601,33,33 - Réparation et installation de machines et d'équipements,33 -I1601,Installation et maintenance en nautisme
I1601,77,77 - Activités de location et location-bail,77 -I1601,Installation et maintenance en nautisme
I1602,30,30 - Fabrication d'autres matériels de transport,30 -I1602,Maintenance d'aéronefs
I1602,33,33 - Réparation et installation de machines et d'équipements,33 -I1602,Maintenance d'aéronefs
I1602,51,51 - Transports aériens,51 -I1602,Maintenance d'aéronefs
I1602,52,52 - Entreposage et services auxiliaires des transports,52 -I1602,Maintenance d'aéronefs
I1603,01,"01 - Culture et production animale, chasse et services annexes",01 -I1603,"Maintenance d'engins de chantier, levage, manutention et de machines agricoles"
I1603,33,33 - Réparation et installation de machines et d'équipements,33 -I1603,"Maintenance d'engins de chantier, levage, manutention et de machines agricoles"
I1603,43,43 - Travaux de construction spécialisés,43 -I1603,"Maintenance d'engins de chantier, levage, manutention et de machines agricoles"
I1603,45,45 - Commerce et réparation d'automobiles et de motocycles,45 -I1603,"Maintenance d'engins de chantier, levage, manutention et de machines agricoles"
I1603,46,"46 - Commerce de gros, à  l'exception des automobiles et des motocycles",46 -I1603,"Maintenance d'engins de chantier, levage, manutention et de machines agricoles"
I1603,77,77 - Activités de location et location-bail,77 -I1603,"Maintenance d'engins de chantier, levage, manutention et de machines agricoles"
I1604,29,29 - Industrie automobile,29 -I1604,Mécanique automobile et entretien de véhicules
I1604,45,45 - Commerce et réparation d'automobiles et de motocycles,45 -I1604,Mécanique automobile et entretien de véhicules
I1604,49,49 - Transports terrestres et transport par conduites,49 -I1604,Mécanique automobile et entretien de véhicules
I1604,71,71 - Activités d'architecture et d'ingénierie ; activités de contrôle et analyses techniques,71 -I1604,Mécanique automobile et entretien de véhicules
I1604,93,"93 - Activités sportives, récréatives et de loisirs",93 -I1604,Mécanique automobile et entretien de véhicules
I1605,03,03 - Pêche et aquaculture,03 -I1605,Mécanique de marine
I1605,30,30 - Fabrication d'autres matériels de transport,30 -I1605,Mécanique de marine
I1605,33,33 - Réparation et installation de machines et d'équipements,33 -I1605,Mécanique de marine
I1605,46,"46 - Commerce de gros, à  l'exception des automobiles et des motocycles",46 -I1605,Mécanique de marine
I1605,50,50 - Transports par eau,50 -I1605,Mécanique de marine
I1606,30,30 - Fabrication d'autres matériels de transport,30 -I1606,Réparation de carrosserie
I1606,45,45 - Commerce et réparation d'automobiles et de motocycles,45 -I1606,Réparation de carrosserie
I1606,49,49 - Transports terrestres et transport par conduites,49 -I1606,Réparation de carrosserie
I1606,93,"93 - Activités sportives, récréatives et de loisirs",93 -I1606,Réparation de carrosserie
I1607,30,30 - Fabrication d'autres matériels de transport,30 -I1607,"Réparation de cycles, motocycles et motoculteurs de loisirs"
I1607,45,45 - Commerce et réparation d'automobiles et de motocycles,45 -I1607,"Réparation de cycles, motocycles et motoculteurs de loisirs"
I1607,93,"93 - Activités sportives, récréatives et de loisirs",93 -I1607,"Réparation de cycles, motocycles et motoculteurs de loisirs"
J1101,72,72 - Recherche-développement scientifique,72 -J1101,Médecine de prévention
J1101,86,86 - Activités pour la santé humaine,86 -J1101,Médecine de prévention
J1102,65,65 - Assurance,65 -J1102,Médecine généraliste et spécialisée
J1102,86,86 - Activités pour la santé humaine,86 -J1102,Médecine généraliste et spécialisée
J1103,86,86 - Activités pour la santé humaine,86 -J1103,Médecine dentaire
J1104,86,86 - Activités pour la santé humaine,86 -J1104,Suivi de la grossesse et de l'accouchement
J1201,72,72 - Recherche-développement scientifique,72 -J1201,Biologie médicale
J1201,86,86 - Activités pour la santé humaine,86 -J1201,Biologie médicale
J1202,86,86 - Activités pour la santé humaine,86 -J1202,Pharmacie
J1301,86,86 - Activités pour la santé humaine,86 -J1301,Personnel polyvalent des services hospitaliers
J1301,87,87 - Hébergement médico-social et social,87 -J1301,Personnel polyvalent des services hospitaliers
J1302,72,72 - Recherche-développement scientifique,72 -J1302,Analyses médicales
J1302,86,86 - Activités pour la santé humaine,86 -J1302,Analyses médicales
J1303,86,86 - Activités pour la santé humaine,86 -J1303,Assistance médico-technique
J1304,86,86 - Activités pour la santé humaine,86 -J1304,Aide en puériculture
J1305,86,86 - Activités pour la santé humaine,86 -J1305,Conduite de véhicules sanitaires
J1306,86,86 - Activités pour la santé humaine,86 -J1306,Imagerie médicale
J1307,86,86 - Activités pour la santé humaine,86 -J1307,Préparation en pharmacie
J1401,32,32 - Autres industries manufacturières,32 -J1401,Audioprothèses
J1401,47,"47 - Commerce de détail, à  l'exception des automobiles et des motocycles",47 -J1401,Audioprothèses
J1401,86,86 - Activités pour la santé humaine,86 -J1401,Audioprothèses
J1402,10,10 - Industries alimentaires,10 -J1402,Diététique
J1402,56,56 - Restauration,56 -J1402,Diététique
J1402,86,86 - Activités pour la santé humaine,86 -J1402,Diététique
J1403,86,86 - Activités pour la santé humaine,86 -J1403,Ergothérapie
J1403,87,87 - Hébergement médico-social et social,87 -J1403,Ergothérapie
J1404,86,86 - Activités pour la santé humaine,86 -J1404,Kinésithérapie
J1404,87,87 - Hébergement médico-social et social,87 -J1404,Kinésithérapie
J1404,93,"93 - Activités sportives, récréatives et de loisirs",93 -J1404,Kinésithérapie
J1405,47,"47 - Commerce de détail, à  l'exception des automobiles et des motocycles",47 -J1405,Optique - lunetterie
J1406,86,86 - Activités pour la santé humaine,86 -J1406,Orthophonie
J1406,87,87 - Hébergement médico-social et social,87 -J1406,Orthophonie
J1407,86,86 - Activités pour la santé humaine,86 -J1407,Orthoptique
J1408,86,86 - Activités pour la santé humaine,86 -J1408,Ostéopathie et chiropraxie
J1408,93,"93 - Activités sportives, récréatives et de loisirs",93 -J1408,Ostéopathie et chiropraxie
J1409,86,86 - Activités pour la santé humaine,86 -J1409,Pédicurie et podologie
J1410,32,32 - Autres industries manufacturières,32 -J1410,Prothèses dentaires
J1410,86,86 - Activités pour la santé humaine,86 -J1410,Prothèses dentaires
J1411,32,32 - Autres industries manufacturières,32 -J1411,Prothèses et orthèses
J1411,86,86 - Activités pour la santé humaine,86 -J1411,Prothèses et orthèses
J1412,86,86 - Activités pour la santé humaine,86 -J1412,Rééducation en psychomotricité
J1412,87,87 - Hébergement médico-social et social,87 -J1412,Rééducation en psychomotricité
J1501,86,86 - Activités pour la santé humaine,86 -J1501,"Soins d'hygiène, de confort du patient"
J1501,87,87 - Hébergement médico-social et social,87 -J1501,"Soins d'hygiène, de confort du patient"
J1502,85,85 - Enseignement,85 -J1502,Coordination de services médicaux ou paramédicaux
J1502,86,86 - Activités pour la santé humaine,86 -J1502,Coordination de services médicaux ou paramédicaux
J1503,86,86 - Activités pour la santé humaine,86 -J1503,Soins infirmiers spécialisés en anesthésie
J1504,86,86 - Activités pour la santé humaine,86 -J1504,Soins infirmiers spécialisés en bloc opératoire
J1505,86,86 - Activités pour la santé humaine,86 -J1505,Soins infirmiers spécialisés en prévention
J1506,86,86 - Activités pour la santé humaine,86 -J1506,Soins infirmiers généralistes
J1506,87,87 - Hébergement médico-social et social,87 -J1506,Soins infirmiers généralistes
J1507,86,86 - Activités pour la santé humaine,86 -J1507,Soins infirmiers spécialisés en puériculture
K1101,84,84 - Administration publique et défense ; sécurité sociale obligatoire,84 -K1101,Accompagnement et médiation familiale
K1101,86,86 - Activités pour la santé humaine,86 -K1101,Accompagnement et médiation familiale
K1101,88,88 - Action sociale sans hébergement,88 -K1101,Accompagnement et médiation familiale
K1102,69,69 - Activités juridiques et comptables,69 -K1102,Aide aux bénéficiaires d'une mesure de protection juridique
K1102,86,86 - Activités pour la santé humaine,86 -K1102,Aide aux bénéficiaires d'une mesure de protection juridique
K1102,88,88 - Action sociale sans hébergement,88 -K1102,Aide aux bénéficiaires d'une mesure de protection juridique
K1103,93,"93 - Activités sportives, récréatives et de loisirs",93 -K1103,Développement personnel et bien-être de la personne
K1103,94,94 - Activités des organisations associatives,94 -K1103,Développement personnel et bien-être de la personne
K1103,96,96 - Autres services personnels,96 -K1103,Développement personnel et bien-être de la personne
K1104,86,86 - Activités pour la santé humaine,86 -K1104,Psychologie
K1104,87,87 - Hébergement médico-social et social,87 -K1104,Psychologie
K1104,88,88 - Action sociale sans hébergement,88 -K1104,Psychologie
K1201,87,87 - Hébergement médico-social et social,87 -K1201,Action sociale
K1201,88,88 - Action sociale sans hébergement,88 -K1201,Action sociale
K1201,94,94 - Activités des organisations associatives,94 -K1201,Action sociale
K1202,55,55 - Hébergement,55 -K1202,éducation de jeunes enfants
K1202,86,86 - Activités pour la santé humaine,86 -K1202,éducation de jeunes enfants
K1202,87,87 - Hébergement médico-social et social,87 -K1202,éducation de jeunes enfants
K1202,88,88 - Action sociale sans hébergement,88 -K1202,éducation de jeunes enfants
K1203,85,85 - Enseignement,85 -K1203,Encadrement technique en insertion professionnelle
K1203,86,86 - Activités pour la santé humaine,86 -K1203,Encadrement technique en insertion professionnelle
K1203,87,87 - Hébergement médico-social et social,87 -K1203,Encadrement technique en insertion professionnelle
K1203,88,88 - Action sociale sans hébergement,88 -K1203,Encadrement technique en insertion professionnelle
K1204,49,49 - Transports terrestres et transport par conduites,49 -K1204,Médiation sociale et facilitation de la vie en société
K1204,85,85 - Enseignement,85 -K1204,Médiation sociale et facilitation de la vie en société
K1204,88,88 - Action sociale sans hébergement,88 -K1204,Médiation sociale et facilitation de la vie en société
K1204,94,94 - Activités des organisations associatives,94 -K1204,Médiation sociale et facilitation de la vie en société
K1205,88,88 - Action sociale sans hébergement,88 -K1205,Information sociale
K1205,94,94 - Activités des organisations associatives,94 -K1205,Information sociale
K1206,87,87 - Hébergement médico-social et social,87 -K1206,Intervention socioculturelle
K1206,88,88 - Action sociale sans hébergement,88 -K1206,Intervention socioculturelle
K1206,94,94 - Activités des organisations associatives,94 -K1206,Intervention socioculturelle
K1207,87,87 - Hébergement médico-social et social,87 -K1207,Intervention socioéducative
K1207,88,88 - Action sociale sans hébergement,88 -K1207,Intervention socioéducative
K1207,94,94 - Activités des organisations associatives,94 -K1207,Intervention socioéducative
K1301,86,86 - Activités pour la santé humaine,86 -K1301,Accompagnement médicosocial
K1301,87,87 - Hébergement médico-social et social,87 -K1301,Accompagnement médicosocial
K1301,88,88 - Action sociale sans hébergement,88 -K1301,Accompagnement médicosocial
K1302,87,87 - Hébergement médico-social et social,87 -K1302,Assistance auprès d'adultes
K1302,88,88 - Action sociale sans hébergement,88 -K1302,Assistance auprès d'adultes
K1302,97,97 - Activités des ménages en tant qu'employeurs de personnel domestique,97 -K1302,Assistance auprès d'adultes
K1303,85,85 - Enseignement,85 -K1303,Assistance auprès d'enfants
K1303,87,87 - Hébergement médico-social et social,87 -K1303,Assistance auprès d'enfants
K1303,88,88 - Action sociale sans hébergement,88 -K1303,Assistance auprès d'enfants
K1303,97,97 - Activités des ménages en tant qu'employeurs de personnel domestique,97 -K1303,Assistance auprès d'enfants
K1304,78,78 - Activités liées à  l'emploi,78 -K1304,Services domestiques
K1304,81,81 - Services relatifs aux bâtiments et aménagement paysager,81 -K1304,Services domestiques
K1304,97,97 - Activités des ménages en tant qu'employeurs de personnel domestique,97 -K1304,Services domestiques
K1305,78,78 - Activités liées à  l'emploi,78 -K1305,Intervention sociale et familiale
K1305,87,87 - Hébergement médico-social et social,87 -K1305,Intervention sociale et familiale
K1305,88,88 - Action sociale sans hébergement,88 -K1305,Intervention sociale et familiale
K1401Conception,84,84 - Administration publique et défense ; sécurité sociale obligatoire,84 -K1401Conception,Conception et pilotage de la politique des pouvoirs publics
K1402,84,84 - Administration publique et défense ; sécurité sociale obligatoire,84 -K1402,Conseil en Santé Publique
K1403,84,84 - Administration publique et défense ; sécurité sociale obligatoire,84 -K1403,"Management de structure de santé, sociale ou pénitentiaire"
K1403,86,86 - Activités pour la santé humaine,86 -K1403,"Management de structure de santé, sociale ou pénitentiaire"
K1403,87,87 - Hébergement médico-social et social,87 -K1403,"Management de structure de santé, sociale ou pénitentiaire"
K1404,84,84 - Administration publique et défense ; sécurité sociale obligatoire,84 -K1404,Mise en oeuvre et pilotage de la politique des pouvoirs publics
K1405,84,84 - Administration publique et défense ; sécurité sociale obligatoire,84 -K1405,Représentation de l'Etat sur le territoire national ou international
K1501,84,84 - Administration publique et défense ; sécurité sociale obligatoire,84 -K1501,Application des règles financières publiques
K1502,84,84 - Administration publique et défense ; sécurité sociale obligatoire,84 -K1502,Contrôle et inspection des Affaires Sociales
K1503,84,84 - Administration publique et défense ; sécurité sociale obligatoire,84 -K1503,Contrôle et inspection des impôts
K1504,84,84 - Administration publique et défense ; sécurité sociale obligatoire,84 -K1504,Contrôle et inspection du Trésor Public
K1505,84,84 - Administration publique et défense ; sécurité sociale obligatoire,84 -K1505,Protection des consommateurs et contrôle des échanges commerciaux
K1601,73,73 - Publicité et études de marché,73 -K1601,Gestion de l'information et de la documentation
K1601,84,84 - Administration publique et défense ; sécurité sociale obligatoire,84 -K1601,Gestion de l'information et de la documentation
K1601,91,"91 - Bibliothèques, archives, musées et autres activités culturelles",91 -K1601,Gestion de l'information et de la documentation
K1602,84,84 - Administration publique et défense ; sécurité sociale obligatoire,84 -K1602,Gestion de patrimoine culturel
K1602,91,"91 - Bibliothèques, archives, musées et autres activités culturelles",91 -K1602,Gestion de patrimoine culturel
K1701,84,84 - Administration publique et défense ; sécurité sociale obligatoire,84 -K1701,Personnel de la Défense
K1702,84,84 - Administration publique et défense ; sécurité sociale obligatoire,84 -K1702,Direction de la sécurité civile et des secours
K1703,84,84 - Administration publique et défense ; sécurité sociale obligatoire,84 -K1703,Direction opérationnelle de la défense
K1704,84,84 - Administration publique et défense ; sécurité sociale obligatoire,84 -K1704,Management de la sécurité publique
K1705,84,84 - Administration publique et défense ; sécurité sociale obligatoire,84 -K1705,Sécurité civile et secours
K1706,84,84 - Administration publique et défense ; sécurité sociale obligatoire,84 -K1706,Sécurité publique
K1707,84,84 - Administration publique et défense ; sécurité sociale obligatoire,84 -K1707,Surveillance municipale
K1801,78,78 - Activités liées à  l'emploi,78 -K1801,Conseil en emploi et insertion socioprofessionnelle
K1801,84,84 - Administration publique et défense ; sécurité sociale obligatoire,84 -K1801,Conseil en emploi et insertion socioprofessionnelle
K1801,94,94 - Activités des organisations associatives,94 -K1801,Conseil en emploi et insertion socioprofessionnelle
K1802,71,71 - Activités d'architecture et d'ingénierie ; activités de contrôle et analyses techniques,71 -K1802,Développement local
K1802,84,84 - Administration publique et défense ; sécurité sociale obligatoire,84 -K1802,Développement local
K1802,94,94 - Activités des organisations associatives,94 -K1802,Développement local
K1901,69,69 - Activités juridiques et comptables,69 -K1901,Aide et médiation judiciaire
K1901,84,84 - Administration publique et défense ; sécurité sociale obligatoire,84 -K1901,Aide et médiation judiciaire
K1902,69,69 - Activités juridiques et comptables,69 -K1902,Collaboration juridique
K1902,84,84 - Administration publique et défense ; sécurité sociale obligatoire,84 -K1902,Collaboration juridique
K1903,69,69 - Activités juridiques et comptables,69 -K1903,Défense et conseil juridique
K1903,94,94 - Activités des organisations associatives,94 -K1903,Défense et conseil juridique
K1904,84,84 - Administration publique et défense ; sécurité sociale obligatoire,84 -K1904,Magistrature
K2101,78,78 - Activités liées à  l'emploi,78 -K2101,Conseil en formation
K2101,85,85 - Enseignement,85 -K2101,Conseil en formation
K2102,85,85 - Enseignement,85 -K2102,Coordination pédagogique
K2103,85,85 - Enseignement,85 -K2103,Direction d'établissement et d'enseignement
K2104,85,85 - Enseignement,85 -K2104,éducation et surveillance au sein d'établissements d'enseignement
K2105,85,85 - Enseignement,85 -K2105,Enseignement artistique
K2106,85,85 - Enseignement,85 -K2106,Enseignement des écoles
K2107,85,85 - Enseignement,85 -K2107,Enseignement général du second degré
K2107,97,97 - Activités des ménages en tant qu'employeurs de personnel domestique,97 -K2107,Enseignement général du second degré
K2108,85,85 - Enseignement,85 -K2108,Enseignement supérieur
K2109,85,85 - Enseignement,85 -K2109,Enseignement technique et professionnel
K2110,85,85 - Enseignement,85 -K2110,Formation en conduite de véhicules
K2111,85,85 - Enseignement,85 -K2111,Formation professionnelle
K2112,78,78 - Activités liées à  l'emploi,78 -K2112,Orientation scolaire et professionnelle
K2112,85,85 - Enseignement,85 -K2112,Orientation scolaire et professionnelle
K2201,55,55 - Hébergement,55 -K2201,Blanchisserie industrielle
K2201,56,56 - Restauration,56 -K2201,Blanchisserie industrielle
K2201,86,86 - Activités pour la santé humaine,86 -K2201,Blanchisserie industrielle
K2201,96,96 - Autres services personnels,96 -K2201,Blanchisserie industrielle
K2202,52,52 - Entreposage et services auxiliaires des transports,52 -K2202,Lavage de vitres
K2202,81,81 - Services relatifs aux bâtiments et aménagement paysager,81 -K2202,Lavage de vitres
K2203,81,81 - Services relatifs aux bâtiments et aménagement paysager,81 -K2203,Management et inspection en propreté de locaux
K2204,52,52 - Entreposage et services auxiliaires des transports,52 -K2204,Nettoyage de locaux
K2204,81,81 - Services relatifs aux bâtiments et aménagement paysager,81 -K2204,Nettoyage de locaux
K2301,36,"36 - Captage, traitement et distribution d'eau",36 -K2301,Distribution et assainissement d'eau
K2301,37,37 - Collecte et traitement des eaux usées,37 -K2301,Distribution et assainissement d'eau
K2302,38,"38 - Collecte, traitement et élimination des déchets ; récupération",38 -K2302,Management et inspection en environnement urbain
K2302,52,52 - Entreposage et services auxiliaires des transports,52 -K2302,Management et inspection en environnement urbain
K2302,81,81 - Services relatifs aux bâtiments et aménagement paysager,81 -K2302,Management et inspection en environnement urbain
K2303,38,"38 - Collecte, traitement et élimination des déchets ; récupération",38 -K2303,Nettoyage des espaces urbains
K2303,52,52 - Entreposage et services auxiliaires des transports,52 -K2303,Nettoyage des espaces urbains
K2303,81,81 - Services relatifs aux bâtiments et aménagement paysager,81 -K2303,Nettoyage des espaces urbains
K2304,38,"38 - Collecte, traitement et élimination des déchets ; récupération",38 -K2304,Revalorisation de produits industriels
K2304,94,94 - Activités des organisations associatives,94 -K2304,Revalorisation de produits industriels
K2305,38,"38 - Collecte, traitement et élimination des déchets ; récupération",38 -K2305,Salubrité et traitement de nuisibles
K2305,81,81 - Services relatifs aux bâtiments et aménagement paysager,81 -K2305,Salubrité et traitement de nuisibles
K2306,36,"36 - Captage, traitement et distribution d'eau",36 -K2306,Supervision d'exploitation éco-industrielle
K2306,37,37 - Collecte et traitement des eaux usées,37 -K2306,Supervision d'exploitation éco-industrielle
K2306,38,"38 - Collecte, traitement et élimination des déchets ; récupération",38 -K2306,Supervision d'exploitation éco-industrielle
K2401,71,71 - Activités d'architecture et d'ingénierie ; activités de contrôle et analyses techniques,71 -K2401,Recherche en sciences de l'homme et de la société
K2401,72,72 - Recherche-développement scientifique,72 -K2401,Recherche en sciences de l'homme et de la société
K2401,85,85 - Enseignement,85 -K2401,Recherche en sciences de l'homme et de la société
K2401,91,"91 - Bibliothèques, archives, musées et autres activités culturelles",91 -K2401,Recherche en sciences de l'homme et de la société
K2402,71,71 - Activités d'architecture et d'ingénierie ; activités de contrôle et analyses techniques,71 -K2402,"Recherche en sciences de l'univers, de la matière et du vivant"
K2402,72,72 - Recherche-développement scientifique,72 -K2402,"Recherche en sciences de l'univers, de la matière et du vivant"
K2402,85,85 - Enseignement,85 -K2402,"Recherche en sciences de l'univers, de la matière et du vivant"
K2402,91,"91 - Bibliothèques, archives, musées et autres activités culturelles",91 -K2402,"Recherche en sciences de l'univers, de la matière et du vivant"
K2501,68,68 - Activités immobilières,68 -K2501,Gardiennage de locaux
K2501,81,81 - Services relatifs aux bâtiments et aménagement paysager,81 -K2501,Gardiennage de locaux
K2501,85,85 - Enseignement,85 -K2501,Gardiennage de locaux
K2501,91,"91 - Bibliothèques, archives, musées et autres activités culturelles",91 -K2501,Gardiennage de locaux
K2501,93,"93 - Activités sportives, récréatives et de loisirs",93 -K2501,Gardiennage de locaux
K2501,97,97 - Activités des ménages en tant qu'employeurs de personnel domestique,97 -K2501,Gardiennage de locaux
K2502,52,52 - Entreposage et services auxiliaires des transports,52 -K2502,Management de sécurité privée
K2502,80,80 - Enquêtes et sécurité,80 -K2502,Management de sécurité privée
K2502,86,86 - Activités pour la santé humaine,86 -K2502,Management de sécurité privée
K2502,91,"91 - Bibliothèques, archives, musées et autres activités culturelles",91 -K2502,Management de sécurité privée
K2502,92,92 - Organisation de jeux de hasard et d'argent,92 -K2502,Management de sécurité privée
K2502,93,"93 - Activités sportives, récréatives et de loisirs",93 -K2502,Management de sécurité privée
K2503,52,52 - Entreposage et services auxiliaires des transports,52 -K2503,Sécurité et surveillance privées
K2503,80,80 - Enquêtes et sécurité,80 -K2503,Sécurité et surveillance privées
K2503,86,86 - Activités pour la santé humaine,86 -K2503,Sécurité et surveillance privées
K2503,91,"91 - Bibliothèques, archives, musées et autres activités culturelles",91 -K2503,Sécurité et surveillance privées
K2503,92,92 - Organisation de jeux de hasard et d'argent,92 -K2503,Sécurité et surveillance privées
K2503,93,"93 - Activités sportives, récréatives et de loisirs",93 -K2503,Sécurité et surveillance privées
K2503,97,97 - Activités des ménages en tant qu'employeurs de personnel domestique,97 -K2503,Sécurité et surveillance privées
K2601,96,96 - Autres services personnels,96 -K2601,Conduite d'opérations funéraires
K2602,96,96 - Autres services personnels,96 -K2602,Conseil en services funéraires
K2603,96,96 - Autres services personnels,96 -K2603,Thanatopraxie
L1101,90,"90 - Activités créatives, artistiques et de spectacle",90 -L1101,Animation musicale et scénique
L1101,93,"93 - Activités sportives, récréatives et de loisirs",93 -L1101,Animation musicale et scénique
L1102,14,14 - Industrie de l'habillement,14 -L1102,Mannequinat et pose artistique
L1102,73,73 - Publicité et études de marché,73 -L1102,Mannequinat et pose artistique
L1102,74,"74 - Autres activités spécialisées, scientifiques et techniques",74 -L1102,Mannequinat et pose artistique
L1102,78,78 - Activités liées à  l'emploi,78 -L1102,Mannequinat et pose artistique
L1102,90,"90 - Activités créatives, artistiques et de spectacle",90 -L1102,Mannequinat et pose artistique
L1103,59,"59 - Production de films cinématographiques, de vidéo et de programmes de télévision ; enregistrement sonore et édition musicale",59 -L1103,Présentation de spectacles ou d'émissions
L1103,60,60 - Programmation et diffusion,60 -L1103,Présentation de spectacles ou d'émissions
L1103,90,"90 - Activités créatives, artistiques et de spectacle",90 -L1103,Présentation de spectacles ou d'émissions
L1103,93,"93 - Activités sportives, récréatives et de loisirs",93 -L1103,Présentation de spectacles ou d'émissions
L1201,59,"59 - Production de films cinématographiques, de vidéo et de programmes de télévision ; enregistrement sonore et édition musicale",59 -L1201,Danse
L1201,85,85 - Enseignement,85 -L1201,Danse
L1201,90,"90 - Activités créatives, artistiques et de spectacle",90 -L1201,Danse
L1201,93,"93 - Activités sportives, récréatives et de loisirs",93 -L1201,Danse
L1202,59,"59 - Production de films cinématographiques, de vidéo et de programmes de télévision ; enregistrement sonore et édition musicale",59 -L1202,Musique et chant
L1202,85,85 - Enseignement,85 -L1202,Musique et chant
L1202,90,"90 - Activités créatives, artistiques et de spectacle",90 -L1202,Musique et chant
L1202,93,"93 - Activités sportives, récréatives et de loisirs",93 -L1202,Musique et chant
L1203,59,"59 - Production de films cinématographiques, de vidéo et de programmes de télévision ; enregistrement sonore et édition musicale",59 -L1203,Art dramatique
L1203,85,85 - Enseignement,85 -L1203,Art dramatique
L1203,90,"90 - Activités créatives, artistiques et de spectacle",90 -L1203,Art dramatique
L1203,93,"93 - Activités sportives, récréatives et de loisirs",93 -L1203,Art dramatique
L1204,59,"59 - Production de films cinématographiques, de vidéo et de programmes de télévision ; enregistrement sonore et édition musicale",59 -L1204,Arts du cirque et arts visuels
L1204,85,85 - Enseignement,85 -L1204,Arts du cirque et arts visuels
L1204,90,"90 - Activités créatives, artistiques et de spectacle",90 -L1204,Arts du cirque et arts visuels
L1204,93,"93 - Activités sportives, récréatives et de loisirs",93 -L1204,Arts du cirque et arts visuels
L1301,85,85 - Enseignement,85 -L1301,Mise en scène de spectacles vivants
L1301,90,"90 - Activités créatives, artistiques et de spectacle",90 -L1301,Mise en scène de spectacles vivants
L1301,93,"93 - Activités sportives, récréatives et de loisirs",93 -L1301,Mise en scène de spectacles vivants
L1302,59,"59 - Production de films cinématographiques, de vidéo et de programmes de télévision ; enregistrement sonore et édition musicale",59 -L1302,"Production et administration spectacle, cinéma et audiovisuel"
L1302,60,60 - Programmation et diffusion,60 -L1302,"Production et administration spectacle, cinéma et audiovisuel"
L1302,90,"90 - Activités créatives, artistiques et de spectacle",90 -L1302,"Production et administration spectacle, cinéma et audiovisuel"
L1302,93,"93 - Activités sportives, récréatives et de loisirs",93 -L1302,"Production et administration spectacle, cinéma et audiovisuel"
L1303,59,"59 - Production de films cinématographiques, de vidéo et de programmes de télévision ; enregistrement sonore et édition musicale",59 -L1303,Promotion d'artistes et de spectacles
L1303,74,"74 - Autres activités spécialisées, scientifiques et techniques",74 -L1303,Promotion d'artistes et de spectacles
L1303,78,78 - Activités liées à  l'emploi,78 -L1303,Promotion d'artistes et de spectacles
L1303,90,"90 - Activités créatives, artistiques et de spectacle",90 -L1303,Promotion d'artistes et de spectacles
L1303,93,"93 - Activités sportives, récréatives et de loisirs",93 -L1303,Promotion d'artistes et de spectacles
L1304,59,"59 - Production de films cinématographiques, de vidéo et de programmes de télévision ; enregistrement sonore et édition musicale",59 -L1304,Réalisation cinématographique et audiovisuelle
L1304,60,60 - Programmation et diffusion,60 -L1304,Réalisation cinématographique et audiovisuelle
L1401,93,"93 - Activités sportives, récréatives et de loisirs",93 -L1401,Sportif professionnel
L1501,59,"59 - Production de films cinématographiques, de vidéo et de programmes de télévision ; enregistrement sonore et édition musicale",59 -L1501,Coiffure et maquillage spectacle
L1501,73,73 - Publicité et études de marché,73 -L1501,Coiffure et maquillage spectacle
L1501,74,"74 - Autres activités spécialisées, scientifiques et techniques",74 -L1501,Coiffure et maquillage spectacle
L1501,78,78 - Activités liées à  l'emploi,78 -L1501,Coiffure et maquillage spectacle
L1501,90,"90 - Activités créatives, artistiques et de spectacle",90 -L1501,Coiffure et maquillage spectacle
L1501,93,"93 - Activités sportives, récréatives et de loisirs",93 -L1501,Coiffure et maquillage spectacle
L1502,59,"59 - Production de films cinématographiques, de vidéo et de programmes de télévision ; enregistrement sonore et édition musicale",59 -L1502,Costume et habillage spectacle
L1502,90,"90 - Activités créatives, artistiques et de spectacle",90 -L1502,Costume et habillage spectacle
L1502,93,"93 - Activités sportives, récréatives et de loisirs",93 -L1502,Costume et habillage spectacle
L1503,59,"59 - Production de films cinématographiques, de vidéo et de programmes de télévision ; enregistrement sonore et édition musicale",59 -L1503,Décor et accessoires spectacle
L1503,90,"90 - Activités créatives, artistiques et de spectacle",90 -L1503,Décor et accessoires spectacle
L1503,93,"93 - Activités sportives, récréatives et de loisirs",93 -L1503,Décor et accessoires spectacle
L1504,59,"59 - Production de films cinématographiques, de vidéo et de programmes de télévision ; enregistrement sonore et édition musicale",59 -L1504,éclairage spectacle
L1504,90,"90 - Activités créatives, artistiques et de spectacle",90 -L1504,éclairage spectacle
L1504,93,"93 - Activités sportives, récréatives et de loisirs",93 -L1504,éclairage spectacle
L1505,59,"59 - Production de films cinématographiques, de vidéo et de programmes de télévision ; enregistrement sonore et édition musicale",59 -L1505,Image cinématographique et télévisuelle
L1505,90,"90 - Activités créatives, artistiques et de spectacle",90 -L1505,Image cinématographique et télévisuelle
L1505,93,"93 - Activités sportives, récréatives et de loisirs",93 -L1505,Image cinématographique et télévisuelle
L1506,59,"59 - Production de films cinématographiques, de vidéo et de programmes de télévision ; enregistrement sonore et édition musicale",59 -L1506,Machinerie spectacle
L1506,90,"90 - Activités créatives, artistiques et de spectacle",90 -L1506,Machinerie spectacle
L1506,93,"93 - Activités sportives, récréatives et de loisirs",93 -L1506,Machinerie spectacle
L1507,59,"59 - Production de films cinématographiques, de vidéo et de programmes de télévision ; enregistrement sonore et édition musicale",59 -L1507,Montage et post-production
L1507,60,60 - Programmation et diffusion,60 -L1507,Montage et post-production
L1508,59,"59 - Production de films cinématographiques, de vidéo et de programmes de télévision ; enregistrement sonore et édition musicale",59 -L1508,Prise de son et sonorisation
L1508,90,"90 - Activités créatives, artistiques et de spectacle",90 -L1508,Prise de son et sonorisation
L1508,93,"93 - Activités sportives, récréatives et de loisirs",93 -L1508,Prise de son et sonorisation
L1509,59,"59 - Production de films cinématographiques, de vidéo et de programmes de télévision ; enregistrement sonore et édition musicale",59 -L1509,Régie générale
L1509,90,"90 - Activités créatives, artistiques et de spectacle",90 -L1509,Régie générale
L1509,93,"93 - Activités sportives, récréatives et de loisirs",93 -L1509,Régie générale
M1101,70,70 - Activités des sièges sociaux ; conseil de gestion,70 -M1101,Achats
M1101,Fiche transectorielle,Fiche transectorielle,Fiche transectorielle-M1101,Achats
M1102,70,70 - Activités des sièges sociaux ; conseil de gestion,70 -M1102,Direction des achats
M1102,Fiche transectorielle,Fiche transectorielle,Fiche transectorielle-M1102,Direction des achats
M1201,64,"64 - Activités des services financiers, hors assurance et caisses de retraite",64 -M1201,Analyse et ingénierie financière
M1201,65,65 - Assurance,65 -M1201,Analyse et ingénierie financière
M1201,70,70 - Activités des sièges sociaux ; conseil de gestion,70 -M1201,Analyse et ingénierie financière
M1202,69,69 - Activités juridiques et comptables,69 -M1202,Audit et contrôle comptables et financiers
M1202,70,70 - Activités des sièges sociaux ; conseil de gestion,70 -M1202,Audit et contrôle comptables et financiers
M1203,69,69 - Activités juridiques et comptables,69 -M1203,Comptabilité
M1203,82,82 - Activités administratives et autres activités de soutien aux entreprises,82 -M1203,Comptabilité
M1203,Fiche transectorielle,Fiche transectorielle,Fiche transectorielle-M1203,Comptabilité
M1204,69,69 - Activités juridiques et comptables,69 -M1204,Contrôle de gestion
M1204,70,70 - Activités des sièges sociaux ; conseil de gestion,70 -M1204,Contrôle de gestion
M1205,70,70 - Activités des sièges sociaux ; conseil de gestion,70 -M1205,Direction administrative et financière
M1206,70,70 - Activités des sièges sociaux ; conseil de gestion,70 -M1206,Management de groupe ou de service comptable
M1207,64,"64 - Activités des services financiers, hors assurance et caisses de retraite",64 -M1207,Trésorerie et financement
M1207,70,70 - Activités des sièges sociaux ; conseil de gestion,70 -M1207,Trésorerie et financement
M1301,Fiche transectorielle,Fiche transectorielle,Fiche transectorielle-M1301,Direction de grande entreprise ou d'établissement public
M1302,Fiche transectorielle,Fiche transectorielle,Fiche transectorielle-M1302,Direction de petite ou moyenne entreprise
M1401,73,73 - Publicité et études de marché,73 -M1401,Conduite d'enquêtes
M1402,70,70 - Activités des sièges sociaux ; conseil de gestion,70 -M1402,Conseil en organisation et management d'entreprise
M1403,70,70 - Activités des sièges sociaux ; conseil de gestion,70 -M1403,études et prospectives socio-économiques
M1403,73,73 - Publicité et études de marché,73 -M1403,études et prospectives socio-économiques
M1403,94,94 - Activités des organisations associatives,94 -M1403,études et prospectives socio-économiques
M1404,73,73 - Publicité et études de marché,73 -M1404,Management et gestion d'enquêtes
M1501,78,78 - Activités liées à  l'emploi,78 -M1501,Assistanat en ressources humaines
M1501,82,82 - Activités administratives et autres activités de soutien aux entreprises,82 -M1501,Assistanat en ressources humaines
M1501,Fiche transectorielle,Fiche transectorielle,Fiche transectorielle-M1501,Assistanat en ressources humaines
M1502,70,70 - Activités des sièges sociaux ; conseil de gestion,70 -M1502,Développement des ressources humaines
M1502,78,78 - Activités liées à  l'emploi,78 -M1502,Développement des ressources humaines
M1502,Fiche transectorielle,Fiche transectorielle,Fiche transectorielle-M1502,Développement des ressources humaines
M1503,70,70 - Activités des sièges sociaux ; conseil de gestion,70 -M1503,Management des ressources humaines
M1503,78,78 - Activités liées à  l'emploi,78 -M1503,Management des ressources humaines
M1503,Fiche transectorielle,Fiche transectorielle,Fiche transectorielle-M1503,Management des ressources humaines
M1601,82,82 - Activités administratives et autres activités de soutien aux entreprises,82 -M1601,Accueil et renseignements
M1601,Fiche transectorielle,Fiche transectorielle,Fiche transectorielle-M1601,Accueil et renseignements
M1602,82,82 - Activités administratives et autres activités de soutien aux entreprises,82 -M1602,Opérations administratives
M1602,Fiche transectorielle,Fiche transectorielle,Fiche transectorielle-M1602,Opérations administratives
M1603,53,53 - Activités de poste et de courrier,53 -M1603,Distribution de documents
M1603,73,73 - Publicité et études de marché,73 -M1603,Distribution de documents
M1603,82,82 - Activités administratives et autres activités de soutien aux entreprises,82 -M1603,Distribution de documents
M1603,Fiche transectorielle,Fiche transectorielle,Fiche transectorielle-M1603,Distribution de documents
M1604,82,82 - Activités administratives et autres activités de soutien aux entreprises,82 -M1604,Assistanat de direction
M1604,Fiche transectorielle,Fiche transectorielle,Fiche transectorielle-M1604,Assistanat de direction
M1605,82,82 - Activités administratives et autres activités de soutien aux entreprises,82 -M1605,Assistanat technique et administratif
M1605,Fiche transectorielle,Fiche transectorielle,Fiche transectorielle-M1605,Assistanat technique et administratif
M1606,82,82 - Activités administratives et autres activités de soutien aux entreprises,82 -M1606,Saisie de données
M1606,Fiche transectorielle,Fiche transectorielle,Fiche transectorielle-M1606,Saisie de données
M1607,82,82 - Activités administratives et autres activités de soutien aux entreprises,82 -M1607,Secrétariat
M1607,97,97 - Activités des ménages en tant qu'employeurs de personnel domestique,97 -M1607,Secrétariat
M1607,Fiche transectorielle,Fiche transectorielle,Fiche transectorielle-M1607,Secrétariat
M1608,82,82 - Activités administratives et autres activités de soutien aux entreprises,82 -M1608,Secrétariat comptable
M1608,Fiche transectorielle,Fiche transectorielle,Fiche transectorielle-M1608,Secrétariat comptable
M1609,84,84 - Administration publique et défense ; sécurité sociale obligatoire,84 -M1609,Secrétariat et assistanat médical ou médico-social
M1609,86,86 - Activités pour la santé humaine,86 -M1609,Secrétariat et assistanat médical ou médico-social
M1609,87,87 - Hébergement médico-social et social,87 -M1609,Secrétariat et assistanat médical ou médico-social
M1701,70,70 - Activités des sièges sociaux ; conseil de gestion,70 -M1701,Administration des ventes
M1701,Fiche transectorielle,Fiche transectorielle,Fiche transectorielle-M1701,Administration des ventes
M1702,73,73 - Publicité et études de marché,73 -M1702,Analyse de tendance
M1702,74,"74 - Autres activités spécialisées, scientifiques et techniques",74 -M1702,Analyse de tendance
M1703,70,70 - Activités des sièges sociaux ; conseil de gestion,70 -M1703,Management et gestion de produit
M1703,Fiche transectorielle,Fiche transectorielle,Fiche transectorielle-M1703,Management et gestion de produit
M1704,70,70 - Activités des sièges sociaux ; conseil de gestion,70 -M1704,Management relation clientèle
M1704,Fiche transectorielle,Fiche transectorielle,Fiche transectorielle-M1704,Management relation clientèle
M1705,70,70 - Activités des sièges sociaux ; conseil de gestion,70 -M1705,Marketing
M1705,73,73 - Publicité et études de marché,73 -M1705,Marketing
M1705,Fiche transectorielle,Fiche transectorielle,Fiche transectorielle-M1705,Marketing
M1706,70,70 - Activités des sièges sociaux ; conseil de gestion,70 -M1706,Promotion des ventes
M1706,Fiche transectorielle,Fiche transectorielle,Fiche transectorielle-M1706,Promotion des ventes
M1707,70,70 - Activités des sièges sociaux ; conseil de gestion,70 -M1707,Stratégie commerciale
M1707,Fiche transectorielle,Fiche transectorielle,Fiche transectorielle-M1707,Stratégie commerciale
M1801,61,61 - Télécommunications,61 -M1801,Administration de systèmes d'information
M1801,62,"62 - Programmation, conseil et autres activités informatiques",62 -M1801,Administration de systèmes d'information
M1801,63,63 - Services d'information,63 -M1801,Administration de systèmes d'information
M1801,70,70 - Activités des sièges sociaux ; conseil de gestion,70 -M1801,Administration de systèmes d'information
M1802,61,61 - Télécommunications,61 -M1802,Expertise et support technique en systèmes d'information
M1802,62,"62 - Programmation, conseil et autres activités informatiques",62 -M1802,Expertise et support technique en systèmes d'information
M1802,63,63 - Services d'information,63 -M1802,Expertise et support technique en systèmes d'information
M1802,70,70 - Activités des sièges sociaux ; conseil de gestion,70 -M1802,Expertise et support technique en systèmes d'information
M1803,61,61 - Télécommunications,61 -M1803,Direction des systèmes d'information
M1803,62,"62 - Programmation, conseil et autres activités informatiques",62 -M1803,Direction des systèmes d'information
M1803,63,63 - Services d'information,63 -M1803,Direction des systèmes d'information
M1803,70,70 - Activités des sièges sociaux ; conseil de gestion,70 -M1803,Direction des systèmes d'information
M1804,61,61 - Télécommunications,61 -M1804,études et développement de réseaux de télécoms
M1804,62,"62 - Programmation, conseil et autres activités informatiques",62 -M1804,études et développement de réseaux de télécoms
M1804,63,63 - Services d'information,63 -M1804,études et développement de réseaux de télécoms
M1804,70,70 - Activités des sièges sociaux ; conseil de gestion,70 -M1804,études et développement de réseaux de télécoms
M1805,62,"62 - Programmation, conseil et autres activités informatiques",62 -M1805,études et développement informatique
M1805,63,63 - Services d'information,63 -M1805,études et développement informatique
M1805,70,70 - Activités des sièges sociaux ; conseil de gestion,70 -M1805,études et développement informatique
M1806,62,"62 - Programmation, conseil et autres activités informatiques",62 -M1806,Conseil et maîtrise d'ouvrage en systèmes d'information
M1806,63,63 - Services d'information,63 -M1806,Conseil et maîtrise d'ouvrage en systèmes d'information
M1806,70,70 - Activités des sièges sociaux ; conseil de gestion,70 -M1806,Conseil et maîtrise d'ouvrage en systèmes d'information
M1807,84,84 - Administration publique et défense ; sécurité sociale obligatoire,84 -M1807,Exploitation de systèmes de communication et de commandement
M1808,71,71 - Activités d'architecture et d'ingénierie ; activités de contrôle et analyses techniques,71 -M1808,Information géographique
M1808,84,84 - Administration publique et défense ; sécurité sociale obligatoire,84 -M1808,Information géographique
M1809,74,"74 - Autres activités spécialisées, scientifiques et techniques",74 -M1809,Information météorologique
M1809,84,84 - Administration publique et défense ; sécurité sociale obligatoire,84 -M1809,Information météorologique
M1810,61,61 - Télécommunications,61 -M1810,Production et exploitation de systèmes d'information
M1810,62,"62 - Programmation, conseil et autres activités informatiques",62 -M1810,Production et exploitation de systèmes d'information
M1810,63,63 - Services d'information,63 -M1810,Production et exploitation de systèmes d'information
M1810,70,70 - Activités des sièges sociaux ; conseil de gestion,70 -M1810,Production et exploitation de systèmes d'information
N1101,52,52 - Entreposage et services auxiliaires des transports,52 -N1101,Conduite d'engins de déplacement des charges
N1101,Fiche transectorielle,Fiche transectorielle,Fiche transectorielle-N1101,Conduite d'engins de déplacement des charges
N1102,49,49 - Transports terrestres et transport par conduites,49 -N1102,Déménagement
N1103,47,"47 - Commerce de détail, à  l'exception des automobiles et des motocycles",47 -N1103,Magasinage et préparation de commandes
N1103,52,52 - Entreposage et services auxiliaires des transports,52 -N1103,Magasinage et préparation de commandes
N1103,Fiche transectorielle,Fiche transectorielle,Fiche transectorielle-N1103,Magasinage et préparation de commandes
N1104,52,52 - Entreposage et services auxiliaires des transports,52 -N1104,Manoeuvre et conduite d'engins lourds de manutention
N1105,52,52 - Entreposage et services auxiliaires des transports,52 -N1105,Manutention manuelle de charges
N1105,Fiche transectorielle,Fiche transectorielle,Fiche transectorielle-N1105,Manutention manuelle de charges
N1201,49,49 - Transports terrestres et transport par conduites,49 -N1201,Affrètement transport
N1201,50,50 - Transports par eau,50 -N1201,Affrètement transport
N1201,51,51 - Transports aériens,51 -N1201,Affrètement transport
N1201,52,52 - Entreposage et services auxiliaires des transports,52 -N1201,Affrètement transport
N1202,49,49 - Transports terrestres et transport par conduites,49 -N1202,Gestion des opérations de circulation internationale des marchandises
N1202,50,50 - Transports par eau,50 -N1202,Gestion des opérations de circulation internationale des marchandises
N1202,51,51 - Transports aériens,51 -N1202,Gestion des opérations de circulation internationale des marchandises
N1202,52,52 - Entreposage et services auxiliaires des transports,52 -N1202,Gestion des opérations de circulation internationale des marchandises
N1301,49,49 - Transports terrestres et transport par conduites,49 -N1301,Conception et organisation de la chaîne logistique
N1301,50,50 - Transports par eau,50 -N1301,Conception et organisation de la chaîne logistique
N1301,51,51 - Transports aériens,51 -N1301,Conception et organisation de la chaîne logistique
N1301,52,52 - Entreposage et services auxiliaires des transports,52 -N1301,Conception et organisation de la chaîne logistique
N1302,49,49 - Transports terrestres et transport par conduites,49 -N1302,Direction de site logistique
N1302,50,50 - Transports par eau,50 -N1302,Direction de site logistique
N1302,51,51 - Transports aériens,51 -N1302,Direction de site logistique
N1302,52,52 - Entreposage et services auxiliaires des transports,52 -N1302,Direction de site logistique
N1303,43,43 - Travaux de construction spécialisés,43 -N1303,Intervention technique d'exploitation logistique
N1303,47,"47 - Commerce de détail, à  l'exception des automobiles et des motocycles",47 -N1303,Intervention technique d'exploitation logistique
N1303,52,52 - Entreposage et services auxiliaires des transports,52 -N1303,Intervention technique d'exploitation logistique
N1303,86,86 - Activités pour la santé humaine,86 -N1303,Intervention technique d'exploitation logistique
N2101,51,51 - Transports aériens,51 -N2101,Navigation commerciale aérienne
N2102,30,30 - Fabrication d'autres matériels de transport,30 -N2102,Pilotage et navigation technique aérienne
N2102,51,51 - Transports aériens,51 -N2102,Pilotage et navigation technique aérienne
N2201,51,51 - Transports aériens,51 -N2201,Personnel d'escale aéroportuaire
N2201,52,52 - Entreposage et services auxiliaires des transports,52 -N2201,Personnel d'escale aéroportuaire
N2202,52,52 - Entreposage et services auxiliaires des transports,52 -N2202,Contrôle de la navigation aérienne
N2202,84,84 - Administration publique et défense ; sécurité sociale obligatoire,84 -N2202,Contrôle de la navigation aérienne
N2203,51,51 - Transports aériens,51 -N2203,Exploitation des pistes aéroportuaires
N2203,52,52 - Entreposage et services auxiliaires des transports,52 -N2203,Exploitation des pistes aéroportuaires
N2204,51,51 - Transports aériens,51 -N2204,Préparation des vols
N2204,52,52 - Entreposage et services auxiliaires des transports,52 -N2204,Préparation des vols
N2205,51,51 - Transports aériens,51 -N2205,Direction d'escale et exploitation aéroportuaire
N2205,52,52 - Entreposage et services auxiliaires des transports,52 -N2205,Direction d'escale et exploitation aéroportuaire
N3101,50,50 - Transports par eau,50 -N3101,Encadrement de la navigation maritime
N3101,52,52 - Entreposage et services auxiliaires des transports,52 -N3101,Encadrement de la navigation maritime
N3102,50,50 - Transports par eau,50 -N3102,Equipage de la navigation maritime
N3102,52,52 - Entreposage et services auxiliaires des transports,52 -N3102,Equipage de la navigation maritime
N3103,50,50 - Transports par eau,50 -N3103,Navigation fluviale
N3201,50,50 - Transports par eau,50 -N3201,Exploitation des opérations portuaires et du transport maritime
N3201,52,52 - Entreposage et services auxiliaires des transports,52 -N3201,Exploitation des opérations portuaires et du transport maritime
N3202,50,50 - Transports par eau,50 -N3202,Exploitation du transport fluvial
N3202,52,52 - Entreposage et services auxiliaires des transports,52 -N3202,Exploitation du transport fluvial
N3203,50,50 - Transports par eau,50 -N3203,Manutention portuaire
N3203,52,52 - Entreposage et services auxiliaires des transports,52 -N3203,Manutention portuaire
N4101,47,"47 - Commerce de détail, à  l'exception des automobiles et des motocycles",47 -N4101,Conduite de transport de marchandises sur longue distance
N4101,49,49 - Transports terrestres et transport par conduites,49 -N4101,Conduite de transport de marchandises sur longue distance
N4102,49,49 - Transports terrestres et transport par conduites,49 -N4102,Conduite de transport de particuliers
N4102,97,97 - Activités des ménages en tant qu'employeurs de personnel domestique,97 -N4102,Conduite de transport de particuliers
N4103,49,49 - Transports terrestres et transport par conduites,49 -N4103,Conduite de transport en commun sur route
N4103,79,"79 - Activités des agences de voyage, voyagistes, services de réservation et activités connexes",79 -N4103,Conduite de transport en commun sur route
N4104,38,"38 - Collecte, traitement et élimination des déchets ; récupération",38 -N4104,Courses et livraisons express
N4104,53,53 - Activités de poste et de courrier,53 -N4104,Courses et livraisons express
N4104,56,56 - Restauration,56 -N4104,Courses et livraisons express
N4104,86,86 - Activités pour la santé humaine,86 -N4104,Courses et livraisons express
N4105,47,"47 - Commerce de détail, à  l'exception des automobiles et des motocycles",47 -N4105,Conduite et livraison par tournées sur courte distance
N4105,49,49 - Transports terrestres et transport par conduites,49 -N4105,Conduite et livraison par tournées sur courte distance
N4105,53,53 - Activités de poste et de courrier,53 -N4105,Conduite et livraison par tournées sur courte distance
N4201,49,49 - Transports terrestres et transport par conduites,49 -N4201,Direction d'exploitation des transports routiers de marchandises
N4201,52,52 - Entreposage et services auxiliaires des transports,52 -N4201,Direction d'exploitation des transports routiers de marchandises
N4201,53,53 - Activités de poste et de courrier,53 -N4201,Direction d'exploitation des transports routiers de marchandises
N4202,49,49 - Transports terrestres et transport par conduites,49 -N4202,Direction d'exploitation des transports routiers de personnes
N4202,53,53 - Activités de poste et de courrier,53 -N4202,Direction d'exploitation des transports routiers de personnes
N4202,86,86 - Activités pour la santé humaine,86 -N4202,Direction d'exploitation des transports routiers de personnes
N4203,49,49 - Transports terrestres et transport par conduites,49 -N4203,Intervention technique d'exploitation des transports routiers de marchandises
N4203,52,52 - Entreposage et services auxiliaires des transports,52 -N4203,Intervention technique d'exploitation des transports routiers de marchandises
N4203,53,53 - Activités de poste et de courrier,53 -N4203,Intervention technique d'exploitation des transports routiers de marchandises
N4204,49,49 - Transports terrestres et transport par conduites,49 -N4204,Intervention technique d'exploitation des transports routiers de personnes
N4204,86,86 - Activités pour la santé humaine,86 -N4204,Intervention technique d'exploitation des transports routiers de personnes
N4301,49,49 - Transports terrestres et transport par conduites,49 -N4301,Conduite sur rails
N4302,49,49 - Transports terrestres et transport par conduites,49 -N4302,Contrôle des transports en commun
N4401,49,49 - Transports terrestres et transport par conduites,49 -N4401,Circulation du réseau ferré
N4402,49,49 - Transports terrestres et transport par conduites,49 -N4402,Exploitation et manoeuvre des remontées mécaniques
N4403,49,49 - Transports terrestres et transport par conduites,49 -N4403,Manoeuvre du réseau ferré
N4403,52,52 - Entreposage et services auxiliaires des transports,52 -N4403,Manoeuvre du réseau ferré
