Classement des communes en loi littoral,Classement des communes en zone de revitalisation rurale - ZRR 2018,Code commune,Communes des parcs naturels régionaux (PNR),"Communes éligibles au zonage d'aide à finalité régionale (AFR), période 2014-2021",Classement des communes en zone de revitalisation des commerces en milieu rural - ZoRCoMiR,Libellé,Modalités de classement des communes en zone de revitalisation rurale - ZRR 2018,Sum of Nombre de communes bénéficiaires du programme Action Cœur de Ville (ACV),Nombre de quartiers prioritaires de la politique de la ville (QPV),Sum of Nombre de ZFU présentes sur le territoire,Sum of Part de la population municipale vivant dans un quartier prioritaire de la politique de la ville (QPV),Périmètre des contrats de relance et de transition écologique (CRTE),Périmètre des massifs,Périmètre des territoires d'industrie,Sum of Population municipale vivant dans un quartier prioritaire de la politique de la ville (QPV),Villes bénéficiaire du programme Petites villes de demain (PVD),Villes bénéficiaires du programme Action Coeur de Ville (ACV)
C - Commune classée,C - Classée en ZRR,50021,FR8000021 - PNR des Marais du Cotentin et du Bessin,NC - Non éligible,C - Classée en ZoRCoMiR,Audouville-la-Hubert,C - Classée en ZRR,0,N/A - résultat non disponible,0,0,crte-28-50-7 - CRTE de la Baie du Cotentin,N/A - hors champ,ti-2806 - Nord Cotentin,0,NB - Hors programme PVD,N/A - hors champ
C - Commune classée,C - Classée en ZRR,50025,N/A - hors champ,NC - Non éligible,NC - Non classée en ZoRCoMiR,Avranches,C - Classée en ZRR,0,1,0,11.3,crte-28-50-2 - CRTE Mont-Saint-Michel-Normandie,N/A - hors champ,ti-2808 - Sud Manche,1162,B - Ville bénéficiaire du programme Petites villes de demain (PVD),N/A - hors champ
C - Commune classée,C - Classée en ZRR,50042,N/A - hors champ,NC - Non éligible,NC - Non classée en ZoRCoMiR,Beauvoir,C - Classée en ZRR,0,N/A - résultat non disponible,0,0,crte-28-50-2 - CRTE Mont-Saint-Michel-Normandie,N/A - hors champ,ti-2808 - Sud Manche,0,NB - Hors programme PVD,N/A - hors champ
C - Commune classée,C - Classée en ZRR,50078,N/A - hors champ,NC - Non éligible,C - Classée en ZoRCoMiR,Bretteville-sur-Ay,C - Classée en ZRR,0,N/A - résultat non disponible,0,0,crte-28-50-4 - CRTE Côte Ouest Centre Manche,N/A - hors champ,N/A - hors champ,0,NB - Hors programme PVD,N/A - hors champ
C - Commune classée,C - Classée en ZRR,50099,FR8000021 - PNR des Marais du Cotentin et du Bessin,P - Partiellement,NC - Non classée en ZoRCoMiR,Carentan-les-Marais,C - Classée en ZRR,0,N/A - résultat non disponible,0,0,crte-28-50-7 - CRTE de la Baie du Cotentin,N/A - hors champ,ti-2806 - Nord Cotentin,0,B - Ville bénéficiaire du programme Petites villes de demain (PVD),N/A - hors champ
C - Commune classée,C - Classée en ZRR,50108,N/A - hors champ,NC - Non éligible,C - Classée en ZoRCoMiR,Céaux,C - Classée en ZRR,0,N/A - résultat non disponible,0,0,crte-28-50-2 - CRTE Mont-Saint-Michel-Normandie,N/A - hors champ,ti-2808 - Sud Manche,0,NB - Hors programme PVD,N/A - hors champ
C - Commune classée,C - Classée en ZRR,50146,N/A - hors champ,NC - Non éligible,NC - Non classée en ZoRCoMiR,Courtils,C - Classée en ZRR,0,N/A - résultat non disponible,0,0,crte-28-50-2 - CRTE Mont-Saint-Michel-Normandie,N/A - hors champ,ti-2808 - Sud Manche,0,NB - Hors programme PVD,N/A - hors champ
C - Commune classée,C - Classée en ZRR,50151,FR8000021 - PNR des Marais du Cotentin et du Bessin,NC - Non éligible,NC - Non classée en ZoRCoMiR,Créances,C - Classée en ZRR,0,N/A - résultat non disponible,0,0,crte-28-50-4 - CRTE Côte Ouest Centre Manche,N/A - hors champ,N/A - hors champ,0,NB - Hors programme PVD,N/A - hors champ
C - Commune classée,C - Classée en ZRR,50167,N/A - hors champ,NC - Non éligible,NC - Non classée en ZoRCoMiR,Dragey-Ronthon,C - Classée en ZRR,0,N/A - résultat non disponible,0,0,crte-28-50-2 - CRTE Mont-Saint-Michel-Normandie,N/A - hors champ,ti-2808 - Sud Manche,0,NB - Hors programme PVD,N/A - hors champ
C - Commune classée,C - Classée en ZRR,50198,N/A - hors champ,NC - Non éligible,C - Classée en ZoRCoMiR,Geffosses,C - Classée en ZRR,0,N/A - résultat non disponible,0,0,crte-28-50-4 - CRTE Côte Ouest Centre Manche,N/A - hors champ,N/A - hors champ,0,NB - Hors programme PVD,N/A - hors champ
C - Commune classée,C - Classée en ZRR,50199,N/A - hors champ,NC - Non éligible,NC - Non classée en ZoRCoMiR,Genêts,C - Classée en ZRR,0,N/A - résultat non disponible,0,0,crte-28-50-2 - CRTE Mont-Saint-Michel-Normandie,N/A - hors champ,ti-2808 - Sud Manche,0,NB - Hors programme PVD,N/A - hors champ
C - Commune classée,C - Classée en ZRR,50236,FR8000021 - PNR des Marais du Cotentin et du Bessin,NC - Non éligible,NC - Non classée en ZoRCoMiR,La Haye,C - Classée en ZRR,0,N/A - résultat non disponible,0,0,crte-28-50-4 - CRTE Côte Ouest Centre Manche,N/A - hors champ,N/A - hors champ,0,B - Ville bénéficiaire du programme Petites villes de demain (PVD),N/A - hors champ
C - Commune classée,C - Classée en ZRR,50253,N/A - hors champ,NC - Non éligible,C - Classée en ZoRCoMiR,Huisnes-sur-Mer,C - Classée en ZRR,0,N/A - résultat non disponible,0,0,crte-28-50-2 - CRTE Mont-Saint-Michel-Normandie,N/A - hors champ,ti-2808 - Sud Manche,0,NB - Hors programme PVD,N/A - hors champ
C - Commune classée,C - Classée en ZRR,50267,FR8000021 - PNR des Marais du Cotentin et du Bessin,NC - Non éligible,NC - Non classée en ZoRCoMiR,Lessay,C - Classée en ZRR,0,N/A - résultat non disponible,0,0,crte-28-50-4 - CRTE Côte Ouest Centre Manche,N/A - hors champ,N/A - hors champ,0,B - Ville bénéficiaire du programme Petites villes de demain (PVD),N/A - hors champ
C - Commune classée,C - Classée en ZRR,50288,N/A - hors champ,NC - Non éligible,NC - Non classée en ZoRCoMiR,Marcey-les-Grèves,C - Classée en ZRR,0,N/A - résultat non disponible,0,0,crte-28-50-2 - CRTE Mont-Saint-Michel-Normandie,N/A - hors champ,ti-2808 - Sud Manche,0,NB - Hors programme PVD,N/A - hors champ
C - Commune classée,C - Classée en ZRR,50353,N/A - hors champ,NC - Non éligible,NC - Non classée en ZoRCoMiR,Le Mont-Saint-Michel,C - Classée en ZRR,0,N/A - résultat non disponible,0,0,crte-28-50-2 - CRTE Mont-Saint-Michel-Normandie,N/A - hors champ,ti-2808 - Sud Manche,0,NB - Hors programme PVD,N/A - hors champ
C - Commune classée,C - Classée en ZRR,50403,FR8000021 - PNR des Marais du Cotentin et du Bessin,NC - Non éligible,NC - Non classée en ZoRCoMiR,Pirou,C - Classée en ZRR,0,N/A - résultat non disponible,0,0,crte-28-50-4 - CRTE Côte Ouest Centre Manche,N/A - hors champ,N/A - hors champ,0,NB - Hors programme PVD,N/A - hors champ
C - Commune classée,C - Classée en ZRR,50407,N/A - hors champ,T - Intégralement,NC - Non classée en ZoRCoMiR,Poilley,C - Classée en ZRR,0,N/A - résultat non disponible,0,0,crte-28-50-2 - CRTE Mont-Saint-Michel-Normandie,N/A - hors champ,ti-2808 - Sud Manche,0,NB - Hors programme PVD,N/A - hors champ
C - Commune classée,C - Classée en ZRR,50408,N/A - hors champ,NC - Non éligible,NC - Non classée en ZoRCoMiR,Pontaubault,C - Classée en ZRR,0,N/A - résultat non disponible,0,0,crte-28-50-2 - CRTE Mont-Saint-Michel-Normandie,N/A - hors champ,ti-2808 - Sud Manche,0,NB - Hors programme PVD,N/A - hors champ
C - Commune classée,C - Classée en ZRR,50410,N/A - hors champ,NC - Non éligible,NC - Non classée en ZoRCoMiR,Pontorson,C - Classée en ZRR,0,N/A - résultat non disponible,0,0,crte-28-50-2 - CRTE Mont-Saint-Michel-Normandie,N/A - hors champ,ti-2808 - Sud Manche,0,B - Ville bénéficiaire du programme Petites villes de demain (PVD),N/A - hors champ
C - Commune classée,C - Classée en ZRR,50479,FR8000021 - PNR des Marais du Cotentin et du Bessin,NC - Non éligible,C - Classée en ZoRCoMiR,Saint-Germain-de-Varreville,C - Classée en ZRR,0,N/A - résultat non disponible,0,0,crte-28-50-7 - CRTE de la Baie du Cotentin,N/A - hors champ,ti-2806 - Nord Cotentin,0,NB - Hors programme PVD,N/A - hors champ
C - Commune classée,C - Classée en ZRR,50481,FR8000021 - PNR des Marais du Cotentin et du Bessin,NC - Non éligible,NC - Non classée en ZoRCoMiR,Saint-Germain-sur-Ay,C - Classée en ZRR,0,N/A - résultat non disponible,0,0,crte-28-50-4 - CRTE Côte Ouest Centre Manche,N/A - hors champ,N/A - hors champ,0,NB - Hors programme PVD,N/A - hors champ
C - Commune classée,C - Classée en ZRR,50496,N/A - hors champ,NC - Non éligible,NC - Non classée en ZoRCoMiR,Saint-Jean-le-Thomas,C - Classée en ZRR,0,N/A - résultat non disponible,0,0,crte-28-50-2 - CRTE Mont-Saint-Michel-Normandie,N/A - hors champ,ti-2808 - Sud Manche,0,NB - Hors programme PVD,N/A - hors champ
C - Commune classée,C - Classée en ZRR,50509,FR8000021 - PNR des Marais du Cotentin et du Bessin,NC - Non éligible,NC - Non classée en ZoRCoMiR,Sainte-Marie-du-Mont,C - Classée en ZRR,0,N/A - résultat non disponible,0,0,crte-28-50-7 - CRTE de la Baie du Cotentin,N/A - hors champ,ti-2806 - Nord Cotentin,0,NB - Hors programme PVD,N/A - hors champ
C - Commune classée,C - Classée en ZRR,50517,FR8000021 - PNR des Marais du Cotentin et du Bessin,NC - Non éligible,C - Classée en ZoRCoMiR,Saint-Martin-de-Varreville,C - Classée en ZRR,0,N/A - résultat non disponible,0,0,crte-28-50-7 - CRTE de la Baie du Cotentin,N/A - hors champ,ti-2806 - Nord Cotentin,0,NB - Hors programme PVD,N/A - hors champ
C - Commune classée,C - Classée en ZRR,50523,FR8000021 - PNR des Marais du Cotentin et du Bessin,P - Partiellement,NC - Non classée en ZoRCoMiR,Sainte-Mère-Église,C - Classée en ZRR,0,N/A - résultat non disponible,0,0,crte-28-50-7 - CRTE de la Baie du Cotentin,N/A - hors champ,ti-2806 - Nord Cotentin,0,B - Ville bénéficiaire du programme Petites villes de demain (PVD),N/A - hors champ
C - Commune classée,C - Classée en ZRR,50543,N/A - hors champ,T - Intégralement,NC - Non classée en ZoRCoMiR,Saint-Quentin-sur-le-Homme,C - Classée en ZRR,0,N/A - résultat non disponible,0,0,crte-28-50-2 - CRTE Mont-Saint-Michel-Normandie,N/A - hors champ,ti-2808 - Sud Manche,0,NB - Hors programme PVD,N/A - hors champ
C - Commune classée,C - Classée en ZRR,50612,N/A - hors champ,NC - Non éligible,NC - Non classée en ZoRCoMiR,Vains,C - Classée en ZRR,0,N/A - résultat non disponible,0,0,crte-28-50-2 - CRTE Mont-Saint-Michel-Normandie,N/A - hors champ,ti-2808 - Sud Manche,0,NB - Hors programme PVD,N/A - hors champ
C - Commune classée,C - Classée en ZRR,50616,N/A - hors champ,NC - Non éligible,NC - Non classée en ZoRCoMiR,Le Val-Saint-Père,C - Classée en ZRR,0,N/A - résultat non disponible,0,0,crte-28-50-2 - CRTE Mont-Saint-Michel-Normandie,N/A - hors champ,ti-2808 - Sud Manche,0,NB - Hors programme PVD,N/A - hors champ
C - Commune classée,NC - Non classée,50003,N/A - hors champ,NC - Non éligible,NC - Non classée en ZoRCoMiR,Agon-Coutainville,NC - Non classée,0,N/A - résultat non disponible,0,0,crte-28-50-5 - CRTE Coutances Mer et Bocage,N/A - hors champ,N/A - hors champ,0,B - Ville bénéficiaire du programme Petites villes de demain (PVD),N/A - hors champ
C - Commune classée,NC - Non classée,50015,N/A - hors champ,NC - Non éligible,C - Classée en ZoRCoMiR,Annoville,NC - Non classée,0,N/A - résultat non disponible,0,0,crte-28-50-5 - CRTE Coutances Mer et Bocage,N/A - hors champ,N/A - hors champ,0,NB - Hors programme PVD,N/A - hors champ
C - Commune classée,NC - Non classée,50022,FR8000021 - PNR des Marais du Cotentin et du Bessin,NC - Non éligible,C - Classée en ZoRCoMiR,Aumeville-Lestre,NC - Non classée,0,N/A - résultat non disponible,0,0,crte-28-50-1 - CRTE du Cotentin,N/A - hors champ,ti-2806 - Nord Cotentin,0,NB - Hors programme PVD,N/A - hors champ
C - Commune classée,NC - Non classée,50030,N/A - hors champ,NC - Non éligible,NC - Non classée en ZoRCoMiR,Barfleur,NC - Non classée,0,N/A - résultat non disponible,0,0,crte-28-50-1 - CRTE du Cotentin,N/A - hors champ,ti-2806 - Nord Cotentin,0,NB - Hors programme PVD,N/A - hors champ
C - Commune classée,NC - Non classée,50031,N/A - hors champ,NC - Non éligible,NC - Non classée en ZoRCoMiR,Barneville-Carteret,NC - Non classée,0,N/A - résultat non disponible,0,0,crte-28-50-1 - CRTE du Cotentin,N/A - hors champ,ti-2806 - Nord Cotentin,0,B - Ville bénéficiaire du programme Petites villes de demain (PVD),N/A - hors champ
C - Commune classée,NC - Non classée,50033,N/A - hors champ,NC - Non éligible,C - Classée en ZoRCoMiR,Baubigny,NC - Non classée,0,N/A - résultat non disponible,0,0,crte-28-50-1 - CRTE du Cotentin,N/A - hors champ,ti-2806 - Nord Cotentin,0,NB - Hors programme PVD,N/A - hors champ
C - Commune classée,NC - Non classée,50041,N/A - hors champ,NC - Non éligible,NC - Non classée en ZoRCoMiR,La Hague,NC - Non classée,0,N/A - résultat non disponible,0,0,crte-28-50-1 - CRTE du Cotentin,N/A - hors champ,ti-2806 - Nord Cotentin,0,B - Ville bénéficiaire du programme Petites villes de demain (PVD),N/A - hors champ
C - Commune classée,NC - Non classée,50058,N/A - hors champ,NC - Non éligible,NC - Non classée en ZoRCoMiR,Blainville-sur-Mer,NC - Non classée,0,N/A - résultat non disponible,0,0,crte-28-50-5 - CRTE Coutances Mer et Bocage,N/A - hors champ,N/A - hors champ,0,NB - Hors programme PVD,N/A - hors champ
C - Commune classée,NC - Non classée,50066,N/A - hors champ,NC - Non éligible,NC - Non classée en ZoRCoMiR,Jullouville,NC - Non classée,0,N/A - résultat non disponible,0,0,"crte-28-50-6 - CRTE de Granville, Terre et Mer",N/A - hors champ,N/A - hors champ,0,NB - Hors programme PVD,N/A - hors champ
C - Commune classée,NC - Non classée,50076,N/A - hors champ,NC - Non éligible,NC - Non classée en ZoRCoMiR,Bréhal,NC - Non classée,0,N/A - résultat non disponible,0,0,"crte-28-50-6 - CRTE de Granville, Terre et Mer",N/A - hors champ,N/A - hors champ,0,B - Ville bénéficiaire du programme Petites villes de demain (PVD),N/A - hors champ
C - Commune classée,NC - Non classée,50077,N/A - hors champ,NC - Non éligible,NC - Non classée en ZoRCoMiR,Bretteville,NC - Non classée,0,N/A - résultat non disponible,0,0,crte-28-50-1 - CRTE du Cotentin,N/A - hors champ,ti-2806 - Nord Cotentin,0,NB - Hors programme PVD,N/A - hors champ
C - Commune classée,NC - Non classée,50081,N/A - hors champ,NC - Non éligible,NC - Non classée en ZoRCoMiR,Bréville-sur-Mer,NC - Non classée,0,N/A - résultat non disponible,0,0,"crte-28-50-6 - CRTE de Granville, Terre et Mer",N/A - hors champ,N/A - hors champ,0,NB - Hors programme PVD,N/A - hors champ
C - Commune classée,NC - Non classée,50085,N/A - hors champ,NC - Non éligible,NC - Non classée en ZoRCoMiR,Bricqueville-sur-Mer,NC - Non classée,0,N/A - résultat non disponible,0,0,"crte-28-50-6 - CRTE de Granville, Terre et Mer",N/A - hors champ,N/A - hors champ,0,NB - Hors programme PVD,N/A - hors champ
C - Commune classée,NC - Non classée,50102,N/A - hors champ,NC - Non éligible,NC - Non classée en ZoRCoMiR,Carolles,NC - Non classée,0,N/A - résultat non disponible,0,0,"crte-28-50-6 - CRTE de Granville, Terre et Mer",N/A - hors champ,N/A - hors champ,0,NB - Hors programme PVD,N/A - hors champ
C - Commune classée,NC - Non classée,50117,N/A - hors champ,NC - Non éligible,C - Classée en ZoRCoMiR,Champeaux,NC - Non classée,0,N/A - résultat non disponible,0,0,"crte-28-50-6 - CRTE de Granville, Terre et Mer",N/A - hors champ,N/A - hors champ,0,NB - Hors programme PVD,N/A - hors champ
C - Commune classée,NC - Non classée,50129,N/A - hors champ,P - Partiellement,NC - Non classée en ZoRCoMiR,Cherbourg-en-Cotentin,NC - Non classée,1,3,1,11.5,crte-28-50-1 - CRTE du Cotentin,N/A - hors champ,ti-2806 - Nord Cotentin,9133,NB - Hors programme PVD,acv060 - Cherbourg-en-Cotentin
C - Commune classée,NC - Non classée,50142,N/A - hors champ,NC - Non éligible,NC - Non classée en ZoRCoMiR,Vicq-sur-Mer,NC - Non classée,0,N/A - résultat non disponible,0,0,crte-28-50-1 - CRTE du Cotentin,N/A - hors champ,ti-2806 - Nord Cotentin,0,NB - Hors programme PVD,N/A - hors champ
C - Commune classée,NC - Non classée,50143,N/A - hors champ,NC - Non éligible,NC - Non classée en ZoRCoMiR,Coudeville-sur-Mer,NC - Non classée,0,N/A - résultat non disponible,0,0,"crte-28-50-6 - CRTE de Granville, Terre et Mer",N/A - hors champ,N/A - hors champ,0,NB - Hors programme PVD,N/A - hors champ
C - Commune classée,NC - Non classée,50150,FR8000021 - PNR des Marais du Cotentin et du Bessin,NC - Non éligible,C - Classée en ZoRCoMiR,Crasville,NC - Non classée,0,N/A - résultat non disponible,0,0,crte-28-50-1 - CRTE du Cotentin,N/A - hors champ,ti-2806 - Nord Cotentin,0,NB - Hors programme PVD,N/A - hors champ
C - Commune classée,NC - Non classée,50162,N/A - hors champ,NC - Non éligible,NC - Non classée en ZoRCoMiR,Digosville,NC - Non classée,0,N/A - résultat non disponible,0,0,crte-28-50-1 - CRTE du Cotentin,N/A - hors champ,ti-2806 - Nord Cotentin,0,NB - Hors programme PVD,N/A - hors champ
C - Commune classée,NC - Non classée,50165,N/A - hors champ,NC - Non éligible,NC - Non classée en ZoRCoMiR,Donville-les-Bains,NC - Non classée,0,N/A - résultat non disponible,0,0,"crte-28-50-6 - CRTE de Granville, Terre et Mer",N/A - hors champ,N/A - hors champ,0,NB - Hors programme PVD,N/A - hors champ
C - Commune classée,NC - Non classée,50178,N/A - hors champ,NC - Non éligible,NC - Non classée en ZoRCoMiR,Fermanville,NC - Non classée,0,N/A - résultat non disponible,0,0,crte-28-50-1 - CRTE du Cotentin,N/A - hors champ,ti-2806 - Nord Cotentin,0,NB - Hors programme PVD,N/A - hors champ
C - Commune classée,NC - Non classée,50184,N/A - hors champ,NC - Non éligible,NC - Non classée en ZoRCoMiR,Flamanville,NC - Non classée,0,N/A - résultat non disponible,0,0,crte-28-50-1 - CRTE du Cotentin,N/A - hors champ,ti-2806 - Nord Cotentin,0,NB - Hors programme PVD,N/A - hors champ
C - Commune classée,NC - Non classée,50190,FR8000021 - PNR des Marais du Cotentin et du Bessin,NC - Non éligible,C - Classée en ZoRCoMiR,Fontenay-sur-Mer,NC - Non classée,0,N/A - résultat non disponible,0,0,crte-28-50-1 - CRTE du Cotentin,N/A - hors champ,ti-2806 - Nord Cotentin,0,NB - Hors programme PVD,N/A - hors champ
C - Commune classée,NC - Non classée,50196,N/A - hors champ,NC - Non éligible,C - Classée en ZoRCoMiR,Gatteville-le-Phare,NC - Non classée,0,N/A - résultat non disponible,0,0,crte-28-50-1 - CRTE du Cotentin,N/A - hors champ,ti-2806 - Nord Cotentin,0,NB - Hors programme PVD,N/A - hors champ
C - Commune classée,NC - Non classée,50218,N/A - hors champ,NC - Non éligible,NC - Non classée en ZoRCoMiR,Granville,NC - Non classée,0,N/A - résultat non disponible,0,0,"crte-28-50-6 - CRTE de Granville, Terre et Mer",N/A - hors champ,N/A - hors champ,0,B - Ville bénéficiaire du programme Petites villes de demain (PVD),N/A - hors champ
C - Commune classée,NC - Non classée,50231,N/A - hors champ,NC - Non éligible,NC - Non classée en ZoRCoMiR,Hauteville-sur-Mer,NC - Non classée,0,N/A - résultat non disponible,0,0,crte-28-50-5 - CRTE Coutances Mer et Bocage,N/A - hors champ,N/A - hors champ,0,NB - Hors programme PVD,N/A - hors champ
C - Commune classée,NC - Non classée,50238,N/A - hors champ,NC - Non éligible,C - Classée en ZoRCoMiR,Héauville,NC - Non classée,0,N/A - résultat non disponible,0,0,crte-28-50-1 - CRTE du Cotentin,N/A - hors champ,ti-2806 - Nord Cotentin,0,NB - Hors programme PVD,N/A - hors champ
C - Commune classée,NC - Non classée,50243,N/A - hors champ,NC - Non éligible,C - Classée en ZoRCoMiR,Heugueville-sur-Sienne,NC - Non classée,0,N/A - résultat non disponible,0,0,crte-28-50-5 - CRTE Coutances Mer et Bocage,N/A - hors champ,N/A - hors champ,0,NB - Hors programme PVD,N/A - hors champ
C - Commune classée,NC - Non classée,50268,FR8000021 - PNR des Marais du Cotentin et du Bessin,NC - Non éligible,C - Classée en ZoRCoMiR,Lestre,NC - Non classée,0,N/A - résultat non disponible,0,0,crte-28-50-1 - CRTE du Cotentin,N/A - hors champ,ti-2806 - Nord Cotentin,0,NB - Hors programme PVD,N/A - hors champ
C - Commune classée,NC - Non classée,50272,N/A - hors champ,NC - Non éligible,NC - Non classée en ZoRCoMiR,Lingreville,NC - Non classée,0,N/A - résultat non disponible,0,0,crte-28-50-5 - CRTE Coutances Mer et Bocage,N/A - hors champ,N/A - hors champ,0,NB - Hors programme PVD,N/A - hors champ
C - Commune classée,NC - Non classée,50296,N/A - hors champ,NC - Non éligible,NC - Non classée en ZoRCoMiR,Maupertus-sur-Mer,NC - Non classée,0,N/A - résultat non disponible,0,0,crte-28-50-1 - CRTE du Cotentin,N/A - hors champ,ti-2806 - Nord Cotentin,0,NB - Hors programme PVD,N/A - hors champ
C - Commune classée,NC - Non classée,50332,N/A - hors champ,NC - Non éligible,NC - Non classée en ZoRCoMiR,Les Moitiers-d'Allonne,NC - Non classée,0,N/A - résultat non disponible,0,0,crte-28-50-1 - CRTE du Cotentin,N/A - hors champ,ti-2806 - Nord Cotentin,0,NB - Hors programme PVD,N/A - hors champ
C - Commune classée,NC - Non classée,50342,N/A - hors champ,NC - Non éligible,C - Classée en ZoRCoMiR,Montfarville,NC - Non classée,0,N/A - résultat non disponible,0,0,crte-28-50-1 - CRTE du Cotentin,N/A - hors champ,ti-2806 - Nord Cotentin,0,NB - Hors programme PVD,N/A - hors champ
C - Commune classée,NC - Non classée,50349,N/A - hors champ,NC - Non éligible,NC - Non classée en ZoRCoMiR,Montmartin-sur-Mer,NC - Non classée,0,N/A - résultat non disponible,0,0,crte-28-50-5 - CRTE Coutances Mer et Bocage,N/A - hors champ,N/A - hors champ,0,NB - Hors programme PVD,N/A - hors champ
C - Commune classée,NC - Non classée,50388,N/A - hors champ,NC - Non éligible,NC - Non classée en ZoRCoMiR,Orval sur Sienne,NC - Non classée,0,N/A - résultat non disponible,0,0,crte-28-50-5 - CRTE Coutances Mer et Bocage,N/A - hors champ,N/A - hors champ,0,NB - Hors programme PVD,N/A - hors champ
C - Commune classée,NC - Non classée,50402,N/A - hors champ,NC - Non éligible,NC - Non classée en ZoRCoMiR,Les Pieux,NC - Non classée,0,N/A - résultat non disponible,0,0,crte-28-50-1 - CRTE du Cotentin,N/A - hors champ,ti-2806 - Nord Cotentin,0,B - Ville bénéficiaire du programme Petites villes de demain (PVD),N/A - hors champ
C - Commune classée,NC - Non classée,50412,N/A - hors champ,NC - Non éligible,NC - Non classée en ZoRCoMiR,Port-Bail-sur-Mer,NC - Non classée,0,N/A - résultat non disponible,0,0,crte-28-50-1 - CRTE du Cotentin,N/A - hors champ,ti-2806 - Nord Cotentin,0,B - Ville bénéficiaire du programme Petites villes de demain (PVD),N/A - hors champ
C - Commune classée,NC - Non classée,50417,FR8000021 - PNR des Marais du Cotentin et du Bessin,NC - Non éligible,NC - Non classée en ZoRCoMiR,Quettehou,NC - Non classée,0,N/A - résultat non disponible,0,0,crte-28-50-1 - CRTE du Cotentin,N/A - hors champ,ti-2806 - Nord Cotentin,0,B - Ville bénéficiaire du programme Petites villes de demain (PVD),N/A - hors champ
C - Commune classée,NC - Non classée,50421,FR8000021 - PNR des Marais du Cotentin et du Bessin,NC - Non éligible,C - Classée en ZoRCoMiR,Quinéville,NC - Non classée,0,N/A - résultat non disponible,0,0,crte-28-50-1 - CRTE du Cotentin,N/A - hors champ,ti-2806 - Nord Cotentin,0,NB - Hors programme PVD,N/A - hors champ
C - Commune classée,NC - Non classée,50429,N/A - hors champ,NC - Non éligible,NC - Non classée en ZoRCoMiR,Regnéville-sur-Mer,NC - Non classée,0,N/A - résultat non disponible,0,0,crte-28-50-5 - CRTE Coutances Mer et Bocage,N/A - hors champ,N/A - hors champ,0,NB - Hors programme PVD,N/A - hors champ
C - Commune classée,NC - Non classée,50433,N/A - hors champ,NC - Non éligible,NC - Non classée en ZoRCoMiR,Réville,NC - Non classée,0,N/A - résultat non disponible,0,0,crte-28-50-1 - CRTE du Cotentin,N/A - hors champ,ti-2806 - Nord Cotentin,0,NB - Hors programme PVD,N/A - hors champ
C - Commune classée,NC - Non classée,50442,N/A - hors champ,NC - Non éligible,C - Classée en ZoRCoMiR,Le Rozel,NC - Non classée,0,N/A - résultat non disponible,0,0,crte-28-50-1 - CRTE du Cotentin,N/A - hors champ,ti-2806 - Nord Cotentin,0,NB - Hors programme PVD,N/A - hors champ
C - Commune classée,NC - Non classée,50471,N/A - hors champ,NC - Non éligible,C - Classée en ZoRCoMiR,Saint-Georges-de-la-Rivière,NC - Non classée,0,N/A - résultat non disponible,0,0,crte-28-50-1 - CRTE du Cotentin,N/A - hors champ,ti-2806 - Nord Cotentin,0,NB - Hors programme PVD,N/A - hors champ
C - Commune classée,NC - Non classée,50490,N/A - hors champ,NC - Non éligible,NC - Non classée en ZoRCoMiR,Saint-Jean-de-la-Rivière,NC - Non classée,0,N/A - résultat non disponible,0,0,crte-28-50-1 - CRTE du Cotentin,N/A - hors champ,ti-2806 - Nord Cotentin,0,NB - Hors programme PVD,N/A - hors champ
C - Commune classée,NC - Non classée,50507,FR8000021 - PNR des Marais du Cotentin et du Bessin,NC - Non éligible,C - Classée en ZoRCoMiR,Saint-Marcouf,NC - Non classée,0,N/A - résultat non disponible,0,0,crte-28-50-1 - CRTE du Cotentin,N/A - hors champ,ti-2806 - Nord Cotentin,0,NB - Hors programme PVD,N/A - hors champ
C - Commune classée,NC - Non classée,50532,N/A - hors champ,NC - Non éligible,NC - Non classée en ZoRCoMiR,Saint-Pair-sur-Mer,NC - Non classée,0,N/A - résultat non disponible,0,0,"crte-28-50-6 - CRTE de Granville, Terre et Mer",N/A - hors champ,N/A - hors champ,0,NB - Hors programme PVD,N/A - hors champ
C - Commune classée,NC - Non classée,50562,N/A - hors champ,NC - Non éligible,NC - Non classée en ZoRCoMiR,Saint-Vaast-la-Hougue,NC - Non classée,0,N/A - résultat non disponible,0,0,crte-28-50-1 - CRTE du Cotentin,N/A - hors champ,ti-2806 - Nord Cotentin,0,B - Ville bénéficiaire du programme Petites villes de demain (PVD),N/A - hors champ
C - Commune classée,NC - Non classée,50576,N/A - hors champ,NC - Non éligible,NC - Non classée en ZoRCoMiR,Siouville-Hague,NC - Non classée,0,N/A - résultat non disponible,0,0,crte-28-50-1 - CRTE du Cotentin,N/A - hors champ,ti-2806 - Nord Cotentin,0,NB - Hors programme PVD,N/A - hors champ
C - Commune classée,NC - Non classée,50585,N/A - hors champ,NC - Non éligible,NC - Non classée en ZoRCoMiR,Surtainville,NC - Non classée,0,N/A - résultat non disponible,0,0,crte-28-50-1 - CRTE du Cotentin,N/A - hors champ,ti-2806 - Nord Cotentin,0,NB - Hors programme PVD,N/A - hors champ
C - Commune classée,NC - Non classée,50603,N/A - hors champ,NC - Non éligible,NC - Non classée en ZoRCoMiR,Tourville-sur-Sienne,NC - Non classée,0,N/A - résultat non disponible,0,0,crte-28-50-5 - CRTE Coutances Mer et Bocage,N/A - hors champ,N/A - hors champ,0,NB - Hors programme PVD,N/A - hors champ
C - Commune classée,NC - Non classée,50604,N/A - hors champ,NC - Non éligible,NC - Non classée en ZoRCoMiR,Tréauville,NC - Non classée,0,N/A - résultat non disponible,0,0,crte-28-50-1 - CRTE du Cotentin,N/A - hors champ,ti-2806 - Nord Cotentin,0,NB - Hors programme PVD,N/A - hors champ
C - Commune classée,P - Partiellement classée en ZRR,50215,N/A - hors champ,NC - Non éligible,NC - Non classée en ZoRCoMiR,Gouville-sur-Mer,P - Partiellement classée en ZRR,0,N/A - résultat non disponible,0,0,crte-28-50-5 - CRTE Coutances Mer et Bocage,N/A - hors champ,N/A - hors champ,0,NB - Hors programme PVD,N/A - hors champ
NC - Non classée,C - Classée en ZRR,50016,FR8000021 - PNR des Marais du Cotentin et du Bessin,T - Intégralement,C - Classée en ZoRCoMiR,Appeville,C - Classée en ZRR,0,N/A - résultat non disponible,0,0,crte-28-50-7 - CRTE de la Baie du Cotentin,N/A - hors champ,ti-2806 - Nord Cotentin,0,NB - Hors programme PVD,N/A - hors champ
NC - Non classée,C - Classée en ZRR,50019,N/A - hors champ,NC - Non éligible,C - Classée en ZoRCoMiR,Aucey-la-Plaine,C - Classée en ZRR,0,N/A - résultat non disponible,0,0,crte-28-50-2 - CRTE Mont-Saint-Michel-Normandie,N/A - hors champ,ti-2808 - Sud Manche,0,NB - Hors programme PVD,N/A - hors champ
NC - Non classée,C - Classée en ZRR,50023,FR8000021 - PNR des Marais du Cotentin et du Bessin,T - Intégralement,C - Classée en ZoRCoMiR,Auvers,C - Classée en ZRR,0,N/A - résultat non disponible,0,0,crte-28-50-7 - CRTE de la Baie du Cotentin,N/A - hors champ,ti-2806 - Nord Cotentin,0,NB - Hors programme PVD,N/A - hors champ
NC - Non classée,C - Classée en ZRR,50024,FR8000021 - PNR des Marais du Cotentin et du Bessin,T - Intégralement,C - Classée en ZoRCoMiR,Auxais,C - Classée en ZRR,0,N/A - résultat non disponible,0,0,crte-28-50-4 - CRTE Côte Ouest Centre Manche,N/A - hors champ,N/A - hors champ,0,NB - Hors programme PVD,N/A - hors champ
NC - Non classée,C - Classée en ZRR,50027,N/A - hors champ,NC - Non éligible,C - Classée en ZoRCoMiR,Bacilly,C - Classée en ZRR,0,N/A - résultat non disponible,0,0,crte-28-50-2 - CRTE Mont-Saint-Michel-Normandie,N/A - hors champ,ti-2808 - Sud Manche,0,NB - Hors programme PVD,N/A - hors champ
NC - Non classée,C - Classée en ZRR,50029,FR8000026 - PNR Normandie-Maine,T - Intégralement,NC - Non classée en ZoRCoMiR,Barenton,C - Classée en ZRR,0,N/A - résultat non disponible,0,0,crte-28-50-2 - CRTE Mont-Saint-Michel-Normandie,N/A - hors champ,ti-2808 - Sud Manche,0,NB - Hors programme PVD,N/A - hors champ
NC - Non classée,C - Classée en ZRR,50036,FR8000021 - PNR des Marais du Cotentin et du Bessin,NC - Non éligible,C - Classée en ZoRCoMiR,Baupte,C - Classée en ZRR,0,N/A - résultat non disponible,0,0,crte-28-50-7 - CRTE de la Baie du Cotentin,N/A - hors champ,ti-2806 - Nord Cotentin,0,NB - Hors programme PVD,N/A - hors champ
NC - Non classée,C - Classée en ZRR,50040,N/A - hors champ,NC - Non éligible,C - Classée en ZoRCoMiR,Beauficel,C - Classée en ZRR,0,N/A - résultat non disponible,0,0,crte-28-50-2 - CRTE Mont-Saint-Michel-Normandie,N/A - hors champ,ti-2808 - Sud Manche,0,NB - Hors programme PVD,N/A - hors champ
NC - Non classée,C - Classée en ZRR,50048,N/A - hors champ,NC - Non éligible,C - Classée en ZoRCoMiR,Beslon,C - Classée en ZRR,0,N/A - résultat non disponible,0,0,crte-28-50-8 - CRTE de Villedieu Intercom,N/A - hors champ,ti-2808 - Sud Manche,0,NB - Hors programme PVD,N/A - hors champ
NC - Non classée,C - Classée en ZRR,50052,FR8000021 - PNR des Marais du Cotentin et du Bessin,T - Intégralement,C - Classée en ZoRCoMiR,Beuzeville-la-Bastille,C - Classée en ZRR,0,N/A - résultat non disponible,0,0,crte-28-50-7 - CRTE de la Baie du Cotentin,N/A - hors champ,ti-2806 - Nord Cotentin,0,NB - Hors programme PVD,N/A - hors champ
NC - Non classée,C - Classée en ZRR,50059,FR8000021 - PNR des Marais du Cotentin et du Bessin,NC - Non éligible,C - Classée en ZoRCoMiR,Blosville,C - Classée en ZRR,0,N/A - résultat non disponible,0,0,crte-28-50-7 - CRTE de la Baie du Cotentin,N/A - hors champ,ti-2806 - Nord Cotentin,0,NB - Hors programme PVD,N/A - hors champ
NC - Non classée,C - Classée en ZRR,50060,N/A - hors champ,NC - Non éligible,C - Classée en ZoRCoMiR,La Bloutière,C - Classée en ZRR,0,N/A - résultat non disponible,0,0,crte-28-50-8 - CRTE de Villedieu Intercom,N/A - hors champ,ti-2808 - Sud Manche,0,NB - Hors programme PVD,N/A - hors champ
NC - Non classée,C - Classée en ZRR,50062,N/A - hors champ,NC - Non éligible,C - Classée en ZoRCoMiR,Boisyvon,C - Classée en ZRR,0,N/A - résultat non disponible,0,0,crte-28-50-8 - CRTE de Villedieu Intercom,N/A - hors champ,ti-2808 - Sud Manche,0,NB - Hors programme PVD,N/A - hors champ
NC - Non classée,C - Classée en ZRR,50069,N/A - hors champ,NC - Non éligible,C - Classée en ZoRCoMiR,Bourguenolles,C - Classée en ZRR,0,N/A - résultat non disponible,0,0,crte-28-50-8 - CRTE de Villedieu Intercom,N/A - hors champ,ti-2808 - Sud Manche,0,NB - Hors programme PVD,N/A - hors champ
NC - Non classée,C - Classée en ZRR,50070,FR8000021 - PNR des Marais du Cotentin et du Bessin,NC - Non éligible,C - Classée en ZoRCoMiR,Boutteville,C - Classée en ZRR,0,N/A - résultat non disponible,0,0,crte-28-50-7 - CRTE de la Baie du Cotentin,N/A - hors champ,ti-2806 - Nord Cotentin,0,NB - Hors programme PVD,N/A - hors champ
NC - Non classée,C - Classée en ZRR,50074,N/A - hors champ,T - Intégralement,NC - Non classée en ZoRCoMiR,Brécey,C - Classée en ZRR,0,N/A - résultat non disponible,0,0,crte-28-50-2 - CRTE Mont-Saint-Michel-Normandie,N/A - hors champ,ti-2808 - Sud Manche,0,B - Ville bénéficiaire du programme Petites villes de demain (PVD),N/A - hors champ
NC - Non classée,C - Classée en ZRR,50088,N/A - hors champ,NC - Non éligible,C - Classée en ZoRCoMiR,Brouains,C - Classée en ZRR,0,N/A - résultat non disponible,0,0,crte-28-50-2 - CRTE Mont-Saint-Michel-Normandie,N/A - hors champ,ti-2808 - Sud Manche,0,NB - Hors programme PVD,N/A - hors champ
NC - Non classée,C - Classée en ZRR,50090,N/A - hors champ,NC - Non éligible,C - Classée en ZoRCoMiR,Buais-Les-Monts,C - Classée en ZRR,0,N/A - résultat non disponible,0,0,crte-28-50-2 - CRTE Mont-Saint-Michel-Normandie,N/A - hors champ,ti-2808 - Sud Manche,0,NB - Hors programme PVD,N/A - hors champ
NC - Non classée,C - Classée en ZRR,50112,N/A - hors champ,T - Intégralement,C - Classée en ZoRCoMiR,La Chaise-Baudouin,C - Classée en ZRR,0,N/A - résultat non disponible,0,0,crte-28-50-2 - CRTE Mont-Saint-Michel-Normandie,N/A - hors champ,ti-2808 - Sud Manche,0,NB - Hors programme PVD,N/A - hors champ
NC - Non classée,C - Classée en ZRR,50115,N/A - hors champ,NC - Non éligible,C - Classée en ZoRCoMiR,Le Grippon,C - Classée en ZRR,0,N/A - résultat non disponible,0,0,crte-28-50-2 - CRTE Mont-Saint-Michel-Normandie,N/A - hors champ,ti-2808 - Sud Manche,0,NB - Hors programme PVD,N/A - hors champ
NC - Non classée,C - Classée en ZRR,50118,N/A - hors champ,NC - Non éligible,NC - Non classée en ZoRCoMiR,Champrepus,C - Classée en ZRR,0,N/A - résultat non disponible,0,0,crte-28-50-8 - CRTE de Villedieu Intercom,N/A - hors champ,ti-2808 - Sud Manche,0,NB - Hors programme PVD,N/A - hors champ
NC - Non classée,C - Classée en ZRR,50121,N/A - hors champ,NC - Non éligible,C - Classée en ZoRCoMiR,La Chapelle-Cécelin,C - Classée en ZRR,0,N/A - résultat non disponible,0,0,crte-28-50-8 - CRTE de Villedieu Intercom,N/A - hors champ,ti-2808 - Sud Manche,0,NB - Hors programme PVD,N/A - hors champ
NC - Non classée,C - Classée en ZRR,50124,N/A - hors champ,NC - Non éligible,C - Classée en ZoRCoMiR,La Chapelle-Urée,C - Classée en ZRR,0,N/A - résultat non disponible,0,0,crte-28-50-2 - CRTE Mont-Saint-Michel-Normandie,N/A - hors champ,ti-2808 - Sud Manche,0,NB - Hors programme PVD,N/A - hors champ
NC - Non classée,C - Classée en ZRR,50126,N/A - hors champ,NC - Non éligible,NC - Non classée en ZoRCoMiR,Chavoy,C - Classée en ZRR,0,N/A - résultat non disponible,0,0,crte-28-50-2 - CRTE Mont-Saint-Michel-Normandie,N/A - hors champ,ti-2808 - Sud Manche,0,NB - Hors programme PVD,N/A - hors champ
NC - Non classée,C - Classée en ZRR,50130,N/A - hors champ,T - Intégralement,C - Classée en ZoRCoMiR,Chérencé-le-Héron,C - Classée en ZRR,0,N/A - résultat non disponible,0,0,crte-28-50-8 - CRTE de Villedieu Intercom,N/A - hors champ,ti-2808 - Sud Manche,0,NB - Hors programme PVD,N/A - hors champ
NC - Non classée,C - Classée en ZRR,50137,N/A - hors champ,T - Intégralement,NC - Non classée en ZoRCoMiR,La Colombe,C - Classée en ZRR,0,N/A - résultat non disponible,0,0,crte-28-50-8 - CRTE de Villedieu Intercom,N/A - hors champ,ti-2808 - Sud Manche,0,NB - Hors programme PVD,N/A - hors champ
NC - Non classée,C - Classée en ZRR,50144,N/A - hors champ,NC - Non éligible,C - Classée en ZoRCoMiR,Coulouvray-Boisbenâtre,C - Classée en ZRR,0,N/A - résultat non disponible,0,0,crte-28-50-8 - CRTE de Villedieu Intercom,N/A - hors champ,ti-2808 - Sud Manche,0,NB - Hors programme PVD,N/A - hors champ
NC - Non classée,C - Classée en ZRR,50152,N/A - hors champ,NC - Non éligible,C - Classée en ZoRCoMiR,Les Cresnays,C - Classée en ZRR,0,N/A - résultat non disponible,0,0,crte-28-50-2 - CRTE Mont-Saint-Michel-Normandie,N/A - hors champ,ti-2808 - Sud Manche,0,NB - Hors programme PVD,N/A - hors champ
NC - Non classée,C - Classée en ZRR,50155,N/A - hors champ,NC - Non éligible,C - Classée en ZoRCoMiR,Crollon,C - Classée en ZRR,0,N/A - résultat non disponible,0,0,crte-28-50-2 - CRTE Mont-Saint-Michel-Normandie,N/A - hors champ,ti-2808 - Sud Manche,0,NB - Hors programme PVD,N/A - hors champ
NC - Non classée,C - Classée en ZRR,50158,N/A - hors champ,NC - Non éligible,C - Classée en ZoRCoMiR,Cuves,C - Classée en ZRR,0,N/A - résultat non disponible,0,0,crte-28-50-2 - CRTE Mont-Saint-Michel-Normandie,N/A - hors champ,ti-2808 - Sud Manche,0,NB - Hors programme PVD,N/A - hors champ
NC - Non classée,C - Classée en ZRR,50166,FR8000021 - PNR des Marais du Cotentin et du Bessin,NC - Non éligible,C - Classée en ZoRCoMiR,Doville,C - Classée en ZRR,0,N/A - résultat non disponible,0,0,crte-28-50-4 - CRTE Côte Ouest Centre Manche,N/A - hors champ,N/A - hors champ,0,NB - Hors programme PVD,N/A - hors champ
NC - Non classée,C - Classée en ZRR,50168,N/A - hors champ,P - Partiellement,NC - Non classée en ZoRCoMiR,Ducey-Les Chéris,C - Classée en ZRR,0,N/A - résultat non disponible,0,0,crte-28-50-2 - CRTE Mont-Saint-Michel-Normandie,N/A - hors champ,ti-2808 - Sud Manche,0,NB - Hors programme PVD,N/A - hors champ
NC - Non classée,C - Classée en ZRR,50177,FR8000021 - PNR des Marais du Cotentin et du Bessin,NC - Non éligible,C - Classée en ZoRCoMiR,Étienville,C - Classée en ZRR,0,N/A - résultat non disponible,0,0,crte-28-50-7 - CRTE de la Baie du Cotentin,N/A - hors champ,ti-2806 - Nord Cotentin,0,NB - Hors programme PVD,N/A - hors champ
NC - Non classée,C - Classée en ZRR,50181,FR8000021 - PNR des Marais du Cotentin et du Bessin,NC - Non éligible,C - Classée en ZoRCoMiR,Feugères,C - Classée en ZRR,0,N/A - résultat non disponible,0,0,crte-28-50-4 - CRTE Côte Ouest Centre Manche,N/A - hors champ,N/A - hors champ,0,NB - Hors programme PVD,N/A - hors champ
NC - Non classée,C - Classée en ZRR,50182,FR8000021 - PNR des Marais du Cotentin et du Bessin,NC - Non éligible,C - Classée en ZoRCoMiR,La Feuillie,C - Classée en ZRR,0,N/A - résultat non disponible,0,0,crte-28-50-4 - CRTE Côte Ouest Centre Manche,N/A - hors champ,N/A - hors champ,0,NB - Hors programme PVD,N/A - hors champ
NC - Non classée,C - Classée en ZRR,50185,N/A - hors champ,NC - Non éligible,NC - Non classée en ZoRCoMiR,Fleury,C - Classée en ZRR,0,N/A - résultat non disponible,0,0,crte-28-50-8 - CRTE de Villedieu Intercom,N/A - hors champ,ti-2808 - Sud Manche,0,NB - Hors programme PVD,N/A - hors champ
NC - Non classée,C - Classée en ZRR,50193,N/A - hors champ,NC - Non éligible,C - Classée en ZoRCoMiR,Le Fresne-Poret,C - Classée en ZRR,0,N/A - résultat non disponible,0,0,crte-28-50-2 - CRTE Mont-Saint-Michel-Normandie,N/A - hors champ,ti-2808 - Sud Manche,0,NB - Hors programme PVD,N/A - hors champ
NC - Non classée,C - Classée en ZRR,50195,N/A - hors champ,NC - Non éligible,C - Classée en ZoRCoMiR,Gathemo,C - Classée en ZRR,0,N/A - résultat non disponible,0,0,crte-28-50-2 - CRTE Mont-Saint-Michel-Normandie,N/A - hors champ,ti-2808 - Sud Manche,0,NB - Hors programme PVD,N/A - hors champ
NC - Non classée,C - Classée en ZRR,50200,FR8000026 - PNR Normandie-Maine,NC - Non éligible,NC - Non classée en ZoRCoMiR,Ger,C - Classée en ZRR,0,N/A - résultat non disponible,0,0,crte-28-50-2 - CRTE Mont-Saint-Michel-Normandie,N/A - hors champ,ti-2808 - Sud Manche,0,NB - Hors programme PVD,N/A - hors champ
NC - Non classée,C - Classée en ZRR,50205,N/A - hors champ,NC - Non éligible,NC - Non classée en ZoRCoMiR,La Godefroy,C - Classée en ZRR,0,N/A - résultat non disponible,0,0,crte-28-50-2 - CRTE Mont-Saint-Michel-Normandie,N/A - hors champ,ti-2808 - Sud Manche,0,NB - Hors programme PVD,N/A - hors champ
NC - Non classée,C - Classée en ZRR,50208,FR8000021 - PNR des Marais du Cotentin et du Bessin,NC - Non éligible,C - Classée en ZoRCoMiR,Gonfreville,C - Classée en ZRR,0,N/A - résultat non disponible,0,0,crte-28-50-4 - CRTE Côte Ouest Centre Manche,N/A - hors champ,N/A - hors champ,0,NB - Hors programme PVD,N/A - hors champ
NC - Non classée,C - Classée en ZRR,50210,FR8000021 - PNR des Marais du Cotentin et du Bessin,NC - Non éligible,C - Classée en ZoRCoMiR,Gorges,C - Classée en ZRR,0,N/A - résultat non disponible,0,0,crte-28-50-4 - CRTE Côte Ouest Centre Manche,N/A - hors champ,N/A - hors champ,0,NB - Hors programme PVD,N/A - hors champ
NC - Non classée,C - Classée en ZRR,50217,N/A - hors champ,T - Intégralement,C - Classée en ZoRCoMiR,Le Grand-Celland,C - Classée en ZRR,0,N/A - résultat non disponible,0,0,crte-28-50-2 - CRTE Mont-Saint-Michel-Normandie,N/A - hors champ,ti-2808 - Sud Manche,0,NB - Hors programme PVD,N/A - hors champ
NC - Non classée,C - Classée en ZRR,50225,N/A - hors champ,NC - Non éligible,C - Classée en ZoRCoMiR,Le Guislain,C - Classée en ZRR,0,N/A - résultat non disponible,0,0,crte-28-50-8 - CRTE de Villedieu Intercom,N/A - hors champ,ti-2808 - Sud Manche,0,NB - Hors programme PVD,N/A - hors champ
NC - Non classée,C - Classée en ZRR,50229,N/A - hors champ,NC - Non éligible,C - Classée en ZoRCoMiR,Hamelin,C - Classée en ZRR,0,N/A - résultat non disponible,0,0,crte-28-50-2 - CRTE Mont-Saint-Michel-Normandie,N/A - hors champ,ti-2808 - Sud Manche,0,NB - Hors programme PVD,N/A - hors champ
NC - Non classée,C - Classée en ZRR,50234,N/A - hors champ,NC - Non éligible,C - Classée en ZoRCoMiR,La Haye-Bellefond,C - Classée en ZRR,0,N/A - résultat non disponible,0,0,crte-28-50-8 - CRTE de Villedieu Intercom,N/A - hors champ,ti-2808 - Sud Manche,0,NB - Hors programme PVD,N/A - hors champ
NC - Non classée,C - Classée en ZRR,50246,FR8000021 - PNR des Marais du Cotentin et du Bessin,NC - Non éligible,C - Classée en ZoRCoMiR,Hiesville,C - Classée en ZRR,0,N/A - résultat non disponible,0,0,crte-28-50-7 - CRTE de la Baie du Cotentin,N/A - hors champ,ti-2806 - Nord Cotentin,0,NB - Hors programme PVD,N/A - hors champ
NC - Non classée,C - Classée en ZRR,50256,N/A - hors champ,T - Intégralement,NC - Non classée en ZoRCoMiR,Isigny-le-Buat,C - Classée en ZRR,0,N/A - résultat non disponible,0,0,crte-28-50-2 - CRTE Mont-Saint-Michel-Normandie,N/A - hors champ,ti-2808 - Sud Manche,0,NB - Hors programme PVD,N/A - hors champ
NC - Non classée,C - Classée en ZRR,50259,N/A - hors champ,T - Intégralement,NC - Non classée en ZoRCoMiR,Juilley,C - Classée en ZRR,0,N/A - résultat non disponible,0,0,crte-28-50-2 - CRTE Mont-Saint-Michel-Normandie,N/A - hors champ,ti-2808 - Sud Manche,0,NB - Hors programme PVD,N/A - hors champ
NC - Non classée,C - Classée en ZRR,50260,N/A - hors champ,P - Partiellement,NC - Non classée en ZoRCoMiR,Juvigny les Vallées,C - Classée en ZRR,0,N/A - résultat non disponible,0,0,crte-28-50-2 - CRTE Mont-Saint-Michel-Normandie,N/A - hors champ,ti-2808 - Sud Manche,0,NB - Hors programme PVD,N/A - hors champ
NC - Non classée,C - Classée en ZRR,50262,N/A - hors champ,NC - Non éligible,C - Classée en ZoRCoMiR,La Lande-d'Airou,C - Classée en ZRR,0,N/A - résultat non disponible,0,0,crte-28-50-8 - CRTE de Villedieu Intercom,N/A - hors champ,ti-2808 - Sud Manche,0,NB - Hors programme PVD,N/A - hors champ
NC - Non classée,C - Classée en ZRR,50263,N/A - hors champ,T - Intégralement,C - Classée en ZoRCoMiR,Lapenty,C - Classée en ZRR,0,N/A - résultat non disponible,0,0,crte-28-50-2 - CRTE Mont-Saint-Michel-Normandie,N/A - hors champ,ti-2808 - Sud Manche,0,NB - Hors programme PVD,N/A - hors champ
NC - Non classée,C - Classée en ZRR,50265,FR8000021 - PNR des Marais du Cotentin et du Bessin,NC - Non éligible,C - Classée en ZoRCoMiR,Laulne,C - Classée en ZRR,0,N/A - résultat non disponible,0,0,crte-28-50-4 - CRTE Côte Ouest Centre Manche,N/A - hors champ,N/A - hors champ,0,NB - Hors programme PVD,N/A - hors champ
NC - Non classée,C - Classée en ZRR,50269,FR8000021 - PNR des Marais du Cotentin et du Bessin,NC - Non éligible,C - Classée en ZoRCoMiR,Liesville-sur-Douve,C - Classée en ZRR,0,N/A - résultat non disponible,0,0,crte-28-50-7 - CRTE de la Baie du Cotentin,N/A - hors champ,ti-2806 - Nord Cotentin,0,NB - Hors programme PVD,N/A - hors champ
NC - Non classée,C - Classée en ZRR,50271,N/A - hors champ,NC - Non éligible,C - Classée en ZoRCoMiR,Lingeard,C - Classée en ZRR,0,N/A - résultat non disponible,0,0,crte-28-50-2 - CRTE Mont-Saint-Michel-Normandie,N/A - hors champ,ti-2808 - Sud Manche,0,NB - Hors programme PVD,N/A - hors champ
NC - Non classée,C - Classée en ZRR,50273,FR8000021 - PNR des Marais du Cotentin et du Bessin,NC - Non éligible,NC - Non classée en ZoRCoMiR,Montsenelle,C - Classée en ZRR,0,N/A - résultat non disponible,0,0,crte-28-50-4 - CRTE Côte Ouest Centre Manche,N/A - hors champ,N/A - hors champ,0,NB - Hors programme PVD,N/A - hors champ
NC - Non classée,C - Classée en ZRR,50274,N/A - hors champ,T - Intégralement,C - Classée en ZoRCoMiR,Les Loges-Marchis,C - Classée en ZRR,0,N/A - résultat non disponible,0,0,crte-28-50-2 - CRTE Mont-Saint-Michel-Normandie,N/A - hors champ,ti-2808 - Sud Manche,0,NB - Hors programme PVD,N/A - hors champ
NC - Non classée,C - Classée en ZRR,50275,N/A - hors champ,NC - Non éligible,C - Classée en ZoRCoMiR,Les Loges-sur-Brécey,C - Classée en ZRR,0,N/A - résultat non disponible,0,0,crte-28-50-2 - CRTE Mont-Saint-Michel-Normandie,N/A - hors champ,ti-2808 - Sud Manche,0,NB - Hors programme PVD,N/A - hors champ
NC - Non classée,C - Classée en ZRR,50276,N/A - hors champ,NC - Non éligible,C - Classée en ZoRCoMiR,Lolif,C - Classée en ZRR,0,N/A - résultat non disponible,0,0,crte-28-50-2 - CRTE Mont-Saint-Michel-Normandie,N/A - hors champ,ti-2808 - Sud Manche,0,NB - Hors programme PVD,N/A - hors champ
NC - Non classée,C - Classée en ZRR,50282,N/A - hors champ,NC - Non éligible,C - Classée en ZoRCoMiR,Le Luot,C - Classée en ZRR,0,N/A - résultat non disponible,0,0,crte-28-50-2 - CRTE Mont-Saint-Michel-Normandie,N/A - hors champ,ti-2808 - Sud Manche,0,NB - Hors programme PVD,N/A - hors champ
NC - Non classée,C - Classée en ZRR,50289,FR8000021 - PNR des Marais du Cotentin et du Bessin,NC - Non éligible,C - Classée en ZoRCoMiR,Marchésieux,C - Classée en ZRR,0,N/A - résultat non disponible,0,0,crte-28-50-4 - CRTE Côte Ouest Centre Manche,N/A - hors champ,N/A - hors champ,0,NB - Hors programme PVD,N/A - hors champ
NC - Non classée,C - Classée en ZRR,50290,N/A - hors champ,NC - Non éligible,C - Classée en ZoRCoMiR,Marcilly,C - Classée en ZRR,0,N/A - résultat non disponible,0,0,crte-28-50-2 - CRTE Mont-Saint-Michel-Normandie,N/A - hors champ,ti-2808 - Sud Manche,0,NB - Hors programme PVD,N/A - hors champ
NC - Non classée,C - Classée en ZRR,50291,N/A - hors champ,NC - Non éligible,C - Classée en ZoRCoMiR,Margueray,C - Classée en ZRR,0,N/A - résultat non disponible,0,0,crte-28-50-8 - CRTE de Villedieu Intercom,N/A - hors champ,ti-2808 - Sud Manche,0,NB - Hors programme PVD,N/A - hors champ
NC - Non classée,C - Classée en ZRR,50295,N/A - hors champ,NC - Non éligible,C - Classée en ZoRCoMiR,Maupertuis,C - Classée en ZRR,0,N/A - résultat non disponible,0,0,crte-28-50-8 - CRTE de Villedieu Intercom,N/A - hors champ,ti-2808 - Sud Manche,0,NB - Hors programme PVD,N/A - hors champ
NC - Non classée,C - Classée en ZRR,50298,FR8000021 - PNR des Marais du Cotentin et du Bessin,T - Intégralement,C - Classée en ZoRCoMiR,Méautis,C - Classée en ZRR,0,N/A - résultat non disponible,0,0,crte-28-50-7 - CRTE de la Baie du Cotentin,N/A - hors champ,ti-2806 - Nord Cotentin,0,NB - Hors programme PVD,N/A - hors champ
NC - Non classée,C - Classée en ZRR,50300,N/A - hors champ,NC - Non éligible,C - Classée en ZoRCoMiR,Le Mesnil-Adelée,C - Classée en ZRR,0,N/A - résultat non disponible,0,0,crte-28-50-2 - CRTE Mont-Saint-Michel-Normandie,N/A - hors champ,ti-2808 - Sud Manche,0,NB - Hors programme PVD,N/A - hors champ
NC - Non classée,C - Classée en ZRR,50312,N/A - hors champ,NC - Non éligible,C - Classée en ZoRCoMiR,Le Mesnil-Gilbert,C - Classée en ZRR,0,N/A - résultat non disponible,0,0,crte-28-50-2 - CRTE Mont-Saint-Michel-Normandie,N/A - hors champ,ti-2808 - Sud Manche,0,NB - Hors programme PVD,N/A - hors champ
NC - Non classée,C - Classée en ZRR,50315,N/A - hors champ,T - Intégralement,C - Classée en ZoRCoMiR,Le Mesnillard,C - Classée en ZRR,0,N/A - résultat non disponible,0,0,crte-28-50-2 - CRTE Mont-Saint-Michel-Normandie,N/A - hors champ,ti-2808 - Sud Manche,0,NB - Hors programme PVD,N/A - hors champ
NC - Non classée,C - Classée en ZRR,50317,N/A - hors champ,NC - Non éligible,NC - Non classée en ZoRCoMiR,Le Mesnil-Ozenne,C - Classée en ZRR,0,N/A - résultat non disponible,0,0,crte-28-50-2 - CRTE Mont-Saint-Michel-Normandie,N/A - hors champ,ti-2808 - Sud Manche,0,NB - Hors programme PVD,N/A - hors champ
NC - Non classée,C - Classée en ZRR,50328,FR8000021 - PNR des Marais du Cotentin et du Bessin,NC - Non éligible,C - Classée en ZoRCoMiR,Millières,C - Classée en ZRR,0,N/A - résultat non disponible,0,0,crte-28-50-4 - CRTE Côte Ouest Centre Manche,N/A - hors champ,N/A - hors champ,0,NB - Hors programme PVD,N/A - hors champ
NC - Non classée,C - Classée en ZRR,50334,N/A - hors champ,NC - Non éligible,C - Classée en ZoRCoMiR,Montabot,C - Classée en ZRR,0,N/A - résultat non disponible,0,0,crte-28-50-8 - CRTE de Villedieu Intercom,N/A - hors champ,ti-2808 - Sud Manche,0,NB - Hors programme PVD,N/A - hors champ
NC - Non classée,C - Classée en ZRR,50338,N/A - hors champ,NC - Non éligible,C - Classée en ZoRCoMiR,Montbray,C - Classée en ZRR,0,N/A - résultat non disponible,0,0,crte-28-50-8 - CRTE de Villedieu Intercom,N/A - hors champ,ti-2808 - Sud Manche,0,NB - Hors programme PVD,N/A - hors champ
NC - Non classée,C - Classée en ZRR,50347,N/A - hors champ,NC - Non éligible,C - Classée en ZoRCoMiR,Montjoie-Saint-Martin,C - Classée en ZRR,0,N/A - résultat non disponible,0,0,crte-28-50-2 - CRTE Mont-Saint-Michel-Normandie,N/A - hors champ,ti-2808 - Sud Manche,0,NB - Hors programme PVD,N/A - hors champ
NC - Non classée,C - Classée en ZRR,50357,N/A - hors champ,NC - Non éligible,C - Classée en ZoRCoMiR,Morigny,C - Classée en ZRR,0,N/A - résultat non disponible,0,0,crte-28-50-8 - CRTE de Villedieu Intercom,N/A - hors champ,ti-2808 - Sud Manche,0,NB - Hors programme PVD,N/A - hors champ
NC - Non classée,C - Classée en ZRR,50359,FR8000026 - PNR Normandie-Maine,P - Partiellement,NC - Non classée en ZoRCoMiR,Mortain-Bocage,C - Classée en ZRR,0,N/A - résultat non disponible,0,0,crte-28-50-2 - CRTE Mont-Saint-Michel-Normandie,N/A - hors champ,ti-2808 - Sud Manche,0,B - Ville bénéficiaire du programme Petites villes de demain (PVD),N/A - hors champ
NC - Non classée,C - Classée en ZRR,50362,N/A - hors champ,T - Intégralement,C - Classée en ZoRCoMiR,Moulines,C - Classée en ZRR,0,N/A - résultat non disponible,0,0,crte-28-50-2 - CRTE Mont-Saint-Michel-Normandie,N/A - hors champ,ti-2808 - Sud Manche,0,NB - Hors programme PVD,N/A - hors champ
NC - Non classée,C - Classée en ZRR,50368,FR8000021 - PNR des Marais du Cotentin et du Bessin,NC - Non éligible,C - Classée en ZoRCoMiR,Nay,C - Classée en ZRR,0,N/A - résultat non disponible,0,0,crte-28-50-4 - CRTE Côte Ouest Centre Manche,N/A - hors champ,N/A - hors champ,0,NB - Hors programme PVD,N/A - hors champ
NC - Non classée,C - Classée en ZRR,50371,N/A - hors champ,T - Intégralement,C - Classée en ZoRCoMiR,Le Neufbourg,C - Classée en ZRR,0,N/A - résultat non disponible,0,0,crte-28-50-2 - CRTE Mont-Saint-Michel-Normandie,N/A - hors champ,ti-2808 - Sud Manche,0,NB - Hors programme PVD,N/A - hors champ
NC - Non classée,C - Classée en ZRR,50372,FR8000021 - PNR des Marais du Cotentin et du Bessin,NC - Non éligible,C - Classée en ZoRCoMiR,Neufmesnil,C - Classée en ZRR,0,N/A - résultat non disponible,0,0,crte-28-50-4 - CRTE Côte Ouest Centre Manche,N/A - hors champ,N/A - hors champ,0,NB - Hors programme PVD,N/A - hors champ
NC - Non classée,C - Classée en ZRR,50373,FR8000021 - PNR des Marais du Cotentin et du Bessin,T - Intégralement,C - Classée en ZoRCoMiR,Neuville-au-Plain,C - Classée en ZRR,0,N/A - résultat non disponible,0,0,crte-28-50-7 - CRTE de la Baie du Cotentin,N/A - hors champ,ti-2806 - Nord Cotentin,0,NB - Hors programme PVD,N/A - hors champ
NC - Non classée,C - Classée en ZRR,50379,N/A - hors champ,NC - Non éligible,C - Classée en ZoRCoMiR,Notre-Dame-de-Livoye,C - Classée en ZRR,0,N/A - résultat non disponible,0,0,crte-28-50-2 - CRTE Mont-Saint-Michel-Normandie,N/A - hors champ,ti-2808 - Sud Manche,0,NB - Hors programme PVD,N/A - hors champ
NC - Non classée,C - Classée en ZRR,50391,N/A - hors champ,NC - Non éligible,NC - Non classée en ZoRCoMiR,Grandparigny,C - Classée en ZRR,0,N/A - résultat non disponible,0,0,crte-28-50-2 - CRTE Mont-Saint-Michel-Normandie,N/A - hors champ,ti-2808 - Sud Manche,0,NB - Hors programme PVD,N/A - hors champ
NC - Non classée,C - Classée en ZRR,50393,N/A - hors champ,NC - Non éligible,NC - Non classée en ZoRCoMiR,Percy-en-Normandie,C - Classée en ZRR,0,N/A - résultat non disponible,0,0,crte-28-50-8 - CRTE de Villedieu Intercom,N/A - hors champ,ti-2808 - Sud Manche,0,B - Ville bénéficiaire du programme Petites villes de demain (PVD),N/A - hors champ
NC - Non classée,C - Classée en ZRR,50394,FR8000021 - PNR des Marais du Cotentin et du Bessin,T - Intégralement,NC - Non classée en ZoRCoMiR,Périers,C - Classée en ZRR,0,N/A - résultat non disponible,0,0,crte-28-50-4 - CRTE Côte Ouest Centre Manche,N/A - hors champ,N/A - hors champ,0,B - Ville bénéficiaire du programme Petites villes de demain (PVD),N/A - hors champ
NC - Non classée,C - Classée en ZRR,50397,N/A - hors champ,NC - Non éligible,C - Classée en ZoRCoMiR,Perriers-en-Beauficel,C - Classée en ZRR,0,N/A - résultat non disponible,0,0,crte-28-50-2 - CRTE Mont-Saint-Michel-Normandie,N/A - hors champ,ti-2808 - Sud Manche,0,NB - Hors programme PVD,N/A - hors champ
NC - Non classée,C - Classée en ZRR,50399,N/A - hors champ,T - Intégralement,C - Classée en ZoRCoMiR,Le Petit-Celland,C - Classée en ZRR,0,N/A - résultat non disponible,0,0,crte-28-50-2 - CRTE Mont-Saint-Michel-Normandie,N/A - hors champ,ti-2808 - Sud Manche,0,NB - Hors programme PVD,N/A - hors champ
NC - Non classée,C - Classée en ZRR,50400,FR8000021 - PNR des Marais du Cotentin et du Bessin,P - Partiellement,NC - Non classée en ZoRCoMiR,Picauville,C - Classée en ZRR,0,N/A - résultat non disponible,0,0,crte-28-50-7 - CRTE de la Baie du Cotentin,N/A - hors champ,ti-2806 - Nord Cotentin,0,B - Ville bénéficiaire du programme Petites villes de demain (PVD),N/A - hors champ
NC - Non classée,C - Classée en ZRR,50405,FR8000021 - PNR des Marais du Cotentin et du Bessin,NC - Non éligible,C - Classée en ZoRCoMiR,Le Plessis-Lastelle,C - Classée en ZRR,0,N/A - résultat non disponible,0,0,crte-28-50-4 - CRTE Côte Ouest Centre Manche,N/A - hors champ,N/A - hors champ,0,NB - Hors programme PVD,N/A - hors champ
NC - Non classée,C - Classée en ZRR,50411,N/A - hors champ,NC - Non éligible,NC - Non classée en ZoRCoMiR,Ponts,C - Classée en ZRR,0,N/A - résultat non disponible,0,0,crte-28-50-2 - CRTE Mont-Saint-Michel-Normandie,N/A - hors champ,ti-2808 - Sud Manche,0,NB - Hors programme PVD,N/A - hors champ
NC - Non classée,C - Classée en ZRR,50413,N/A - hors champ,NC - Non éligible,C - Classée en ZoRCoMiR,Précey,C - Classée en ZRR,0,N/A - résultat non disponible,0,0,crte-28-50-2 - CRTE Mont-Saint-Michel-Normandie,N/A - hors champ,ti-2808 - Sud Manche,0,NB - Hors programme PVD,N/A - hors champ
NC - Non classée,C - Classée en ZRR,50422,FR8000021 - PNR des Marais du Cotentin et du Bessin,T - Intégralement,C - Classée en ZoRCoMiR,Raids,C - Classée en ZRR,0,N/A - résultat non disponible,0,0,crte-28-50-4 - CRTE Côte Ouest Centre Manche,N/A - hors champ,N/A - hors champ,0,NB - Hors programme PVD,N/A - hors champ
NC - Non classée,C - Classée en ZRR,50428,N/A - hors champ,NC - Non éligible,C - Classée en ZoRCoMiR,Reffuveille,C - Classée en ZRR,0,N/A - résultat non disponible,0,0,crte-28-50-2 - CRTE Mont-Saint-Michel-Normandie,N/A - hors champ,ti-2808 - Sud Manche,0,NB - Hors programme PVD,N/A - hors champ
NC - Non classée,C - Classée en ZRR,50436,N/A - hors champ,P - Partiellement,C - Classée en ZoRCoMiR,Romagny Fontenay,C - Classée en ZRR,0,N/A - résultat non disponible,0,0,crte-28-50-2 - CRTE Mont-Saint-Michel-Normandie,N/A - hors champ,ti-2808 - Sud Manche,0,NB - Hors programme PVD,N/A - hors champ
NC - Non classée,C - Classée en ZRR,50443,N/A - hors champ,NC - Non éligible,C - Classée en ZoRCoMiR,Sacey,C - Classée en ZRR,0,N/A - résultat non disponible,0,0,crte-28-50-2 - CRTE Mont-Saint-Michel-Normandie,N/A - hors champ,ti-2808 - Sud Manche,0,NB - Hors programme PVD,N/A - hors champ
NC - Non classée,C - Classée en ZRR,50445,FR8000021 - PNR des Marais du Cotentin et du Bessin,NC - Non éligible,C - Classée en ZoRCoMiR,Saint-André-de-Bohon,C - Classée en ZRR,0,N/A - résultat non disponible,0,0,crte-28-50-7 - CRTE de la Baie du Cotentin,N/A - hors champ,ti-2806 - Nord Cotentin,0,NB - Hors programme PVD,N/A - hors champ
NC - Non classée,C - Classée en ZRR,50448,N/A - hors champ,NC - Non éligible,C - Classée en ZoRCoMiR,Saint-Aubin-de-Terregatte,C - Classée en ZRR,0,N/A - résultat non disponible,0,0,crte-28-50-2 - CRTE Mont-Saint-Michel-Normandie,N/A - hors champ,ti-2808 - Sud Manche,0,NB - Hors programme PVD,N/A - hors champ
NC - Non classée,C - Classée en ZRR,50450,N/A - hors champ,NC - Non éligible,C - Classée en ZoRCoMiR,Saint-Barthélemy,C - Classée en ZRR,0,N/A - résultat non disponible,0,0,crte-28-50-2 - CRTE Mont-Saint-Michel-Normandie,N/A - hors champ,ti-2808 - Sud Manche,0,NB - Hors programme PVD,N/A - hors champ
NC - Non classée,C - Classée en ZRR,50451,N/A - hors champ,NC - Non éligible,NC - Non classée en ZoRCoMiR,Saint-Brice,C - Classée en ZRR,0,N/A - résultat non disponible,0,0,crte-28-50-2 - CRTE Mont-Saint-Michel-Normandie,N/A - hors champ,ti-2808 - Sud Manche,0,NB - Hors programme PVD,N/A - hors champ
NC - Non classée,C - Classée en ZRR,50452,N/A - hors champ,NC - Non éligible,C - Classée en ZoRCoMiR,Saint-Brice-de-Landelles,C - Classée en ZRR,0,N/A - résultat non disponible,0,0,crte-28-50-2 - CRTE Mont-Saint-Michel-Normandie,N/A - hors champ,ti-2808 - Sud Manche,0,NB - Hors programme PVD,N/A - hors champ
NC - Non classée,C - Classée en ZRR,50453,N/A - hors champ,T - Intégralement,NC - Non classée en ZoRCoMiR,Sainte-Cécile,C - Classée en ZRR,0,N/A - résultat non disponible,0,0,crte-28-50-8 - CRTE de Villedieu Intercom,N/A - hors champ,ti-2808 - Sud Manche,0,NB - Hors programme PVD,N/A - hors champ
NC - Non classée,C - Classée en ZRR,50456,N/A - hors champ,T - Intégralement,C - Classée en ZoRCoMiR,Saint-Clément-Rancoudray,C - Classée en ZRR,0,N/A - résultat non disponible,0,0,crte-28-50-2 - CRTE Mont-Saint-Michel-Normandie,N/A - hors champ,ti-2808 - Sud Manche,0,NB - Hors programme PVD,N/A - hors champ
NC - Non classée,C - Classée en ZRR,50462,FR8000026 - PNR Normandie-Maine,NC - Non éligible,C - Classée en ZoRCoMiR,Saint-Cyr-du-Bailleul,C - Classée en ZRR,0,N/A - résultat non disponible,0,0,crte-28-50-2 - CRTE Mont-Saint-Michel-Normandie,N/A - hors champ,ti-2808 - Sud Manche,0,NB - Hors programme PVD,N/A - hors champ
NC - Non classée,C - Classée en ZRR,50472,N/A - hors champ,NC - Non éligible,C - Classée en ZoRCoMiR,Saint-Georges-de-Livoye,C - Classée en ZRR,0,N/A - résultat non disponible,0,0,crte-28-50-2 - CRTE Mont-Saint-Michel-Normandie,N/A - hors champ,ti-2808 - Sud Manche,0,NB - Hors programme PVD,N/A - hors champ
NC - Non classée,C - Classée en ZRR,50474,FR8000026 - PNR Normandie-Maine,NC - Non éligible,C - Classée en ZoRCoMiR,Saint-Georges-de-Rouelley,C - Classée en ZRR,0,N/A - résultat non disponible,0,0,crte-28-50-2 - CRTE Mont-Saint-Michel-Normandie,N/A - hors champ,ti-2808 - Sud Manche,0,NB - Hors programme PVD,N/A - hors champ
NC - Non classée,C - Classée en ZRR,50482,FR8000021 - PNR des Marais du Cotentin et du Bessin,NC - Non éligible,C - Classée en ZoRCoMiR,Saint-Germain-sur-Sèves,C - Classée en ZRR,0,N/A - résultat non disponible,0,0,crte-28-50-4 - CRTE Côte Ouest Centre Manche,N/A - hors champ,N/A - hors champ,0,NB - Hors programme PVD,N/A - hors champ
NC - Non classée,C - Classée en ZRR,50484,N/A - hors champ,NC - Non éligible,NC - Non classée en ZoRCoMiR,Saint-Hilaire-du-Harcouët,C - Classée en ZRR,0,N/A - résultat non disponible,0,0,crte-28-50-2 - CRTE Mont-Saint-Michel-Normandie,N/A - hors champ,ti-2808 - Sud Manche,0,B - Ville bénéficiaire du programme Petites villes de demain (PVD),N/A - hors champ
NC - Non classée,C - Classée en ZRR,50487,N/A - hors champ,NC - Non éligible,NC - Non classée en ZoRCoMiR,Saint-James,C - Classée en ZRR,0,N/A - résultat non disponible,0,0,crte-28-50-2 - CRTE Mont-Saint-Michel-Normandie,N/A - hors champ,ti-2808 - Sud Manche,0,B - Ville bénéficiaire du programme Petites villes de demain (PVD),N/A - hors champ
NC - Non classée,C - Classée en ZRR,50489,N/A - hors champ,NC - Non éligible,NC - Non classée en ZoRCoMiR,Saint-Jean-de-la-Haize,C - Classée en ZRR,0,N/A - résultat non disponible,0,0,crte-28-50-2 - CRTE Mont-Saint-Michel-Normandie,N/A - hors champ,ti-2808 - Sud Manche,0,NB - Hors programme PVD,N/A - hors champ
NC - Non classée,C - Classée en ZRR,50495,N/A - hors champ,T - Intégralement,C - Classée en ZoRCoMiR,Saint-Jean-du-Corail-des-Bois,C - Classée en ZRR,0,N/A - résultat non disponible,0,0,crte-28-50-2 - CRTE Mont-Saint-Michel-Normandie,N/A - hors champ,ti-2808 - Sud Manche,0,NB - Hors programme PVD,N/A - hors champ
NC - Non classée,C - Classée en ZRR,50499,N/A - hors champ,NC - Non éligible,C - Classée en ZoRCoMiR,Saint-Laurent-de-Cuves,C - Classée en ZRR,0,N/A - résultat non disponible,0,0,crte-28-50-2 - CRTE Mont-Saint-Michel-Normandie,N/A - hors champ,ti-2808 - Sud Manche,0,NB - Hors programme PVD,N/A - hors champ
NC - Non classée,C - Classée en ZRR,50500,N/A - hors champ,NC - Non éligible,C - Classée en ZoRCoMiR,Saint-Laurent-de-Terregatte,C - Classée en ZRR,0,N/A - résultat non disponible,0,0,crte-28-50-2 - CRTE Mont-Saint-Michel-Normandie,N/A - hors champ,ti-2808 - Sud Manche,0,NB - Hors programme PVD,N/A - hors champ
NC - Non classée,C - Classée en ZRR,50505,N/A - hors champ,NC - Non éligible,NC - Non classée en ZoRCoMiR,Saint-Loup,C - Classée en ZRR,0,N/A - résultat non disponible,0,0,crte-28-50-2 - CRTE Mont-Saint-Michel-Normandie,N/A - hors champ,ti-2808 - Sud Manche,0,NB - Hors programme PVD,N/A - hors champ
NC - Non classée,C - Classée en ZRR,50510,FR8000021 - PNR des Marais du Cotentin et du Bessin,NC - Non éligible,C - Classée en ZoRCoMiR,Saint-Martin-d'Aubigny,C - Classée en ZRR,0,N/A - résultat non disponible,0,0,crte-28-50-4 - CRTE Côte Ouest Centre Manche,N/A - hors champ,N/A - hors champ,0,NB - Hors programme PVD,N/A - hors champ
NC - Non classée,C - Classée en ZRR,50514,N/A - hors champ,T - Intégralement,C - Classée en ZoRCoMiR,Chaulieu,C - Classée en ZRR,0,N/A - résultat non disponible,0,0,crte-28-50-2 - CRTE Mont-Saint-Michel-Normandie,N/A - hors champ,ti-2808 - Sud Manche,0,NB - Hors programme PVD,N/A - hors champ
NC - Non classée,C - Classée en ZRR,50518,N/A - hors champ,NC - Non éligible,C - Classée en ZoRCoMiR,Saint-Martin-le-Bouillant,C - Classée en ZRR,0,N/A - résultat non disponible,0,0,crte-28-50-8 - CRTE de Villedieu Intercom,N/A - hors champ,ti-2808 - Sud Manche,0,NB - Hors programme PVD,N/A - hors champ
NC - Non classée,C - Classée en ZRR,50521,N/A - hors champ,NC - Non éligible,C - Classée en ZoRCoMiR,Saint-Maur-des-Bois,C - Classée en ZRR,0,N/A - résultat non disponible,0,0,crte-28-50-8 - CRTE de Villedieu Intercom,N/A - hors champ,ti-2808 - Sud Manche,0,NB - Hors programme PVD,N/A - hors champ
NC - Non classée,C - Classée en ZRR,50525,N/A - hors champ,NC - Non éligible,C - Classée en ZoRCoMiR,Saint-Michel-de-Montjoie,C - Classée en ZRR,0,N/A - résultat non disponible,0,0,crte-28-50-2 - CRTE Mont-Saint-Michel-Normandie,N/A - hors champ,ti-2808 - Sud Manche,0,NB - Hors programme PVD,N/A - hors champ
NC - Non classée,C - Classée en ZRR,50528,FR8000021 - PNR des Marais du Cotentin et du Bessin,NC - Non éligible,C - Classée en ZoRCoMiR,Saint-Nicolas-de-Pierrepont,C - Classée en ZRR,0,N/A - résultat non disponible,0,0,crte-28-50-4 - CRTE Côte Ouest Centre Manche,N/A - hors champ,N/A - hors champ,0,NB - Hors programme PVD,N/A - hors champ
NC - Non classée,C - Classée en ZRR,50529,N/A - hors champ,NC - Non éligible,C - Classée en ZoRCoMiR,Saint-Nicolas-des-Bois,C - Classée en ZRR,0,N/A - résultat non disponible,0,0,crte-28-50-2 - CRTE Mont-Saint-Michel-Normandie,N/A - hors champ,ti-2808 - Sud Manche,0,NB - Hors programme PVD,N/A - hors champ
NC - Non classée,C - Classée en ZRR,50531,N/A - hors champ,NC - Non éligible,NC - Non classée en ZoRCoMiR,Saint-Ovin,C - Classée en ZRR,0,N/A - résultat non disponible,0,0,crte-28-50-2 - CRTE Mont-Saint-Michel-Normandie,N/A - hors champ,ti-2808 - Sud Manche,0,NB - Hors programme PVD,N/A - hors champ
NC - Non classée,C - Classée en ZRR,50533,FR8000021 - PNR des Marais du Cotentin et du Bessin,NC - Non éligible,C - Classée en ZoRCoMiR,Saint-Patrice-de-Claids,C - Classée en ZRR,0,N/A - résultat non disponible,0,0,crte-28-50-4 - CRTE Côte Ouest Centre Manche,N/A - hors champ,N/A - hors champ,0,NB - Hors programme PVD,N/A - hors champ
NC - Non classée,C - Classée en ZRR,50535,N/A - hors champ,NC - Non éligible,NC - Non classée en ZoRCoMiR,Le Parc,C - Classée en ZRR,0,N/A - résultat non disponible,0,0,crte-28-50-2 - CRTE Mont-Saint-Michel-Normandie,N/A - hors champ,ti-2808 - Sud Manche,0,NB - Hors programme PVD,N/A - hors champ
NC - Non classée,C - Classée en ZRR,50542,N/A - hors champ,NC - Non éligible,C - Classée en ZoRCoMiR,Saint-Pois,C - Classée en ZRR,0,N/A - résultat non disponible,0,0,crte-28-50-8 - CRTE de Villedieu Intercom,N/A - hors champ,ti-2808 - Sud Manche,0,NB - Hors programme PVD,N/A - hors champ
NC - Non classée,C - Classée en ZRR,50548,FR8000021 - PNR des Marais du Cotentin et du Bessin,NC - Non éligible,C - Classée en ZoRCoMiR,Saint-Sauveur-de-Pierrepont,C - Classée en ZRR,0,N/A - résultat non disponible,0,0,crte-28-50-4 - CRTE Côte Ouest Centre Manche,N/A - hors champ,N/A - hors champ,0,NB - Hors programme PVD,N/A - hors champ
NC - Non classée,C - Classée en ZRR,50552,FR8000021 - PNR des Marais du Cotentin et du Bessin,T - Intégralement,C - Classée en ZoRCoMiR,Saint-Sébastien-de-Raids,C - Classée en ZRR,0,N/A - résultat non disponible,0,0,crte-28-50-4 - CRTE Côte Ouest Centre Manche,N/A - hors champ,N/A - hors champ,0,NB - Hors programme PVD,N/A - hors champ
NC - Non classée,C - Classée en ZRR,50553,N/A - hors champ,NC - Non éligible,C - Classée en ZoRCoMiR,Saint-Senier-de-Beuvron,C - Classée en ZRR,0,N/A - résultat non disponible,0,0,crte-28-50-2 - CRTE Mont-Saint-Michel-Normandie,N/A - hors champ,ti-2808 - Sud Manche,0,NB - Hors programme PVD,N/A - hors champ
NC - Non classée,C - Classée en ZRR,50554,N/A - hors champ,NC - Non éligible,NC - Non classée en ZoRCoMiR,Saint-Senier-sous-Avranches,C - Classée en ZRR,0,N/A - résultat non disponible,0,0,crte-28-50-2 - CRTE Mont-Saint-Michel-Normandie,N/A - hors champ,ti-2808 - Sud Manche,0,NB - Hors programme PVD,N/A - hors champ
NC - Non classée,C - Classée en ZRR,50564,FR8000021 - PNR des Marais du Cotentin et du Bessin,P - Partiellement,NC - Non classée en ZoRCoMiR,Terre-et-Marais,C - Classée en ZRR,0,N/A - résultat non disponible,0,0,crte-28-50-7 - CRTE de la Baie du Cotentin,N/A - hors champ,ti-2806 - Nord Cotentin,0,NB - Hors programme PVD,N/A - hors champ
NC - Non classée,C - Classée en ZRR,50565,N/A - hors champ,NC - Non éligible,NC - Non classée en ZoRCoMiR,Sartilly-Baie-Bocage,C - Classée en ZRR,0,N/A - résultat non disponible,0,0,crte-28-50-2 - CRTE Mont-Saint-Michel-Normandie,N/A - hors champ,ti-2808 - Sud Manche,0,B - Ville bénéficiaire du programme Petites villes de demain (PVD),N/A - hors champ
NC - Non classée,C - Classée en ZRR,50570,N/A - hors champ,NC - Non éligible,C - Classée en ZoRCoMiR,Savigny-le-Vieux,C - Classée en ZRR,0,N/A - résultat non disponible,0,0,crte-28-50-2 - CRTE Mont-Saint-Michel-Normandie,N/A - hors champ,ti-2808 - Sud Manche,0,NB - Hors programme PVD,N/A - hors champ
NC - Non classée,C - Classée en ZRR,50571,FR8000021 - PNR des Marais du Cotentin et du Bessin,NC - Non éligible,C - Classée en ZoRCoMiR,Sébeville,C - Classée en ZRR,0,N/A - résultat non disponible,0,0,crte-28-50-7 - CRTE de la Baie du Cotentin,N/A - hors champ,ti-2806 - Nord Cotentin,0,NB - Hors programme PVD,N/A - hors champ
NC - Non classée,C - Classée en ZRR,50574,N/A - hors champ,NC - Non éligible,C - Classée en ZoRCoMiR,Servon,C - Classée en ZRR,0,N/A - résultat non disponible,0,0,crte-28-50-2 - CRTE Mont-Saint-Michel-Normandie,N/A - hors champ,ti-2808 - Sud Manche,0,NB - Hors programme PVD,N/A - hors champ
NC - Non classée,C - Classée en ZRR,50582,N/A - hors champ,P - Partiellement,NC - Non classée en ZoRCoMiR,Sourdeval,C - Classée en ZRR,0,N/A - résultat non disponible,0,0,crte-28-50-2 - CRTE Mont-Saint-Michel-Normandie,N/A - hors champ,ti-2808 - Sud Manche,0,B - Ville bénéficiaire du programme Petites villes de demain (PVD),N/A - hors champ
NC - Non classée,C - Classée en ZRR,50584,N/A - hors champ,NC - Non éligible,C - Classée en ZoRCoMiR,Subligny,C - Classée en ZRR,0,N/A - résultat non disponible,0,0,crte-28-50-2 - CRTE Mont-Saint-Michel-Normandie,N/A - hors champ,ti-2808 - Sud Manche,0,NB - Hors programme PVD,N/A - hors champ
NC - Non classée,C - Classée en ZRR,50589,N/A - hors champ,NC - Non éligible,C - Classée en ZoRCoMiR,Tanis,C - Classée en ZRR,0,N/A - résultat non disponible,0,0,crte-28-50-2 - CRTE Mont-Saint-Michel-Normandie,N/A - hors champ,ti-2808 - Sud Manche,0,NB - Hors programme PVD,N/A - hors champ
NC - Non classée,C - Classée en ZRR,50590,N/A - hors champ,NC - Non éligible,C - Classée en ZoRCoMiR,Le Tanu,C - Classée en ZRR,0,N/A - résultat non disponible,0,0,crte-28-50-8 - CRTE de Villedieu Intercom,N/A - hors champ,ti-2808 - Sud Manche,0,NB - Hors programme PVD,N/A - hors champ
NC - Non classée,C - Classée en ZRR,50591,N/A - hors champ,P - Partiellement,NC - Non classée en ZoRCoMiR,Le Teilleul,C - Classée en ZRR,0,N/A - résultat non disponible,0,0,crte-28-50-2 - CRTE Mont-Saint-Michel-Normandie,N/A - hors champ,ti-2808 - Sud Manche,0,B - Ville bénéficiaire du programme Petites villes de demain (PVD),N/A - hors champ
NC - Non classée,C - Classée en ZRR,50597,N/A - hors champ,P - Partiellement,C - Classée en ZoRCoMiR,Tirepied-sur-Sée,C - Classée en ZRR,0,N/A - résultat non disponible,0,0,crte-28-50-2 - CRTE Mont-Saint-Michel-Normandie,N/A - hors champ,ti-2808 - Sud Manche,0,NB - Hors programme PVD,N/A - hors champ
NC - Non classée,C - Classée en ZRR,50606,FR8000021 - PNR des Marais du Cotentin et du Bessin,NC - Non éligible,C - Classée en ZoRCoMiR,Tribehou,C - Classée en ZRR,0,N/A - résultat non disponible,0,0,crte-28-50-7 - CRTE de la Baie du Cotentin,N/A - hors champ,ti-2806 - Nord Cotentin,0,NB - Hors programme PVD,N/A - hors champ
NC - Non classée,C - Classée en ZRR,50607,N/A - hors champ,NC - Non éligible,C - Classée en ZoRCoMiR,La Trinité,C - Classée en ZRR,0,N/A - résultat non disponible,0,0,crte-28-50-8 - CRTE de Villedieu Intercom,N/A - hors champ,ti-2808 - Sud Manche,0,NB - Hors programme PVD,N/A - hors champ
NC - Non classée,C - Classée en ZRR,50609,FR8000021 - PNR des Marais du Cotentin et du Bessin,NC - Non éligible,C - Classée en ZoRCoMiR,Turqueville,C - Classée en ZRR,0,N/A - résultat non disponible,0,0,crte-28-50-7 - CRTE de la Baie du Cotentin,N/A - hors champ,ti-2806 - Nord Cotentin,0,NB - Hors programme PVD,N/A - hors champ
NC - Non classée,C - Classée en ZRR,50617,FR8000021 - PNR des Marais du Cotentin et du Bessin,NC - Non éligible,C - Classée en ZoRCoMiR,Varenguebec,C - Classée en ZRR,0,N/A - résultat non disponible,0,0,crte-28-50-4 - CRTE Côte Ouest Centre Manche,N/A - hors champ,N/A - hors champ,0,NB - Hors programme PVD,N/A - hors champ
NC - Non classée,C - Classée en ZRR,50628,N/A - hors champ,T - Intégralement,C - Classée en ZoRCoMiR,Vernix,C - Classée en ZRR,0,N/A - résultat non disponible,0,0,crte-28-50-2 - CRTE Mont-Saint-Michel-Normandie,N/A - hors champ,ti-2808 - Sud Manche,0,NB - Hors programme PVD,N/A - hors champ
NC - Non classée,C - Classée en ZRR,50629,FR8000021 - PNR des Marais du Cotentin et du Bessin,NC - Non éligible,C - Classée en ZoRCoMiR,Vesly,C - Classée en ZRR,0,N/A - résultat non disponible,0,0,crte-28-50-4 - CRTE Côte Ouest Centre Manche,N/A - hors champ,N/A - hors champ,0,NB - Hors programme PVD,N/A - hors champ
NC - Non classée,C - Classée en ZRR,50637,N/A - hors champ,NC - Non éligible,NC - Non classée en ZoRCoMiR,Villebaudon,C - Classée en ZRR,0,N/A - résultat non disponible,0,0,crte-28-50-8 - CRTE de Villedieu Intercom,N/A - hors champ,ti-2808 - Sud Manche,0,NB - Hors programme PVD,N/A - hors champ
NC - Non classée,C - Classée en ZRR,50639,N/A - hors champ,NC - Non éligible,NC - Non classée en ZoRCoMiR,Villedieu-les-Poêles-Rouffigny,C - Classée en ZRR,0,N/A - résultat non disponible,0,0,crte-28-50-8 - CRTE de Villedieu Intercom,N/A - hors champ,ti-2808 - Sud Manche,0,B - Ville bénéficiaire du programme Petites villes de demain (PVD),N/A - hors champ
NC - Non classée,NC - Non classée,50002,N/A - hors champ,NC - Non éligible,NC - Non classée en ZoRCoMiR,Agneaux,NC - Non classée,0,N/A - résultat non disponible,0,0,crte-28-50-3 - CRTE Saint-Lô Agglo,N/A - hors champ,N/A - hors champ,0,NB - Hors programme PVD,N/A - hors champ
NC - Non classée,NC - Non classée,50004,FR8000021 - PNR des Marais du Cotentin et du Bessin,NC - Non éligible,NC - Non classée en ZoRCoMiR,Airel,NC - Non classée,0,N/A - résultat non disponible,0,0,crte-28-50-3 - CRTE Saint-Lô Agglo,N/A - hors champ,N/A - hors champ,0,NB - Hors programme PVD,N/A - hors champ
NC - Non classée,NC - Non classée,50006,FR8000021 - PNR des Marais du Cotentin et du Bessin,NC - Non éligible,NC - Non classée en ZoRCoMiR,Amigny,NC - Non classée,0,N/A - résultat non disponible,0,0,crte-28-50-3 - CRTE Saint-Lô Agglo,N/A - hors champ,N/A - hors champ,0,NB - Hors programme PVD,N/A - hors champ
NC - Non classée,NC - Non classée,50008,N/A - hors champ,NC - Non éligible,NC - Non classée en ZoRCoMiR,Anctoville-sur-Boscq,NC - Non classée,0,N/A - résultat non disponible,0,0,"crte-28-50-6 - CRTE de Granville, Terre et Mer",N/A - hors champ,N/A - hors champ,0,NB - Hors programme PVD,N/A - hors champ
NC - Non classée,NC - Non classée,50013,N/A - hors champ,NC - Non éligible,C - Classée en ZoRCoMiR,Anneville-en-Saire,NC - Non classée,0,N/A - résultat non disponible,0,0,crte-28-50-1 - CRTE du Cotentin,N/A - hors champ,ti-2806 - Nord Cotentin,0,NB - Hors programme PVD,N/A - hors champ
NC - Non classée,NC - Non classée,50026,N/A - hors champ,NC - Non éligible,C - Classée en ZoRCoMiR,Azeville,NC - Non classée,0,N/A - résultat non disponible,0,0,crte-28-50-1 - CRTE du Cotentin,N/A - hors champ,ti-2806 - Nord Cotentin,0,NB - Hors programme PVD,N/A - hors champ
NC - Non classée,NC - Non classée,50028,N/A - hors champ,NC - Non éligible,C - Classée en ZoRCoMiR,La Baleine,NC - Non classée,0,N/A - résultat non disponible,0,0,crte-28-50-5 - CRTE Coutances Mer et Bocage,N/A - hors champ,N/A - hors champ,0,NB - Hors programme PVD,N/A - hors champ
NC - Non classée,NC - Non classée,50032,N/A - hors champ,T - Intégralement,NC - Non classée en ZoRCoMiR,La Barre-de-Semilly,NC - Non classée,0,N/A - résultat non disponible,0,0,crte-28-50-3 - CRTE Saint-Lô Agglo,N/A - hors champ,N/A - hors champ,0,NB - Hors programme PVD,N/A - hors champ
NC - Non classée,NC - Non classée,50034,N/A - hors champ,T - Intégralement,NC - Non classée en ZoRCoMiR,Baudre,NC - Non classée,0,N/A - résultat non disponible,0,0,crte-28-50-3 - CRTE Saint-Lô Agglo,N/A - hors champ,N/A - hors champ,0,NB - Hors programme PVD,N/A - hors champ
NC - Non classée,NC - Non classée,50038,N/A - hors champ,NC - Non éligible,C - Classée en ZoRCoMiR,Beauchamps,NC - Non classée,0,N/A - résultat non disponible,0,0,"crte-28-50-6 - CRTE de Granville, Terre et Mer",N/A - hors champ,N/A - hors champ,0,NB - Hors programme PVD,N/A - hors champ
NC - Non classée,NC - Non classée,50039,N/A - hors champ,NC - Non éligible,C - Classée en ZoRCoMiR,Beaucoudray,NC - Non classée,0,N/A - résultat non disponible,0,0,crte-28-50-3 - CRTE Saint-Lô Agglo,N/A - hors champ,N/A - hors champ,0,NB - Hors programme PVD,N/A - hors champ
NC - Non classée,NC - Non classée,50044,N/A - hors champ,NC - Non éligible,C - Classée en ZoRCoMiR,Belval,NC - Non classée,0,N/A - résultat non disponible,0,0,crte-28-50-5 - CRTE Coutances Mer et Bocage,N/A - hors champ,N/A - hors champ,0,NB - Hors programme PVD,N/A - hors champ
NC - Non classée,NC - Non classée,50045,N/A - hors champ,NC - Non éligible,C - Classée en ZoRCoMiR,Benoîtville,NC - Non classée,0,N/A - résultat non disponible,0,0,crte-28-50-1 - CRTE du Cotentin,N/A - hors champ,ti-2806 - Nord Cotentin,0,NB - Hors programme PVD,N/A - hors champ
NC - Non classée,NC - Non classée,50046,N/A - hors champ,NC - Non éligible,NC - Non classée en ZoRCoMiR,Bérigny,NC - Non classée,0,N/A - résultat non disponible,0,0,crte-28-50-3 - CRTE Saint-Lô Agglo,N/A - hors champ,N/A - hors champ,0,NB - Hors programme PVD,N/A - hors champ
NC - Non classée,NC - Non classée,50049,N/A - hors champ,NC - Non éligible,C - Classée en ZoRCoMiR,Besneville,NC - Non classée,0,N/A - résultat non disponible,0,0,crte-28-50-1 - CRTE du Cotentin,N/A - hors champ,ti-2806 - Nord Cotentin,0,NB - Hors programme PVD,N/A - hors champ
NC - Non classée,NC - Non classée,50050,N/A - hors champ,NC - Non éligible,C - Classée en ZoRCoMiR,Beuvrigny,NC - Non classée,0,N/A - résultat non disponible,0,0,crte-28-50-3 - CRTE Saint-Lô Agglo,N/A - hors champ,N/A - hors champ,0,NB - Hors programme PVD,N/A - hors champ
NC - Non classée,NC - Non classée,50054,N/A - hors champ,NC - Non éligible,C - Classée en ZoRCoMiR,Biéville,NC - Non classée,0,N/A - résultat non disponible,0,0,crte-28-50-3 - CRTE Saint-Lô Agglo,N/A - hors champ,N/A - hors champ,0,NB - Hors programme PVD,N/A - hors champ
NC - Non classée,NC - Non classée,50055,N/A - hors champ,NC - Non éligible,C - Classée en ZoRCoMiR,Biniville,NC - Non classée,0,N/A - résultat non disponible,0,0,crte-28-50-1 - CRTE du Cotentin,N/A - hors champ,ti-2806 - Nord Cotentin,0,NB - Hors programme PVD,N/A - hors champ
NC - Non classée,NC - Non classée,50064,FR8000021 - PNR des Marais du Cotentin et du Bessin,NC - Non éligible,C - Classée en ZoRCoMiR,La Bonneville,NC - Non classée,0,N/A - résultat non disponible,0,0,crte-28-50-1 - CRTE du Cotentin,N/A - hors champ,ti-2806 - Nord Cotentin,0,NB - Hors programme PVD,N/A - hors champ
NC - Non classée,NC - Non classée,50072,N/A - hors champ,NC - Non éligible,C - Classée en ZoRCoMiR,Brainville,NC - Non classée,0,N/A - résultat non disponible,0,0,crte-28-50-5 - CRTE Coutances Mer et Bocage,N/A - hors champ,N/A - hors champ,0,NB - Hors programme PVD,N/A - hors champ
NC - Non classée,NC - Non classée,50079,N/A - hors champ,NC - Non éligible,NC - Non classée en ZoRCoMiR,Breuville,NC - Non classée,0,N/A - résultat non disponible,0,0,crte-28-50-1 - CRTE du Cotentin,N/A - hors champ,ti-2806 - Nord Cotentin,0,NB - Hors programme PVD,N/A - hors champ
NC - Non classée,NC - Non classée,50082,N/A - hors champ,NC - Non éligible,NC - Non classée en ZoRCoMiR,Bricquebec-en-Cotentin,NC - Non classée,0,N/A - résultat non disponible,0,0,crte-28-50-1 - CRTE du Cotentin,N/A - hors champ,ti-2806 - Nord Cotentin,0,B - Ville bénéficiaire du programme Petites villes de demain (PVD),N/A - hors champ
NC - Non classée,NC - Non classée,50083,N/A - hors champ,NC - Non éligible,NC - Non classée en ZoRCoMiR,Bricquebosq,NC - Non classée,0,N/A - résultat non disponible,0,0,crte-28-50-1 - CRTE du Cotentin,N/A - hors champ,ti-2806 - Nord Cotentin,0,NB - Hors programme PVD,N/A - hors champ
NC - Non classée,NC - Non classée,50084,N/A - hors champ,NC - Non éligible,C - Classée en ZoRCoMiR,Bricqueville-la-Blouette,NC - Non classée,0,N/A - résultat non disponible,0,0,crte-28-50-5 - CRTE Coutances Mer et Bocage,N/A - hors champ,N/A - hors champ,0,NB - Hors programme PVD,N/A - hors champ
NC - Non classée,NC - Non classée,50086,N/A - hors champ,NC - Non éligible,NC - Non classée en ZoRCoMiR,Brillevast,NC - Non classée,0,N/A - résultat non disponible,0,0,crte-28-50-1 - CRTE du Cotentin,N/A - hors champ,ti-2806 - Nord Cotentin,0,NB - Hors programme PVD,N/A - hors champ
NC - Non classée,NC - Non classée,50087,N/A - hors champ,T - Intégralement,NC - Non classée en ZoRCoMiR,Brix,NC - Non classée,0,N/A - résultat non disponible,0,0,crte-28-50-1 - CRTE du Cotentin,N/A - hors champ,ti-2806 - Nord Cotentin,0,NB - Hors programme PVD,N/A - hors champ
NC - Non classée,NC - Non classée,50092,N/A - hors champ,NC - Non éligible,C - Classée en ZoRCoMiR,Cambernon,NC - Non classée,0,N/A - résultat non disponible,0,0,crte-28-50-5 - CRTE Coutances Mer et Bocage,N/A - hors champ,N/A - hors champ,0,NB - Hors programme PVD,N/A - hors champ
NC - Non classée,NC - Non classée,50093,N/A - hors champ,NC - Non éligible,C - Classée en ZoRCoMiR,Cametours,NC - Non classée,0,N/A - résultat non disponible,0,0,crte-28-50-5 - CRTE Coutances Mer et Bocage,N/A - hors champ,N/A - hors champ,0,NB - Hors programme PVD,N/A - hors champ
NC - Non classée,NC - Non classée,50094,N/A - hors champ,NC - Non éligible,NC - Non classée en ZoRCoMiR,Camprond,NC - Non classée,0,N/A - résultat non disponible,0,0,crte-28-50-5 - CRTE Coutances Mer et Bocage,N/A - hors champ,N/A - hors champ,0,NB - Hors programme PVD,N/A - hors champ
NC - Non classée,NC - Non classée,50095,N/A - hors champ,NC - Non éligible,NC - Non classée en ZoRCoMiR,Canisy,NC - Non classée,0,N/A - résultat non disponible,0,0,crte-28-50-3 - CRTE Saint-Lô Agglo,N/A - hors champ,N/A - hors champ,0,NB - Hors programme PVD,N/A - hors champ
NC - Non classée,NC - Non classée,50096,N/A - hors champ,NC - Non éligible,NC - Non classée en ZoRCoMiR,Canteloup,NC - Non classée,0,N/A - résultat non disponible,0,0,crte-28-50-1 - CRTE du Cotentin,N/A - hors champ,ti-2806 - Nord Cotentin,0,NB - Hors programme PVD,N/A - hors champ
NC - Non classée,NC - Non classée,50097,FR8000021 - PNR des Marais du Cotentin et du Bessin,NC - Non éligible,C - Classée en ZoRCoMiR,Canville-la-Rocque,NC - Non classée,0,N/A - résultat non disponible,0,0,crte-28-50-1 - CRTE du Cotentin,N/A - hors champ,ti-2806 - Nord Cotentin,0,NB - Hors programme PVD,N/A - hors champ
NC - Non classée,NC - Non classée,50098,N/A - hors champ,NC - Non éligible,NC - Non classée en ZoRCoMiR,Carantilly,NC - Non classée,0,N/A - résultat non disponible,0,0,crte-28-50-3 - CRTE Saint-Lô Agglo,N/A - hors champ,N/A - hors champ,0,NB - Hors programme PVD,N/A - hors champ
NC - Non classée,NC - Non classée,50101,N/A - hors champ,NC - Non éligible,NC - Non classée en ZoRCoMiR,Carneville,NC - Non classée,0,N/A - résultat non disponible,0,0,crte-28-50-1 - CRTE du Cotentin,N/A - hors champ,ti-2806 - Nord Cotentin,0,NB - Hors programme PVD,N/A - hors champ
NC - Non classée,NC - Non classée,50105,FR8000021 - PNR des Marais du Cotentin et du Bessin,NC - Non éligible,C - Classée en ZoRCoMiR,Catteville,NC - Non classée,0,N/A - résultat non disponible,0,0,crte-28-50-1 - CRTE du Cotentin,N/A - hors champ,ti-2806 - Nord Cotentin,0,NB - Hors programme PVD,N/A - hors champ
NC - Non classée,NC - Non classée,50106,FR8000021 - PNR des Marais du Cotentin et du Bessin,NC - Non éligible,NC - Non classée en ZoRCoMiR,Cavigny,NC - Non classée,0,N/A - résultat non disponible,0,0,crte-28-50-3 - CRTE Saint-Lô Agglo,N/A - hors champ,N/A - hors champ,0,NB - Hors programme PVD,N/A - hors champ
NC - Non classée,NC - Non classée,50109,N/A - hors champ,NC - Non éligible,NC - Non classée en ZoRCoMiR,Cérences,NC - Non classée,0,N/A - résultat non disponible,0,0,"crte-28-50-6 - CRTE de Granville, Terre et Mer",N/A - hors champ,N/A - hors champ,0,NB - Hors programme PVD,N/A - hors champ
NC - Non classée,NC - Non classée,50110,N/A - hors champ,NC - Non éligible,NC - Non classée en ZoRCoMiR,Cerisy-la-Forêt,NC - Non classée,0,N/A - résultat non disponible,0,0,crte-28-50-3 - CRTE Saint-Lô Agglo,N/A - hors champ,N/A - hors champ,0,NB - Hors programme PVD,N/A - hors champ
NC - Non classée,NC - Non classée,50111,N/A - hors champ,NC - Non éligible,NC - Non classée en ZoRCoMiR,Cerisy-la-Salle,NC - Non classée,0,N/A - résultat non disponible,0,0,crte-28-50-5 - CRTE Coutances Mer et Bocage,N/A - hors champ,N/A - hors champ,0,NB - Hors programme PVD,N/A - hors champ
NC - Non classée,NC - Non classée,50120,N/A - hors champ,NC - Non éligible,C - Classée en ZoRCoMiR,Chanteloup,NC - Non classée,0,N/A - résultat non disponible,0,0,"crte-28-50-6 - CRTE de Granville, Terre et Mer",N/A - hors champ,N/A - hors champ,0,NB - Hors programme PVD,N/A - hors champ
NC - Non classée,NC - Non classée,50135,N/A - hors champ,NC - Non éligible,NC - Non classée en ZoRCoMiR,Clitourps,NC - Non classée,0,N/A - résultat non disponible,0,0,crte-28-50-1 - CRTE du Cotentin,N/A - hors champ,ti-2806 - Nord Cotentin,0,NB - Hors programme PVD,N/A - hors champ
NC - Non classée,NC - Non classée,50138,N/A - hors champ,NC - Non éligible,C - Classée en ZoRCoMiR,Colomby,NC - Non classée,0,N/A - résultat non disponible,0,0,crte-28-50-1 - CRTE du Cotentin,N/A - hors champ,ti-2806 - Nord Cotentin,0,NB - Hors programme PVD,N/A - hors champ
NC - Non classée,NC - Non classée,50139,N/A - hors champ,P - Partiellement,NC - Non classée en ZoRCoMiR,Condé-sur-Vire,NC - Non classée,0,N/A - résultat non disponible,0,0,crte-28-50-3 - CRTE Saint-Lô Agglo,N/A - hors champ,N/A - hors champ,0,B - Ville bénéficiaire du programme Petites villes de demain (PVD),N/A - hors champ
NC - Non classée,NC - Non classée,50145,N/A - hors champ,NC - Non éligible,C - Classée en ZoRCoMiR,Courcy,NC - Non classée,0,N/A - résultat non disponible,0,0,crte-28-50-5 - CRTE Coutances Mer et Bocage,N/A - hors champ,N/A - hors champ,0,NB - Hors programme PVD,N/A - hors champ
NC - Non classée,NC - Non classée,50147,N/A - hors champ,NC - Non éligible,NC - Non classée en ZoRCoMiR,Coutances,NC - Non classée,0,1,0,15.6,crte-28-50-5 - CRTE Coutances Mer et Bocage,N/A - hors champ,N/A - hors champ,1318,B - Ville bénéficiaire du programme Petites villes de demain (PVD),N/A - hors champ
NC - Non classée,NC - Non classée,50148,N/A - hors champ,NC - Non éligible,NC - Non classée en ZoRCoMiR,Couvains,NC - Non classée,0,N/A - résultat non disponible,0,0,crte-28-50-3 - CRTE Saint-Lô Agglo,N/A - hors champ,N/A - hors champ,0,NB - Hors programme PVD,N/A - hors champ
NC - Non classée,NC - Non classée,50149,N/A - hors champ,NC - Non éligible,NC - Non classée en ZoRCoMiR,Couville,NC - Non classée,0,N/A - résultat non disponible,0,0,crte-28-50-1 - CRTE du Cotentin,N/A - hors champ,ti-2806 - Nord Cotentin,0,NB - Hors programme PVD,N/A - hors champ
NC - Non classée,NC - Non classée,50156,FR8000021 - PNR des Marais du Cotentin et du Bessin,NC - Non éligible,C - Classée en ZoRCoMiR,Crosville-sur-Douve,NC - Non classée,0,N/A - résultat non disponible,0,0,crte-28-50-1 - CRTE du Cotentin,N/A - hors champ,ti-2806 - Nord Cotentin,0,NB - Hors programme PVD,N/A - hors champ
NC - Non classée,NC - Non classée,50159,N/A - hors champ,NC - Non éligible,NC - Non classée en ZoRCoMiR,Dangy,NC - Non classée,0,N/A - résultat non disponible,0,0,crte-28-50-3 - CRTE Saint-Lô Agglo,N/A - hors champ,N/A - hors champ,0,NB - Hors programme PVD,N/A - hors champ
NC - Non classée,NC - Non classée,50161,FR8000021 - PNR des Marais du Cotentin et du Bessin,T - Intégralement,C - Classée en ZoRCoMiR,Le Dézert,NC - Non classée,0,N/A - résultat non disponible,0,0,crte-28-50-3 - CRTE Saint-Lô Agglo,N/A - hors champ,N/A - hors champ,0,NB - Hors programme PVD,N/A - hors champ
NC - Non classée,NC - Non classée,50164,N/A - hors champ,T - Intégralement,C - Classée en ZoRCoMiR,Domjean,NC - Non classée,0,N/A - résultat non disponible,0,0,crte-28-50-3 - CRTE Saint-Lô Agglo,N/A - hors champ,N/A - hors champ,0,NB - Hors programme PVD,N/A - hors champ
NC - Non classée,NC - Non classée,50169,FR8000021 - PNR des Marais du Cotentin et du Bessin,NC - Non éligible,C - Classée en ZoRCoMiR,Écausseville,NC - Non classée,0,N/A - résultat non disponible,0,0,crte-28-50-1 - CRTE du Cotentin,N/A - hors champ,ti-2806 - Nord Cotentin,0,NB - Hors programme PVD,N/A - hors champ
NC - Non classée,NC - Non classée,50172,N/A - hors champ,NC - Non éligible,C - Classée en ZoRCoMiR,Émondeville,NC - Non classée,0,N/A - résultat non disponible,0,0,crte-28-50-1 - CRTE du Cotentin,N/A - hors champ,ti-2806 - Nord Cotentin,0,NB - Hors programme PVD,N/A - hors champ
NC - Non classée,NC - Non classée,50174,N/A - hors champ,NC - Non éligible,C - Classée en ZoRCoMiR,Équilly,NC - Non classée,0,N/A - résultat non disponible,0,0,"crte-28-50-6 - CRTE de Granville, Terre et Mer",N/A - hors champ,N/A - hors champ,0,NB - Hors programme PVD,N/A - hors champ
NC - Non classée,NC - Non classée,50175,N/A - hors champ,NC - Non éligible,C - Classée en ZoRCoMiR,Éroudeville,NC - Non classée,0,N/A - résultat non disponible,0,0,crte-28-50-1 - CRTE du Cotentin,N/A - hors champ,ti-2806 - Nord Cotentin,0,NB - Hors programme PVD,N/A - hors champ
NC - Non classée,NC - Non classée,50176,N/A - hors champ,NC - Non éligible,C - Classée en ZoRCoMiR,L'Étang-Bertrand,NC - Non classée,0,N/A - résultat non disponible,0,0,crte-28-50-1 - CRTE du Cotentin,N/A - hors champ,ti-2806 - Nord Cotentin,0,NB - Hors programme PVD,N/A - hors champ
NC - Non classée,NC - Non classée,50183,N/A - hors champ,NC - Non éligible,C - Classée en ZoRCoMiR,Fierville-les-Mines,NC - Non classée,0,N/A - résultat non disponible,0,0,crte-28-50-1 - CRTE du Cotentin,N/A - hors champ,ti-2806 - Nord Cotentin,0,NB - Hors programme PVD,N/A - hors champ
NC - Non classée,NC - Non classée,50186,N/A - hors champ,T - Intégralement,C - Classée en ZoRCoMiR,Flottemanville,NC - Non classée,0,N/A - résultat non disponible,0,0,crte-28-50-1 - CRTE du Cotentin,N/A - hors champ,ti-2806 - Nord Cotentin,0,NB - Hors programme PVD,N/A - hors champ
NC - Non classée,NC - Non classée,50188,N/A - hors champ,NC - Non éligible,NC - Non classée en ZoRCoMiR,Folligny,NC - Non classée,0,N/A - résultat non disponible,0,0,"crte-28-50-6 - CRTE de Granville, Terre et Mer",N/A - hors champ,N/A - hors champ,0,NB - Hors programme PVD,N/A - hors champ
NC - Non classée,NC - Non classée,50192,N/A - hors champ,NC - Non éligible,C - Classée en ZoRCoMiR,Fourneaux,NC - Non classée,0,N/A - résultat non disponible,0,0,crte-28-50-3 - CRTE Saint-Lô Agglo,N/A - hors champ,N/A - hors champ,0,NB - Hors programme PVD,N/A - hors champ
NC - Non classée,NC - Non classée,50194,FR8000021 - PNR des Marais du Cotentin et du Bessin,NC - Non éligible,C - Classée en ZoRCoMiR,Fresville,NC - Non classée,0,N/A - résultat non disponible,0,0,crte-28-50-1 - CRTE du Cotentin,N/A - hors champ,ti-2806 - Nord Cotentin,0,NB - Hors programme PVD,N/A - hors champ
NC - Non classée,NC - Non classée,50197,N/A - hors champ,NC - Non éligible,NC - Non classée en ZoRCoMiR,Gavray-sur-Sienne,NC - Non classée,0,N/A - résultat non disponible,0,0,crte-28-50-5 - CRTE Coutances Mer et Bocage,N/A - hors champ,N/A - hors champ,0,B - Ville bénéficiaire du programme Petites villes de demain (PVD),N/A - hors champ
NC - Non classée,NC - Non classée,50207,FR8000021 - PNR des Marais du Cotentin et du Bessin,NC - Non éligible,C - Classée en ZoRCoMiR,Golleville,NC - Non classée,0,N/A - résultat non disponible,0,0,crte-28-50-1 - CRTE du Cotentin,N/A - hors champ,ti-2806 - Nord Cotentin,0,NB - Hors programme PVD,N/A - hors champ
NC - Non classée,NC - Non classée,50209,N/A - hors champ,NC - Non éligible,NC - Non classée en ZoRCoMiR,Gonneville-Le Theil,NC - Non classée,0,N/A - résultat non disponible,0,0,crte-28-50-1 - CRTE du Cotentin,N/A - hors champ,ti-2806 - Nord Cotentin,0,NB - Hors programme PVD,N/A - hors champ
NC - Non classée,NC - Non classée,50214,N/A - hors champ,NC - Non éligible,C - Classée en ZoRCoMiR,Gouvets,NC - Non classée,0,N/A - résultat non disponible,0,0,crte-28-50-3 - CRTE Saint-Lô Agglo,N/A - hors champ,N/A - hors champ,0,NB - Hors programme PVD,N/A - hors champ
NC - Non classée,NC - Non classée,50216,FR8000021 - PNR des Marais du Cotentin et du Bessin,NC - Non éligible,C - Classée en ZoRCoMiR,Graignes-Mesnil-Angot,NC - Non classée,0,N/A - résultat non disponible,0,0,crte-28-50-3 - CRTE Saint-Lô Agglo,N/A - hors champ,N/A - hors champ,0,NB - Hors programme PVD,N/A - hors champ
NC - Non classée,NC - Non classée,50219,N/A - hors champ,NC - Non éligible,C - Classée en ZoRCoMiR,Gratot,NC - Non classée,0,N/A - résultat non disponible,0,0,crte-28-50-5 - CRTE Coutances Mer et Bocage,N/A - hors champ,N/A - hors champ,0,NB - Hors programme PVD,N/A - hors champ
NC - Non classée,NC - Non classée,50221,N/A - hors champ,NC - Non éligible,C - Classée en ZoRCoMiR,Grimesnil,NC - Non classée,0,N/A - résultat non disponible,0,0,crte-28-50-5 - CRTE Coutances Mer et Bocage,N/A - hors champ,N/A - hors champ,0,NB - Hors programme PVD,N/A - hors champ
NC - Non classée,NC - Non classée,50222,N/A - hors champ,NC - Non éligible,C - Classée en ZoRCoMiR,Grosville,NC - Non classée,0,N/A - résultat non disponible,0,0,crte-28-50-1 - CRTE du Cotentin,N/A - hors champ,ti-2806 - Nord Cotentin,0,NB - Hors programme PVD,N/A - hors champ
NC - Non classée,NC - Non classée,50227,FR8000021 - PNR des Marais du Cotentin et du Bessin,T - Intégralement,C - Classée en ZoRCoMiR,Le Ham,NC - Non classée,0,N/A - résultat non disponible,0,0,crte-28-50-1 - CRTE du Cotentin,N/A - hors champ,ti-2806 - Nord Cotentin,0,NB - Hors programme PVD,N/A - hors champ
NC - Non classée,NC - Non classée,50228,N/A - hors champ,NC - Non éligible,NC - Non classée en ZoRCoMiR,Hambye,NC - Non classée,0,N/A - résultat non disponible,0,0,crte-28-50-5 - CRTE Coutances Mer et Bocage,N/A - hors champ,N/A - hors champ,0,NB - Hors programme PVD,N/A - hors champ
NC - Non classée,NC - Non classée,50230,N/A - hors champ,NC - Non éligible,NC - Non classée en ZoRCoMiR,Hardinvast,NC - Non classée,0,N/A - résultat non disponible,0,0,crte-28-50-1 - CRTE du Cotentin,N/A - hors champ,ti-2806 - Nord Cotentin,0,NB - Hors programme PVD,N/A - hors champ
NC - Non classée,NC - Non classée,50232,N/A - hors champ,NC - Non éligible,C - Classée en ZoRCoMiR,Hauteville-la-Guichard,NC - Non classée,0,N/A - résultat non disponible,0,0,crte-28-50-5 - CRTE Coutances Mer et Bocage,N/A - hors champ,N/A - hors champ,0,NB - Hors programme PVD,N/A - hors champ
NC - Non classée,NC - Non classée,50233,N/A - hors champ,NC - Non éligible,C - Classée en ZoRCoMiR,Hautteville-Bocage,NC - Non classée,0,N/A - résultat non disponible,0,0,crte-28-50-1 - CRTE du Cotentin,N/A - hors champ,ti-2806 - Nord Cotentin,0,NB - Hors programme PVD,N/A - hors champ
NC - Non classée,NC - Non classée,50235,N/A - hors champ,NC - Non éligible,C - Classée en ZoRCoMiR,La Haye-d'Ectot,NC - Non classée,0,N/A - résultat non disponible,0,0,crte-28-50-1 - CRTE du Cotentin,N/A - hors champ,ti-2806 - Nord Cotentin,0,NB - Hors programme PVD,N/A - hors champ
NC - Non classée,NC - Non classée,50237,N/A - hors champ,NC - Non éligible,NC - Non classée en ZoRCoMiR,La Haye-Pesnel,NC - Non classée,0,N/A - résultat non disponible,0,0,"crte-28-50-6 - CRTE de Granville, Terre et Mer",N/A - hors champ,N/A - hors champ,0,B - Ville bénéficiaire du programme Petites villes de demain (PVD),N/A - hors champ
NC - Non classée,NC - Non classée,50239,N/A - hors champ,NC - Non éligible,NC - Non classée en ZoRCoMiR,Thèreval,NC - Non classée,0,N/A - résultat non disponible,0,0,crte-28-50-3 - CRTE Saint-Lô Agglo,N/A - hors champ,N/A - hors champ,0,NB - Hors programme PVD,N/A - hors champ
NC - Non classée,NC - Non classée,50240,N/A - hors champ,NC - Non éligible,NC - Non classée en ZoRCoMiR,Helleville,NC - Non classée,0,N/A - résultat non disponible,0,0,crte-28-50-1 - CRTE du Cotentin,N/A - hors champ,ti-2806 - Nord Cotentin,0,NB - Hors programme PVD,N/A - hors champ
NC - Non classée,NC - Non classée,50241,FR8000021 - PNR des Marais du Cotentin et du Bessin,T - Intégralement,C - Classée en ZoRCoMiR,Hémevez,NC - Non classée,0,N/A - résultat non disponible,0,0,crte-28-50-1 - CRTE du Cotentin,N/A - hors champ,ti-2806 - Nord Cotentin,0,NB - Hors programme PVD,N/A - hors champ
NC - Non classée,NC - Non classée,50247,N/A - hors champ,NC - Non éligible,C - Classée en ZoRCoMiR,Hocquigny,NC - Non classée,0,N/A - résultat non disponible,0,0,"crte-28-50-6 - CRTE de Granville, Terre et Mer",N/A - hors champ,N/A - hors champ,0,NB - Hors programme PVD,N/A - hors champ
NC - Non classée,NC - Non classée,50251,N/A - hors champ,NC - Non éligible,C - Classée en ZoRCoMiR,Huberville,NC - Non classée,0,N/A - résultat non disponible,0,0,crte-28-50-1 - CRTE du Cotentin,N/A - hors champ,ti-2806 - Nord Cotentin,0,NB - Hors programme PVD,N/A - hors champ
NC - Non classée,NC - Non classée,50252,N/A - hors champ,NC - Non éligible,NC - Non classée en ZoRCoMiR,Hudimesnil,NC - Non classée,0,N/A - résultat non disponible,0,0,"crte-28-50-6 - CRTE de Granville, Terre et Mer",N/A - hors champ,N/A - hors champ,0,NB - Hors programme PVD,N/A - hors champ
NC - Non classée,NC - Non classée,50258,N/A - hors champ,NC - Non éligible,C - Classée en ZoRCoMiR,Joganville,NC - Non classée,0,N/A - résultat non disponible,0,0,crte-28-50-1 - CRTE du Cotentin,N/A - hors champ,ti-2806 - Nord Cotentin,0,NB - Hors programme PVD,N/A - hors champ
NC - Non classée,NC - Non classée,50261,N/A - hors champ,NC - Non éligible,C - Classée en ZoRCoMiR,Lamberville,NC - Non classée,0,N/A - résultat non disponible,0,0,crte-28-50-3 - CRTE Saint-Lô Agglo,N/A - hors champ,N/A - hors champ,0,NB - Hors programme PVD,N/A - hors champ
NC - Non classée,NC - Non classée,50266,N/A - hors champ,NC - Non éligible,C - Classée en ZoRCoMiR,Lengronne,NC - Non classée,0,N/A - résultat non disponible,0,0,crte-28-50-5 - CRTE Coutances Mer et Bocage,N/A - hors champ,N/A - hors champ,0,NB - Hors programme PVD,N/A - hors champ
NC - Non classée,NC - Non classée,50270,N/A - hors champ,NC - Non éligible,C - Classée en ZoRCoMiR,Lieusaint,NC - Non classée,0,N/A - résultat non disponible,0,0,crte-28-50-1 - CRTE du Cotentin,N/A - hors champ,ti-2806 - Nord Cotentin,0,NB - Hors programme PVD,N/A - hors champ
NC - Non classée,NC - Non classée,50277,N/A - hors champ,NC - Non éligible,NC - Non classée en ZoRCoMiR,Longueville,NC - Non classée,0,N/A - résultat non disponible,0,0,"crte-28-50-6 - CRTE de Granville, Terre et Mer",N/A - hors champ,N/A - hors champ,0,NB - Hors programme PVD,N/A - hors champ
NC - Non classée,NC - Non classée,50278,N/A - hors champ,NC - Non éligible,C - Classée en ZoRCoMiR,Le Loreur,NC - Non classée,0,N/A - résultat non disponible,0,0,"crte-28-50-6 - CRTE de Granville, Terre et Mer",N/A - hors champ,N/A - hors champ,0,NB - Hors programme PVD,N/A - hors champ
NC - Non classée,NC - Non classée,50279,N/A - hors champ,NC - Non éligible,C - Classée en ZoRCoMiR,Le Lorey,NC - Non classée,0,N/A - résultat non disponible,0,0,crte-28-50-3 - CRTE Saint-Lô Agglo,N/A - hors champ,N/A - hors champ,0,NB - Hors programme PVD,N/A - hors champ
NC - Non classée,NC - Non classée,50281,N/A - hors champ,NC - Non éligible,NC - Non classée en ZoRCoMiR,La Lucerne-d'Outremer,NC - Non classée,0,N/A - résultat non disponible,0,0,"crte-28-50-6 - CRTE de Granville, Terre et Mer",N/A - hors champ,N/A - hors champ,0,NB - Hors programme PVD,N/A - hors champ
NC - Non classée,NC - Non classée,50283,N/A - hors champ,NC - Non éligible,NC - Non classée en ZoRCoMiR,La Luzerne,NC - Non classée,0,N/A - résultat non disponible,0,0,crte-28-50-3 - CRTE Saint-Lô Agglo,N/A - hors champ,N/A - hors champ,0,NB - Hors programme PVD,N/A - hors champ
NC - Non classée,NC - Non classée,50285,FR8000021 - PNR des Marais du Cotentin et du Bessin,NC - Non éligible,C - Classée en ZoRCoMiR,Magneville,NC - Non classée,0,N/A - résultat non disponible,0,0,crte-28-50-1 - CRTE du Cotentin,N/A - hors champ,ti-2806 - Nord Cotentin,0,NB - Hors programme PVD,N/A - hors champ
NC - Non classée,NC - Non classée,50292,FR8000021 - PNR des Marais du Cotentin et du Bessin,NC - Non éligible,NC - Non classée en ZoRCoMiR,Marigny-Le-Lozon,NC - Non classée,0,N/A - résultat non disponible,0,0,crte-28-50-3 - CRTE Saint-Lô Agglo,N/A - hors champ,N/A - hors champ,0,B - Ville bénéficiaire du programme Petites villes de demain (PVD),N/A - hors champ
NC - Non classée,NC - Non classée,50294,N/A - hors champ,NC - Non éligible,NC - Non classée en ZoRCoMiR,Martinvast,NC - Non classée,0,N/A - résultat non disponible,0,0,crte-28-50-1 - CRTE du Cotentin,N/A - hors champ,ti-2806 - Nord Cotentin,0,NB - Hors programme PVD,N/A - hors champ
NC - Non classée,NC - Non classée,50297,FR8000021 - PNR des Marais du Cotentin et du Bessin,NC - Non éligible,NC - Non classée en ZoRCoMiR,La Meauffe,NC - Non classée,0,N/A - résultat non disponible,0,0,crte-28-50-3 - CRTE Saint-Lô Agglo,N/A - hors champ,N/A - hors champ,0,NB - Hors programme PVD,N/A - hors champ
NC - Non classée,NC - Non classée,50299,N/A - hors champ,NC - Non éligible,C - Classée en ZoRCoMiR,Le Mesnil,NC - Non classée,0,N/A - résultat non disponible,0,0,crte-28-50-1 - CRTE du Cotentin,N/A - hors champ,ti-2806 - Nord Cotentin,0,NB - Hors programme PVD,N/A - hors champ
NC - Non classée,NC - Non classée,50302,N/A - hors champ,NC - Non éligible,NC - Non classée en ZoRCoMiR,Le Mesnil-Amey,NC - Non classée,0,N/A - résultat non disponible,0,0,crte-28-50-3 - CRTE Saint-Lô Agglo,N/A - hors champ,N/A - hors champ,0,NB - Hors programme PVD,N/A - hors champ
NC - Non classée,NC - Non classée,50304,N/A - hors champ,NC - Non éligible,C - Classée en ZoRCoMiR,Le Mesnil-Aubert,NC - Non classée,0,N/A - résultat non disponible,0,0,"crte-28-50-6 - CRTE de Granville, Terre et Mer",N/A - hors champ,N/A - hors champ,0,NB - Hors programme PVD,N/A - hors champ
NC - Non classée,NC - Non classée,50305,N/A - hors champ,NC - Non éligible,NC - Non classée en ZoRCoMiR,Le Mesnil-au-Val,NC - Non classée,0,N/A - résultat non disponible,0,0,crte-28-50-1 - CRTE du Cotentin,N/A - hors champ,ti-2806 - Nord Cotentin,0,NB - Hors programme PVD,N/A - hors champ
NC - Non classée,NC - Non classée,50310,FR8000021 - PNR des Marais du Cotentin et du Bessin,NC - Non éligible,NC - Non classée en ZoRCoMiR,Le Mesnil-Eury,NC - Non classée,0,N/A - résultat non disponible,0,0,crte-28-50-3 - CRTE Saint-Lô Agglo,N/A - hors champ,N/A - hors champ,0,NB - Hors programme PVD,N/A - hors champ
NC - Non classée,NC - Non classée,50311,N/A - hors champ,NC - Non éligible,C - Classée en ZoRCoMiR,Le Mesnil-Garnier,NC - Non classée,0,N/A - résultat non disponible,0,0,crte-28-50-5 - CRTE Coutances Mer et Bocage,N/A - hors champ,N/A - hors champ,0,NB - Hors programme PVD,N/A - hors champ
NC - Non classée,NC - Non classée,50321,N/A - hors champ,NC - Non éligible,NC - Non classée en ZoRCoMiR,Le Mesnil-Rouxelin,NC - Non classée,0,N/A - résultat non disponible,0,0,crte-28-50-3 - CRTE Saint-Lô Agglo,N/A - hors champ,N/A - hors champ,0,NB - Hors programme PVD,N/A - hors champ
NC - Non classée,NC - Non classée,50324,FR8000021 - PNR des Marais du Cotentin et du Bessin,NC - Non éligible,C - Classée en ZoRCoMiR,Le Mesnil-Véneron,NC - Non classée,0,N/A - résultat non disponible,0,0,crte-28-50-3 - CRTE Saint-Lô Agglo,N/A - hors champ,N/A - hors champ,0,NB - Hors programme PVD,N/A - hors champ
NC - Non classée,NC - Non classée,50326,N/A - hors champ,NC - Non éligible,C - Classée en ZoRCoMiR,Le Mesnil-Villeman,NC - Non classée,0,N/A - résultat non disponible,0,0,crte-28-50-5 - CRTE Coutances Mer et Bocage,N/A - hors champ,N/A - hors champ,0,NB - Hors programme PVD,N/A - hors champ
NC - Non classée,NC - Non classée,50327,N/A - hors champ,NC - Non éligible,C - Classée en ZoRCoMiR,La Meurdraquière,NC - Non classée,0,N/A - résultat non disponible,0,0,"crte-28-50-6 - CRTE de Granville, Terre et Mer",N/A - hors champ,N/A - hors champ,0,NB - Hors programme PVD,N/A - hors champ
NC - Non classée,NC - Non classée,50335,N/A - hors champ,NC - Non éligible,C - Classée en ZoRCoMiR,Montaigu-la-Brisette,NC - Non classée,0,N/A - résultat non disponible,0,0,crte-28-50-1 - CRTE du Cotentin,N/A - hors champ,ti-2806 - Nord Cotentin,0,NB - Hors programme PVD,N/A - hors champ
NC - Non classée,NC - Non classée,50336,N/A - hors champ,NC - Non éligible,C - Classée en ZoRCoMiR,Montaigu-les-Bois,NC - Non classée,0,N/A - résultat non disponible,0,0,crte-28-50-5 - CRTE Coutances Mer et Bocage,N/A - hors champ,N/A - hors champ,0,NB - Hors programme PVD,N/A - hors champ
NC - Non classée,NC - Non classée,50340,N/A - hors champ,NC - Non éligible,C - Classée en ZoRCoMiR,Montcuit,NC - Non classée,0,N/A - résultat non disponible,0,0,crte-28-50-5 - CRTE Coutances Mer et Bocage,N/A - hors champ,N/A - hors champ,0,NB - Hors programme PVD,N/A - hors champ
NC - Non classée,NC - Non classée,50341,N/A - hors champ,NC - Non éligible,NC - Non classée en ZoRCoMiR,Montebourg,NC - Non classée,0,N/A - résultat non disponible,0,0,crte-28-50-1 - CRTE du Cotentin,N/A - hors champ,ti-2806 - Nord Cotentin,0,B - Ville bénéficiaire du programme Petites villes de demain (PVD),N/A - hors champ
NC - Non classée,NC - Non classée,50345,N/A - hors champ,NC - Non éligible,C - Classée en ZoRCoMiR,Monthuchon,NC - Non classée,0,N/A - résultat non disponible,0,0,crte-28-50-5 - CRTE Coutances Mer et Bocage,N/A - hors champ,N/A - hors champ,0,NB - Hors programme PVD,N/A - hors champ
NC - Non classée,NC - Non classée,50350,N/A - hors champ,NC - Non éligible,C - Classée en ZoRCoMiR,Montpinchon,NC - Non classée,0,N/A - résultat non disponible,0,0,crte-28-50-5 - CRTE Coutances Mer et Bocage,N/A - hors champ,N/A - hors champ,0,NB - Hors programme PVD,N/A - hors champ
NC - Non classée,NC - Non classée,50351,N/A - hors champ,NC - Non éligible,C - Classée en ZoRCoMiR,Montrabot,NC - Non classée,0,N/A - résultat non disponible,0,0,crte-28-50-3 - CRTE Saint-Lô Agglo,N/A - hors champ,N/A - hors champ,0,NB - Hors programme PVD,N/A - hors champ
NC - Non classée,NC - Non classée,50352,N/A - hors champ,NC - Non éligible,NC - Non classée en ZoRCoMiR,Montreuil-sur-Lozon,NC - Non classée,0,N/A - résultat non disponible,0,0,crte-28-50-3 - CRTE Saint-Lô Agglo,N/A - hors champ,N/A - hors champ,0,NB - Hors programme PVD,N/A - hors champ
NC - Non classée,NC - Non classée,50356,FR8000021 - PNR des Marais du Cotentin et du Bessin,NC - Non éligible,NC - Non classée en ZoRCoMiR,Moon-sur-Elle,NC - Non classée,0,N/A - résultat non disponible,0,0,crte-28-50-3 - CRTE Saint-Lô Agglo,N/A - hors champ,N/A - hors champ,0,NB - Hors programme PVD,N/A - hors champ
NC - Non classée,NC - Non classée,50360,N/A - hors champ,NC - Non éligible,C - Classée en ZoRCoMiR,Morville,NC - Non classée,0,N/A - résultat non disponible,0,0,crte-28-50-1 - CRTE du Cotentin,N/A - hors champ,ti-2806 - Nord Cotentin,0,NB - Hors programme PVD,N/A - hors champ
NC - Non classée,NC - Non classée,50361,N/A - hors champ,NC - Non éligible,C - Classée en ZoRCoMiR,La Mouche,NC - Non classée,0,N/A - résultat non disponible,0,0,"crte-28-50-6 - CRTE de Granville, Terre et Mer",N/A - hors champ,N/A - hors champ,0,NB - Hors programme PVD,N/A - hors champ
NC - Non classée,NC - Non classée,50363,N/A - hors champ,P - Partiellement,NC - Non classée en ZoRCoMiR,Moyon Villages,NC - Non classée,0,N/A - résultat non disponible,0,0,crte-28-50-3 - CRTE Saint-Lô Agglo,N/A - hors champ,N/A - hors champ,0,NB - Hors programme PVD,N/A - hors champ
NC - Non classée,NC - Non classée,50364,FR8000021 - PNR des Marais du Cotentin et du Bessin,NC - Non éligible,NC - Non classée en ZoRCoMiR,Muneville-le-Bingard,NC - Non classée,0,N/A - résultat non disponible,0,0,crte-28-50-5 - CRTE Coutances Mer et Bocage,N/A - hors champ,N/A - hors champ,0,NB - Hors programme PVD,N/A - hors champ
NC - Non classée,NC - Non classée,50365,N/A - hors champ,NC - Non éligible,C - Classée en ZoRCoMiR,Muneville-sur-Mer,NC - Non classée,0,N/A - résultat non disponible,0,0,"crte-28-50-6 - CRTE de Granville, Terre et Mer",N/A - hors champ,N/A - hors champ,0,NB - Hors programme PVD,N/A - hors champ
NC - Non classée,NC - Non classée,50369,N/A - hors champ,NC - Non éligible,C - Classée en ZoRCoMiR,Négreville,NC - Non classée,0,N/A - résultat non disponible,0,0,crte-28-50-1 - CRTE du Cotentin,N/A - hors champ,ti-2806 - Nord Cotentin,0,NB - Hors programme PVD,N/A - hors champ
NC - Non classée,NC - Non classée,50370,FR8000021 - PNR des Marais du Cotentin et du Bessin,NC - Non éligible,C - Classée en ZoRCoMiR,Néhou,NC - Non classée,0,N/A - résultat non disponible,0,0,crte-28-50-1 - CRTE du Cotentin,N/A - hors champ,ti-2806 - Nord Cotentin,0,NB - Hors programme PVD,N/A - hors champ
NC - Non classée,NC - Non classée,50374,FR8000021 - PNR des Marais du Cotentin et du Bessin,NC - Non éligible,C - Classée en ZoRCoMiR,Neuville-en-Beaumont,NC - Non classée,0,N/A - résultat non disponible,0,0,crte-28-50-1 - CRTE du Cotentin,N/A - hors champ,ti-2806 - Nord Cotentin,0,NB - Hors programme PVD,N/A - hors champ
NC - Non classée,NC - Non classée,50376,N/A - hors champ,NC - Non éligible,C - Classée en ZoRCoMiR,Nicorps,NC - Non classée,0,N/A - résultat non disponible,0,0,crte-28-50-5 - CRTE Coutances Mer et Bocage,N/A - hors champ,N/A - hors champ,0,NB - Hors programme PVD,N/A - hors champ
NC - Non classée,NC - Non classée,50378,N/A - hors champ,NC - Non éligible,C - Classée en ZoRCoMiR,Notre-Dame-de-Cenilly,NC - Non classée,0,N/A - résultat non disponible,0,0,crte-28-50-5 - CRTE Coutances Mer et Bocage,N/A - hors champ,N/A - hors champ,0,NB - Hors programme PVD,N/A - hors champ
NC - Non classée,NC - Non classée,50382,N/A - hors champ,NC - Non éligible,NC - Non classée en ZoRCoMiR,Nouainville,NC - Non classée,0,N/A - résultat non disponible,0,0,crte-28-50-1 - CRTE du Cotentin,N/A - hors champ,ti-2806 - Nord Cotentin,0,NB - Hors programme PVD,N/A - hors champ
NC - Non classée,NC - Non classée,50384,N/A - hors champ,NC - Non éligible,C - Classée en ZoRCoMiR,Octeville-l'Avenel,NC - Non classée,0,N/A - résultat non disponible,0,0,crte-28-50-1 - CRTE du Cotentin,N/A - hors champ,ti-2806 - Nord Cotentin,0,NB - Hors programme PVD,N/A - hors champ
NC - Non classée,NC - Non classée,50387,FR8000021 - PNR des Marais du Cotentin et du Bessin,NC - Non éligible,C - Classée en ZoRCoMiR,Orglandes,NC - Non classée,0,N/A - résultat non disponible,0,0,crte-28-50-1 - CRTE du Cotentin,N/A - hors champ,ti-2806 - Nord Cotentin,0,NB - Hors programme PVD,N/A - hors champ
NC - Non classée,NC - Non classée,50389,N/A - hors champ,NC - Non éligible,C - Classée en ZoRCoMiR,Ouville,NC - Non classée,0,N/A - résultat non disponible,0,0,crte-28-50-5 - CRTE Coutances Mer et Bocage,N/A - hors champ,N/A - hors champ,0,NB - Hors programme PVD,N/A - hors champ
NC - Non classée,NC - Non classée,50390,N/A - hors champ,NC - Non éligible,C - Classée en ZoRCoMiR,Ozeville,NC - Non classée,0,N/A - résultat non disponible,0,0,crte-28-50-1 - CRTE du Cotentin,N/A - hors champ,ti-2806 - Nord Cotentin,0,NB - Hors programme PVD,N/A - hors champ
NC - Non classée,NC - Non classée,50395,N/A - hors champ,NC - Non éligible,C - Classée en ZoRCoMiR,La Pernelle,NC - Non classée,0,N/A - résultat non disponible,0,0,crte-28-50-1 - CRTE du Cotentin,N/A - hors champ,ti-2806 - Nord Cotentin,0,NB - Hors programme PVD,N/A - hors champ
NC - Non classée,NC - Non classée,50398,N/A - hors champ,NC - Non éligible,C - Classée en ZoRCoMiR,Le Perron,NC - Non classée,0,N/A - résultat non disponible,0,0,crte-28-50-3 - CRTE Saint-Lô Agglo,N/A - hors champ,N/A - hors champ,0,NB - Hors programme PVD,N/A - hors champ
NC - Non classée,NC - Non classée,50401,N/A - hors champ,NC - Non éligible,C - Classée en ZoRCoMiR,Pierreville,NC - Non classée,0,N/A - résultat non disponible,0,0,crte-28-50-1 - CRTE du Cotentin,N/A - hors champ,ti-2806 - Nord Cotentin,0,NB - Hors programme PVD,N/A - hors champ
NC - Non classée,NC - Non classée,50409,FR8000021 - PNR des Marais du Cotentin et du Bessin,NC - Non éligible,NC - Non classée en ZoRCoMiR,Pont-Hébert,NC - Non classée,0,N/A - résultat non disponible,0,0,crte-28-50-3 - CRTE Saint-Lô Agglo,N/A - hors champ,N/A - hors champ,0,NB - Hors programme PVD,N/A - hors champ
NC - Non classée,NC - Non classée,50419,N/A - hors champ,NC - Non éligible,NC - Non classée en ZoRCoMiR,Quettreville-sur-Sienne,NC - Non classée,0,N/A - résultat non disponible,0,0,crte-28-50-5 - CRTE Coutances Mer et Bocage,N/A - hors champ,N/A - hors champ,0,NB - Hors programme PVD,N/A - hors champ
NC - Non classée,NC - Non classée,50420,N/A - hors champ,NC - Non éligible,NC - Non classée en ZoRCoMiR,Quibou,NC - Non classée,0,N/A - résultat non disponible,0,0,crte-28-50-3 - CRTE Saint-Lô Agglo,N/A - hors champ,N/A - hors champ,0,NB - Hors programme PVD,N/A - hors champ
NC - Non classée,NC - Non classée,50423,FR8000021 - PNR des Marais du Cotentin et du Bessin,NC - Non éligible,NC - Non classée en ZoRCoMiR,Rampan,NC - Non classée,0,N/A - résultat non disponible,0,0,crte-28-50-3 - CRTE Saint-Lô Agglo,N/A - hors champ,N/A - hors champ,0,NB - Hors programme PVD,N/A - hors champ
NC - Non classée,NC - Non classée,50425,N/A - hors champ,NC - Non éligible,NC - Non classée en ZoRCoMiR,Rauville-la-Bigot,NC - Non classée,0,N/A - résultat non disponible,0,0,crte-28-50-1 - CRTE du Cotentin,N/A - hors champ,ti-2806 - Nord Cotentin,0,NB - Hors programme PVD,N/A - hors champ
NC - Non classée,NC - Non classée,50426,FR8000021 - PNR des Marais du Cotentin et du Bessin,NC - Non éligible,C - Classée en ZoRCoMiR,Rauville-la-Place,NC - Non classée,0,N/A - résultat non disponible,0,0,crte-28-50-1 - CRTE du Cotentin,N/A - hors champ,ti-2806 - Nord Cotentin,0,NB - Hors programme PVD,N/A - hors champ
NC - Non classée,NC - Non classée,50430,N/A - hors champ,NC - Non éligible,C - Classée en ZoRCoMiR,Reigneville-Bocage,NC - Non classée,0,N/A - résultat non disponible,0,0,crte-28-50-1 - CRTE du Cotentin,N/A - hors champ,ti-2806 - Nord Cotentin,0,NB - Hors programme PVD,N/A - hors champ
NC - Non classée,NC - Non classée,50431,FR8000021 - PNR des Marais du Cotentin et du Bessin,NC - Non éligible,NC - Non classée en ZoRCoMiR,Remilly Les Marais,NC - Non classée,0,N/A - résultat non disponible,0,0,crte-28-50-3 - CRTE Saint-Lô Agglo,N/A - hors champ,N/A - hors champ,0,NB - Hors programme PVD,N/A - hors champ
NC - Non classée,NC - Non classée,50435,N/A - hors champ,NC - Non éligible,NC - Non classée en ZoRCoMiR,Rocheville,NC - Non classée,0,N/A - résultat non disponible,0,0,crte-28-50-1 - CRTE du Cotentin,N/A - hors champ,ti-2806 - Nord Cotentin,0,NB - Hors programme PVD,N/A - hors champ
NC - Non classée,NC - Non classée,50437,N/A - hors champ,NC - Non éligible,NC - Non classée en ZoRCoMiR,Roncey,NC - Non classée,0,N/A - résultat non disponible,0,0,crte-28-50-5 - CRTE Coutances Mer et Bocage,N/A - hors champ,N/A - hors champ,0,NB - Hors programme PVD,N/A - hors champ
NC - Non classée,NC - Non classée,50444,N/A - hors champ,NC - Non éligible,NC - Non classée en ZoRCoMiR,Saint-Amand-Villages,NC - Non classée,0,N/A - résultat non disponible,0,0,crte-28-50-3 - CRTE Saint-Lô Agglo,N/A - hors champ,N/A - hors champ,0,NB - Hors programme PVD,N/A - hors champ
NC - Non classée,NC - Non classée,50446,N/A - hors champ,NC - Non éligible,NC - Non classée en ZoRCoMiR,Saint-André-de-l'Épine,NC - Non classée,0,N/A - résultat non disponible,0,0,crte-28-50-3 - CRTE Saint-Lô Agglo,N/A - hors champ,N/A - hors champ,0,NB - Hors programme PVD,N/A - hors champ
NC - Non classée,NC - Non classée,50447,N/A - hors champ,NC - Non éligible,NC - Non classée en ZoRCoMiR,Saint-Aubin-des-Préaux,NC - Non classée,0,N/A - résultat non disponible,0,0,"crte-28-50-6 - CRTE de Granville, Terre et Mer",N/A - hors champ,N/A - hors champ,0,NB - Hors programme PVD,N/A - hors champ
NC - Non classée,NC - Non classée,50454,N/A - hors champ,NC - Non éligible,NC - Non classée en ZoRCoMiR,Saint-Christophe-du-Foc,NC - Non classée,0,N/A - résultat non disponible,0,0,crte-28-50-1 - CRTE du Cotentin,N/A - hors champ,ti-2806 - Nord Cotentin,0,NB - Hors programme PVD,N/A - hors champ
NC - Non classée,NC - Non classée,50455,N/A - hors champ,NC - Non éligible,NC - Non classée en ZoRCoMiR,Saint-Clair-sur-l'Elle,NC - Non classée,0,N/A - résultat non disponible,0,0,crte-28-50-3 - CRTE Saint-Lô Agglo,N/A - hors champ,N/A - hors champ,0,NB - Hors programme PVD,N/A - hors champ
NC - Non classée,NC - Non classée,50457,FR8000021 - PNR des Marais du Cotentin et du Bessin,NC - Non éligible,C - Classée en ZoRCoMiR,Sainte-Colombe,NC - Non classée,0,N/A - résultat non disponible,0,0,crte-28-50-1 - CRTE du Cotentin,N/A - hors champ,ti-2806 - Nord Cotentin,0,NB - Hors programme PVD,N/A - hors champ
NC - Non classée,NC - Non classée,50461,N/A - hors champ,NC - Non éligible,C - Classée en ZoRCoMiR,Saint-Cyr,NC - Non classée,0,N/A - résultat non disponible,0,0,crte-28-50-1 - CRTE du Cotentin,N/A - hors champ,ti-2806 - Nord Cotentin,0,NB - Hors programme PVD,N/A - hors champ
NC - Non classée,NC - Non classée,50463,N/A - hors champ,NC - Non éligible,C - Classée en ZoRCoMiR,Saint-Denis-le-Gast,NC - Non classée,0,N/A - résultat non disponible,0,0,crte-28-50-5 - CRTE Coutances Mer et Bocage,N/A - hors champ,N/A - hors champ,0,NB - Hors programme PVD,N/A - hors champ
NC - Non classée,NC - Non classée,50464,N/A - hors champ,NC - Non éligible,C - Classée en ZoRCoMiR,Saint-Denis-le-Vêtu,NC - Non classée,0,N/A - résultat non disponible,0,0,crte-28-50-5 - CRTE Coutances Mer et Bocage,N/A - hors champ,N/A - hors champ,0,NB - Hors programme PVD,N/A - hors champ
NC - Non classée,NC - Non classée,50467,N/A - hors champ,NC - Non éligible,C - Classée en ZoRCoMiR,Saint-Floxel,NC - Non classée,0,N/A - résultat non disponible,0,0,crte-28-50-1 - CRTE du Cotentin,N/A - hors champ,ti-2806 - Nord Cotentin,0,NB - Hors programme PVD,N/A - hors champ
NC - Non classée,NC - Non classée,50468,FR8000021 - PNR des Marais du Cotentin et du Bessin,NC - Non éligible,C - Classée en ZoRCoMiR,Saint-Fromond,NC - Non classée,0,N/A - résultat non disponible,0,0,crte-28-50-3 - CRTE Saint-Lô Agglo,N/A - hors champ,N/A - hors champ,0,NB - Hors programme PVD,N/A - hors champ
NC - Non classée,NC - Non classée,50469,N/A - hors champ,NC - Non éligible,C - Classée en ZoRCoMiR,Sainte-Geneviève,NC - Non classée,0,N/A - résultat non disponible,0,0,crte-28-50-1 - CRTE du Cotentin,N/A - hors champ,ti-2806 - Nord Cotentin,0,NB - Hors programme PVD,N/A - hors champ
NC - Non classée,NC - Non classée,50473,N/A - hors champ,NC - Non éligible,NC - Non classée en ZoRCoMiR,Saint-Georges-d'Elle,NC - Non classée,0,N/A - résultat non disponible,0,0,crte-28-50-3 - CRTE Saint-Lô Agglo,N/A - hors champ,N/A - hors champ,0,NB - Hors programme PVD,N/A - hors champ
NC - Non classée,NC - Non classée,50475,N/A - hors champ,NC - Non éligible,NC - Non classée en ZoRCoMiR,Saint-Georges-Montcocq,NC - Non classée,0,N/A - résultat non disponible,0,0,crte-28-50-3 - CRTE Saint-Lô Agglo,N/A - hors champ,N/A - hors champ,0,NB - Hors programme PVD,N/A - hors champ
NC - Non classée,NC - Non classée,50476,N/A - hors champ,NC - Non éligible,NC - Non classée en ZoRCoMiR,Saint-Germain-d'Elle,NC - Non classée,0,N/A - résultat non disponible,0,0,crte-28-50-3 - CRTE Saint-Lô Agglo,N/A - hors champ,N/A - hors champ,0,NB - Hors programme PVD,N/A - hors champ
NC - Non classée,NC - Non classée,50478,N/A - hors champ,NC - Non éligible,C - Classée en ZoRCoMiR,Saint-Germain-de-Tournebut,NC - Non classée,0,N/A - résultat non disponible,0,0,crte-28-50-1 - CRTE du Cotentin,N/A - hors champ,ti-2806 - Nord Cotentin,0,NB - Hors programme PVD,N/A - hors champ
NC - Non classée,NC - Non classée,50480,N/A - hors champ,NC - Non éligible,C - Classée en ZoRCoMiR,Saint-Germain-le-Gaillard,NC - Non classée,0,N/A - résultat non disponible,0,0,crte-28-50-1 - CRTE du Cotentin,N/A - hors champ,ti-2806 - Nord Cotentin,0,NB - Hors programme PVD,N/A - hors champ
NC - Non classée,NC - Non classée,50483,N/A - hors champ,NC - Non éligible,NC - Non classée en ZoRCoMiR,Saint-Gilles,NC - Non classée,0,N/A - résultat non disponible,0,0,crte-28-50-3 - CRTE Saint-Lô Agglo,N/A - hors champ,N/A - hors champ,0,NB - Hors programme PVD,N/A - hors champ
NC - Non classée,NC - Non classée,50486,N/A - hors champ,NC - Non éligible,C - Classée en ZoRCoMiR,Saint-Jacques-de-Néhou,NC - Non classée,0,N/A - résultat non disponible,0,0,crte-28-50-1 - CRTE du Cotentin,N/A - hors champ,ti-2806 - Nord Cotentin,0,NB - Hors programme PVD,N/A - hors champ
NC - Non classée,NC - Non classée,50488,FR8000021 - PNR des Marais du Cotentin et du Bessin,T - Intégralement,NC - Non classée en ZoRCoMiR,Saint-Jean-de-Daye,NC - Non classée,0,N/A - résultat non disponible,0,0,crte-28-50-3 - CRTE Saint-Lô Agglo,N/A - hors champ,N/A - hors champ,0,NB - Hors programme PVD,N/A - hors champ
NC - Non classée,NC - Non classée,50491,N/A - hors champ,NC - Non éligible,NC - Non classée en ZoRCoMiR,Saint-Jean-de-Savigny,NC - Non classée,0,N/A - résultat non disponible,0,0,crte-28-50-3 - CRTE Saint-Lô Agglo,N/A - hors champ,N/A - hors champ,0,NB - Hors programme PVD,N/A - hors champ
NC - Non classée,NC - Non classée,50492,N/A - hors champ,NC - Non éligible,NC - Non classée en ZoRCoMiR,Saint-Jean-d'Elle,NC - Non classée,0,N/A - résultat non disponible,0,0,crte-28-50-3 - CRTE Saint-Lô Agglo,N/A - hors champ,N/A - hors champ,0,NB - Hors programme PVD,N/A - hors champ
NC - Non classée,NC - Non classée,50493,N/A - hors champ,NC - Non éligible,NC - Non classée en ZoRCoMiR,Saint-Jean-des-Champs,NC - Non classée,0,N/A - résultat non disponible,0,0,"crte-28-50-6 - CRTE de Granville, Terre et Mer",N/A - hors champ,N/A - hors champ,0,NB - Hors programme PVD,N/A - hors champ
NC - Non classée,NC - Non classée,50498,N/A - hors champ,T - Intégralement,NC - Non classée en ZoRCoMiR,Saint-Joseph,NC - Non classée,0,N/A - résultat non disponible,0,0,crte-28-50-1 - CRTE du Cotentin,N/A - hors champ,ti-2806 - Nord Cotentin,0,NB - Hors programme PVD,N/A - hors champ
NC - Non classée,NC - Non classée,50502,N/A - hors champ,T - Intégralement,NC - Non classée en ZoRCoMiR,Saint-Lô,NC - Non classée,1,2,0,17.7,crte-28-50-3 - CRTE Saint-Lô Agglo,N/A - hors champ,N/A - hors champ,3364,NB - Hors programme PVD,acv180 - Saint-Lô
NC - Non classée,NC - Non classée,50504,N/A - hors champ,T - Intégralement,C - Classée en ZoRCoMiR,Saint-Louet-sur-Vire,NC - Non classée,0,N/A - résultat non disponible,0,0,crte-28-50-3 - CRTE Saint-Lô Agglo,N/A - hors champ,N/A - hors champ,0,NB - Hors programme PVD,N/A - hors champ
NC - Non classée,NC - Non classée,50506,N/A - hors champ,NC - Non éligible,C - Classée en ZoRCoMiR,Saint-Malo-de-la-Lande,NC - Non classée,0,N/A - résultat non disponible,0,0,crte-28-50-5 - CRTE Coutances Mer et Bocage,N/A - hors champ,N/A - hors champ,0,NB - Hors programme PVD,N/A - hors champ
NC - Non classée,NC - Non classée,50511,N/A - hors champ,NC - Non éligible,C - Classée en ZoRCoMiR,Saint-Martin-d'Audouville,NC - Non classée,0,N/A - résultat non disponible,0,0,crte-28-50-1 - CRTE du Cotentin,N/A - hors champ,ti-2806 - Nord Cotentin,0,NB - Hors programme PVD,N/A - hors champ
NC - Non classée,NC - Non classée,50512,N/A - hors champ,NC - Non éligible,NC - Non classée en ZoRCoMiR,Saint-Martin-de-Bonfossé,NC - Non classée,0,N/A - résultat non disponible,0,0,crte-28-50-3 - CRTE Saint-Lô Agglo,N/A - hors champ,N/A - hors champ,0,NB - Hors programme PVD,N/A - hors champ
NC - Non classée,NC - Non classée,50513,N/A - hors champ,NC - Non éligible,C - Classée en ZoRCoMiR,Saint-Martin-de-Cenilly,NC - Non classée,0,N/A - résultat non disponible,0,0,crte-28-50-5 - CRTE Coutances Mer et Bocage,N/A - hors champ,N/A - hors champ,0,NB - Hors programme PVD,N/A - hors champ
NC - Non classée,NC - Non classée,50519,N/A - hors champ,NC - Non éligible,NC - Non classée en ZoRCoMiR,Saint-Martin-le-Gréard,NC - Non classée,0,N/A - résultat non disponible,0,0,crte-28-50-1 - CRTE du Cotentin,N/A - hors champ,ti-2806 - Nord Cotentin,0,NB - Hors programme PVD,N/A - hors champ
NC - Non classée,NC - Non classée,50522,N/A - hors champ,NC - Non éligible,C - Classée en ZoRCoMiR,Saint-Maurice-en-Cotentin,NC - Non classée,0,N/A - résultat non disponible,0,0,crte-28-50-1 - CRTE du Cotentin,N/A - hors champ,ti-2806 - Nord Cotentin,0,NB - Hors programme PVD,N/A - hors champ
NC - Non classée,NC - Non classée,50536,N/A - hors champ,NC - Non éligible,C - Classée en ZoRCoMiR,Saint-Pierre-d'Arthéglise,NC - Non classée,0,N/A - résultat non disponible,0,0,crte-28-50-1 - CRTE du Cotentin,N/A - hors champ,ti-2806 - Nord Cotentin,0,NB - Hors programme PVD,N/A - hors champ
NC - Non classée,NC - Non classée,50537,N/A - hors champ,NC - Non éligible,C - Classée en ZoRCoMiR,Saint-Pierre-de-Coutances,NC - Non classée,0,N/A - résultat non disponible,0,0,crte-28-50-5 - CRTE Coutances Mer et Bocage,N/A - hors champ,N/A - hors champ,0,NB - Hors programme PVD,N/A - hors champ
NC - Non classée,NC - Non classée,50538,N/A - hors champ,NC - Non éligible,NC - Non classée en ZoRCoMiR,Saint-Pierre-de-Semilly,NC - Non classée,0,N/A - résultat non disponible,0,0,crte-28-50-3 - CRTE Saint-Lô Agglo,N/A - hors champ,N/A - hors champ,0,NB - Hors programme PVD,N/A - hors champ
NC - Non classée,NC - Non classée,50539,N/A - hors champ,NC - Non éligible,NC - Non classée en ZoRCoMiR,Saint-Pierre-Église,NC - Non classée,0,N/A - résultat non disponible,0,0,crte-28-50-1 - CRTE du Cotentin,N/A - hors champ,ti-2806 - Nord Cotentin,0,B - Ville bénéficiaire du programme Petites villes de demain (PVD),N/A - hors champ
NC - Non classée,NC - Non classée,50540,N/A - hors champ,NC - Non éligible,NC - Non classée en ZoRCoMiR,Saint-Pierre-Langers,NC - Non classée,0,N/A - résultat non disponible,0,0,"crte-28-50-6 - CRTE de Granville, Terre et Mer",N/A - hors champ,N/A - hors champ,0,NB - Hors programme PVD,N/A - hors champ
NC - Non classée,NC - Non classée,50541,N/A - hors champ,NC - Non éligible,NC - Non classée en ZoRCoMiR,Saint-Planchers,NC - Non classée,0,N/A - résultat non disponible,0,0,"crte-28-50-6 - CRTE de Granville, Terre et Mer",N/A - hors champ,N/A - hors champ,0,NB - Hors programme PVD,N/A - hors champ
NC - Non classée,NC - Non classée,50546,N/A - hors champ,NC - Non éligible,NC - Non classée en ZoRCoMiR,Bourgvallées,NC - Non classée,0,N/A - résultat non disponible,0,0,crte-28-50-3 - CRTE Saint-Lô Agglo,N/A - hors champ,N/A - hors champ,0,NB - Hors programme PVD,N/A - hors champ
NC - Non classée,NC - Non classée,50549,N/A - hors champ,NC - Non éligible,NC - Non classée en ZoRCoMiR,Saint-Sauveur-la-Pommeraye,NC - Non classée,0,N/A - résultat non disponible,0,0,"crte-28-50-6 - CRTE de Granville, Terre et Mer",N/A - hors champ,N/A - hors champ,0,NB - Hors programme PVD,N/A - hors champ
NC - Non classée,NC - Non classée,50550,FR8000021 - PNR des Marais du Cotentin et du Bessin,NC - Non éligible,NC - Non classée en ZoRCoMiR,Saint-Sauveur-Villages,NC - Non classée,0,N/A - résultat non disponible,0,0,crte-28-50-5 - CRTE Coutances Mer et Bocage,N/A - hors champ,N/A - hors champ,0,NB - Hors programme PVD,N/A - hors champ
NC - Non classée,NC - Non classée,50551,FR8000021 - PNR des Marais du Cotentin et du Bessin,NC - Non éligible,NC - Non classée en ZoRCoMiR,Saint-Sauveur-le-Vicomte,NC - Non classée,0,N/A - résultat non disponible,0,0,crte-28-50-1 - CRTE du Cotentin,N/A - hors champ,ti-2806 - Nord Cotentin,0,B - Ville bénéficiaire du programme Petites villes de demain (PVD),N/A - hors champ
NC - Non classée,NC - Non classée,50556,N/A - hors champ,T - Intégralement,NC - Non classée en ZoRCoMiR,Sainte-Suzanne-sur-Vire,NC - Non classée,0,N/A - résultat non disponible,0,0,crte-28-50-3 - CRTE Saint-Lô Agglo,N/A - hors champ,N/A - hors champ,0,NB - Hors programme PVD,N/A - hors champ
NC - Non classée,NC - Non classée,50563,N/A - hors champ,NC - Non éligible,C - Classée en ZoRCoMiR,Saint-Vigor-des-Monts,NC - Non classée,0,N/A - résultat non disponible,0,0,crte-28-50-3 - CRTE Saint-Lô Agglo,N/A - hors champ,N/A - hors champ,0,NB - Hors programme PVD,N/A - hors champ
NC - Non classée,NC - Non classée,50567,N/A - hors champ,NC - Non éligible,NC - Non classée en ZoRCoMiR,Saussemesnil,NC - Non classée,0,N/A - résultat non disponible,0,0,crte-28-50-1 - CRTE du Cotentin,N/A - hors champ,ti-2806 - Nord Cotentin,0,NB - Hors programme PVD,N/A - hors champ
NC - Non classée,NC - Non classée,50568,N/A - hors champ,NC - Non éligible,C - Classée en ZoRCoMiR,Saussey,NC - Non classée,0,N/A - résultat non disponible,0,0,crte-28-50-5 - CRTE Coutances Mer et Bocage,N/A - hors champ,N/A - hors champ,0,NB - Hors programme PVD,N/A - hors champ
NC - Non classée,NC - Non classée,50569,N/A - hors champ,NC - Non éligible,C - Classée en ZoRCoMiR,Savigny,NC - Non classée,0,N/A - résultat non disponible,0,0,crte-28-50-5 - CRTE Coutances Mer et Bocage,N/A - hors champ,N/A - hors champ,0,NB - Hors programme PVD,N/A - hors champ
NC - Non classée,NC - Non classée,50572,N/A - hors champ,NC - Non éligible,C - Classée en ZoRCoMiR,Sénoville,NC - Non classée,0,N/A - résultat non disponible,0,0,crte-28-50-1 - CRTE du Cotentin,N/A - hors champ,ti-2806 - Nord Cotentin,0,NB - Hors programme PVD,N/A - hors champ
NC - Non classée,NC - Non classée,50575,N/A - hors champ,NC - Non éligible,NC - Non classée en ZoRCoMiR,Sideville,NC - Non classée,0,N/A - résultat non disponible,0,0,crte-28-50-1 - CRTE du Cotentin,N/A - hors champ,ti-2806 - Nord Cotentin,0,NB - Hors programme PVD,N/A - hors champ
NC - Non classée,NC - Non classée,50577,N/A - hors champ,NC - Non éligible,C - Classée en ZoRCoMiR,Sortosville-en-Beaumont,NC - Non classée,0,N/A - résultat non disponible,0,0,crte-28-50-1 - CRTE du Cotentin,N/A - hors champ,ti-2806 - Nord Cotentin,0,NB - Hors programme PVD,N/A - hors champ
NC - Non classée,NC - Non classée,50578,N/A - hors champ,NC - Non éligible,C - Classée en ZoRCoMiR,Sortosville,NC - Non classée,0,N/A - résultat non disponible,0,0,crte-28-50-1 - CRTE du Cotentin,N/A - hors champ,ti-2806 - Nord Cotentin,0,NB - Hors programme PVD,N/A - hors champ
NC - Non classée,NC - Non classée,50579,N/A - hors champ,T - Intégralement,NC - Non classée en ZoRCoMiR,Sottevast,NC - Non classée,0,N/A - résultat non disponible,0,0,crte-28-50-1 - CRTE du Cotentin,N/A - hors champ,ti-2806 - Nord Cotentin,0,NB - Hors programme PVD,N/A - hors champ
NC - Non classée,NC - Non classée,50580,N/A - hors champ,NC - Non éligible,NC - Non classée en ZoRCoMiR,Sotteville,NC - Non classée,0,N/A - résultat non disponible,0,0,crte-28-50-1 - CRTE du Cotentin,N/A - hors champ,ti-2806 - Nord Cotentin,0,NB - Hors programme PVD,N/A - hors champ
NC - Non classée,NC - Non classée,50587,N/A - hors champ,NC - Non éligible,C - Classée en ZoRCoMiR,Taillepied,NC - Non classée,0,N/A - résultat non disponible,0,0,crte-28-50-1 - CRTE du Cotentin,N/A - hors champ,ti-2806 - Nord Cotentin,0,NB - Hors programme PVD,N/A - hors champ
NC - Non classée,NC - Non classée,50588,N/A - hors champ,NC - Non éligible,C - Classée en ZoRCoMiR,Tamerville,NC - Non classée,0,N/A - résultat non disponible,0,0,crte-28-50-1 - CRTE du Cotentin,N/A - hors champ,ti-2806 - Nord Cotentin,0,NB - Hors programme PVD,N/A - hors champ
NC - Non classée,NC - Non classée,50593,N/A - hors champ,NC - Non éligible,C - Classée en ZoRCoMiR,Teurthéville-Bocage,NC - Non classée,0,N/A - résultat non disponible,0,0,crte-28-50-1 - CRTE du Cotentin,N/A - hors champ,ti-2806 - Nord Cotentin,0,NB - Hors programme PVD,N/A - hors champ
NC - Non classée,NC - Non classée,50594,N/A - hors champ,NC - Non éligible,NC - Non classée en ZoRCoMiR,Teurthéville-Hague,NC - Non classée,0,N/A - résultat non disponible,0,0,crte-28-50-1 - CRTE du Cotentin,N/A - hors champ,ti-2806 - Nord Cotentin,0,NB - Hors programme PVD,N/A - hors champ
NC - Non classée,NC - Non classée,50596,N/A - hors champ,NC - Non éligible,NC - Non classée en ZoRCoMiR,Théville,NC - Non classée,0,N/A - résultat non disponible,0,0,crte-28-50-1 - CRTE du Cotentin,N/A - hors champ,ti-2806 - Nord Cotentin,0,NB - Hors programme PVD,N/A - hors champ
NC - Non classée,NC - Non classée,50598,N/A - hors champ,NC - Non éligible,C - Classée en ZoRCoMiR,Tocqueville,NC - Non classée,0,N/A - résultat non disponible,0,0,crte-28-50-1 - CRTE du Cotentin,N/A - hors champ,ti-2806 - Nord Cotentin,0,NB - Hors programme PVD,N/A - hors champ
NC - Non classée,NC - Non classée,50599,N/A - hors champ,NC - Non éligible,NC - Non classée en ZoRCoMiR,Tollevast,NC - Non classée,0,N/A - résultat non disponible,0,0,crte-28-50-1 - CRTE du Cotentin,N/A - hors champ,ti-2806 - Nord Cotentin,0,NB - Hors programme PVD,N/A - hors champ
NC - Non classée,NC - Non classée,50601,N/A - hors champ,P - Partiellement,NC - Non classée en ZoRCoMiR,Torigny-les-Villes,NC - Non classée,0,N/A - résultat non disponible,0,0,crte-28-50-3 - CRTE Saint-Lô Agglo,N/A - hors champ,N/A - hors champ,0,B - Ville bénéficiaire du programme Petites villes de demain (PVD),N/A - hors champ
NC - Non classée,NC - Non classée,50610,FR8000021 - PNR des Marais du Cotentin et du Bessin,NC - Non éligible,C - Classée en ZoRCoMiR,Urville,NC - Non classée,0,N/A - résultat non disponible,0,0,crte-28-50-1 - CRTE du Cotentin,N/A - hors champ,ti-2806 - Nord Cotentin,0,NB - Hors programme PVD,N/A - hors champ
NC - Non classée,NC - Non classée,50613,N/A - hors champ,NC - Non éligible,C - Classée en ZoRCoMiR,Valcanville,NC - Non classée,0,N/A - résultat non disponible,0,0,crte-28-50-1 - CRTE du Cotentin,N/A - hors champ,ti-2806 - Nord Cotentin,0,NB - Hors programme PVD,N/A - hors champ
NC - Non classée,NC - Non classée,50615,N/A - hors champ,T - Intégralement,NC - Non classée en ZoRCoMiR,Valognes,NC - Non classée,0,N/A - résultat non disponible,0,0,crte-28-50-1 - CRTE du Cotentin,N/A - hors champ,ti-2806 - Nord Cotentin,0,B - Ville bénéficiaire du programme Petites villes de demain (PVD),N/A - hors champ
NC - Non classée,NC - Non classée,50618,N/A - hors champ,NC - Non éligible,NC - Non classée en ZoRCoMiR,Varouville,NC - Non classée,0,N/A - résultat non disponible,0,0,crte-28-50-1 - CRTE du Cotentin,N/A - hors champ,ti-2806 - Nord Cotentin,0,NB - Hors programme PVD,N/A - hors champ
NC - Non classée,NC - Non classée,50619,N/A - hors champ,NC - Non éligible,NC - Non classée en ZoRCoMiR,Le Vast,NC - Non classée,0,N/A - résultat non disponible,0,0,crte-28-50-1 - CRTE du Cotentin,N/A - hors champ,ti-2806 - Nord Cotentin,0,NB - Hors programme PVD,N/A - hors champ
NC - Non classée,NC - Non classée,50621,N/A - hors champ,NC - Non éligible,C - Classée en ZoRCoMiR,Vaudreville,NC - Non classée,0,N/A - résultat non disponible,0,0,crte-28-50-1 - CRTE du Cotentin,N/A - hors champ,ti-2806 - Nord Cotentin,0,NB - Hors programme PVD,N/A - hors champ
NC - Non classée,NC - Non classée,50624,N/A - hors champ,NC - Non éligible,C - Classée en ZoRCoMiR,La Vendelée,NC - Non classée,0,N/A - résultat non disponible,0,0,crte-28-50-5 - CRTE Coutances Mer et Bocage,N/A - hors champ,N/A - hors champ,0,NB - Hors programme PVD,N/A - hors champ
NC - Non classée,NC - Non classée,50626,N/A - hors champ,NC - Non éligible,C - Classée en ZoRCoMiR,Ver,NC - Non classée,0,N/A - résultat non disponible,0,0,crte-28-50-5 - CRTE Coutances Mer et Bocage,N/A - hors champ,N/A - hors champ,0,NB - Hors programme PVD,N/A - hors champ
NC - Non classée,NC - Non classée,50633,N/A - hors champ,NC - Non éligible,C - Classée en ZoRCoMiR,Le Vicel,NC - Non classée,0,N/A - résultat non disponible,0,0,crte-28-50-1 - CRTE du Cotentin,N/A - hors champ,ti-2806 - Nord Cotentin,0,NB - Hors programme PVD,N/A - hors champ
NC - Non classée,NC - Non classée,50634,N/A - hors champ,NC - Non éligible,C - Classée en ZoRCoMiR,Videcosville,NC - Non classée,0,N/A - résultat non disponible,0,0,crte-28-50-1 - CRTE du Cotentin,N/A - hors champ,ti-2806 - Nord Cotentin,0,NB - Hors programme PVD,N/A - hors champ
NC - Non classée,NC - Non classée,50641,N/A - hors champ,NC - Non éligible,NC - Non classée en ZoRCoMiR,Villiers-Fossard,NC - Non classée,0,N/A - résultat non disponible,0,0,crte-28-50-3 - CRTE Saint-Lô Agglo,N/A - hors champ,N/A - hors champ,0,NB - Hors programme PVD,N/A - hors champ
NC - Non classée,NC - Non classée,50643,N/A - hors champ,NC - Non éligible,NC - Non classée en ZoRCoMiR,Virandeville,NC - Non classée,0,N/A - résultat non disponible,0,0,crte-28-50-1 - CRTE du Cotentin,N/A - hors champ,ti-2806 - Nord Cotentin,0,NB - Hors programme PVD,N/A - hors champ
NC - Non classée,NC - Non classée,50647,N/A - hors champ,NC - Non éligible,NC - Non classée en ZoRCoMiR,Yquelon,NC - Non classée,0,N/A - résultat non disponible,0,0,"crte-28-50-6 - CRTE de Granville, Terre et Mer",N/A - hors champ,N/A - hors champ,0,NB - Hors programme PVD,N/A - hors champ
NC - Non classée,NC - Non classée,50648,N/A - hors champ,NC - Non éligible,C - Classée en ZoRCoMiR,Yvetot-Bocage,NC - Non classée,0,N/A - résultat non disponible,0,0,crte-28-50-1 - CRTE du Cotentin,N/A - hors champ,ti-2806 - Nord Cotentin,0,NB - Hors programme PVD,N/A - hors champ
NC - Non classée,P - Partiellement classée en ZRR,50592,N/A - hors champ,P - Partiellement,NC - Non classée en ZoRCoMiR,Tessy-Bocage,P - Partiellement classée en ZRR,0,N/A - résultat non disponible,0,0,crte-28-50-3 - CRTE Saint-Lô Agglo,N/A - hors champ,N/A - hors champ,0,NB - Hors programme PVD,N/A - hors champ
